well_id,fold,rows,direction,ps_neighbor,ps_distance,path_neighbor,path_distance,path_angle_difference_deg,top5_oracle_neighbor,top5_oracle_rank,last_known_rmse,z_anchor_rmse,ridge_prior_rmse,neighbor_ps_normalized_rmse,neighbor_path_normalized_rmse,neighbor_path_md_rmse,hybrid_150_rmse,hybrid_300_rmse,hybrid_600_rmse,top5_oracle_rmse,distance_bin
000d7d20,2,3836,-1,ff0aea78,286.35012432341506,ff0aea78,400.3217158740419,0.17497377377057938,ff0aea78,1,7.454442102844319,53.748793830586465,10.403864147297613,6.438756433675633,6.438756433675633,6.048468243429075,10.403864147297613,10.403864147297613,6.438756433675633,6.438756433675633,300-600
00bbac68,0,6014,-1,edf885a3,1979.577404119408,edf885a3,1979.577404119408,1.644062052506422,edf885a3,1,15.263052288602681,97.07367516201886,16.654892591895276,35.55475875154979,35.55475875154979,27.643637787497855,16.654892591895276,16.654892591895276,16.654892591895276,35.55475875154979,>600
00e12e8b,0,4301,-1,e5ff9fd2,9624.847058026335,e5ff9fd2,10860.465748996055,28.51301873466387,61f27424,2,7.92458894231589,87.4237254765058,11.07426774959646,43.69088830556757,43.69088830556757,32.656296168170854,11.07426774959646,11.07426774959646,11.07426774959646,31.98924713262668,>600
015fe0d2,1,4296,1,8b9d8326,1024.9654780529665,8b9d8326,1375.1749730946474,0.060684816466998685,113011eb,2,23.154889673287215,79.20444330979126,19.57167906212856,24.803090003577648,24.803090003577648,12.119932705461034,19.57167906212856,19.57167906212856,19.57167906212856,8.477225071062348,>600
01869cd4,3,5557,1,1295a25b,1221.7383720337334,a056d01e,1065.5094544045032,0.06440177673024355,a056d01e,1,10.618593023436276,116.34017416384435,4.839364085380901,19.571803520238287,6.980307840496693,15.810358601366202,4.839364085380901,4.839364085380901,4.839364085380901,6.980307840496693,>600
01982c1d,0,3941,-1,89969c7a,989.7280447172292,89969c7a,857.302712006624,0.15037111967674258,fae0c593,2,6.33452473981023,76.43725081150835,10.360036420971548,31.256319020634997,31.256319020634997,4.893552747003428,10.360036420971548,10.360036420971548,10.360036420971548,28.36671836029493,>600
028d7b28,0,6234,1,f321a31c,770.5910454970403,f321a31c,862.7467146415208,1.8898595614199418,f321a31c,1,7.393605105422137,172.64531676907347,32.91115802563417,39.70331886682057,39.70331886682057,22.98260907108774,32.91115802563417,32.91115802563417,32.91115802563417,39.70331886682057,>600
02e7fe5a,1,5108,1,7993a768,499.577358173751,7993a768,397.6249892801819,0.1474343668076059,7993a768,1,8.414429717261077,60.4687968145148,4.7018009330346375,4.86555544256258,4.86555544256258,6.041713553496439,4.7018009330346375,4.7018009330346375,4.86555544256258,4.86555544256258,300-600
0390d174,2,4411,1,1b82b665,535.4658855610782,1b82b665,471.5706395773454,0.14216891536750362,76201745,3,8.517417217402954,100.89194021867155,9.499800899056327,11.020666161752771,11.020666161752771,8.175577284270904,9.499800899056327,9.499800899056327,11.020666161752771,8.403737854004296,300-600
03a935ae,3,2786,-1,d7eb0be8,1391.4420092118592,d7eb0be8,2477.774764017166,16.781602339054803,4c2208f5,3,35.05448621305352,47.58836296812143,25.8839545653715,21.66642671118103,21.66642671118103,20.455204034928027,25.8839545653715,25.8839545653715,25.8839545653715,21.477916449071277,>600
044af7d1,0,4519,-1,7e208414,975.5498979547596,7e208414,915.0781832110472,0.08164257431272587,7e208414,1,9.868136513863366,77.2997704647111,3.7049079681811214,3.233501662473612,3.233501662473612,3.3140832014678985,3.7049079681811214,3.7049079681811214,3.7049079681811214,3.233501662473612,>600
0498acab,2,4798,1,d217e0c5,2162.020542224536,d217e0c5,1922.2346616374427,1.932130760665422,1619e2ca,3,5.996139045372776,81.58740801536179,1.8259257022175164,9.89759917410423,9.89759917410423,8.859667790597182,1.8259257022175164,1.8259257022175164,1.8259257022175164,6.8305487244686525,>600
052d64df,2,2445,-1,69c1bdad,983.4548565642407,69c1bdad,974.0199734780335,1.748102547467415,69c1bdad,1,7.3962717049147795,48.81037554640876,3.6542060371164107,7.8569847559681145,7.8569847559681145,10.985042388541425,3.6542060371164107,3.6542060371164107,3.6542060371164107,7.8569847559681145,>600
05948241,4,3879,-1,74b6186b,580.5299663238883,74b6186b,392.3175664240867,0.9386143134679193,74b6186b,1,4.995769989509691,87.62294885236408,6.8456285921774,8.630869041822315,8.630869041822315,4.500255957888972,6.8456285921774,6.8456285921774,8.630869041822315,8.630869041822315,300-600
059c8f24,3,6258,1,65156b96,14423.937793993517,65156b96,12943.65720854907,0.3662308456768607,65156b96,1,10.912174729109239,174.71448025741248,29.657981581383606,75.22316071176789,75.22316071176789,41.66343779883287,29.657981581383606,29.657981581383606,29.657981581383606,75.22316071176789,>600
05a0ee4d,3,4348,-1,939d9c34,940.9873577259472,939d9c34,725.5198412695913,0.32223838679271877,939d9c34,1,18.344706956532814,96.51907784304952,19.442762953393625,3.692371571738587,3.692371571738587,12.671722041200361,19.442762953393625,19.442762953393625,19.442762953393625,3.692371571738587,>600
060ab2b8,3,6258,-1,fb3848a1,520.6750182214088,fb3848a1,412.6232081755093,0.09819103520809376,8a9c8932,4,9.048312196834127,99.36737510705568,9.516445543786908,14.357449286076639,14.357449286076639,20.444469293391432,9.516445543786908,9.516445543786908,14.357449286076639,8.42818966691371,300-600
06df5958,4,3509,1,373ef48b,732.2364275286368,373ef48b,734.5397488586538,0.16304129667700518,373ef48b,1,3.0884860085517194,72.84752763851064,2.832316595832781,5.862376800879037,5.862376800879037,5.862376800879037,2.832316595832781,2.832316595832781,2.832316595832781,5.862376800879037,>600
071d7b45,2,3211,-1,e25f1537,6057.767269720839,e25f1537,6052.126670707071,0.514138131362035,e25f1537,1,17.11579247751261,88.42977150528637,5.7668748465462665,7.21881944415948,7.21881944415948,7.672509585024569,5.7668748465462665,5.7668748465462665,5.7668748465462665,7.21881944415948,>600
0849b4e2,1,5537,1,69e41fa6,318.3088281840483,69e41fa6,200.70388492736097,0.6584151258389066,08fecf00,2,14.567522114617379,88.70645903330731,9.646134349852368,7.499143722389488,7.499143722389488,7.40872514970445,9.646134349852368,7.499143722389488,7.499143722389488,7.4747330630276645,150-300
084d66f9,2,3885,1,fef8af96,882.5499177384439,fef8af96,860.5515793123141,1.9328079818513324,a08d9e63,4,10.693040191903986,64.11981929749942,10.855805301348799,8.503187881946262,8.503187881946262,10.417193566493216,10.855805301348799,10.855805301348799,10.855805301348799,6.959709971225704,>600
08fecf00,4,5574,1,69e41fa6,264.647157740475,69e41fa6,204.20637820578102,0.7779420798404991,0849b4e2,2,4.759806836739511,83.89855950231001,8.380172400819612,11.520199469445759,11.520199469445759,10.596665086790638,8.380172400819612,11.520199469445759,11.520199469445759,7.474716481965165,150-300
09053135,1,5907,1,5397ceb1,783.0184716211629,5397ceb1,928.1779488867003,0.4301400890847112,5397ceb1,1,13.261553626472297,101.53651804156307,6.26711138462597,9.18033256535406,9.18033256535406,19.20304742670685,6.26711138462597,6.26711138462597,6.26711138462597,9.18033256535406,>600
09441b8d,4,5488,-1,7c607683,422.98319139185577,7c607683,453.87014810889303,0.06791848395290483,7c607683,1,15.9390645279074,103.38288872110566,10.608985660294566,7.599704081281046,7.599704081281046,4.435581903853314,10.608985660294566,10.608985660294566,7.599704081281046,7.599704081281046,300-600
0955cd6c,1,5195,-1,1e5e3573,423.56890785333457,1e5e3573,345.77676179856195,0.1438377612965559,1e5e3573,1,8.023088122545198,72.11783618439401,1.9850012067064988,5.184238782643075,5.184238782643075,8.492699439686444,1.9850012067064988,1.9850012067064988,5.184238782643075,5.184238782643075,300-600
09ec2ca9,2,5885,1,dc7f9757,825.6041332866565,dc7f9757,1219.952605309243,0.5592915468083725,f8f59188,3,6.13281698431714,92.21072264901002,5.171920023487145,32.09873863190296,32.09873863190296,18.54888926820404,5.171920023487145,5.171920023487145,5.171920023487145,6.18907976859326,>600
0a57a29c,0,5821,-1,4caa7289,368.04961526971687,4caa7289,375.73923121641747,0.18613821517780313,4caa7289,1,6.952723985070934,102.65035751934441,12.38788686573115,12.88441337007356,12.88441337007356,11.069953234358518,12.38788686573115,12.38788686573115,12.88441337007356,12.88441337007356,300-600
0bbf5e67,4,4298,1,5eae34a8,925.3623822588972,5eae34a8,760.9398768629699,0.35860817537840683,5eae34a8,1,18.377119492009776,72.2425838434742,3.3612877397690863,10.593557356539545,10.593557356539545,2.9976613732536332,3.3612877397690863,3.3612877397690863,3.3612877397690863,10.593557356539545,>600
0be01c24,1,4738,-1,593876b6,227.0427316606714,593876b6,171.00338103435215,0.607648139421823,861e71df,2,8.273369324203173,91.9417889793429,5.665522461708763,5.392713129441892,5.392713129441892,4.141736940963154,5.665522461708763,5.392713129441892,5.392713129441892,3.430242899778214,150-300
0c1b160c,3,5054,1,a612d5a0,936.8875612899209,a612d5a0,950.6677103188536,0.21072422755803824,a612d5a0,1,8.432276859497074,84.84705855228208,7.605430910659996,4.127011364085476,4.127011364085476,5.364575786362665,7.605430910659996,7.605430910659996,7.605430910659996,4.127011364085476,>600
0d99f8e4,0,5823,1,2cee0cba,467.7877344482684,2cee0cba,357.05399178955645,0.17570925588661032,a0383629,2,9.343320012239094,107.6077087084589,8.21618938294797,4.706173785523492,4.706173785523492,2.8189777945713144,8.21618938294797,8.21618938294797,4.706173785523492,4.477699258686634,300-600
0dc5e64d,2,4879,1,e7818f7a,515.416979541718,e7818f7a,343.43727247506865,0.8250927886712554,e7818f7a,1,18.008822359134772,124.60900281832666,8.090176518263808,26.404556312153435,26.404556312153435,15.460506414008464,8.090176518263808,8.090176518263808,26.404556312153435,26.404556312153435,300-600
0dc835f3,0,4428,-1,fae0c593,255.6101695946187,fae0c593,252.4488597276962,0.6501450361702072,fae0c593,1,7.2297789729208715,107.62350273738221,13.505421903302176,5.807753479613669,5.807753479613669,5.5096516468091545,13.505421903302176,5.807753479613669,5.807753479613669,5.807753479613669,150-300
0dd99dc5,0,7342,-1,13f598d9,222.91910999312654,13f598d9,352.5305474076007,1.2354253898330905,dbee6c86,4,8.234632190411654,149.1606908904604,8.00176158681288,11.071376489982951,11.071376489982951,10.545339109811971,8.00176158681288,8.00176158681288,11.071376489982951,6.5604658250317796,300-600
0e5e560d,0,3253,-1,bb682ebd,2269.862948483953,656a067b,2572.7580072456653,14.158467762744715,656a067b,1,10.293900986020363,72.57692822943454,7.111108819907185,40.75628707300526,5.33602685186668,7.509105934370569,7.111108819907185,7.111108819907185,7.111108819907185,5.33602685186668,>600
109d9d70,3,4215,-1,3a0af893,856.7967661584349,3a0af893,795.8018030798534,0.8105297291830016,3a0af893,1,9.371137061320914,109.94287461441725,12.694792667001119,28.956444908010752,28.956444908010752,18.863749230145142,12.694792667001119,12.694792667001119,12.694792667001119,28.956444908010752,>600
10a1281a,1,5609,-1,b32e4903,375.7711401904237,b32e4903,363.4214616217543,0.04688496985140086,b32e4903,1,3.5911852573850855,111.38229380161076,9.778854381764555,9.689862644458646,9.689862644458646,7.640482114761124,9.778854381764555,9.778854381764555,9.689862644458646,9.689862644458646,300-600
10b89021,2,5414,-1,3417285d,184.5267072815087,3417285d,305.97467154136916,1.6618425755435897,bc4381e2,2,14.721334704881999,86.12152508427211,8.709418102276723,13.7194409474026,13.7194409474026,13.371391526666274,8.709418102276723,8.709418102276723,13.7194409474026,13.473208851476048,300-600
10be2420,2,3271,-1,8b5be31b,361.7195500660817,398dce4b,754.7694878737998,0.5310053765854338,9af1ffd0,5,13.259451874685324,88.04758527796557,5.355303328808098,56.54188046716457,13.583276468826188,11.008882585492689,5.355303328808098,5.355303328808098,5.355303328808098,9.951211765774914,>600
113011eb,2,3272,1,c70c0e01,600.9463154062939,c70c0e01,958.5571941725368,0.11983011343455417,c70c0e01,1,5.177910618587731,78.14815592481968,8.539072823128691,19.719170859870825,19.719170859870825,10.018181244122424,8.539072823128691,8.539072823128691,8.539072823128691,19.719170859870825,>600
1131525f,1,4159,1,ebe69318,982.9869502693209,ebe69318,781.2680144489076,0.5369563056213236,203721ab,5,14.670165574890584,57.36030337624063,11.35774002358771,9.703066559833266,9.703066559833266,4.201712611247563,11.35774002358771,11.35774002358771,11.35774002358771,5.486969149656947,>600
11d0f5ac,1,4883,-1,44a94013,1149.3276849099968,44a94013,1178.0368123385354,0.9599616450030897,44a94013,1,22.169205194123972,92.42933376810055,6.40313716818221,5.1581899900457575,5.1581899900457575,5.109702074864734,6.40313716818221,6.40313716818221,6.40313716818221,5.1581899900457575,>600
12203f2a,1,3261,-1,e2fc7745,376.994355395574,e2fc7745,505.3536081794023,2.88142052870049,2b06ad65,5,13.762320645487467,73.30301226828965,9.659807416701495,10.171974795242198,10.171974795242198,3.466433605911276,9.659807416701495,9.659807416701495,10.171974795242198,3.4432292277075884,300-600
122bd617,1,4570,-1,05948241,765.9665332114466,05948241,547.482644131297,0.3505515595172767,05948241,1,11.670160284769418,98.59273569041066,12.745289248238569,12.081977458377494,12.081977458377494,7.099770908869114,12.745289248238569,12.745289248238569,12.081977458377494,12.081977458377494,300-600
125be846,2,6510,-1,516088b7,361.4846338366731,516088b7,354.7414863758833,0.1251150945545209,726f3dc2,3,18.441379950265283,125.35697137649834,17.718363304735664,18.511238491597265,18.511238491597265,15.826706263044569,17.718363304735664,17.718363304735664,18.511238491597265,4.900558184841295,300-600
1285a37b,2,5597,-1,27300fd5,296.39815923844986,27300fd5,238.16686130724784,1.6586520872970325,5f75f796,3,5.549117512133954,107.27864222920675,2.7122064839694318,8.073478018334654,8.073478018334654,10.67054921820731,2.7122064839694318,8.073478018334654,8.073478018334654,6.875935718977608,150-300
1295a25b,2,5551,1,01869cd4,1221.7383720337334,ee4aecac,1177.2584820681739,0.057552646740896364,ee4aecac,1,9.716800903498608,100.23137845848916,7.6784917799153805,19.57180639664662,9.585324717045449,7.482396214285558,7.6784917799153805,7.6784917799153805,7.6784917799153805,9.585324717045449,>600
12f0cd90,4,5947,1,b95e7121,432.81827549193974,b95e7121,361.97334831302624,0.049239740473166364,b95e7121,1,7.895034499573364,188.40520620033263,19.42964857943912,7.887754975391849,7.887754975391849,3.239093941386067,19.42964857943912,19.42964857943912,7.887754975391849,7.887754975391849,300-600
137d1e44,4,4554,-1,19fb4f7b,2528.014476738585,19fb4f7b,2277.9653163514563,8.973260116575501,94d813a4,5,25.010172511867026,87.89080923860432,15.440596613541258,35.213486306999734,35.213486306999734,12.79321741360758,15.440596613541258,15.440596613541258,15.440596613541258,14.353368860749026,>600
13ce113d,1,2966,-1,b585b4fa,10040.100985572753,18d24f7b,9113.541214747429,21.48727686826519,18d24f7b,1,3.381014512965784,64.60439666103774,1.4890744913230078,33.93659885649985,27.87606718020894,5.953949393892835,1.4890744913230078,1.4890744913230078,1.4890744913230078,27.87606718020894,>600
13f598d9,1,7306,-1,0dd99dc5,222.91910999312654,0dd99dc5,352.5305474076007,1.2354253898330905,67847288,2,15.16858992587756,138.99958968230894,3.9337747899576447,11.071379606400917,11.071379606400917,10.551493965836016,3.9337747899576447,3.9337747899576447,11.071379606400917,4.706736665795687,300-600
14a53cb3,0,6919,-1,95c8427f,1411.953696691142,95c8427f,1429.8596085125514,0.09065710688522682,95c8427f,1,8.94761773897247,100.60407449876102,4.972565965171222,20.624251754489613,20.624251754489613,13.717016843731615,4.972565965171222,4.972565965171222,4.972565965171222,20.624251754489613,>600
14ab73fb,0,3649,1,dafc88c3,6533.799604862468,203721ab,3964.3898070983714,86.70986230571121,dafc88c3,3,14.81915286795364,17.963521027979642,17.288166625546634,34.30102277432379,39.45669249552197,15.719280309377059,17.288166625546634,17.288166625546634,17.288166625546634,34.30102277432379,>600
14ad5efb,0,5842,1,9da441ba,368.8054937223837,9da441ba,359.12890945093847,0.2223846701546427,9da441ba,1,6.298504340917485,170.54125572756647,11.741619356160356,13.929291573097043,13.929291573097043,12.4997934546442,11.741619356160356,11.741619356160356,13.929291573097043,13.929291573097043,300-600
14fee784,4,4910,-1,84633df4,555.1596517219806,84633df4,553.9991041510679,0.1563766875760411,0dc835f3,5,21.419815878785553,101.65108675840536,17.24495165658998,31.610308604654136,31.610308604654136,29.92572694450215,17.24495165658998,17.24495165658998,31.610308604654136,8.79670619006464,300-600
153552f5,4,4695,-1,925a7cd1,450.72705576645023,925a7cd1,414.3088413851867,0.3535841288239099,925a7cd1,1,5.161441840641978,94.41096184358183,7.875985973203193,3.7263283895437413,3.7263283895437413,6.345725102094176,7.875985973203193,7.875985973203193,3.7263283895437413,3.7263283895437413,300-600
1550491d,2,4563,1,c2717d4f,224.2661590609886,c2717d4f,210.48011450760683,0.707740138147763,c36625df,4,21.167156242041475,103.56816589371293,9.10454978940921,8.920627658000472,8.920627658000472,7.525852050799497,9.10454978940921,8.920627658000472,8.920627658000472,6.825594101252938,150-300
155887bb,0,5585,-1,edf885a3,1228.7164781593815,edf885a3,1022.1238306098835,3.0843606499554657,edf885a3,1,11.793313793912793,85.35601409425647,10.278396974482671,23.814400051818836,23.814400051818836,17.631970173842785,10.278396974482671,10.278396974482671,10.278396974482671,23.814400051818836,>600
1590af81,3,3799,-1,45fb3e21,516.4295007067172,45fb3e21,507.9687265305822,0.3913810715113896,cd7f1687,4,5.560887269871239,85.85661083139473,3.442844975222191,19.104444731242005,19.104444731242005,17.153053662847118,3.442844975222191,3.442844975222191,19.104444731242005,8.13870758441519,300-600
15e154a1,4,6068,1,684a6fc1,2.0096019504267546,684a6fc1,1872.2754217527206,0.09207785568934336,e0079ed1,2,23.22648490243106,88.2545427199748,12.297951917471504,43.282335954926175,43.282335954926175,1.7809095411263876,12.297951917471504,12.297951917471504,12.297951917471504,5.938589910464902,>600
1619e2ca,4,4443,1,272abef3,1811.817678603564,272abef3,1796.917404758215,0.3845430883696291,d217e0c5,2,7.812315673810556,76.40503373537193,5.616942753497639,14.506932308256419,14.506932308256419,19.963773688658826,5.616942753497639,5.616942753497639,5.616942753497639,5.447097239828497,>600
16e4a047,2,4131,-1,84815d5a,1463.160136826994,84815d5a,1563.1553160280012,1.7646523243002552,4630ab92,2,10.715407020528387,51.80445732293082,17.858035023235157,12.017332665054644,12.017332665054644,18.602046039300635,17.858035023235157,17.858035023235157,17.858035023235157,6.298360619121609,>600
173ed841,2,4883,-1,204cc64b,193.25627881160733,204cc64b,184.41198293520537,0.6266080334232718,26d3a96a,2,17.58051747694951,116.4485004919507,24.95865488568994,24.499204229083766,24.499204229083766,23.267321918095412,24.95865488568994,24.499204229083766,24.499204229083766,9.24159514344441,150-300
1770d7c6,3,7240,-1,b5aa9634,290.5354518812266,b5aa9634,268.9574321456548,0.2105137222776237,fa667be2,3,12.332849608315879,146.68906104273566,3.902822827497684,6.446176375480817,6.446176375480817,7.270348642153193,3.902822827497684,6.446176375480817,6.446176375480817,5.611501204331822,150-300
177622d7,3,3154,-1,96936c22,438.5454869223425,96936c22,522.1335469014205,2.568807556757535,96936c22,1,9.800349606500166,48.338806586366495,16.244805357822383,2.2463239978593026,2.2463239978593026,4.470681487350335,16.244805357822383,16.244805357822383,2.2463239978593026,2.2463239978593026,300-600
18d24f7b,2,4558,-1,b585b4fa,359.5348335002221,b585b4fa,392.4894796697647,0.13476537119800341,b585b4fa,1,7.530076271970659,92.08977409572313,12.156982790559153,6.850659052405776,6.850659052405776,11.779317988444317,12.156982790559153,12.156982790559153,6.850659052405776,6.850659052405776,300-600
19137a89,2,6267,-1,f72b268f,355.9682206320999,f72b268f,355.9682206320999,0.15515778112456508,f72b268f,1,18.119920942456794,126.3800261670888,4.103040256924716,17.99237726381485,17.99237726381485,16.06968546526594,4.103040256924716,4.103040256924716,17.99237726381485,17.99237726381485,300-600
1944513c,4,4722,1,1550491d,248.0297177758107,1550491d,225.44923913141045,0.2092128743499617,bd4ae5da,4,5.738736995920461,107.61226335131015,12.207864463871081,9.80431486655923,9.80431486655923,8.443650671255972,12.207864463871081,9.80431486655923,9.80431486655923,8.054317287176225,150-300
197f8a5a,2,6310,-1,98bc6f66,1214.2106157088467,98bc6f66,1162.7636935398032,3.2759236295012193,98bc6f66,1,24.61555435098563,117.08874613645253,14.443941530476465,15.518299438405716,15.518299438405716,12.671057427820584,14.443941530476465,14.443941530476465,14.443941530476465,15.518299438405716,>600
19871e7f,1,5293,-1,79507629,349.8016126320505,79507629,352.0052989262667,0.2733078342111905,79507629,1,5.353880109906093,97.69018374248732,6.233639612841368,6.97737183153608,6.97737183153608,6.852300596511989,6.233639612841368,6.233639612841368,6.97737183153608,6.97737183153608,300-600
198a5607,0,6251,-1,54a7e3c2,413.2535087569379,54a7e3c2,395.29550298228577,0.011206127914478779,54a7e3c2,1,9.944851115115334,125.80546494558381,7.4753977014682285,3.434021605922095,3.434021605922095,2.6565342331953548,7.4753977014682285,7.4753977014682285,3.434021605922095,3.434021605922095,300-600
19fb4f7b,1,5620,-1,1285a37b,363.14906718862926,1285a37b,298.86715050333834,1.6934845174044666,27300fd5,2,11.089880426882702,121.71892682320644,12.408982584848768,15.029743383827117,15.029743383827117,14.606755550855002,12.408982584848768,15.029743383827117,15.029743383827117,10.015496339702988,150-300
1a518997,0,4606,1,fbd68d27,364.3586542130782,75cd5f11,394.3918384677694,0.12959619698105124,75cd5f11,1,10.76070073803029,79.90099114459036,4.481224159426579,51.302299253762854,4.044839435184438,6.765345752291722,4.481224159426579,4.481224159426579,4.044839435184438,4.044839435184438,300-600
1a68190b,4,4474,1,1d78281a,491.64476942221995,1d78281a,334.91853651309657,1.3101686250039424,1d78281a,1,16.431826147748733,82.14436682781204,15.345987446940928,13.28672325678663,13.28672325678663,7.053478832062412,15.345987446940928,15.345987446940928,13.28672325678663,13.28672325678663,300-600
1a730ac2,2,4605,1,d217e0c5,3292.6195623699546,d217e0c5,3187.1169315462266,0.5990005028951856,1619e2ca,3,16.350400725581075,80.5139184649451,5.575654245340469,8.910426724275835,8.910426724275835,7.344940436167969,5.575654245340469,5.575654245340469,5.575654245340469,6.070097942328623,>600
1aaf1da0,0,4804,-1,43b06c70,332.3307713709122,43b06c70,383.04177602518047,1.5769588620331323,43b06c70,1,9.288199403984146,123.81910743099392,9.943094965144768,9.82909233964241,9.82909233964241,9.074312672526446,9.943094965144768,9.943094965144768,9.82909233964241,9.82909233964241,300-600
1b08ed48,0,5618,-1,f07d7037,330.62028749000837,eb934281,226.89482282560607,0.4001204566805889,eb934281,1,11.838490879530399,86.97304336095651,9.329686368493848,7.658074165760384,2.6526782276403043,6.30630546704278,9.329686368493848,2.6526782276403043,2.6526782276403043,2.6526782276403043,150-300
1b1c5372,2,4261,1,944f36b9,368.272560069189,944f36b9,331.28096317571743,0.2131724465707846,76201745,2,17.833374900392585,106.7427553989364,22.950118448483,8.684481095708712,8.684481095708712,16.975769785834306,22.950118448483,22.950118448483,8.684481095708712,8.635244908342337,300-600
1b1eba53,1,4655,1,cb34231f,2697.500192140994,98177ced,2932.7838302242967,0.34234809451270626,57f05c51,3,70.63937461968057,20.2309952452769,59.258181062458384,77.63983700223801,69.72611724380559,67.88783608934466,59.258181062458384,59.258181062458384,59.258181062458384,66.04171941871762,>600
1b6ba517,2,6597,-1,cc8a1d57,1166.0966533697622,cc8a1d57,1150.6889187921388,0.17223580175998418,cc8a1d57,1,7.818279827064867,115.11101428623044,21.563588120205655,15.77591335454115,15.77591335454115,16.270591780556458,21.563588120205655,21.563588120205655,21.563588120205655,15.77591335454115,>600
1b82b665,4,3806,1,0390d174,535.4658855610782,0390d174,471.5706395773454,0.14216891536750362,76201745,4,6.106594455886377,90.87799291129849,3.935697683801888,11.02107162500905,11.02107162500905,7.5730188847586675,3.935697683801888,3.935697683801888,11.02107162500905,9.460170025267997,300-600
1bcb2fcf,4,4524,-1,be35c8f2,971.4948453802024,be35c8f2,905.0977151237573,0.11851688585597184,be35c8f2,1,6.2062031463179,85.06355201747888,5.398906450803909,12.499608052563406,12.499608052563406,11.988864814125785,5.398906450803909,5.398906450803909,5.398906450803909,12.499608052563406,>600
1beca81d,2,5036,1,5aa03df7,1285.9054810130888,5aa03df7,1249.8432837374644,0.18869095501795463,5aa03df7,1,8.154769966888065,82.84178080918457,10.506530430501172,2.7946549454626433,2.7946549454626433,4.60174597135823,10.506530430501172,10.506530430501172,10.506530430501172,2.7946549454626433,>600
1d3fbf02,4,2694,1,8cc21f01,354.3082392494811,8cc21f01,1401.4142277713072,34.38932449496465,8cc21f01,1,5.906372283901897,37.01859367421817,8.401589070678158,25.06184397588258,25.06184397588258,7.450701727761912,8.401589070678158,8.401589070678158,8.401589070678158,25.06184397588258,>600
1d78281a,0,4949,1,1a68190b,491.64476942221995,1a68190b,334.91853651309657,1.3101686250039424,c03d4aed,3,11.881246003992382,93.79719280768467,6.473673445348083,13.286587805443608,13.286587805443608,7.615535321830545,6.473673445348083,6.473673445348083,13.286587805443608,8.173122934607694,300-600
1e30dedf,2,4071,-1,ae8959c3,532.5133538231504,ae8959c3,388.1385438536264,0.2825905102717576,ae8959c3,1,12.137059232129838,150.47252856040888,2.906381511606087,7.108654736370272,7.108654736370272,8.861928645453004,2.906381511606087,2.906381511606087,7.108654736370272,7.108654736370272,300-600
1e5e3573,4,5480,-1,0955cd6c,423.56890785333457,0955cd6c,345.77676179856195,0.1438377612965559,660d9546,5,11.921759172625736,67.93247920857414,10.523766154492945,5.184165026388182,5.184165026388182,8.774277780289571,10.523766154492945,10.523766154492945,5.184165026388182,3.316369046735373,300-600
1f9afacb,3,5328,-1,72dd8501,473.6786575306739,72dd8501,409.9157379268431,0.5510865517610856,72dd8501,1,2.518404175433652,88.7208050241062,2.1080553640761783,4.231016107909479,4.231016107909479,3.1597517851636026,2.1080553640761783,2.1080553640761783,4.231016107909479,4.231016107909479,300-600
1fdbba44,1,4911,-1,9ae248be,390.47265000264747,9ae248be,339.0596790480236,0.12213275323264941,46d24a09,2,5.835321753197851,152.33219301223465,17.989354355276113,12.64726848029183,12.64726848029183,6.648716101566397,17.989354355276113,17.989354355276113,12.64726848029183,11.800574765561148,300-600
1fee2b62,3,4641,-1,c593337f,1884.9611784331646,c593337f,2125.60776334685,0.328793409125366,9d4272e3,2,8.271183690259376,82.87529230525948,5.687620566901857,14.53470924461831,14.53470924461831,10.575660716504567,5.687620566901857,5.687620566901857,5.687620566901857,6.20280622518071,>600
20096916,2,5133,-1,3c3dbcbc,369.6896787847605,3c3dbcbc,374.73599919032375,0.2368139521956193,4a8ecc0b,4,10.457150039432173,85.20581924697126,5.548587451837286,13.256247524449543,13.256247524449543,12.222427121559942,5.548587451837286,5.548587451837286,13.256247524449543,6.546729403649461,300-600
200d233d,3,3926,1,5138a660,6027.034402332375,5138a660,5590.1531037217355,20.204837498819465,91db7070,4,12.776233899276743,61.466865367072984,10.402896210910725,24.376748184148948,24.376748184148948,32.21210623831874,10.402896210910725,10.402896210910725,10.402896210910725,12.242974011331404,>600
201661b5,1,5955,1,d463e527,2334.1781904988493,d463e527,2083.113694719026,0.34440455568188866,2e29e833,3,12.376074593108253,113.52546140057505,16.17260702322182,20.774762909759787,20.774762909759787,20.057553488387924,16.17260702322182,16.17260702322182,16.17260702322182,17.917722985327792,>600
203721ab,4,5730,1,b19b0395,696.5944327224925,b19b0395,691.3260984748728,0.16442960223271808,1131525f,5,10.037088673521446,56.95620971313432,16.250413131001725,10.937206520387608,10.937206520387608,10.061592817116862,16.250413131001725,16.250413131001725,16.250413131001725,5.486944193577253,>600
20402d71,4,6372,-1,f2d4c8c9,509.3614830353679,f2d4c8c9,521.8340732007398,0.23348930449647262,aff4e561,4,11.661871660575386,74.709221934295,12.31314961473362,22.816495959812382,22.816495959812382,24.014115303381946,12.31314961473362,12.31314961473362,22.816495959812382,6.038443119328779,300-600
2043abc5,0,6958,-1,125be846,1510.5718698889832,125be846,1433.1610312014627,0.39219762204303676,b0d42b0d,2,18.043675019417094,159.0801701587613,10.218348896662814,34.1560286036232,34.1560286036232,26.972346937374322,10.218348896662814,10.218348896662814,10.218348896662814,28.74272603501333,>600
204cc64b,1,4805,-1,173ed841,193.25627881160733,173ed841,184.41198293520537,0.6266080334232718,ccedb12b,2,6.09488008126444,92.8462069045685,8.931266424999388,24.499158674593815,24.499158674593815,23.17104899277676,8.931266424999388,24.499158674593815,24.499158674593815,10.025560702556655,150-300
206b6193,1,6535,-1,9298ad5b,3407.1891538332666,69c1bdad,2564.1970547571314,0.45616446431637164,9298ad5b,2,36.50899923584182,114.15526376630551,27.174967640329175,44.91519072869222,71.77522596038112,58.33454047352172,27.174967640329175,27.174967640329175,27.174967640329175,44.91519072869222,>600
2075c696,3,3188,1,0bbf5e67,4514.2027036455565,0bbf5e67,4271.6991817777225,15.954823359567765,0bbf5e67,1,21.898881254260402,61.71912121377232,15.686589877474352,11.23636661193547,11.23636661193547,9.85501135663638,15.686589877474352,15.686589877474352,15.686589877474352,11.23636661193547,>600
22c5f93f,2,5172,-1,8b12bab6,697.6365830432311,3c3dbcbc,732.5200991677295,1.24534481263031,8b12bab6,2,7.091232323797548,80.50634114250332,9.338155610707558,4.1586886445835205,10.136287254629325,8.65416247657242,9.338155610707558,9.338155610707558,9.338155610707558,4.1586886445835205,>600
230eaaa3,0,4690,1,3ef6372a,479.32745018387476,3ef6372a,485.5555469381668,0.3953692584207564,3ef6372a,1,25.322864048616943,76.93813475219596,29.99618617365581,3.285540489774697,3.285540489774697,3.798701217280292,29.99618617365581,29.99618617365581,3.285540489774697,3.285540489774697,300-600
2364716c,2,4316,1,f6bc699b,794.3876208126484,f6bc699b,873.7727449858074,0.7585404441200223,2c0c4a4e,5,19.668009235301668,92.84520461733855,9.967663674700704,27.327962104099075,27.327962104099075,18.627675684051024,9.967663674700704,9.967663674700704,9.967663674700704,8.151654975111216,>600
23b9beb0,3,7340,1,9def2eb2,503.2148174485327,9def2eb2,728.5412664018522,1.4737684686319878,f0188a48,3,5.499363741994015,136.67211102086347,5.504208715082092,17.264639129821045,17.264639129821045,9.479740509963142,5.504208715082092,5.504208715082092,5.504208715082092,13.260213611844561,>600
24d8997e,1,3442,-1,e7c36e81,687.1338490426602,e7c36e81,693.9424503564975,1.0565586800351112,865033f8,2,5.6395027824068205,58.02352053971174,6.700025290101897,6.828746905703944,6.828746905703944,5.181069032728779,6.700025290101897,6.700025290101897,6.700025290101897,5.667385356788628,>600
25050f63,0,6124,-1,4f69febf,844.6638133597188,4f69febf,656.9752939800285,1.3816611699278722,722cf0d8,2,37.996607342363916,93.31201983737267,8.069694108740356,12.499321911245824,12.499321911245824,5.207247303275407,8.069694108740356,8.069694108740356,8.069694108740356,4.494473102208515,>600
25939962,1,4319,-1,ab3ced07,320.0152766664527,ab3ced07,311.62611198251545,0.13015360899886078,ab3ced07,1,11.099661933822553,67.07419287270831,3.7062843590225008,3.027942796495508,3.027942796495508,3.4358933202418913,3.7062843590225008,3.7062843590225008,3.027942796495508,3.027942796495508,300-600
25fd32b3,0,2885,1,b4f37e6e,1049.6471462831503,b4f37e6e,1050.7475868966626,0.5324130129307739,7acda2df,4,3.1781649872704114,27.126246784434457,8.811037371735742,5.976887209700843,5.976887209700843,5.205528829870098,8.811037371735742,8.811037371735742,8.811037371735742,5.276412569065332,>600
261785ee,3,3646,-1,cd7f1687,695.3698354830464,cd7f1687,632.0479160425531,1.8129615627467888,8d92cb49,3,23.57894263400833,80.85280544906917,19.949203003448915,13.947260322531536,13.947260322531536,7.852585671479365,19.949203003448915,19.949203003448915,19.949203003448915,11.856086856610338,>600
264feceb,1,5665,-1,2ee0235b,349.58287057564905,b32e4903,341.74115514539665,0.032958123679078535,2ee0235b,2,10.863394363873287,126.71294341438751,4.301174552064321,4.414132285707986,7.600563630513008,9.316711226861408,4.301174552064321,4.301174552064321,7.600563630513008,4.414132285707986,300-600
26623a50,4,5735,-1,c1d046f4,4733.29397829897,c1d046f4,3400.6738712935257,167.66731252218455,ea41324e,2,21.675376849132046,147.86053555960024,5.475717352381148,248.56884737461834,248.56884737461834,253.0704476162107,5.475717352381148,5.475717352381148,5.475717352381148,234.08910980703246,>600
26d3a96a,4,4721,-1,ccedb12b,277.4386004147121,ccedb12b,198.4927360133814,1.065021301043859,67a8da4a,3,9.063491001698889,108.59588208746388,7.3518702760906125,24.330122198432292,24.330122198432292,20.137489412406527,7.3518702760906125,24.330122198432292,24.330122198432292,8.893106070768361,150-300
272abef3,3,4135,1,1619e2ca,1811.817678603564,1619e2ca,1796.917404758215,0.3845430883696291,2be5c96a,5,10.023016592838678,89.09754636164898,10.105595265278204,14.507150788379924,14.507150788379924,19.249686579210827,10.105595265278204,10.105595265278204,10.105595265278204,3.997699155551011,>600
27300fd5,0,5467,-1,1285a37b,296.39815923844986,1285a37b,238.16686130724784,1.6586520872970325,5f75f796,3,17.389589831741016,114.60730650246433,6.183644796154128,8.073513149179119,8.073513149179119,10.418816546488026,6.183644796154128,8.073513149179119,8.073513149179119,4.315162589507546,150-300
276b012a,3,4837,1,a48640d9,866.4690753857366,a48640d9,814.3435486845872,0.08397021429547966,a48640d9,1,27.08665184488836,105.65943698448606,19.021800310919335,35.26930860321654,35.26930860321654,33.088995965121626,19.021800310919335,19.021800310919335,19.021800310919335,35.26930860321654,>600
27c3155b,2,4958,1,57f05c51,177.5265402692735,57f05c51,223.10431843919622,0.31312394486170464,cad13e8f,4,18.11085336032788,61.436768768025914,12.289980073987909,10.265227146211059,10.265227146211059,7.958254974984865,12.289980073987909,10.265227146211059,10.265227146211059,5.849174069869619,150-300
27ebb9b9,2,5766,-1,5663b2b7,204.13610067804808,cda7eb37,290.36827137324747,0.4127492332507587,cda7eb37,1,9.988233062217338,90.28901566530304,14.167457628015105,22.44789909988643,6.557630689624459,10.898185540490074,14.167457628015105,6.557630689624459,6.557630689624459,6.557630689624459,150-300
283269ac,2,2626,-1,69c1bdad,514.8686229514457,69c1bdad,508.88501568112923,0.661786124694725,69c1bdad,1,1.1159494538507433,51.841232857457754,3.946187462679357,9.874927419280578,9.874927419280578,11.043583022325663,3.946187462679357,3.946187462679357,9.874927419280578,9.874927419280578,300-600
28473855,2,4290,-1,fb0904bd,6664.419565581059,fb0904bd,6113.397109539188,0.48809134716386143,97cd5bf9,5,4.546502439117813,83.91031672055924,4.283827846384751,17.293189134321782,17.293189134321782,10.922085866429823,4.283827846384751,4.283827846384751,4.283827846384751,8.656721120011454,>600
28f4eda9,0,5266,-1,c59b6c4a,591.8323564151262,c59b6c4a,550.8416158932707,0.12317261340897911,c59b6c4a,1,12.159025419229918,67.38728020172184,2.184101384280897,8.326050433196224,8.326050433196224,9.254715004261469,2.184101384280897,2.184101384280897,8.326050433196224,8.326050433196224,300-600
29b24409,4,5587,-1,cdc60a53,360.21565610026494,cdc60a53,359.6791057206281,0.06574563417957756,cdc60a53,1,13.756821410921399,115.71051964070324,7.298501111752915,5.571294116960379,5.571294116960379,5.650166601114689,7.298501111752915,7.298501111752915,5.571294116960379,5.571294116960379,300-600
29de15c8,4,3431,-1,2b06ad65,558.1921233768619,2b06ad65,653.5794765175182,0.0576061850398613,2b06ad65,1,4.5857601721794286,53.2158918345653,4.4638609979639465,19.553490446647203,19.553490446647203,5.644925821081002,4.4638609979639465,4.4638609979639465,4.4638609979639465,19.553490446647203,>600
2ab29395,1,1852,1,da2d4d7c,419.007224042881,da2d4d7c,377.8312561183394,0.3246706166593164,da2d4d7c,1,2.45945596628769,29.109910342176445,6.481654352116593,6.335675802771506,6.335675802771506,2.430156471333242,6.481654352116593,6.481654352116593,6.335675802771506,6.335675802771506,300-600
2ac7cb6b,1,4990,-1,0dc835f3,1003.792479150986,0dc835f3,1140.010599994736,0.3778644010144602,84633df4,2,19.596293256603055,129.84111019848618,9.449950292669024,25.757966192975783,25.757966192975783,13.978364221634235,9.449950292669024,9.449950292669024,9.449950292669024,7.214886653937729,>600
2acc78d4,4,4266,-1,044af7d1,1384.3756460226202,044af7d1,1353.541890200875,1.0401554989797719,044af7d1,1,13.626234402591441,81.7476460890006,7.080218452521006,9.62421646536085,9.62421646536085,12.08907930116018,7.080218452521006,7.080218452521006,7.080218452521006,9.62421646536085,>600
2b034622,2,5203,-1,ab6fe95d,569.2689421530062,ab6fe95d,624.2035873213739,0.1364505997780537,ab6fe95d,1,6.805621396093291,103.47136163429391,4.271094231084235,5.546786639791475,5.546786639791475,3.6227634043426726,4.271094231084235,4.271094231084235,4.271094231084235,5.546786639791475,>600
2b06ad65,2,4256,-1,4c3168cf,224.21150193497678,4c3168cf,260.7327599498647,0.3363267420177698,4c3168cf,1,2.7463768040476424,72.60210579769311,1.6248769846071467,6.4740302488116255,6.4740302488116255,5.316361312343845,1.6248769846071467,6.4740302488116255,6.4740302488116255,6.4740302488116255,150-300
2b547943,0,3480,1,3bfee975,721.6842701623574,3bfee975,659.6350651114332,1.8190878493365026,e161bd0c,4,12.241457142013665,47.06952699031453,18.868409486797916,12.754172273566192,12.754172273566192,10.911653859178937,18.868409486797916,18.868409486797916,18.868409486797916,2.733481482790289,>600
2be5c96a,4,4210,1,647f2a41,841.9965204800544,647f2a41,655.0673597805561,3.12940258605685,729665c0,2,3.6618588662445717,88.80217274885264,4.1230694969818575,7.622389431094195,7.622389431094195,4.022295724814396,4.1230694969818575,4.1230694969818575,4.1230694969818575,5.414160202905286,>600
2bff06cf,0,7624,-1,ecdaf714,2264.6708321520873,ecdaf714,2078.034919739556,0.12786234551634715,ecdaf714,1,28.427941006681795,235.15824628757767,43.24049722771586,62.35465119903567,62.35465119903567,50.80359387319761,43.24049722771586,43.24049722771586,43.24049722771586,62.35465119903567,>600
2c0c4a4e,4,4790,1,684a6fc1,1877.9366580638664,684a6fc1,2359.848025996572,1.196278197927186,2364716c,2,8.04594018660484,93.04392641911997,3.6749486810815406,38.06667066042347,38.06667066042347,23.665414684557422,3.6749486810815406,3.6749486810815406,3.6749486810815406,8.151496925026706,>600
2cee0cba,2,5500,1,0d99f8e4,467.7877344482684,0d99f8e4,357.05399178955645,0.17570925588661032,0d99f8e4,1,10.665140786694133,103.38358749398954,7.375603420509645,4.706233297809818,4.706233297809818,2.3147060406336712,7.375603420509645,7.375603420509645,4.706233297809818,4.706233297809818,300-600
2d0c268a,4,4550,1,c96c018a,1978.9305937297336,4f3eb9e9,2640.638408042923,0.13868981594921215,4f3eb9e9,1,14.874791132341558,87.83179637776409,6.188642570456752,206.4622474590035,8.0086003567346,7.225398077934138,6.188642570456752,6.188642570456752,6.188642570456752,8.0086003567346,>600
2d179ded,3,7008,-1,7ff89f8f,1162.9177455432302,7ff89f8f,1053.3570759836439,0.10730328506964407,7ff89f8f,1,7.749754286132607,100.28996247660481,8.635321915603637,19.573460603161198,19.573460603161198,16.661090660852878,8.635321915603637,8.635321915603637,8.635321915603637,19.573460603161198,>600
2d196986,0,6474,-1,95c8427f,1058.3227489760548,95c8427f,1062.586544637974,0.009563146101111022,95c8427f,1,11.991317360702503,90.35561606205975,14.130039375026987,11.553712791230874,11.553712791230874,10.048690543262438,14.130039375026987,14.130039375026987,14.130039375026987,11.553712791230874,>600
2d2d0c6b,2,5045,1,77e4821c,801.3212153064698,77e4821c,801.3212153064698,0.9898859592045034,37344c2a,4,3.045945300727323,46.804266276536914,10.720668336171535,21.594242441230122,21.594242441230122,17.95602604083941,10.720668336171535,10.720668336171535,10.720668336171535,11.59643924811015,>600
2d35f86d,3,4896,-1,8612b37f,931.5109980024943,8612b37f,908.7195395731926,0.03003277496671782,8612b37f,1,11.216196779664774,125.00076680181503,18.455549947096387,5.542005358759387,5.542005358759387,4.240897244248684,18.455549947096387,18.455549947096387,18.455549947096387,5.542005358759387,>600
2d9f6cb9,4,7338,-1,dbee6c86,265.5382550591852,fa667be2,309.33981347385884,0.2550875097128187,9bd2bba3,4,9.908706063856238,135.48932678865904,12.025882538873645,10.730629705752326,12.113465937055897,12.669819107507298,12.025882538873645,12.025882538873645,12.113465937055897,3.657114963132003,300-600
2ddad940,2,5331,1,ee4aecac,171.4618922675074,ee4aecac,203.7965497745519,0.05133159249515521,ee4aecac,1,7.645816438023014,103.83318421475748,9.81329249379331,10.75414633900372,10.75414633900372,9.074969840320199,9.81329249379331,10.75414633900372,10.75414633900372,10.75414633900372,150-300
2e29e833,0,5428,1,d463e527,1522.277492969054,d463e527,1418.3551187556202,0.46413273726908594,201661b5,3,4.3076518266215045,122.76812322870258,12.22815274063263,29.69471956251081,29.69471956251081,20.648004835001327,12.22815274063263,12.22815274063263,12.22815274063263,17.91772189988463,>600
2e43c2ea,3,5698,-1,b4d8dd4f,1749.9257795975411,b4d8dd4f,1188.675460891164,1.610345935721018,b4d8dd4f,1,7.487396669090343,111.83715040795836,11.854690687122787,29.717304606837477,29.717304606837477,13.534528338140282,11.854690687122787,11.854690687122787,11.854690687122787,29.717304606837477,>600
2e63d9de,2,4699,1,d07aed8f,2972.0560216119648,8c8348e8,2490.3274727684366,30.010790266457338,e46f4ef4,5,13.77390817425645,73.54828844607853,14.352142924015464,53.45831743304767,44.65140294526313,40.98840701931208,14.352142924015464,14.352142924015464,14.352142924015464,9.666161352487023,>600
2ee0235b,3,5556,-1,264feceb,349.58287057564905,264feceb,365.3747452199062,0.09561743440611412,264feceb,1,6.80295371229703,129.57628170498538,10.174384008422305,4.414137661794951,4.414137661794951,5.671052567295698,10.174384008422305,10.174384008422305,4.414137661794951,4.414137661794951,300-600
2f19d536,1,3088,-1,79507629,4757.222270117354,0dd99dc5,4395.521420730146,6.344310238201648,79507629,2,6.535598394413745,58.81995755661811,6.786242200916338,44.81303068632769,90.56135220551164,6.681132686170843,6.786242200916338,6.786242200916338,6.786242200916338,44.81303068632769,>600
2f8e53c3,0,2594,-1,89fdb2f2,1.6263455970583316,89fdb2f2,280.7483059611164,0.2473746290487969,89fdb2f2,1,3.293055138227308,39.514136335191644,2.648857201632159,10.420369827931601,10.420369827931601,5.073920780761268,2.648857201632159,10.420369827931601,10.420369827931601,10.420369827931601,150-300
2fa01aa6,4,2174,1,febb4411,868.9992005749812,febb4411,1326.4996877685458,0.4048202830077463,d07aed8f,5,18.77741961251621,53.83546656530088,18.91280472719393,38.90772983898764,38.90772983898764,5.465332950464471,18.91280472719393,18.91280472719393,18.91280472719393,34.475080602398954,>600
2fd68f7b,2,4730,1,9a6b0392,402.92459766071954,9a6b0392,270.77820145575737,0.6272646101030567,944f36b9,3,60.74015262396321,106.68732188073822,29.620168071508886,12.163123457552897,12.163123457552897,6.685355699177448,29.620168071508886,12.163123457552897,12.163123457552897,9.83933322599884,150-300
2fe023be,1,4221,-1,8d92cb49,386.09260702595407,8d92cb49,584.479826790337,0.4246593143671825,1590af81,3,12.90931147808348,100.05902793530086,8.91687815386743,26.548374742704322,26.548374742704322,19.54831717582086,8.91687815386743,8.91687815386743,26.548374742704322,14.571008916857048,300-600
30d75030,1,3404,-1,d60430e6,1594.0770253973608,d60430e6,1289.0928741779728,14.956900859454697,add9c322,2,17.599318669377997,76.51980493389331,20.49108422863724,24.812734455958637,24.812734455958637,15.556747553640816,20.49108422863724,20.49108422863724,20.49108422863724,6.645461772363844,>600
310c71a5,4,5245,-1,8d5d46d7,377.9494151337672,8d5d46d7,382.1681638042832,0.2359639328628697,c9578d27,3,8.843313479056066,118.58089049473573,4.7006259461372215,11.860492745431177,11.860492745431177,3.1765159851027644,4.7006259461372215,4.7006259461372215,11.860492745431177,9.115911220777006,300-600
32fe84c9,3,6408,1,c9fedcf3,5835.299049149126,c9fedcf3,5541.649318053372,0.3159357718801312,c9fedcf3,1,22.250821979444407,90.86168735498478,15.625836179475469,35.73440239070522,35.73440239070522,21.196941952624535,15.625836179475469,15.625836179475469,15.625836179475469,35.73440239070522,>600
33c40295,0,4169,-1,7b2c7b3c,744.5001803895592,7b2c7b3c,919.5906372540938,1.0697723603744034,cd7f1687,5,8.700789781165115,93.92510648341226,10.229974261526634,35.35064399885463,35.35064399885463,16.81004605100718,10.229974261526634,10.229974261526634,10.229974261526634,12.502758689596236,>600
3407f5bf,4,3638,1,93f5d2e6,470.68602804846137,93f5d2e6,470.6860280484614,0.19306134402052935,9896fc0b,2,21.29388267466182,77.72778501301138,16.568271735741764,9.43145584370594,9.43145584370594,10.447454226154019,16.568271735741764,16.568271735741764,9.43145584370594,5.103478210901864,300-600
3417285d,4,5449,-1,10b89021,184.5267072815087,10b89021,305.97467154136916,1.6618425755435897,bc4381e2,2,34.42198868150785,99.62505545548746,22.583341617326713,13.719433824475274,13.719433824475274,13.405477243043094,22.583341617326713,22.583341617326713,13.719433824475274,3.800565483438835,300-600
347242c8,0,3595,1,9e3e364d,3750.0548997714404,9e3e364d,4474.365150066094,21.70563631280221,877ed19c,5,2.242023016039388,87.75197391485143,9.370890789849227,16.016042155512764,16.016042155512764,7.715525231419009,9.370890789849227,9.370890789849227,9.370890789849227,5.5363781107808645,>600
353e5502,1,6062,-1,39b51819,2217.817740978834,39b51819,1487.8338558539954,0.10274880800754659,9ab94eeb,2,5.639360585146688,127.32580720447272,5.553447678059076,34.82826577706082,34.82826577706082,19.671763346918194,5.553447678059076,5.553447678059076,5.553447678059076,29.135182764216545,>600
357c12f9,4,4079,-1,94467f50,1983.8418348749244,94467f50,1586.4325851736924,3.7094705789874904,94467f50,1,5.624420852755269,88.56782982741738,2.09387955951598,24.34145176757552,24.34145176757552,14.197527685326047,2.09387955951598,2.09387955951598,2.09387955951598,24.34145176757552,>600
3584a6eb,2,4494,-1,47222616,364.3745991422396,47222616,355.81512681487686,0.017651766861166717,f053a1b9,2,9.108318362664079,58.77389963631943,23.237436308208956,8.358046339378951,8.358046339378951,9.675110482023296,23.237436308208956,23.237436308208956,8.358046339378951,5.547428036099334,300-600
35b30c7f,4,9579,1,e3b34f5b,431.7470677375699,e3b34f5b,1807.0908532015237,0.09616947403814312,e3b34f5b,1,19.15158789297762,198.11402729911245,21.456189947736668,94.40542315348918,94.40542315348918,67.90470671245832,21.456189947736668,21.456189947736668,21.456189947736668,94.40542315348918,>600
35b3ef6a,4,3904,-1,c03b9305,1177.731394206714,c03b9305,891.2572696055092,4.229493433331779,fc0d20b2,2,26.045383636758544,97.18664039061544,19.67956234623068,20.40325986451053,20.40325986451053,11.925165201670577,19.67956234623068,19.67956234623068,19.67956234623068,5.086969831365796,>600
367456ce,1,5569,1,efde6ac3,714.6997000838559,7256229b,1122.1358157823681,0.17803227089075446,7256229b,1,12.622377103894497,126.76279909197537,4.098573632391565,21.396838940868538,6.261731532832504,9.245115053006113,4.098573632391565,4.098573632391565,4.098573632391565,6.261731532832504,>600
368131f9,1,4991,-1,f40cd091,682.6095510614645,f40cd091,670.8767190629835,0.174858709388788,f40cd091,1,20.875783169531438,115.17431300397124,11.58058883372974,7.7161899460666925,7.7161899460666925,3.6465858084662615,11.58058883372974,11.58058883372974,11.58058883372974,7.7161899460666925,>600
368fe682,1,4936,-1,8a9c8932,756.894781657119,8a9c8932,704.2301146802026,0.39070269322188117,060ab2b8,4,13.878502686940966,104.68330179303138,10.221656639338562,10.690214710882875,10.690214710882875,8.220093940349797,10.221656639338562,10.221656639338562,10.221656639338562,7.633197652467712,>600
3690a146,2,4073,1,d40f61d5,693.5577521736284,d40f61d5,680.7923208376283,0.6339477083489679,d40f61d5,1,7.130156510792888,56.889632918155854,8.49948364722054,14.577244088095217,14.577244088095217,15.075879955904965,8.49948364722054,8.49948364722054,8.49948364722054,14.577244088095217,>600
37344c2a,0,5197,1,e85074c5,793.0183777189642,56b00794,544.218846260308,1.7383820583959693,2d2d0c6b,4,13.239300394199656,37.877824654003284,25.74883641909537,21.329293429800394,27.947409428576123,22.035024229265417,25.74883641909537,25.74883641909537,27.947409428576123,11.596380330442429,300-600
373ef48b,0,3509,1,be83e781,373.0152878902911,be83e781,362.02849142780707,0.5460692880938828,06df5958,2,5.207191387759596,67.09082088562805,2.86334677644995,6.148798508256417,6.148798508256417,4.482009196842537,2.86334677644995,2.86334677644995,6.148798508256417,5.862376800879037,300-600
374be387,2,9965,-1,bd2c2f34,530.5960938418345,bd2c2f34,477.245306436393,0.1279405618929901,bd2c2f34,1,6.712762639770746,151.96695128167417,8.37778352840335,8.304612614633108,8.304612614633108,6.7567411292286765,8.37778352840335,8.37778352840335,8.304612614633108,8.304612614633108,300-600
37d36812,0,4367,-1,fd710aea,250.79975279109343,fd710aea,355.31858409020816,3.0983431261017036,c47e0767,2,21.856313079076383,76.17638400139715,13.50624021580172,10.366008175001316,10.366008175001316,8.971347609214213,13.50624021580172,13.50624021580172,10.366008175001316,9.47754165862515,300-600
38991fd4,4,4798,-1,cf50c9d1,696.3493939110168,cf50c9d1,707.7927503315636,0.13284372110202516,cf50c9d1,1,14.86604108751415,106.68348667588936,13.256037090737907,6.581425542309706,6.581425542309706,7.605904735710366,13.256037090737907,13.256037090737907,13.256037090737907,6.581425542309706,>600
389ae58f,3,6463,1,a056d01e,1668.5553899405259,a056d01e,1735.82321741253,0.7812557049290233,f8662c22,3,49.76304894845995,67.41804725848415,31.93744168796972,56.09539718530398,56.09539718530398,54.37502058077562,31.93744168796972,31.93744168796972,31.93744168796972,26.168381142617207,>600
3932faa6,4,5452,-1,5663b2b7,819.7542054173952,75d20a82,954.3452470150888,1.6391572207512266,27ebb9b9,3,13.157974615537267,85.19232863037202,15.36928469438488,22.948411351862735,21.344447214005495,13.28167648613991,15.36928469438488,15.36928469438488,15.36928469438488,10.903145273604656,>600
398dce4b,3,3166,-1,8b5be31b,411.4640860390848,10be2420,754.7694878737998,0.5310053765854338,97cd5bf9,5,4.559718484677409,74.5443428138331,3.53572991879835,70.02355023772085,13.583348995478092,10.731264038246005,3.53572991879835,3.53572991879835,3.53572991879835,4.608439853474565,>600
39b51819,2,4231,-1,9ab94eeb,837.3552603884023,9ab94eeb,756.836926771396,1.8031823469639223,9ab94eeb,1,3.160351282946552,92.73761817052655,3.12891149115892,7.523281839473022,7.523281839473022,4.691035903132842,3.12891149115892,3.12891149115892,3.12891149115892,7.523281839473022,>600
3a0af893,2,2927,-1,109d9d70,856.7967661584349,109d9d70,795.8018030798534,0.8105297291830016,5d7198fd,3,18.6897660134781,81.37834575302668,15.067848316028225,28.958935674810125,28.958935674810125,8.208620059830515,15.067848316028225,15.067848316028225,15.067848316028225,15.933229040552213,>600
3a223519,3,4583,1,ffefef30,166.2024659867429,ffefef30,163.7003870986108,0.10982866397060108,ffefef30,1,9.401162306681243,100.64903873801909,19.851286671921496,4.1175717178150215,4.1175717178150215,3.9553402806527873,19.851286671921496,4.1175717178150215,4.1175717178150215,4.1175717178150215,150-300
3a7dd95d,4,3072,-1,504c8b08,6418.37144292069,504c8b08,10047.494245115431,95.20377623416685,833af382,5,13.010388611275376,33.663101954077455,5.508464159122634,113.92169939618783,113.92169939618783,68.31485105958403,5.508464159122634,5.508464159122634,5.508464159122634,71.40305067102435,>600
3a824aa7,3,4201,-1,ab3ced07,593.6965814288097,ab3ced07,609.3600597273365,0.057497878017524526,ab3ced07,1,5.690131490731758,65.14328413861769,6.121717422147312,4.745155187074804,4.745155187074804,4.62801171201733,6.121717422147312,6.121717422147312,6.121717422147312,4.745155187074804,>600
3a86fe8d,0,5118,1,e0f36d98,488.51025987168305,5fffa282,509.1979199683173,0.04416536115146811,bffe3082,5,11.634711217695367,90.25314635730709,10.919352052844767,16.859019570771512,19.57584302720359,11.484065349685094,10.919352052844767,10.919352052844767,19.57584302720359,5.903630368326849,300-600
3aaa2b30,0,4711,1,d543916f,329.1842318518888,d543916f,485.7746500436602,4.437777990240388,d543916f,1,17.520232328990414,101.31215197227507,6.044027036592569,18.18262159411066,18.18262159411066,19.854146409603977,6.044027036592569,6.044027036592569,18.18262159411066,18.18262159411066,300-600
3ac16ad0,1,5649,1,fa16d114,539.8438361232352,fa16d114,553.2768804359519,0.18691014975834863,fa16d114,1,8.880546118495223,91.90778538615042,3.777094250470482,4.463802124861993,4.463802124861993,4.06982599231458,3.777094250470482,3.777094250470482,4.463802124861993,4.463802124861993,300-600
3b21ea64,1,7376,-1,b5aa9634,165.69211357230213,b5aa9634,141.3737976297589,0.06052405774990241,2d9f6cb9,3,8.368949948322665,138.0141895464403,7.242496082480807,4.970654565009463,4.970654565009463,5.515083026977445,4.970654565009463,4.970654565009463,4.970654565009463,4.334475993061473,<150
3bbe1f5d,0,6918,1,7cd4bb31,869.4126856677775,7cd4bb31,754.3538995301421,0.27470127826040436,7cd4bb31,1,10.572803005133604,127.12990710308027,6.597926423374969,5.287227903653576,5.287227903653576,12.941950215041265,6.597926423374969,6.597926423374969,6.597926423374969,5.287227903653576,>600
3bfee975,3,3603,1,86454a6f,543.115558330323,2b547943,659.6350651114332,1.8190878493365026,2b547943,1,7.840543276658913,59.58483430804429,10.807172694815282,68.23372260283338,12.754147188092585,10.911153793363008,10.807172694815282,10.807172694815282,10.807172694815282,12.754147188092585,>600
3c3dbcbc,0,5069,-1,20096916,369.6896787847605,20096916,374.73599919032375,0.2368139521956193,8b12bab6,3,8.29349171896155,72.14663196755095,3.331288453096649,13.256286042010151,13.256286042010151,12.075553919632313,3.331288453096649,3.331288453096649,13.256286042010151,8.18565178939958,300-600
3d96d897,2,5659,1,f9fc81aa,334.5616363244416,f9fc81aa,338.8451530218662,0.06115281842355058,f9fc81aa,1,3.6092906343486293,104.36495022838167,5.597637421414716,5.260435942152781,5.260435942152781,4.523883487223647,5.597637421414716,5.597637421414716,5.260435942152781,5.260435942152781,300-600
3df4b19e,4,4988,1,992c99e8,357.74264339061665,992c99e8,341.3549626122544,0.22435846778358914,4f3eb9e9,2,8.67249047497302,87.33898832776163,8.277443005703471,6.704196428689393,6.704196428689393,5.860240014816017,8.277443005703471,8.277443005703471,6.704196428689393,6.647905503039995,300-600
3e011332,1,2723,-1,60e37807,356.4982875131446,60e37807,358.6667687506666,0.4303503482816006,60e37807,1,17.42146062278745,75.24200831696992,16.944434623470148,4.497454982777755,4.497454982777755,4.435470145257842,16.944434623470148,16.944434623470148,4.497454982777755,4.497454982777755,300-600
3e678ea7,1,6858,1,e46f4ef4,457.23884885224845,e46f4ef4,457.23884885224845,1.432425525805944,e46f4ef4,1,10.229911981746914,83.08793429906758,13.243948212431928,3.954526956699621,3.954526956699621,6.97534287814612,13.243948212431928,13.243948212431928,3.954526956699621,3.954526956699621,300-600
3ef6372a,1,4727,1,230eaaa3,479.32745018387476,230eaaa3,485.5555469381668,0.3953692584207564,230eaaa3,1,6.229379944022544,73.849633644613,5.625080577470206,3.2855389467438174,3.2855389467438174,3.790640168581953,5.625080577470206,5.625080577470206,3.2855389467438174,3.2855389467438174,300-600
3ef98781,4,3892,-1,2b06ad65,375.1881886468632,2b06ad65,454.70709616191766,0.06181228343427746,2b06ad65,1,12.433878700657393,60.048816073203255,5.47273075911321,12.795012813155788,12.795012813155788,6.647060770053669,5.47273075911321,5.47273075911321,12.795012813155788,12.795012813155788,300-600
3f603129,2,5051,1,1b82b665,9950.731238180435,cbb406b5,5848.715492593331,165.0167250586326,1b82b665,5,29.712176284154232,100.07991407790675,16.07483849729828,13.209117788250484,218.59765050191436,194.70503378569654,16.07483849729828,16.07483849729828,16.07483849729828,13.209117788250484,>600
404c4384,4,911,-1,81fc01c6,331.12780266843083,97cd5bf9,1792.1392551709516,2.5465682148678694,398dce4b,5,3.6011694039210935,19.80445238168115,3.6198296352879624,120.83110262809917,59.183281867592704,0.8130385068442101,3.6198296352879624,3.6198296352879624,3.6198296352879624,54.795347159055424,>600
4121c517,0,3723,-1,bb682ebd,190.15939629703664,bb682ebd,198.716461950271,0.022995199840502068,f5d8aab6,5,11.223238561279205,90.25793163762701,6.2740307513285245,23.60202667030607,23.60202667030607,13.222067451323932,6.2740307513285245,23.60202667030607,23.60202667030607,8.969759114243102,150-300
41fb0192,3,2973,1,028d7b28,4781.48254837347,a48640d9,5570.634211739368,4.169750802113308,113011eb,2,3.5577103110362645,64.29929704308813,4.140417901686038,110.24992049950313,21.10749510254687,17.324446493809088,4.140417901686038,4.140417901686038,4.140417901686038,14.10301759237793,>600
42669188,0,4282,-1,e5ff9fd2,9240.455964079896,e5ff9fd2,10457.770795508886,28.045087350735315,61f27424,2,23.030677799344762,89.46778290705875,12.841605584553841,45.80222381425589,45.80222381425589,34.61575182660657,12.841605584553841,12.841605584553841,12.841605584553841,30.15321348938925,>600
42c538a1,1,3279,-1,9314ff13,5261.756970081257,9314ff13,3442.018051093112,86.30335001484205,71ccf778,2,26.18883109705342,26.69480056925332,30.151039993275425,17.249878813913142,17.249878813913142,31.712518482205276,30.151039993275425,30.151039993275425,30.151039993275425,11.967089544610403,>600
43b06c70,4,4846,-1,1aaf1da0,332.3307713709122,1aaf1da0,383.04177602518047,1.5769588620331323,1aaf1da0,1,8.769342298126745,128.0434338586434,8.081543550268092,9.82905297387233,9.82905297387233,9.450209420385997,8.081543550268092,8.081543550268092,9.82905297387233,9.82905297387233,300-600
43c7f85a,1,5978,1,f8afa78a,586.4069093216315,f8afa78a,647.6142018576479,1.0089139315358409,729e9750,2,11.180370167514397,126.11438057363169,12.32814473307248,13.291205706814289,13.291205706814289,14.370200628698289,12.32814473307248,12.32814473307248,12.32814473307248,12.096970382961166,>600
43e16325,0,3720,1,a08d9e63,5394.3788686836315,a08d9e63,2833.9077062997217,88.98776270954664,084d66f9,4,45.776662453735184,18.846992050585314,21.709271614202464,53.144313648767195,53.144313648767195,54.16584097890124,21.709271614202464,21.709271614202464,21.709271614202464,47.04810272019593,>600
44441e54,0,4357,-1,89fdb2f2,198.0233231212817,7b38844c,334.02789647698495,1.1030542692833116,4e050c92,3,3.668929750345109,68.73955102551452,1.7039499656103196,39.6865685180139,4.412960399950248,6.436939088496666,1.7039499656103196,1.7039499656103196,4.412960399950248,3.973297181009625,300-600
445af6c2,4,6041,1,4fbe9c06,483.84045025189613,4fbe9c06,428.9134674966881,0.8534889197673956,4fbe9c06,1,29.954468486977532,125.34823927960944,29.955708721398526,4.533732835914557,4.533732835914557,3.567605646369026,29.955708721398526,29.955708721398526,4.533732835914557,4.533732835914557,300-600
4463446c,0,3256,1,b04b58a3,2684.5505229179535,b04b58a3,2660.3627479697075,0.2906555616689203,b04b58a3,1,18.86029305975226,78.95572091886073,11.210540946571179,4.061316831058652,4.061316831058652,4.127084504212977,11.210540946571179,11.210540946571179,11.210540946571179,4.061316831058652,>600
44a94013,4,4903,-1,5305524b,593.4323271441332,5305524b,564.7483620227162,0.6763577398317097,11d0f5ac,3,23.26260921867206,93.36725571882724,11.016762564572188,15.554504615020948,15.554504615020948,15.650015629728156,11.016762564572188,11.016762564572188,15.554504615020948,5.158192920560108,300-600
45fb3e21,2,3649,-1,1590af81,516.4295007067172,1590af81,507.9687265305822,0.3913810715113896,261785ee,4,25.15963005414619,66.83690760723638,24.245262824086947,19.104657854018892,19.104657854018892,15.918134284382683,24.245262824086947,24.245262824086947,19.104657854018892,15.34880074955536,300-600
460f859e,4,3336,1,8a89da23,2989.9375198989437,8a89da23,2887.783151628014,2.0856455628143995,b4f37e6e,3,20.01206991533264,32.10477472856217,9.612550733278008,17.474872049463897,17.474872049463897,10.081585119076736,9.612550733278008,9.612550733278008,9.612550733278008,9.915712128602918,>600
4630ab92,3,3373,-1,84815d5a,262.7573896202659,84815d5a,222.49021557111507,0.6494930943729572,699ea575,3,10.880550178687447,50.682514822919934,16.263763316075515,10.033708949533521,10.033708949533521,5.867169436902535,16.263763316075515,10.033708949533521,10.033708949533521,6.095566230277878,150-300
463c38f2,0,4460,-1,ae069086,878.6068483682122,ae069086,917.8212265111905,0.24450124241201626,d41beaf2,5,6.316346789980795,104.89840784421574,5.507981207666624,16.276909994101548,16.276909994101548,9.0337501015268,5.507981207666624,5.507981207666624,5.507981207666624,3.8622977096720694,>600
4654e7de,1,5373,1,d2f3b1ab,1070.3587499523687,d2f3b1ab,1101.5624176948168,0.7618170456250537,d2f3b1ab,1,5.262206132576318,90.94528814609485,4.586553527601965,8.928800751467689,8.928800751467689,5.271900951521978,4.586553527601965,4.586553527601965,4.586553527601965,8.928800751467689,>600
466fc788,4,6197,-1,4cecf7b3,499.47347096719915,4cecf7b3,439.4707490834509,0.2856620682632887,1f9afacb,3,16.96677982284487,87.66814957108141,10.274184034362769,14.898713588814248,14.898713588814248,18.19038691633252,10.274184034362769,10.274184034362769,14.898713588814248,9.612973468808919,300-600
46a301e9,3,8226,1,a4f989c2,3156.204916699693,a4f989c2,1914.0984230507606,1.2653745429607215,a4f989c2,1,10.714122960128444,150.8143947425474,11.567823042477553,50.97994245420594,50.97994245420594,28.64757082586857,11.567823042477553,11.567823042477553,11.567823042477553,50.97994245420594,>600
46a7190b,0,4215,1,2e63d9de,3492.5218335897266,2e63d9de,2645.4157958438477,29.68680372044565,d07aed8f,2,13.31037471543342,30.240322500508302,18.335037272042925,43.570892145763885,43.570892145763885,39.02164802200869,18.335037272042925,18.335037272042925,18.335037272042925,10.161733331699057,>600
46d24a09,2,4449,-1,1fdbba44,425.0754329526689,1fdbba44,342.62170129081994,0.19811431304517887,1fdbba44,1,21.034427197140683,141.57451462626003,23.826073303375495,11.800629670792402,11.800629670792402,7.929310219239833,23.826073303375495,23.826073303375495,11.800629670792402,11.800629670792402,300-600
46d41ff6,4,7901,1,ae0784a8,626.9871310484032,ae0784a8,660.9750551371836,0.3384657480581033,ae0784a8,1,7.152719312990992,146.34575559496338,3.989041339745417,13.03554227336482,13.03554227336482,14.018021625748926,3.989041339745417,3.989041339745417,3.989041339745417,13.03554227336482,>600
46dfcfca,0,3606,1,2e63d9de,3230.356641920667,2e63d9de,2751.3088298482207,30.037909338548694,d07aed8f,2,23.306915931867923,30.08001690628812,16.15247690406687,43.62433263865032,43.62433263865032,31.932800191408557,16.15247690406687,16.15247690406687,16.15247690406687,10.248017745576547,>600
47222616,0,4406,-1,3584a6eb,364.3745991422396,3584a6eb,355.81512681487686,0.017651766861166717,3a824aa7,5,12.72802806095558,65.6044704652785,7.965537115273622,8.35805546096391,8.35805546096391,9.680906023895778,7.965537115273622,7.965537115273622,8.35805546096391,5.320400166482534,300-600
47ee27ab,4,6397,-1,78a4a386,0.0,726f3dc2,209.21803874879672,0.38271876203355987,726f3dc2,1,7.811133847911845,117.54263688681749,8.61240504891227,22.367997834941683,8.127759706861895,5.567383917613567,8.61240504891227,8.127759706861895,8.127759706861895,8.127759706861895,150-300
481de5fc,3,5952,-1,ad2133a8,509.48294623061753,ad2133a8,519.8356673025404,0.37955393779466806,cda7eb37,2,13.661013098019078,88.46010264774905,18.877002153598994,10.436562922085113,10.436562922085113,7.236819534328947,18.877002153598994,18.877002153598994,10.436562922085113,9.24911328303541,300-600
48c1f673,3,2917,-1,c472c0b5,179.11320805611047,c472c0b5,240.36867360413942,0.22867644816320717,c472c0b5,1,18.480143096264484,104.87494306568487,16.416604324575058,2.0444608784104172,2.0444608784104172,6.094622949744348,16.416604324575058,2.0444608784104172,2.0444608784104172,2.0444608784104172,150-300
4936af16,0,3991,1,940a48d9,409.8949159234524,940a48d9,384.4092774999171,0.3161031379199366,940a48d9,1,5.12683088404085,73.19094322820182,4.631932772594839,10.134502950817149,10.134502950817149,9.675422046686801,4.631932772594839,4.631932772594839,10.134502950817149,10.134502950817149,300-600
493b5b31,0,4671,1,27c3155b,336.7792466883288,27c3155b,244.89642734227627,0.01693959870363349,a6f967fb,2,20.806259253075513,47.31442970236915,20.316492744264668,17.65509920720486,17.65509920720486,14.117159614043572,20.316492744264668,17.65509920720486,17.65509920720486,11.993472425296046,150-300
49dbc14c,2,3872,1,4a335117,3359.5768155227647,4a335117,3393.029905298762,0.1668213151830333,4a335117,1,5.472416193779096,71.47351366849684,2.7540792510406313,25.263602524842042,25.263602524842042,3.2817728095892917,2.7540792510406313,2.7540792510406313,2.7540792510406313,25.263602524842042,>600
4a035ec2,3,2588,1,028d7b28,4313.23132582756,a48640d9,5489.631466337224,3.5820131438931426,113011eb,2,18.37817503927824,63.280323029274,14.751510754766906,110.58132969672928,18.416791392661015,14.33345313546978,14.751510754766906,14.751510754766906,14.751510754766906,15.300920420713085,>600
4a335117,1,5015,1,49dbc14c,3359.5768155227647,49dbc14c,3393.029905298762,0.1668213151830333,49dbc14c,1,25.01473417971471,96.54163491862745,4.571319993247681,25.262523664732537,25.262523664732537,14.297168241328215,4.571319993247681,4.571319993247681,4.571319993247681,25.262523664732537,>600
4a8ecc0b,4,5809,-1,fba7683c,110.71120855667122,b1efb8a4,908.0586752829287,1.0580060845838837,1f9afacb,5,11.211904800768597,89.8697531869858,4.049634087763333,85.89232276048787,9.80737453321492,7.804262815447612,4.049634087763333,4.049634087763333,4.049634087763333,4.813788733721003,>600
4b462989,3,3106,-1,5542c301,394.4505571046908,f439a621,371.5933658678151,0.6477315836134335,f439a621,1,6.605024585467642,95.13580100233985,4.3933896441706,7.498364495593704,4.223705768259542,8.597127586387911,4.3933896441706,4.3933896441706,4.223705768259542,4.223705768259542,300-600
4b831d20,3,7312,-1,b5aa9634,544.6815771619724,b5aa9634,531.5617709815963,0.17454838847613202,fa667be2,3,16.40332593479727,152.5986930442666,4.951348383618748,12.441753572332045,12.441753572332045,12.58890136897563,4.951348383618748,4.951348383618748,12.441753572332045,9.130284899551054,300-600
4c2208f5,4,5384,-1,03a935ae,1743.1462648037518,03a935ae,2766.189231144433,16.440319524729812,03a935ae,1,37.38188510729996,64.10521730293944,17.352910699301898,21.47554851129177,21.47554851129177,24.750078630160097,17.352910699301898,17.352910699301898,17.352910699301898,21.47554851129177,>600
4c3168cf,3,4334,-1,2b06ad65,224.21150193497678,e4726608,189.3833661889117,0.6322278436123617,2b06ad65,2,4.398564145674671,78.38253899506243,4.431926393531387,6.474014031571951,8.498356965584282,4.037193745787868,4.431926393531387,8.498356965584282,8.498356965584282,6.474014031571951,150-300
4c3df468,0,5392,1,6d1d74e1,469.3428635868442,6d1d74e1,576.6825864482588,1.293981886861645,b7cdcecb,3,20.730613836474724,148.47989680264968,12.032654107372357,8.685323378463751,8.685323378463751,7.51512364881569,12.032654107372357,12.032654107372357,8.685323378463751,6.271446242494694,300-600
4caa7289,2,5396,-1,0a57a29c,368.04961526971687,0a57a29c,375.73923121641747,0.18613821517780313,8bb9c1e6,4,9.679853283039389,96.21911627908413,6.319157542605435,12.884457415112225,12.884457415112225,11.295324387583888,6.319157542605435,6.319157542605435,12.884457415112225,7.6323634107355485,300-600
4cd1ac61,1,4489,-1,d50c649a,578.0663630589185,d50c649a,530.8174229290986,0.2904997083030444,d50c649a,1,14.744577751415134,133.9629419057094,7.330349816416894,7.004590965020271,7.004590965020271,11.211734665433637,7.330349816416894,7.330349816416894,7.004590965020271,7.004590965020271,300-600
4cecf7b3,2,6019,-1,466fc788,499.47347096719915,9a8ae0d6,372.9787159143119,4.324454651997986,9a8ae0d6,1,8.796914734080126,101.3291527566898,10.975177027895693,14.898769231867131,5.4911217904338425,6.2679614777512995,10.975177027895693,10.975177027895693,5.4911217904338425,5.4911217904338425,300-600
4ddde4c1,0,4472,-1,f5d8aab6,308.41394164337316,f5d8aab6,283.7776853064251,0.35997646672205597,f5d8aab6,1,4.584881244279585,90.1553023827174,3.669837384087916,4.7171483828194205,4.7171483828194205,4.198029808257125,3.669837384087916,4.7171483828194205,4.7171483828194205,4.7171483828194205,150-300
4e050c92,4,3705,-1,5cb483ac,356.43527112200945,5cb483ac,367.7438616604857,0.8391071852818182,44441e54,2,6.760683545123174,69.26367241517964,5.54580964262857,7.958091688030162,7.958091688030162,9.648213338271347,5.54580964262857,5.54580964262857,7.958091688030162,3.973368794518,300-600
4ed93db6,3,4657,1,da940160,557.2799587278695,da940160,378.5298406005096,0.28378453461434816,8382f4b6,5,9.134304566059011,73.98842536793198,6.231577788074734,4.754099913752394,4.754099913752394,3.5813290461417853,6.231577788074734,6.231577788074734,4.754099913752394,3.9496486758704115,300-600
4f3eb9e9,3,4697,1,3df4b19e,798.6425168373119,3df4b19e,727.6428244684162,0.3400286960908667,3df4b19e,1,33.07892812639342,90.00827474013016,31.394041611922255,6.647679903929902,6.647679903929902,8.477558426242497,31.394041611922255,31.394041611922255,31.394041611922255,6.647679903929902,>600
4f4ac5ce,3,5162,-1,c42fe306,357.84054130304867,c42fe306,358.23478844167727,0.13996427701235195,99529c45,4,8.250612102027123,87.43523119390991,4.631287641666541,10.48195410608042,10.48195410608042,11.781502642437758,4.631287641666541,4.631287641666541,10.48195410608042,8.549079755943744,300-600
4f4afcc6,1,5645,1,87aa3730,361.3440096364226,87aa3730,352.93437550853577,0.2572822715637187,3d96d897,3,8.324204115356522,110.93593012293587,8.248229122285464,13.258688713203954,13.258688713203954,14.134690792194624,8.248229122285464,8.248229122285464,13.258688713203954,9.68153216275859,300-600
4f69febf,2,5460,-1,28f4eda9,650.2728811817782,28f4eda9,572.134570184285,1.4916833627967876,722cf0d8,4,14.941245790403045,81.18653473766904,5.094636863045534,14.574214626604642,14.574214626604642,12.889054895487416,5.094636863045534,5.094636863045534,14.574214626604642,10.728787527230661,300-600
4fbe9c06,3,6287,1,729f4217,384.46894972139694,729f4217,367.59208234957424,0.15983674889908164,445af6c2,2,12.700621635010842,128.56038464311803,22.53898227364395,7.348190811164369,7.348190811164369,6.170925427345898,22.53898227364395,22.53898227364395,7.348190811164369,4.533732795369077,300-600
504c8b08,0,6367,-1,95c8427f,601.6482461538604,95c8427f,590.9952574131042,0.0917692042413158,95c8427f,1,20.6567768266876,80.47911327093438,25.43283562729982,6.683928460062307,6.683928460062307,6.811857869414647,25.43283562729982,25.43283562729982,6.683928460062307,6.683928460062307,300-600
511e1db0,2,3821,1,ce8399b7,0.031622776410252254,ce8399b7,1101.0159238175945,0.7377586465302806,efe96181,2,2.646655635093415,109.93184349357908,4.50974190364672,67.91121521146832,67.91121521146832,51.66691987271818,4.50974190364672,4.50974190364672,4.50974190364672,8.46205667005063,>600
512943b2,2,5029,-1,fd8f77fa,398.91244177143506,fd8f77fa,392.9082508957875,0.30400449596962376,ea41324e,2,4.032978673574936,88.58492145712309,8.841810195217215,11.724769968209515,11.724769968209515,6.529496207198042,8.841810195217215,8.841810195217215,11.724769968209515,4.389754878988334,300-600
5138a660,4,3559,1,7bb17b96,350.3506159549652,9426ec1e,638.7023344641044,5.610666363099813,7bb17b96,2,5.4780109058052355,85.3308836386732,24.989097869237042,8.018198416167026,31.79127961031073,19.348614858364655,24.989097869237042,24.989097869237042,24.989097869237042,8.018198416167026,>600
516088b7,0,6645,-1,125be846,361.4846338366731,125be846,354.7414863758833,0.1251150945545209,b0d42b0d,5,6.371603205164532,143.45043602419048,2.6791451917767244,18.511198247468997,18.511198247468997,16.165047447398813,2.6791451917767244,2.6791451917767244,18.511198247468997,13.691739966505445,300-600
521a7819,1,5200,-1,f6824bb0,371.3399311952208,f6824bb0,451.7949787583857,0.16288539918583475,f6824bb0,1,25.361861575542044,102.59644285987635,26.711547745860862,5.584599641355022,5.584599641355022,6.778053447595595,26.711547745860862,26.711547745860862,5.584599641355022,5.584599641355022,300-600
5254b6db,1,3274,-1,f140c2fa,427.93748375219207,f140c2fa,467.89623636003415,3.2832912067940048,e9949a23,3,7.293881229520888,61.12891293495888,3.7636723741404765,14.247708685439147,14.247708685439147,2.690423978686353,3.7636723741404765,3.7636723741404765,14.247708685439147,8.264808097149137,300-600
529e88ca,3,3417,-1,19137a89,2086.5854942464634,6767c111,2075.060495805144,0.12889033490697824,807f0298,4,15.265625031718603,147.0264738381405,27.60695698214402,273.21699023592066,100.73349927441457,29.39007812786159,27.60695698214402,27.60695698214402,27.60695698214402,3.7908617250906587,>600
52f1e77a,3,4442,-1,fde20ecf,345.96467984450373,fde20ecf,362.234404909334,0.09102732290461614,89f36adf,3,14.174880875648114,59.63759660080713,3.9567092232698133,5.355141227937181,5.355141227937181,6.51331788764018,3.9567092232698133,3.9567092232698133,5.355141227937181,4.835618522866385,300-600
5305524b,3,4898,-1,44a94013,593.4323271441332,44a94013,564.7483620227162,0.6763577398317097,9d5e14d4,3,16.63490369332069,106.79335767809273,6.337246218888115,15.554509055582697,15.554509055582697,15.632005532176292,6.337246218888115,6.337246218888115,15.554509055582697,9.006646829274832,300-600
53134831,0,5126,-1,89f36adf,379.9525024265477,89f36adf,340.8740267151978,0.23791608846458745,1e5e3573,3,17.343954276390388,69.21866201880734,4.346198814836906,10.1267169866417,10.1267169866417,12.157755926365025,4.346198814836906,4.346198814836906,10.1267169866417,5.187559782476582,300-600
5397ceb1,4,5255,1,09053135,783.0184716211629,09053135,928.1779488867003,0.4301400890847112,09053135,1,9.25091584943266,109.71951892446589,3.2013389193367554,9.180530062143061,9.180530062143061,18.018329240536822,3.2013389193367554,3.2013389193367554,3.2013389193367554,9.180530062143061,>600
53f23031,3,8550,1,9def2eb2,504.87575590424626,9def2eb2,1255.3678860997552,2.682704858000969,b37fd114,2,10.66798407051043,153.43893190547186,9.703571579980908,34.04730226013902,34.04730226013902,12.547008276480561,9.703571579980908,9.703571579980908,9.703571579980908,12.691157488653095,>600
543198e8,0,6503,-1,ecdaf714,1139.3580469720844,ecdaf714,1135.726147760547,0.3796330695069821,ecdaf714,1,20.51495618405221,188.8366137915056,12.727508592194742,18.9113796047086,18.9113796047086,19.968129466791353,12.727508592194742,12.727508592194742,12.727508592194742,18.9113796047086,>600
54753541,4,4026,1,b8c49c1a,533.1479862101726,b8c49c1a,523.9621536717717,0.3542204079044892,a76db406,4,16.22277834812335,62.77888431746033,17.01849462889221,10.920239099054525,10.920239099054525,7.143241648015328,17.01849462889221,17.01849462889221,10.920239099054525,5.494151103843981,300-600
54a7e3c2,2,6155,-1,198a5607,413.2535087569379,198a5607,395.29550298228577,0.011206127914478779,198a5607,1,11.037762426443331,123.62116868502318,3.40246361281875,3.434035314212874,3.434035314212874,2.5792221479950195,3.40246361281875,3.40246361281875,3.434035314212874,3.434035314212874,300-600
5542c301,1,3591,-1,4b462989,394.4505571046908,4b462989,397.52034514392733,0.39730626818706405,4b462989,1,5.501114137426537,101.1922454153071,4.197507319959886,7.498362838120002,7.498362838120002,7.997735555666831,4.197507319959886,4.197507319959886,7.498362838120002,7.498362838120002,300-600
5567d551,4,6889,-1,bb337fa0,273.79755239948133,bb337fa0,519.2078440279399,3.695320279827821,bb337fa0,1,10.289492216812466,141.27636572383577,10.660488369263042,5.090275331216417,5.090275331216417,5.16785898582018,10.660488369263042,10.660488369263042,5.090275331216417,5.090275331216417,300-600
55efee7f,0,4801,-1,ae069086,457.5522929676996,ae069086,444.6000819994743,0.982617074652191,ae069086,1,25.83515609352923,120.54734431056177,11.705094572481517,2.1388779117718912,2.1388779117718912,2.322276533548724,11.705094572481517,11.705094572481517,2.1388779117718912,2.1388779117718912,300-600
5663b2b7,0,4972,-1,75d20a82,0.0,75d20a82,47.46809454785805,0.37086134039604346,75d20a82,1,16.28409405856329,70.01423892360368,12.330136250780791,2.6947643957676184,2.6947643957676184,1.1878523146754565,2.6947643957676184,2.6947643957676184,2.6947643957676184,2.6947643957676184,<150
5693dde2,0,3488,1,7cbbd047,4288.05502233788,0849b4e2,3425.2621140175047,35.42883191222711,0849b4e2,1,6.95783505375875,101.98103988564765,7.381243529814471,44.6987596342107,14.951544861054842,47.80758859106117,7.381243529814471,7.381243529814471,7.381243529814471,14.951544861054842,>600
56b00794,2,6065,1,e85074c5,511.92547211504154,e85074c5,406.47775415757803,0.2146114754722532,77e4821c,5,29.944728017238926,65.37453618750276,31.23925905135056,7.961804743559017,7.961804743559017,5.8124619368661055,31.23925905135056,31.23925905135056,7.961804743559017,4.4995861960881305,300-600
57796579,2,5890,-1,ab94878e,375.454408017682,ab94878e,348.6401971665417,0.03446106190438039,ab94878e,1,12.813078334954168,147.9011221790318,15.330266807141033,12.44644928920278,12.44644928920278,9.709723086208134,15.330266807141033,15.330266807141033,12.44644928920278,12.44644928920278,300-600
577eec7c,3,4539,1,a85e4bc3,1143.6199652856712,a85e4bc3,1181.3936442851511,0.44931646472247805,a85e4bc3,1,18.875287599886814,97.17395010316037,10.813656917974015,12.272973671320592,12.272973671320592,11.245843185922341,10.813656917974015,10.813656917974015,10.813656917974015,12.272973671320592,>600
57f05c51,3,4771,1,27c3155b,177.5265402692735,27c3155b,223.10431843919622,0.31312394486170464,98177ced,4,36.3244551404309,56.504609165892674,18.058671328591284,10.265230794614089,10.265230794614089,8.098361062392453,18.058671328591284,10.265230794614089,10.265230794614089,10.037816935774849,150-300
58850d2c,1,4995,-1,e201fd6d,1685.1002034600397,e201fd6d,3020.5888956168214,32.18105129314169,c3957531,4,14.887955622671049,29.850934875358607,14.626561694284266,55.33707905727977,55.33707905727977,53.43160732620224,14.626561694284266,14.626561694284266,14.626561694284266,21.700926276836412,>600
58fa8486,1,4475,-1,f140c2fa,399.61762336014067,f140c2fa,522.7763308768992,1.2249982489205051,f140c2fa,1,11.865701003853058,76.22727156830874,17.73007366190628,2.7344582654748284,2.7344582654748284,6.344149686144272,17.73007366190628,17.73007366190628,2.7344582654748284,2.7344582654748284,300-600
591cc951,2,4609,-1,ae069086,454.2787465864464,ae069086,461.83983479902065,0.6996778724627112,ae069086,1,15.021994805073081,117.61690263993957,9.500295348587171,5.426404701387596,5.426404701387596,4.9373823068769,9.500295348587171,9.500295348587171,5.426404701387596,5.426404701387596,300-600
593876b6,4,4842,-1,0be01c24,227.0427316606714,0be01c24,171.00338103435215,0.607648139421823,c9e980e8,3,12.278386863654298,95.4931006643625,10.208965418575033,5.39271109174922,5.39271109174922,4.107030884330109,10.208965418575033,5.39271109174922,5.39271109174922,2.9792811909771224,150-300
59f8b2e8,4,3747,1,6d6d93af,767.3820055878055,6d6d93af,778.4369644802829,0.2988155108580999,6d6d93af,1,6.235385931133263,95.33536168755694,5.1241642868390915,5.121769162571739,5.121769162571739,6.611758258169252,5.1241642868390915,5.1241642868390915,5.1241642868390915,5.121769162571739,>600
5a1a8fd8,3,5260,1,9d072e4c,367.59483701484737,9d072e4c,553.8603024456016,3.2126719329218743,9d072e4c,1,13.165282167987698,80.84550080445491,5.921876994981716,7.421419744520887,7.421419744520887,9.461504043453825,5.921876994981716,5.921876994981716,7.421419744520887,7.421419744520887,300-600
5a5269a9,3,6513,1,a622ce4d,685.5233041263339,a622ce4d,646.5312044478342,0.42104951339772456,b977be4a,3,5.863105043604518,173.9395244929194,14.133170844797828,7.885809338370518,7.885809338370518,6.71119520784313,14.133170844797828,14.133170844797828,14.133170844797828,4.903534586630876,>600
5a5d1982,0,3894,1,a7744f5b,580.954013498298,a7744f5b,409.77928952681714,0.011006028841541131,e6c55748,2,7.106652935637849,73.87670877054109,6.161074815632772,7.9010136250232,7.9010136250232,5.7771776844706375,6.161074815632772,6.161074815632772,7.9010136250232,2.9762710210422494,300-600
5a63b5d1,2,6217,1,fb03ae90,1226.5913552608451,fb03ae90,1292.2874164561151,0.40020513891494874,fb03ae90,1,19.44924550712061,32.73187858955302,30.819387361680143,16.62470688057641,16.62470688057641,15.322505661577008,30.819387361680143,30.819387361680143,30.819387361680143,16.62470688057641,>600
5aa03df7,3,4871,1,1beca81d,1285.9054810130888,1beca81d,1249.8432837374644,0.18869095501795463,1beca81d,1,6.58601427636249,83.65364352308255,9.434913907397371,2.794652373642753,2.794652373642753,4.552555548274158,9.434913907397371,9.434913907397371,9.434913907397371,2.794652373642753,>600
5aa403d0,1,3118,-1,f439a621,418.81179376879686,f439a621,399.1707945794742,0.676304856527602,4b462989,2,25.684478606280763,102.69022598489516,19.91531719405558,9.138374112159779,9.138374112159779,3.1828765617259562,19.91531719405558,19.91531719405558,9.138374112159779,8.199347365592878,300-600
5aef5c6c,0,3121,1,389ae58f,4194.894768119991,389ae58f,5855.630972109153,2.3028746766634205,389ae58f,1,10.926258823623487,40.172749727874816,6.641632691838731,30.36840747571833,30.36840747571833,24.15826375768733,6.641632691838731,6.641632691838731,6.641632691838731,30.36840747571833,>600
5b7b6324,3,6564,-1,c593337f,6985.855369258741,9d4272e3,5928.442886508879,14.631743841623056,89f1085d,3,17.673226229685234,139.6489174004732,22.54285276634245,49.26041095376312,56.49030029287445,40.75773622146111,22.54285276634245,22.54285276634245,22.54285276634245,18.667231183701546,>600
5bd25f59,3,4210,-1,c472c0b5,578.214856692618,c472c0b5,419.69332434539723,0.14550282021428848,1e30dedf,2,4.338412715856817,143.96358121112027,12.453112487220718,40.28013819718349,40.28013819718349,23.04453648647433,12.453112487220718,12.453112487220718,40.28013819718349,7.819082477162508,300-600
5beded95,4,3057,1,3ef6372a,2397.182098256279,3ef6372a,2632.4522084027753,0.6195290178099704,3ef6372a,1,16.64432832796459,65.41080584727612,7.893730053681676,8.71567279111846,8.71567279111846,14.83528471983,7.893730053681676,7.893730053681676,7.893730053681676,8.71567279111846,>600
5cb483ac,2,3852,-1,4e050c92,356.43527112200945,44441e54,356.66110525261564,0.9446067458217702,7b38844c,2,6.114075023717169,63.30890983491918,8.798697682091008,7.958036433941652,6.43553830832413,3.672216438633451,8.798697682091008,8.798697682091008,6.43553830832413,3.8805772764994217,300-600
5cdd8dbc,4,4010,-1,dd7d638e,477.3293424880024,cc08aa63,538.6883742052131,0.06048706051556816,cc08aa63,1,17.231660513857207,71.25792362468685,8.920349034490675,11.834575851495297,7.252296823545589,13.040070043262768,8.920349034490675,8.920349034490675,7.252296823545589,7.252296823545589,300-600
5d11dfb5,1,5895,-1,82aab6d2,290.02856497245756,82aab6d2,210.9478059007742,1.3640663070104058,82aab6d2,1,9.758377072411292,135.82697092578366,14.768150648466976,4.437255811006456,4.437255811006456,4.456777075412517,14.768150648466976,4.437255811006456,4.437255811006456,4.437255811006456,150-300
5d7198fd,3,3368,-1,3a0af893,1650.8710969968986,3a0af893,1838.4973347615742,0.054276858905751055,3a0af893,1,13.36645546990557,97.02781809891314,9.305150638758153,15.932851864764976,15.932851864764976,7.756267477601477,9.305150638758153,9.305150638758153,9.305150638758153,15.932851864764976,>600
5def1ce5,3,6443,1,6a0ff78e,305.4760993923238,6a0ff78e,331.76103996757297,0.12239722483866651,6a0ff78e,1,8.052417616706911,119.29759983894047,8.016781948847223,7.353978590878476,7.353978590878476,7.447093692841808,8.016781948847223,8.016781948847223,7.353978590878476,7.353978590878476,300-600
5eae34a8,2,4904,1,0bbf5e67,925.3623822588972,0bbf5e67,760.9398768629699,0.35860817537840683,0bbf5e67,1,7.397484649492449,82.53942454365028,3.6356967313862256,10.593169264253458,10.593169264253458,6.0490365471251,3.6356967313862256,3.6356967313862256,3.6356967313862256,10.593169264253458,>600
5f4d2a52,3,5225,-1,6d590e26,3001.1742675158175,6d590e26,3020.6915332719113,0.047801181867625366,89969c7a,4,56.914917258531396,121.450159160753,42.37782299698798,31.099581319830403,31.099581319830403,18.57041260823769,42.37782299698798,42.37782299698798,42.37782299698798,15.118038675965117,>600
5f6756c5,1,5931,-1,9df1b1f9,1605.1788713412086,9df1b1f9,1269.3471047846276,7.72916839130782,9df1b1f9,1,8.573813859683462,140.79288076432366,9.495950349168702,30.532537086420344,30.532537086420344,13.571356834752855,9.495950349168702,9.495950349168702,9.495950349168702,30.532537086420344,>600
5f75f796,4,5562,-1,19fb4f7b,2151.7996228739735,19fb4f7b,1742.9552061084887,8.5857509004418,27300fd5,3,9.239915906257119,113.27570801001875,7.308799205166795,10.376586432361615,10.376586432361615,9.432870021327819,7.308799205166795,7.308799205166795,7.308799205166795,4.315159589503369,>600
5fb1c15f,0,2860,-1,5542c301,825.9128783352468,5542c301,788.6926670521217,1.8938305552128192,940e709a,5,18.291082508578185,86.22851571824684,13.232622881092492,15.336840459395326,15.336840459395326,4.885415826436318,13.232622881092492,13.232622881092492,13.232622881092492,7.0355446515668625,>600
5fffa282,4,4201,1,3a86fe8d,901.2012921652348,3a86fe8d,509.1979199683173,0.04416536115146811,d217e0c5,5,5.318148657346763,71.34115881145921,5.622884879004775,19.576366426907363,19.576366426907363,5.498215356083821,5.622884879004775,5.622884879004775,19.576366426907363,4.879619467639633,300-600
60e37807,4,2699,-1,3e011332,356.4982875131446,3e011332,358.6667687506666,0.4303503482816006,3e011332,1,20.874268055180604,75.86432759062669,18.487086683215566,4.497467742478691,4.497467742478691,4.326061008963924,18.487086683215566,18.487086683215566,4.497467742478691,4.497467742478691,300-600
61f27424,2,6220,-1,ecdab904,493.19124333272504,ecdab904,360.05154092841013,1.8679231219687196,ecdab904,1,2.8150009994687166,118.39808593927272,5.880838044137255,18.538245892874084,18.538245892874084,20.204749208113796,5.880838044137255,5.880838044137255,18.538245892874084,18.538245892874084,300-600
62569ae3,4,3588,1,69e41fa6,702.5090497640352,69e41fa6,1019.5562425389352,4.060020054647267,69e41fa6,1,8.163464251076302,61.62056820623469,11.93595995820057,27.308004006305108,27.308004006305108,8.0913286333215,11.93595995820057,11.93595995820057,11.93595995820057,27.308004006305108,>600
62a6f539,1,3693,-1,e7c36e81,334.646796638086,e7c36e81,335.1446111848581,0.9005475917525456,e7c36e81,1,7.864940463331049,64.4869192310277,11.203996097237356,1.5560315605331607,1.5560315605331607,3.6652025004191198,11.203996097237356,11.203996097237356,1.5560315605331607,1.5560315605331607,300-600
633774dc,0,6233,-1,54a7e3c2,802.1531873649625,54a7e3c2,796.3056112212012,0.16655088136946358,54a7e3c2,1,14.212429924790966,132.48436503802446,16.845796588854007,9.622739765127017,9.622739765127017,8.054955829332876,16.845796588854007,16.845796588854007,16.845796588854007,9.622739765127017,>600
63559d57,2,4069,1,7987f2f2,300.7946598596388,7987f2f2,402.4198470507551,1.077607393318862,7987f2f2,1,5.894220519880757,112.83511141681228,8.454523826428371,8.333597286022433,8.333597286022433,4.961656816350103,8.454523826428371,8.454523826428371,8.333597286022433,8.333597286022433,300-600
647f2a41,2,3881,1,729665c0,533.3154385539691,729665c0,344.9065082380864,2.941781649630871,729665c0,1,6.546227092935274,82.35928861538088,3.0769469856767855,4.313943053172284,4.313943053172284,5.553479945055207,3.0769469856767855,3.0769469856767855,4.313943053172284,4.313943053172284,300-600
65156b96,1,3221,1,93f5d2e6,4617.535956265142,93f5d2e6,4850.866311520922,0.9712630105853723,3407f5bf,2,6.076781706471203,101.88693274250555,8.09297713580582,31.239001007585102,31.239001007585102,42.155090745032425,8.09297713580582,8.09297713580582,8.09297713580582,27.239042852220873,>600
653612bc,3,4605,-1,89f36adf,467.446160001256,89f36adf,362.4510877192543,0.11983078947607961,89f36adf,1,2.8332405605306503,55.1497501509799,2.6211310442110363,5.8270663695552525,5.8270663695552525,4.01725939553745,2.6211310442110363,2.6211310442110363,5.8270663695552525,5.8270663695552525,300-600
656a067b,2,3051,-1,4121c517,519.4227349664418,4121c517,234.9551546703803,0.4030142149268663,f5d8aab6,5,14.667037832749068,73.84093355565795,11.43654230120376,16.651656396084523,16.651656396084523,4.120523124085737,11.43654230120376,16.651656396084523,16.651656396084523,15.708694525962208,150-300
65a5466a,2,4683,1,944f36b9,367.1155552409273,76201745,302.3381848197413,0.6503800659503666,9a6b0392,3,11.991020361693243,97.1237842626957,5.267493379843112,9.216015123712868,8.380661575051146,10.976094652090921,5.267493379843112,5.267493379843112,8.380661575051146,6.75781813441517,300-600
660d9546,0,4732,-1,fde20ecf,632.9598435919564,fde20ecf,640.5990921202962,0.49076503104258806,1e5e3573,5,9.433757519583331,66.8233306127446,8.056539721967905,9.495279473545198,9.495279473545198,8.89178358730774,8.056539721967905,8.056539721967905,8.056539721967905,3.3164498601841985,>600
6767c111,2,6783,-1,708caea9,517.9027223331665,708caea9,533.002402281135,0.15863522307357214,708caea9,1,17.475154063370617,247.41810578961073,52.77503922969482,12.773994996531844,12.773994996531844,21.501924577778194,52.77503922969482,52.77503922969482,12.773994996531844,12.773994996531844,300-600
67847288,2,7429,-1,0dd99dc5,314.4914434445728,0dd99dc5,365.12983009459924,1.3844034384067105,13f598d9,2,11.461290028070946,137.51377971183018,20.472520806482656,12.804546837650758,12.804546837650758,14.163672420039456,20.472520806482656,20.472520806482656,12.804546837650758,4.706729182646144,300-600
67a8da4a,1,4911,-1,94d813a4,386.4894902839374,94d813a4,375.3206832681472,0.10870254230765848,26d3a96a,3,14.48691836331104,101.92806725170038,8.700907080346992,19.581564316867944,19.581564316867944,18.72869122156522,8.700907080346992,8.700907080346992,19.581564316867944,8.893125198512372,300-600
684a6fc1,0,9818,1,bcebcc5f,0.0,ea3a0e38,880.8612867992308,0.12701215382665937,ea3a0e38,1,24.030978453294004,129.55235105136333,23.561697291978696,40.601169267176815,9.825192152138575,6.941355207046361,23.561697291978696,23.561697291978696,23.561697291978696,9.825192152138575,>600
698930d1,3,4741,-1,a5aa7973,409.47223947430865,4ddde4c1,421.07669328154515,0.22082155655623112,a5aa7973,2,10.389172214568049,101.8298993342241,5.156152986811668,5.073303065473583,13.163536253025073,8.355008071922352,5.156152986811668,5.156152986811668,13.163536253025073,5.073303065473583,300-600
699ea575,2,4120,-1,84815d5a,1188.5681648517632,84815d5a,1279.7643772683734,1.322822466355941,4630ab92,2,10.392889600471305,47.75576527514451,7.964183233108092,14.723994635435606,14.723994635435606,21.82142190945542,7.964183233108092,7.964183233108092,7.964183233108092,6.095551462461822,>600
69c1bdad,0,2714,-1,283269ac,514.8686229514457,283269ac,508.88501568112923,0.661786124694725,052d64df,2,9.789958199101882,42.70514212772249,5.641483044766482,9.874830288837604,9.874830288837604,11.369448832940888,5.641483044766482,5.641483044766482,9.874830288837604,7.856703194998112,300-600
69e41fa6,0,5772,1,08fecf00,264.647157740475,0849b4e2,200.70388492736097,0.6584151258389066,0849b4e2,1,5.861732687565972,88.63596125119369,6.114416064908889,11.52018627326302,7.499047107810026,8.967646035376038,6.114416064908889,7.499047107810026,7.499047107810026,7.499047107810026,150-300
6a0ff78e,2,6465,1,5def1ce5,305.4760993923238,5def1ce5,331.76103996757297,0.12239722483866651,5def1ce5,1,11.350827388917207,117.7098183102004,11.488700733140687,7.353969373074081,7.353969373074081,7.455305152108553,11.488700733140687,11.488700733140687,7.353969373074081,7.353969373074081,300-600
6a8fa194,3,3017,-1,992ce078,402.01409092231495,992ce078,537.9413303743523,5.054756746335746,992ce078,1,8.348329338921092,53.423869736974446,5.083100403127719,5.628846438608249,5.628846438608249,2.8313109994265613,5.083100403127719,5.083100403127719,5.628846438608249,5.628846438608249,300-600
6ae68655,3,4204,-1,bc4381e2,5780.23022657381,f88ddb26,3624.3962454454145,135.13642409960917,3417285d,5,5.259877371830794,107.38583314702288,5.852033875605552,16.488426101855435,153.9576554066772,143.97599611795917,5.852033875605552,5.852033875605552,5.852033875605552,13.882982185707567,>600
6d1d74e1,1,5830,1,4c3df468,469.3428635868442,4c3df468,576.6825864482588,1.293981886861645,4c3df468,1,11.887571200184345,156.26322944995835,21.400705037646677,8.685265451883245,8.685265451883245,7.5195244377665444,21.400705037646677,21.400705037646677,8.685265451883245,8.685265451883245,300-600
6d590e26,2,6096,-1,cbe62450,194.0573804316173,cbe62450,204.68667680795323,0.21134614028090626,cbe62450,1,8.629685403348205,147.61103528772472,10.015863834174594,10.16959922954243,10.16959922954243,7.792303629205721,10.015863834174594,10.16959922954243,10.16959922954243,10.16959922954243,150-300
6d6d93af,2,3595,1,59f8b2e8,767.3820055878055,59f8b2e8,778.4369644802829,0.2988155108580999,59f8b2e8,1,32.195372520142506,96.01724666127271,23.493557456860643,5.121753944052852,5.121753944052852,6.745904560910584,23.493557456860643,23.493557456860643,23.493557456860643,5.121753944052852,>600
6dbe4b60,2,4648,-1,fd8f77fa,956.2379541727422,fd8f77fa,798.1462542804489,1.291481457329181,593876b6,4,8.699464045404161,93.86233597230692,5.687858635255003,8.044146569209978,8.044146569209978,11.03543811865903,5.687858635255003,5.687858635255003,5.687858635255003,5.690943947352759,>600
6e6d122c,4,5632,1,ab18d3fc,754.5561414503356,ab18d3fc,755.5015770408753,0.48654332963510905,ab18d3fc,1,9.11700946941914,93.47987958456561,6.556653774767003,10.47388198043404,10.47388198043404,9.424243302530442,6.556653774767003,6.556653774767003,6.556653774767003,10.47388198043404,>600
6e9ccd38,4,8282,-1,7ff89f8f,679.9106189787748,7ff89f8f,564.1683395549035,0.02210145138376137,7ff89f8f,1,12.23949279951463,121.31684270414341,14.78378997939311,7.545508803983391,7.545508803983391,9.649824309317077,14.78378997939311,14.78378997939311,7.545508803983391,7.545508803983391,300-600
6ea22614,0,5971,1,796dbd4c,440.2729267169588,796dbd4c,378.9945083450103,0.6919192308359675,d085e611,5,6.4753183432909225,131.38868096076317,12.233022573375552,13.37418570020657,13.37418570020657,8.771645651908093,12.233022573375552,12.233022573375552,13.37418570020657,11.388237971507534,300-600
6ede926a,2,4938,-1,0a57a29c,708.1757051045778,0a57a29c,738.2709516330967,0.11339006623791795,8bb9c1e6,4,7.686767373145472,87.7169387136981,4.263416432929614,18.471512603599592,18.471512603599592,11.433584120848261,4.263416432929614,4.263416432929614,4.263416432929614,11.474757235505452,>600
708caea9,1,6548,-1,8995c945,469.0145239753142,8995c945,441.0542937886474,0.09873573054724027,6767c111,2,34.916458237909005,257.6983781384236,43.771919852168736,17.723483996044127,17.723483996044127,24.625249094987804,43.771919852168736,43.771919852168736,17.723483996044127,12.774049630546191,300-600
70925e23,1,5947,-1,173ed841,7141.531314311842,173ed841,6586.688931568574,3.0632176327112948,94d813a4,4,14.784803005082047,68.47282238804378,15.213323475789574,52.45850941531557,52.45850941531557,65.54462537490954,15.213323475789574,15.213323475789574,15.213323475789574,24.414874937404903,>600
70e1788b,3,9285,-1,bd2c2f34,883.6034985215989,bd2c2f34,768.1518056348428,0.007168247744287787,bd2c2f34,1,7.159206283115686,140.5639115491408,5.657858442508004,8.138283747232132,8.138283747232132,7.57221722550815,5.657858442508004,5.657858442508004,5.657858442508004,8.138283747232132,>600
71642c7d,4,4648,1,73348914,270.17639645228417,73348914,201.88654973912588,0.33239823714812944,3a223519,3,11.901230993511438,100.92855211364022,5.2434833387415205,9.640450402021287,9.640450402021287,14.374336629906663,5.2434833387415205,9.640450402021287,9.640450402021287,6.732719408367767,150-300
71ccf778,3,2698,-1,992ce078,402.4756315604136,992ce078,535.5255739925095,5.099717946996327,992ce078,1,5.388651839136806,38.28121944787871,8.351099488608893,10.49412050691455,10.49412050691455,5.7152346218494605,8.351099488608893,8.351099488608893,10.49412050691455,10.49412050691455,300-600
7224331b,3,6063,-1,c43812e2,1248.7536543687756,5d11dfb5,967.3787566921358,7.380909741709412,c43812e2,2,4.338260107312621,141.5303134943873,4.767538945634114,5.275649005615687,8.476398965155957,6.952545235726388,4.767538945634114,4.767538945634114,4.767538945634114,5.275649005615687,>600
722cf0d8,4,5143,-1,a4cdbb0f,655.2110934651109,a4cdbb0f,638.0616234611874,1.2647150883623761,25050f63,2,11.127293106426961,91.25632118975311,7.764855864971576,13.029550275977623,13.029550275977623,11.7724512758139,7.764855864971576,7.764855864971576,7.764855864971576,4.494520083088796,>600
7256229b,0,5415,1,367456ce,1104.4484372302275,367456ce,1122.1358157823681,0.17803227089075446,367456ce,1,6.6453924693055635,131.1402083815212,9.92643674488028,6.261724547116934,6.261724547116934,9.301971408123856,9.92643674488028,9.92643674488028,9.92643674488028,6.261724547116934,>600
726f3dc2,1,6723,-1,47ee27ab,266.8775114168998,47ee27ab,209.21803874879672,0.38271876203355987,125be846,2,6.931383638655225,123.60867318685547,6.737647498314808,8.127792672934184,8.127792672934184,5.63050976688732,6.737647498314808,8.127792672934184,8.127792672934184,4.90059659502121,150-300
7271dd80,4,4340,1,684a6fc1,2522.902096653833,684a6fc1,3344.882095574971,0.7069437686847226,9d3ec64c,3,8.313957865645467,82.99528265424142,5.28680798886635,48.14955174514397,48.14955174514397,21.7122703315278,5.28680798886635,5.28680798886635,5.28680798886635,5.141956014952103,>600
727a3a10,3,4397,-1,81bf5923,624.4376450054283,81bf5923,582.9727430216656,1.6163165255252336,81bf5923,1,12.36395803493887,8.320955763701061,15.46277211928237,5.34230111423662,5.34230111423662,5.4871260331529665,15.46277211928237,15.46277211928237,5.34230111423662,5.34230111423662,300-600
729665c0,1,4263,1,647f2a41,533.3154385539691,647f2a41,344.9065082380864,2.941781649630871,647f2a41,1,8.662513145164612,85.97341133610712,4.886579198961166,4.31397877442307,4.31397877442307,5.4323259248924645,4.886579198961166,4.886579198961166,4.31397877442307,4.31397877442307,300-600
729e9750,4,5919,1,a247e7cf,1082.1477677748387,a247e7cf,1056.6329910257489,0.10662857438604278,e149204f,3,8.825983755646552,114.81816993241779,7.242778558978782,11.026351259938473,11.026351259938473,8.727932816646593,7.242778558978782,7.242778558978782,7.242778558978782,10.564846659163914,>600
729f4217,2,6195,1,4fbe9c06,384.46894972139694,4fbe9c06,367.59208234957424,0.15983674889908164,445af6c2,3,16.25171177822061,121.5144477662322,13.093954692507783,7.348219367225583,7.348219367225583,5.82635457790435,13.093954692507783,13.093954692507783,7.348219367225583,5.449148284129069,300-600
72dd8501,1,5193,-1,1f9afacb,473.6786575306739,1f9afacb,409.9157379268431,0.5510865517610856,1f9afacb,1,6.0720820352358595,85.71195007305809,2.4034989706450682,4.231001443474807,4.231001443474807,3.0249362986706916,2.4034989706450682,2.4034989706450682,4.231001443474807,4.231001443474807,300-600
73348914,3,4221,1,71642c7d,270.17639645228417,71642c7d,201.88654973912588,0.33239823714812944,ffefef30,3,10.691729206195715,104.51690340862726,16.323549438133618,9.640621513481559,9.640621513481559,14.963161004753099,16.323549438133618,9.640621513481559,9.640621513481559,9.512936839560462,150-300
739a914f,1,5505,-1,861e71df,1811.1249154601246,861e71df,1895.9557104331832,4.068173822657381,fd8f77fa,5,13.540022100878758,126.97437999599656,24.251889239534798,37.91005943928517,37.91005943928517,24.21001826734084,24.251889239534798,24.251889239534798,24.251889239534798,28.267316945069187,>600
73b1447d,4,5670,1,ec13af42,577.8602919390153,ec13af42,502.77219239341014,0.6740232417358436,ab18d3fc,2,13.404843871674935,89.15137839840331,22.46107371797271,18.066658846364422,18.066658846364422,15.771055435801212,22.46107371797271,22.46107371797271,18.066658846364422,14.601385766472468,300-600
74b6186b,3,3405,-1,05948241,580.5299663238883,05948241,392.3175664240867,0.9386143134679193,97cd5bf9,3,9.007196786463387,79.17986315949257,1.848462463837911,8.631075359244434,8.631075359244434,4.0092761640677015,1.848462463837911,1.848462463837911,8.631075359244434,1.9037634336032083,300-600
75c20ec7,0,5361,-1,153552f5,1363.4530283071042,153552f5,1096.6576624567447,1.3639967194145535,925a7cd1,2,11.054465755153933,111.70917936763172,8.82108775832148,18.02605736101302,18.02605736101302,7.509723324686855,8.82108775832148,8.82108775832148,8.82108775832148,15.784552961703932,>600
75cd5f11,4,4946,1,1a518997,457.96286749037756,1a518997,394.3918384677694,0.12959619698105124,1a518997,1,5.260066074409697,81.1625709184691,6.23309735099612,4.0447982562790115,4.0447982562790115,6.592683281239132,6.23309735099612,6.23309735099612,4.0447982562790115,4.0447982562790115,300-600
75d20a82,2,5067,-1,5663b2b7,0.0,5663b2b7,47.46809454785805,0.37086134039604346,5663b2b7,1,17.230705080539593,72.29754929486772,14.700657440733526,2.6947614347369946,2.6947614347369946,1.2381466251313642,2.6947614347369946,2.6947614347369946,2.6947614347369946,2.6947614347369946,<150
76201745,1,4448,1,944f36b9,93.14817443201466,944f36b9,88.02837699408832,0.23414873302555983,944f36b9,1,7.881811891978768,98.80120873037261,8.599572579231086,2.737498522761139,2.737498522761139,4.868595788832478,2.737498522761139,2.737498522761139,2.737498522761139,2.737498522761139,<150
764072a5,0,2949,-1,e14d641e,339.4394278804513,e14d641e,394.02347333501797,0.1535437113405593,e14d641e,1,6.358306065218297,48.16227424123716,3.0326488226298762,4.519468455492205,4.519468455492205,1.8790644880599372,3.0326488226298762,3.0326488226298762,4.519468455492205,4.519468455492205,300-600
77b0d905,0,4174,-1,f053a1b9,480.587776998219,f053a1b9,469.5799744451402,0.07163610150699172,ab3ced07,4,13.048365351893997,71.31848572165605,5.3495974613365345,12.772002075377364,12.772002075377364,11.708907112699825,5.3495974613365345,5.3495974613365345,12.772002075377364,6.459308018748392,300-600
77e4821c,3,5393,1,2d2d0c6b,801.3212153064698,2d2d0c6b,801.3212153064698,0.9898859592045034,56b00794,4,19.218605395377665,67.80029469498477,22.026069959722978,21.59416167550232,21.59416167550232,18.31582638388252,22.026069959722978,22.026069959722978,22.026069959722978,4.4996434463447885,>600
7850c72e,3,5497,1,cb34231f,130.3564482486145,cb34231f,72.3998344268809,0.22861503813337294,cb34231f,1,12.350659981673207,100.41467096643697,11.255931815543432,30.314097169587367,30.314097169587367,32.1699067817569,30.314097169587367,30.314097169587367,30.314097169587367,30.314097169587367,<150
78a4a386,1,5119,-1,47ee27ab,0.0,47ee27ab,638.692825953999,0.22755302700003904,47ee27ab,1,5.866186376682608,95.36418590319461,6.239955891310388,22.368678672481543,22.368678672481543,1.6142168728272386,6.239955891310388,6.239955891310388,6.239955891310388,22.368678672481543,>600
79507629,4,5302,-1,19871e7f,349.8016126320505,19871e7f,352.0052989262667,0.2733078342111905,19871e7f,1,12.57032003546627,103.53773708525577,5.615202190914015,6.977367608222852,6.977367608222852,6.8465082885370645,5.615202190914015,5.615202190914015,6.977367608222852,6.977367608222852,300-600
796dbd4c,3,6248,1,6ea22614,440.2729267169588,6ea22614,378.9945083450103,0.6919192308359675,d085e611,4,4.867507118040292,141.950271529363,18.228424602092577,13.374090792624344,13.374090792624344,9.574555472709857,18.228424602092577,18.228424602092577,13.374090792624344,6.240342756500761,300-600
7987f2f2,0,3705,1,63559d57,300.7946598596388,63559d57,402.4198470507551,1.077607393318862,9e3e364d,3,12.030471815010397,105.19675382057152,5.358266279434138,8.333790081772479,8.333790081772479,4.3306502115801315,5.358266279434138,5.358266279434138,8.333790081772479,6.0630714628354525,300-600
7993a768,2,5487,1,02e7fe5a,499.577358173751,02e7fe5a,397.6249892801819,0.1474343668076059,02e7fe5a,1,8.94458476658435,60.96918355240716,3.6383014641236007,4.865497591112741,4.865497591112741,5.9579798316333825,3.6383014641236007,3.6383014641236007,4.865497591112741,4.865497591112741,300-600
7a5660b0,3,4998,-1,c3957531,595.6738749516934,c3957531,525.9971095216225,0.32101471976423995,c3957531,1,13.453411559639392,59.586919406912024,16.940059668844697,8.860824563178015,8.860824563178015,12.840035084079743,16.940059668844697,16.940059668844697,8.860824563178015,8.860824563178015,300-600
7acda2df,4,3091,1,b4f37e6e,1105.144748211603,b4f37e6e,1063.3476647370421,0.45583046555876916,b4f37e6e,1,13.841227690699123,32.19446028512908,20.77397489435995,2.1692664200878733,2.1692664200878733,2.5664928983880486,20.77397489435995,20.77397489435995,20.77397489435995,2.1692664200878733,>600
7b2c7b3c,4,2584,-1,33c40295,744.5001803895592,33c40295,919.5906372540938,1.0697723603744034,3e011332,2,6.17273385674935,59.129956231635255,5.595461340480812,35.35278684899699,35.35278684899699,8.54587234703565,5.595461340480812,5.595461340480812,5.595461340480812,17.672983988016135,>600
7b38844c,1,3749,-1,5cb483ac,376.37793904555565,44441e54,334.02789647698495,1.1030542692833116,5cb483ac,2,7.388349907150671,65.24080190255809,4.3467527695078765,3.880732217016214,4.41309521270386,6.186014408309204,4.3467527695078765,4.3467527695078765,4.41309521270386,3.880732217016214,300-600
7bb17b96,0,3922,1,5138a660,350.3506159549652,5138a660,663.8398852506435,9.29417592230751,877ed19c,5,17.009046194531738,91.09807114600319,3.5880849393629397,8.018169916290738,8.018169916290738,5.314530916056149,3.5880849393629397,3.5880849393629397,3.5880849393629397,3.7819683504285937,>600
7c607683,0,5328,-1,09441b8d,422.98319139185577,09441b8d,453.87014810889303,0.06791848395290483,f6824bb0,4,16.864753655466934,96.2743422908713,13.641716646536283,7.5997086588968115,7.5997086588968115,4.413761604089791,13.641716646536283,13.641716646536283,7.5997086588968115,7.527860607064331,300-600
7cbbd047,2,5121,1,a645da9a,834.7604031095873,a645da9a,870.3695951285987,0.8521133967583561,a645da9a,1,12.532698729088267,145.41768925664002,5.816537651507172,5.155502356534734,5.155502356534734,5.113690987966452,5.816537651507172,5.816537651507172,5.816537651507172,5.155502356534734,>600
7cd4bb31,2,6439,1,3bbe1f5d,869.4126856677775,3bbe1f5d,754.3538995301421,0.27470127826040436,3bbe1f5d,1,5.9143797077311655,128.96207962802498,10.588860213111092,5.287232673906418,5.287232673906418,13.277716421219695,10.588860213111092,10.588860213111092,10.588860213111092,5.287232673906418,>600
7d50373e,3,5122,1,ebe69318,362.6121081818512,ebe69318,350.5981672163929,0.3746845566461229,d24ff243,2,14.288140886490114,61.27013404194116,4.716879754005381,6.802815831703828,6.802815831703828,8.087882741927386,4.716879754005381,4.716879754005381,6.802815831703828,3.4970112967486533,300-600
7d57c75d,2,4405,-1,9719aa04,3029.59162558241,f72b268f,2734.903388284591,0.6840093099271827,f72b268f,1,14.198113996829493,81.47471423142282,6.058844009056661,191.77828843556514,59.848764239727394,26.052235036939358,6.058844009056661,6.058844009056661,6.058844009056661,59.848764239727394,>600
7e208414,3,4226,-1,044af7d1,975.5498979547596,044af7d1,915.0781832110472,0.08164257431272587,044af7d1,1,6.381931414565357,75.09227985643385,6.241385990484873,3.233546902860237,3.233546902860237,3.279964808255665,6.241385990484873,6.241385990484873,6.241385990484873,3.233546902860237,>600
7e721392,2,6174,1,fb03ae90,1667.5659486208679,fb03ae90,1696.516288430934,0.49636254098431104,fb03ae90,1,40.331826473951956,28.781147404761366,41.14763842401283,18.76211617550223,18.76211617550223,16.29113137220602,41.14763842401283,41.14763842401283,41.14763842401283,18.76211617550223,>600
7ff89f8f,0,7337,-1,6e9ccd38,679.9106189787748,6e9ccd38,564.1683395549035,0.02210145138376137,6e9ccd38,1,14.155555516103233,118.85180322339941,15.156944448131483,7.545614131750394,7.545614131750394,10.047271326828513,15.156944448131483,15.156944448131483,7.545614131750394,7.545614131750394,300-600
8050c789,3,3077,-1,edf885a3,794.1781821478551,edf885a3,776.493558666639,0.5820132216173655,96936c22,4,7.786449457719408,52.335961868918915,14.333632436410856,10.199521225163652,10.199521225163652,9.749349196215508,14.333632436410856,14.333632436410856,14.333632436410856,9.286218731164682,>600
807f0298,1,3747,-1,d0cb63ae,1336.2015504408005,d0cb63ae,849.2568494666291,7.441244444056409,d0cb63ae,1,8.853825493010934,145.15959188263108,12.173287971905548,42.04946203016077,42.04946203016077,20.51365527680443,12.173287971905548,12.173287971905548,12.173287971905548,42.04946203016077,>600
811f52b3,4,4836,-1,8bb9c1e6,351.3438693077211,8bb9c1e6,349.9817753281635,0.31688441730109707,c9578d27,2,4.598301010999275,112.53234214830779,5.655940101857651,15.767512779610325,15.767512779610325,11.956441933175801,5.655940101857651,5.655940101857651,15.767512779610325,7.8856459815052675,300-600
81bf5923,1,4543,-1,727a3a10,624.4376450054283,727a3a10,582.9727430216656,1.6163165255252336,727a3a10,1,31.31927935297995,4.921310022734595,34.17390556502391,5.342301031844346,5.342301031844346,5.4075030988868455,34.17390556502391,34.17390556502391,5.342301031844346,5.342301031844346,300-600
81fc01c6,2,5909,-1,404c4384,331.12780266843083,97cd5bf9,1656.4334313896188,1.7694978225524567,8b5be31b,3,15.007610097527794,140.51801798038912,14.440266149997427,120.73426671715129,61.71152542670531,41.47335807036711,14.440266149997427,14.440266149997427,14.440266149997427,7.682989318725664,>600
8255c867,4,3589,-1,eafb863e,317.4840476305721,eafb863e,348.79945800735413,0.8538071667149464,eafb863e,1,25.379544413656888,47.27494556775524,12.734257917330483,4.005985589363873,4.005985589363873,3.8378139348168636,12.734257917330483,12.734257917330483,4.005985589363873,4.005985589363873,300-600
82aab6d2,4,6140,-1,9dede370,257.5277082179932,9dede370,181.75079556609117,0.49012169878907524,5d11dfb5,2,16.359385167102737,138.3297088116589,9.699697162859172,11.797398030436378,11.797398030436378,8.507427867757656,9.699697162859172,11.797398030436378,11.797398030436378,4.437195764210459,150-300
82fcf37c,1,6014,-1,aff4e561,539.0420596765025,aff4e561,507.5287403195501,0.7110818065247496,d114d9c2,2,6.562385974432521,67.95273379792702,7.292140459560876,9.925945263290792,9.925945263290792,9.825103078280009,7.292140459560876,7.292140459560876,9.925945263290792,5.142873769217023,300-600
833af382,0,3628,-1,eafb863e,362.04884490904436,eafb863e,343.8816518805328,0.7480031581304624,9c8375f7,2,11.932419080398546,38.01911954737601,6.769937717663533,8.218484782532654,8.218484782532654,8.9651032968057,6.769937717663533,6.769937717663533,8.218484782532654,5.85056729637522,300-600
8382f4b6,1,4967,1,a6ed2eff,378.1838284484841,a6ed2eff,326.5014710919472,1.0574076655384554,da940160,5,35.957613544757436,76.7949086061028,23.39574363332977,10.557282658501773,10.557282658501773,6.225638684374586,23.39574363332977,23.39574363332977,10.557282658501773,3.0430756678559088,300-600
84633df4,3,4972,-1,8478df29,256.64835436833044,8478df29,258.67600783897495,0.16200171075687353,8478df29,1,4.736172446701271,131.66027939005355,14.66479427725015,6.537050612666921,6.537050612666921,5.365087062804525,14.66479427725015,6.537050612666921,6.537050612666921,6.537050612666921,150-300
8478df29,1,4857,-1,84633df4,256.64835436833044,84633df4,258.67600783897495,0.16200171075687353,84633df4,1,14.043024034272376,128.07151644314956,6.211326186876671,6.5370515450685565,6.5370515450685565,5.41966217863563,6.211326186876671,6.5370515450685565,6.5370515450685565,6.5370515450685565,150-300
84815d5a,1,3647,-1,4630ab92,262.7573896202659,4630ab92,222.49021557111507,0.6494930943729572,d273674e,2,18.796385252137515,60.20092276201856,5.272626093663101,10.033626215031592,10.033626215031592,6.20522568944021,5.272626093663101,10.033626215031592,10.033626215031592,4.300727829283064,150-300
84c3b497,1,5312,1,9a95e33f,1000.9742323356509,9a95e33f,873.0391261598236,0.2152788533866583,9a95e33f,1,18.960394713110585,101.5369545330329,15.712484754926113,23.040366584006616,23.040366584006616,44.05795644244999,15.712484754926113,15.712484754926113,15.712484754926113,23.040366584006616,>600
85380836,0,6618,-1,8f201368,408.55509604002316,8f201368,373.0407486380702,0.252499630528852,8f201368,1,14.16579981313258,116.97130913049145,19.480932310823093,10.263805069986548,10.263805069986548,14.774426963925043,19.480932310823093,19.480932310823093,10.263805069986548,10.263805069986548,300-600
8612b37f,2,5165,-1,f40cd091,823.4429906800124,f40cd091,769.8513533075301,1.4284162302820822,2d35f86d,2,19.617069448970486,129.72125962479976,19.798494428258984,8.378281827672026,8.378281827672026,8.402036562228052,19.798494428258984,19.798494428258984,19.798494428258984,5.541994759181342,>600
861e71df,4,4700,-1,0be01c24,240.24631963872523,0be01c24,269.26085494464957,0.29031499144457595,0be01c24,1,11.539564677986593,89.54263780682447,21.54477567185994,3.4302466786578454,3.4302466786578454,2.758039386107786,21.54477567185994,3.4302466786578454,3.4302466786578454,3.4302466786578454,150-300
86454a6f,1,7964,1,3bfee975,543.115558330323,3bfee975,2490.294116490133,2.5003658411818623,c2c6fc71,5,70.26338513734783,127.43529475328882,52.634720823875476,68.22441610404374,68.22441610404374,56.34751387206891,52.634720823875476,52.634720823875476,52.634720823875476,18.93511188190753,>600
8648abae,0,4244,1,5138a660,2178.7415572299083,5138a660,3042.577889889925,22.279634477000226,63559d57,3,6.857839767871924,105.0307005143824,3.266113074099177,20.5291776125328,20.5291776125328,10.186069567906342,3.266113074099177,3.266113074099177,3.266113074099177,8.753489210220833,>600
865033f8,0,3557,-1,999daf80,331.0978539645361,e97032ad,258.7462718195318,1.7733752337294866,e7c36e81,3,5.940308678128904,63.14842884586708,4.307387332763715,3.311526579889771,7.160601477765607,7.592878555013665,4.307387332763715,7.160601477765607,7.160601477765607,2.994698709582634,150-300
87695469,1,7003,-1,c84c65be,531.2331113551072,c84c65be,981.9229944477074,1.1491598276205788,70e1788b,5,7.051593014629924,139.02319013552878,6.103931851591621,39.32857186185287,39.32857186185287,12.324817107015415,6.103931851591621,6.103931851591621,6.103931851591621,6.2544585811072295,>600
877ed19c,4,3708,1,b85f7b06,268.586096438079,b85f7b06,334.6729891995708,1.447690799215641,b85f7b06,1,3.961990141908008,88.36171988231654,5.7910630119749955,8.660788796256218,8.660788796256218,6.387601615308575,5.7910630119749955,5.7910630119749955,8.660788796256218,8.660788796256218,300-600
87aa3730,4,5607,1,4f4afcc6,361.3440096364226,4f4afcc6,352.93437550853577,0.2572822715637187,3bbe1f5d,2,9.116484132166912,123.79385683672564,12.59154570560746,13.258696346904722,13.258696346904722,14.089117170718835,12.59154570560746,12.59154570560746,13.258696346904722,5.481364918139989,300-600
884ecb5f,2,6724,1,5def1ce5,716.1084841001164,5def1ce5,686.4441851700541,0.26965911870071735,5def1ce5,1,19.928910115404566,123.24609186167359,9.542570782734575,8.088401084227325,8.088401084227325,7.191937329541474,9.542570782734575,9.542570782734575,9.542570782734575,8.088401084227325,>600
8902c3f6,1,4959,1,8b95d6d1,1589.419700551183,8b95d6d1,2572.5059261351144,1.6284072645734833,8c167025,4,8.832044207317482,89.46586096360637,6.728802364071914,57.57393807260537,57.57393807260537,48.23197878331841,6.728802364071914,6.728802364071914,6.728802364071914,7.654572516115189,>600
896d15b9,1,4279,-1,9314ff13,2523.187232569431,9314ff13,2424.238084558811,78.26512926546108,f08774c3,4,29.78460727060298,104.90557793394315,44.78273882518027,62.30042966743566,62.30042966743566,35.89778879908473,44.78273882518027,44.78273882518027,44.78273882518027,20.491970437686927,>600
8995c945,2,6724,-1,708caea9,469.0145239753142,708caea9,441.0542937886474,0.09873573054724027,f6d009f4,5,17.049572930743697,241.97653445679757,44.384460387609344,17.723440883162095,17.723440883162095,24.4103564062673,44.384460387609344,44.384460387609344,17.723440883162095,11.448629118923444,300-600
89969c7a,4,4947,-1,0dc835f3,896.5064149240832,0dc835f3,708.4297469932251,0.9753515418723688,0dc835f3,1,8.235332474787521,107.50263017104949,4.068683919639043,6.468566588859672,6.468566588859672,15.276210683812813,4.068683919639043,4.068683919639043,4.068683919639043,6.468566588859672,>600
89f1085d,4,5994,-1,aed44918,2904.366006979713,aed44918,1365.7366071923718,0.0705697703474983,5b7b6324,3,27.630506752261244,154.18835434931603,6.527033656157441,97.83191639505515,97.83191639505515,81.66332705751614,6.527033656157441,6.527033656157441,6.527033656157441,18.667225274244934,>600
89f36adf,1,5292,-1,53134831,379.9525024265477,53134831,340.8740267151978,0.23791608846458745,fde20ecf,5,4.477972454313123,60.539506147726975,6.571251428824294,10.126712207845294,10.126712207845294,11.995879851388214,6.571251428824294,6.571251428824294,10.126712207845294,5.385523501896061,300-600
89fdb2f2,2,2031,-1,2f8e53c3,1.6263455970583316,2f8e53c3,280.7483059611164,0.2473746290487969,2f8e53c3,1,1.6866180518953557,29.110995627433855,3.4109299924192684,10.421183723246653,10.421183723246653,1.09590129817534,3.4109299924192684,10.421183723246653,10.421183723246653,10.421183723246653,150-300
8a3da6d1,3,4593,-1,a79fd2e7,211.2096550821409,a79fd2e7,215.4527501639996,1.197297102269594,a79fd2e7,1,9.412246097229765,100.006014457276,9.015359591029894,5.802937107188704,5.802937107188704,4.385219655398118,9.015359591029894,5.802937107188704,5.802937107188704,5.802937107188704,150-300
8a89da23,2,3935,1,d40f61d5,1409.503426884929,d40f61d5,1389.5204341144772,0.7259972478289826,bf39bc20,2,24.252456304947117,48.05640051644776,18.05840554269764,23.654348427786168,23.654348427786168,22.137280417190713,18.05840554269764,18.05840554269764,18.05840554269764,12.363761042435462,>600
8a9c8932,2,4663,-1,060ab2b8,720.5818356022806,368fe682,704.2301146802026,0.39070269322188117,060ab2b8,2,2.3969295087935425,94.87211008393169,5.679721946036032,8.429161622796842,10.690357133351656,7.068444045360773,5.679721946036032,5.679721946036032,5.679721946036032,8.429161622796842,>600
8ac2f237,1,5319,1,c908edd0,504.50957939394095,c908edd0,499.78849602204315,0.16506702016349234,c908edd0,1,16.45119897844976,70.19717479715159,19.071486355270373,4.861762069656317,4.861762069656317,5.051934527523698,19.071486355270373,19.071486355270373,4.861762069656317,4.861762069656317,300-600
8b12bab6,1,5234,-1,eabc711b,595.3424289430268,eabc711b,655.1027864387227,1.5656170395500122,22c5f93f,2,15.811256392108719,79.2370091515191,5.030267535810782,14.619574223841159,14.619574223841159,15.801999103855955,5.030267535810782,5.030267535810782,5.030267535810782,4.158681302216112,>600
8b5be31b,0,5672,-1,10be2420,361.7195500660817,10be2420,1258.9413000317086,0.6960439312758931,81fc01c6,4,14.42858472653754,144.5039339043748,4.308400821172519,56.536863027181404,56.536863027181404,35.47231719574387,4.308400821172519,4.308400821172519,4.308400821172519,7.682962566239567,>600
8b95d6d1,0,1731,1,a2e8e7f6,0.0,a2e8e7f6,1513.4342091170581,1.9403883957983024,54753541,5,12.821591683060278,32.01455056699847,8.045441597799561,32.07024090007542,32.07024090007542,1.120730321226938,8.045441597799561,8.045441597799561,8.045441597799561,30.868378376737937,>600
8b9d8326,3,6163,1,015fe0d2,1024.9654780529665,015fe0d2,1375.1749730946474,0.060684816466998685,df73b8f3,3,6.582552988433189,103.29786058047418,5.3808799014821815,24.802171320402493,24.802171320402493,14.039181079642049,5.3808799014821815,5.3808799014821815,5.3808799014821815,19.225549331009912,>600
8bb9c1e6,0,4546,-1,811f52b3,351.3438693077211,811f52b3,349.9817753281635,0.31688441730109707,6ede926a,5,5.877089429163017,97.32900650029917,6.625697328531288,15.767691970807675,15.767691970807675,10.49418015444488,6.625697328531288,6.625697328531288,15.767691970807675,11.474758872225701,300-600
8bda1a11,4,5981,1,a247e7cf,590.9792132553707,a247e7cf,543.2924383390451,0.08929758345222424,a247e7cf,1,12.860573075338545,114.17661927667318,6.40311241041512,9.089917016445192,9.089917016445192,5.526731240161104,6.40311241041512,6.40311241041512,9.089917016445192,9.089917016445192,300-600
8bfa881d,1,4089,-1,ab3ced07,641.2529021375851,ab3ced07,617.803537834533,0.024391872560589153,77b0d905,4,24.907656478671402,68.42469654328681,16.3542656441421,4.510514849876316,4.510514849876316,6.506587558629374,16.3542656441421,16.3542656441421,16.3542656441421,4.092011006740561,>600
8c167025,2,5368,1,b8c49c1a,2199.687601115022,b8c49c1a,2184.6535690521664,0.031066799454658418,b8c49c1a,1,12.842100494100917,87.55196627491009,11.651049606627721,17.48432547938787,17.48432547938787,6.860120690390622,11.651049606627721,11.651049606627721,11.651049606627721,17.48432547938787,>600
8c8348e8,0,3888,1,2e63d9de,3193.540346840835,2e63d9de,2490.3274727684366,30.010790266457338,d07aed8f,2,6.541121071059431,29.18445665921954,16.269279804024052,44.65223683562406,44.65223683562406,36.296127539762324,16.269279804024052,16.269279804024052,16.269279804024052,9.594214866058646,>600
8cc21f01,2,4044,1,1d3fbf02,354.3082392494811,1d3fbf02,1401.4142277713072,34.38932449496465,389ae58f,5,5.692405675014437,61.86447638210057,5.81486840236874,25.058798094074564,25.058798094074564,17.423246897975748,5.81486840236874,5.81486840236874,5.81486840236874,13.787337088346188,>600
8cc800b3,4,6576,1,a5e6f7dc,1379.7929586714938,a5e6f7dc,1136.588202395872,2.2907792077418105,a5e6f7dc,1,13.894631430456734,208.7542206005729,28.94586753753878,31.826288417241358,31.826288417241358,21.124319767262605,28.94586753753878,28.94586753753878,28.94586753753878,31.826288417241358,>600
8d5d46d7,1,5755,-1,310c71a5,377.9494151337672,310c71a5,382.1681638042832,0.2359639328628697,310c71a5,1,14.448678432466647,130.1665062105512,13.500193519236571,11.860319825445892,11.860319825445892,4.593785705369061,13.500193519236571,13.500193519236571,11.860319825445892,11.860319825445892,300-600
8d92cb49,2,3589,-1,2fe023be,386.09260702595407,2fe023be,584.479826790337,0.4246593143671825,261785ee,4,7.261615385751236,74.25493007603121,8.313905916570059,26.54971477508001,26.54971477508001,10.720607177310024,8.313905916570059,8.313905916570059,26.54971477508001,11.856138176342162,300-600
8f201368,1,6349,-1,85380836,408.55509604002316,85380836,373.0407486380702,0.252499630528852,85380836,1,31.179492905922075,125.8219734127508,32.76133929397986,10.263816962405773,10.263816962405773,14.873091733918688,32.76133929397986,32.76133929397986,10.263816962405773,10.263816962405773,300-600
90386ee4,2,3840,1,b881d27e,377.7661130911162,b881d27e,360.4320469202009,0.5568889315419315,b881d27e,1,10.152954610245539,79.29238327163416,2.9811199015443632,3.718756240983028,3.718756240983028,5.101763645217428,2.9811199015443632,2.9811199015443632,3.718756240983028,3.718756240983028,300-600
91abc4c7,2,5848,-1,fb3848a1,340.9805897702288,e737965a,343.31116695081874,0.3088845502614814,e737965a,1,7.02683994774031,105.82666721690559,2.7074860276362682,8.62484027843367,5.305943508299371,3.681483971240141,2.7074860276362682,2.7074860276362682,5.305943508299371,5.305943508299371,300-600
91b301ce,4,6570,-1,ecdaf714,2027.08416327474,ecdaf714,1924.0321171059304,1.1119103115186912,ecdaf714,1,35.315076932980844,153.8691827397597,29.535380469623217,25.840442016233787,25.840442016233787,25.590562985736938,29.535380469623217,29.535380469623217,29.535380469623217,25.840442016233787,>600
91db7070,1,4073,1,e46f4ef4,5576.412671467075,e748dd88,5984.200053023141,3.1170692634919317,e748dd88,1,40.80747690976154,64.91829925811446,31.66094487168352,18.599579011801655,10.614572825650168,14.774115871314338,31.66094487168352,31.66094487168352,31.66094487168352,10.614572825650168,>600
925a7cd1,3,4517,-1,153552f5,450.72705576645023,153552f5,414.3088413851867,0.3535841288239099,153552f5,1,4.612563792738408,96.10202323481664,5.523937707878355,3.726331624198733,3.726331624198733,6.283214845751363,5.523937707878355,5.523937707878355,3.726331624198733,3.726331624198733,300-600
9283ae69,0,3371,-1,940e709a,416.9231874095924,940e709a,464.64297263152923,1.9040398121772537,940e709a,1,6.173284378497139,96.86309622790884,7.305404585154745,5.212168171168785,5.212168171168785,4.731281461273128,7.305404585154745,7.305404585154745,5.212168171168785,5.212168171168785,300-600
9298ad5b,0,3964,-1,206b6193,3407.1891538332666,206b6193,2601.953497110576,4.9938191118919155,283269ac,2,13.089984763550598,70.12524997194352,9.309160789799956,44.919912406428985,44.919912406428985,9.334321275976594,9.309160789799956,9.309160789799956,9.309160789799956,19.487026833513212,>600
9314ff13,3,2748,-1,992ce078,828.2102933431838,992ce078,1081.6742817041613,9.435390214473532,992ce078,1,5.189815774469084,43.64867473740569,7.762608005526608,5.898764365940924,5.898764365940924,3.581264698586113,7.762608005526608,7.762608005526608,7.762608005526608,5.898764365940924,>600
93209a3d,4,4697,-1,4cd1ac61,643.1681063299781,4cd1ac61,544.5157853543707,0.6120008841812763,d50c649a,2,13.65809981076041,141.7285096754435,9.31476546756794,8.58436402280908,8.58436402280908,4.509341681612138,9.31476546756794,9.31476546756794,8.58436402280908,8.471768964744724,300-600
939d9c34,1,5101,-1,05a0ee4d,940.9873577259472,05a0ee4d,725.5198412695913,0.32223838679271877,05a0ee4d,1,15.729081869192102,97.19880449226994,10.633717667616477,3.692350211356516,3.692350211356516,12.929970204313445,10.633717667616477,10.633717667616477,10.633717667616477,3.692350211356516,>600
93f5d2e6,2,3691,1,3407f5bf,470.68602804846137,3407f5bf,470.6860280484614,0.19306134402052935,fef8af96,4,20.10571368100563,71.97497980108363,16.257600866676356,9.431403096384646,9.431403096384646,10.658823301359192,16.257600866676356,16.257600866676356,9.431403096384646,5.700577835959032,300-600
940a48d9,3,3963,1,4936af16,409.8949159234524,4936af16,384.4092774999171,0.3161031379199366,4936af16,1,10.06328128166555,64.11829630314173,6.333522324980868,10.134528502849172,10.134528502849172,9.608466505611442,6.333522324980868,6.333522324980868,10.134528502849172,10.134528502849172,300-600
940e709a,4,3348,-1,dd168de0,384.0521372158692,dd168de0,398.5372299106834,0.41106367624818163,9283ae69,2,4.6519560575408425,92.52624562044063,5.217400591834207,5.684969021143676,5.684969021143676,4.728163133068425,5.217400591834207,5.217400591834207,5.684969021143676,5.212167116857539,300-600
9426ec1e,3,2532,1,5138a660,1055.3798107791706,5138a660,638.7023344641044,5.610666363099813,5138a660,1,12.079413246018726,54.68750465583326,9.163393399391627,31.793829773055254,31.793829773055254,11.908120588067801,9.163393399391627,9.163393399391627,9.163393399391627,31.793829773055254,>600
94467f50,3,3035,-1,357c12f9,1983.8418348749244,357c12f9,1586.4325851736924,3.7094705789874904,357c12f9,1,7.795325573109472,64.3900286892019,8.55272797379824,24.343407274588714,24.343407274588714,2.914277392131113,8.55272797379824,8.55272797379824,8.55272797379824,24.343407274588714,>600
944f36b9,0,4630,1,76201745,93.14817443201466,76201745,88.02837699408832,0.23414873302555983,76201745,1,6.513075857645095,99.14844078059093,3.868311936211102,2.73749611560547,2.73749611560547,4.856522271596761,2.73749611560547,2.73749611560547,2.73749611560547,2.73749611560547,<150
94d813a4,2,4847,-1,67a8da4a,386.4894902839374,67a8da4a,375.3206832681472,0.10870254230765848,204cc64b,3,36.730942118502206,82.81129216693112,36.574636683916204,19.581633389080196,19.581633389080196,18.425074540914338,36.574636683916204,36.574636683916204,19.581633389080196,11.449002246999692,300-600
95b559e7,4,2887,1,69e41fa6,2767.0823618389795,69e41fa6,3738.399507008477,5.06439644247954,d3df146b,2,20.38335913388356,27.53550101741124,12.814657643813963,61.8522236403287,61.8522236403287,14.632344373697247,12.814657643813963,12.814657643813963,12.814657643813963,55.66043598778445,>600
95c8427f,4,6335,-1,504c8b08,601.6482461538604,504c8b08,590.9952574131042,0.0917692042413158,504c8b08,1,27.215687207592826,81.24857541797616,23.987767275459433,6.683932009767693,6.683932009767693,6.761447885321438,23.987767275459433,23.987767275459433,6.683932009767693,6.683932009767693,300-600
96936c22,2,3346,-1,abf460d2,257.0507990648694,abf460d2,297.60547298655547,1.697664379191269,177622d7,2,4.079825343764616,48.302218655535,4.876162595067265,3.129688973727449,3.129688973727449,5.020504951111681,4.876162595067265,3.129688973727449,3.129688973727449,2.2463331445478887,150-300
96ae5806,2,9839,1,ea0b99b7,256.626363610621,ea0b99b7,393.5546074564284,0.2066682646300324,ea0b99b7,1,8.450669041365172,195.7590094989,13.3453155128872,20.226259001641687,20.226259001641687,10.341668332174612,13.3453155128872,13.3453155128872,20.226259001641687,20.226259001641687,300-600
96b7eea1,2,4332,-1,a9c9b150,660.1394371647335,a9c9b150,534.6223059319649,1.168978320220918,f631da6e,2,12.405056848354107,108.85531053203157,4.122788367459871,20.34828872561618,20.34828872561618,12.921970973546504,4.122788367459871,4.122788367459871,20.34828872561618,17.44876681991019,300-600
9719aa04,0,4871,-1,f5d8aab6,188.54877565237572,f5d8aab6,206.2699336429887,0.6977508817139851,bb682ebd,4,7.07656345543121,110.60053641351897,7.732856924973678,24.398675402686823,24.398675402686823,15.668580149478117,7.732856924973678,24.398675402686823,24.398675402686823,6.055823970521763,150-300
974802e7,3,5843,-1,9c211c53,1003.4698537573412,9c211c53,1138.6290713174267,0.1476229713192473,87695469,3,13.80511563998303,137.40174021690115,10.348433697356537,20.58004821221009,20.58004821221009,7.71538372812475,10.348433697356537,10.348433697356537,10.348433697356537,7.930854980679454,>600
97cd5bf9,0,3449,-1,81fc01c6,1005.3002238636393,122bd617,1458.4941003734762,0.37684594346799355,74b6186b,5,9.273936692075774,78.92684177493653,7.7340288353395925,61.71810003883136,19.995979619348294,5.912748940127962,7.7340288353395925,7.7340288353395925,7.7340288353395925,1.9037673974258758,>600
98177ced,4,4772,1,7850c72e,227.47290871654857,cb34231f,355.8537685971625,0.05820971726795029,27c3155b,5,5.779865915399804,61.47005367600724,10.916818966794859,39.65720067996562,15.025058445245604,10.236339660433593,10.916818966794859,10.916818966794859,15.025058445245604,6.264816258993649,300-600
9896fc0b,0,3595,1,3407f5bf,600.4552753535537,3407f5bf,588.8887332135337,0.1555075646064205,3407f5bf,1,15.814766850712997,77.16007111603335,16.331379786314468,5.10352379706006,5.10352379706006,5.193149828960747,16.331379786314468,16.331379786314468,5.10352379706006,5.10352379706006,300-600
98bc6f66,3,6063,-1,aff4e561,550.0202382638222,aff4e561,546.7164258892445,0.2623692117580725,197f8a5a,3,17.645391862557158,101.96029046715147,6.652498354348326,24.678582248700568,24.678582248700568,24.34740205318162,6.652498354348326,6.652498354348326,24.678582248700568,15.518315399498347,300-600
992c99e8,0,4904,1,3df4b19e,357.74264339061665,3df4b19e,341.3549626122544,0.22435846778358914,da940160,2,13.77905931963707,81.38694377708124,13.313802603804016,6.704030750684395,6.704030750684395,5.662889614018947,13.313802603804016,13.313802603804016,6.704030750684395,4.092468804492566,300-600
992ce078,1,2879,-1,6a8fa194,402.01409092231495,71ccf778,535.5255739925095,5.099717946996327,6a8fa194,2,5.02484380821733,48.10214503892977,5.71551567230183,5.628974313496489,10.494005469559031,6.001306416761962,5.71551567230183,5.71551567230183,10.494005469559031,5.628974313496489,300-600
99529c45,1,5840,-1,4f4ac5ce,1759.833534514019,4f4ac5ce,1750.4658355437655,1.0357994102440184,4f4ac5ce,1,21.675545088419643,83.04783724823695,8.428759583828558,8.549061027198304,8.549061027198304,18.01392278515591,8.428759583828558,8.428759583828558,8.428759583828558,8.549061027198304,>600
995ff498,2,4526,-1,29b24409,755.2662561643397,29b24409,763.7908666645214,0.25342959158744227,bb2cdd83,5,8.343710199277547,83.61732362050574,8.471135947567987,32.922230375076694,32.922230375076694,10.929786799520981,8.471135947567987,8.471135947567987,8.471135947567987,6.2942575659859115,>600
999daf80,1,3564,-1,865033f8,331.0978539645361,865033f8,358.85019612146857,0.49108628839462826,e7c36e81,2,5.121625403452367,61.8410741367974,9.783295535635569,3.3115280924874457,3.3115280924874457,3.370545374614421,9.783295535635569,9.783295535635569,3.3115280924874457,3.094178305741435,300-600
9a6b0392,4,4255,1,2fd68f7b,402.92459766071954,2fd68f7b,270.77820145575737,0.6272646101030567,76201745,3,6.974051133501153,95.01398004811078,9.39432976056196,12.163389504188032,12.163389504188032,4.51729803135824,9.39432976056196,12.163389504188032,12.163389504188032,6.303404337674952,150-300
9a8ae0d6,3,6294,-1,4cecf7b3,614.140603608126,4cecf7b3,372.9787159143119,4.324454651997986,4cecf7b3,1,5.937216688673599,102.61460433493477,7.699033072085665,5.4910434019853405,5.4910434019853405,6.286375906424622,7.699033072085665,7.699033072085665,5.4910434019853405,5.4910434019853405,300-600
9a95e33f,4,6447,1,fb03ae90,403.2330538283594,fb03ae90,414.10723431950066,0.13987584690591087,b3388334,2,32.28932813245856,82.30788438595812,23.797819276611342,50.1610897253406,50.1610897253406,49.86489336020481,23.797819276611342,23.797819276611342,50.1610897253406,17.58626106401539,300-600
9ab94eeb,0,4442,-1,39b51819,837.3552603884023,39b51819,756.836926771396,1.8031823469639223,39b51819,1,8.205724523051869,98.58834729406244,9.369794552446743,7.523258388978623,7.523258388978623,4.6709844272953465,9.369794552446743,9.369794552446743,9.369794552446743,7.523258388978623,>600
9ad5410a,3,4205,-1,fc03f21f,690.5217118239417,fc03f21f,461.13056898258685,0.029380638315380646,fc03f21f,1,8.784377249544983,116.8795482735845,8.927950243017916,8.330839822189402,8.330839822189402,9.265502526840793,8.927950243017916,8.927950243017916,8.330839822189402,8.330839822189402,300-600
9ae248be,3,5271,-1,e03b45fd,353.6971824881852,1fdbba44,339.0596790480236,0.12213275323264941,e03b45fd,2,8.107003944596206,164.45575203559886,16.45402154060482,11.287484707864476,12.647014674976598,9.068823825903939,16.45402154060482,16.45402154060482,12.647014674976598,11.287484707864476,300-600
9af1ffd0,3,3525,-1,8b5be31b,2624.357236829881,8b5be31b,2891.3865466629577,1.0779056291419022,97cd5bf9,5,18.128053838502368,79.07530784230069,14.183695878531736,65.60828378640278,65.60828378640278,11.026804189714113,14.183695878531736,14.183695878531736,14.183695878531736,4.52181953154416,>600
9b5b61c1,0,5532,1,d011f41b,416.614402655781,a4f989c2,398.8907302776327,0.06669134103962886,a4f989c2,1,5.429982209622746,93.68291308072044,2.0041378372123284,48.71466849044041,7.227858615721736,9.71197217763786,2.0041378372123284,2.0041378372123284,7.227858615721736,7.227858615721736,300-600
9b9e3b49,3,5118,1,bd4ae5da,349.0020494209296,bd4ae5da,329.59554475472504,0.42877250264122746,bd4ae5da,1,7.923721572593473,127.40879328044042,17.583202333132355,15.58703921322296,15.58703921322296,13.320173750431712,17.583202333132355,17.583202333132355,15.58703921322296,15.58703921322296,300-600
9bd2bba3,2,7439,-1,dbee6c86,256.6999238413688,dbee6c86,351.4148243639947,1.5047856731255955,2d9f6cb9,2,15.673287472863077,134.915486961203,4.166660241226082,11.30201456034693,11.30201456034693,12.324400517866287,4.166660241226082,4.166660241226082,11.30201456034693,3.6571115600251383,300-600
9c211c53,2,7265,-1,974802e7,1003.4698537573412,974802e7,1138.6290713174267,0.1476229713192473,bd2c2f34,5,6.466506541772609,157.42722673690554,4.543485259351169,20.579724920203116,20.579724920203116,9.573921444413706,4.543485259351169,4.543485259351169,4.543485259351169,13.162975742625552,>600
9c350a6a,1,6052,1,9d072e4c,3888.974951385129,9d072e4c,3624.208509138739,4.371334012978424,1619e2ca,3,17.397946606336834,61.90445690630631,24.60987780228613,26.72172910996521,26.72172910996521,37.74082721750322,24.60987780228613,24.60987780228613,24.60987780228613,14.912469746821136,>600
9c8375f7,4,3674,-1,f4d12d23,329.9413858554757,f4d12d23,329.9413858554757,0.014994899242460658,833af382,2,5.917156069883692,33.69641357887246,9.657362227204725,6.815894735684473,6.815894735684473,6.498393245990673,9.657362227204725,9.657362227204725,6.815894735684473,5.850554175927429,300-600
9d072e4c,2,5107,1,5a1a8fd8,367.59483701484737,5a1a8fd8,553.8603024456016,3.2126719329218743,5a1a8fd8,1,9.990804668905984,87.92274713171795,10.34612289526568,7.421468252233327,7.421468252233327,9.356715486303594,10.34612289526568,10.34612289526568,7.421468252233327,7.421468252233327,300-600
9d3ec64c,3,3480,1,35b30c7f,3535.17409008374,e3b34f5b,4052.4477272443623,0.4923601885580612,7271dd80,3,9.187876827833358,81.86426311366662,4.777827391875103,116.3342500577815,22.17005255974858,17.448438573391233,4.777827391875103,4.777827391875103,4.777827391875103,5.1414682882593,>600
9d4272e3,0,4030,-1,79507629,2081.0760876287427,1fee2b62,2356.823966923068,14.539882516644392,1fee2b62,1,17.76831335353228,84.11158162302384,8.68011317031748,21.027045491003776,6.2028319701417125,12.732354287687711,8.68011317031748,8.68011317031748,8.68011317031748,6.2028319701417125,>600
9d5e14d4,1,5400,-1,44a94013,807.1607064891664,44a94013,634.9451076463502,0.3176008956749316,5305524b,2,28.543156532728414,112.44203627581643,21.901194102742338,19.56487874749683,19.56487874749683,12.163574319345882,21.901194102742338,21.901194102742338,21.901194102742338,9.006641007511845,>600
9da441ba,2,5783,1,14ad5efb,368.8054937223837,14ad5efb,359.12890945093847,0.2223846701546427,14ad5efb,1,15.618529769468404,157.12919012783703,5.10529980247003,13.929298977791321,13.929298977791321,12.34733178658327,5.10529980247003,5.10529980247003,13.929298977791321,13.929298977791321,300-600
9dede370,0,6297,-1,82aab6d2,257.5277082179932,82aab6d2,181.75079556609117,0.49012169878907524,7224331b,5,18.676124657054373,149.54875508030702,20.838727988174814,11.79734252886649,11.79734252886649,9.301708822023318,20.838727988174814,11.79734252886649,11.79734252886649,10.939499345900051,150-300
9def2eb2,4,6003,1,23b9beb0,503.2148174485327,23b9beb0,728.5412664018522,1.4737684686319878,23b9beb0,1,7.253592864593499,120.78503163920033,8.318969611458806,17.264713549888974,17.264713549888974,9.911557328811712,8.318969611458806,8.318969611458806,8.318969611458806,17.264713549888974,>600
9df1b1f9,3,4701,-1,5f6756c5,1605.1788713412086,5f6756c5,1269.3471047846276,7.72916839130782,5f6756c5,1,12.592269852167446,110.42004758907102,5.5483294532701555,30.533622364239612,30.533622364239612,2.7438665914210603,5.5483294532701555,5.5483294532701555,5.5483294532701555,30.533622364239612,>600
9dfff011,0,4319,-1,261785ee,3033.2705864301115,261785ee,3256.498153691859,5.740021576198316,8d92cb49,4,4.8459695911212535,53.28466076282651,9.137179934086788,28.511060391976972,28.511060391976972,40.62778119540951,9.137179934086788,9.137179934086788,9.137179934086788,23.992264833382233,>600
9e3e364d,1,4290,1,cbe51de1,683.0125964431177,cbe51de1,532.9289888204046,3.6654156707878673,7987f2f2,4,4.097267023631261,100.92694474817216,5.9303430652765545,8.289291454718011,8.289291454718011,13.856960810860848,5.9303430652765545,5.9303430652765545,8.289291454718011,6.0629002347299545,300-600
9efc812e,3,4450,1,c9e6734f,608.8146359934541,c9e6734f,615.8590353140643,0.9191776194493938,d0a43760,2,7.747022854046375,21.15802661780153,22.729557251216352,11.523354189132794,11.523354189132794,10.200515028855948,22.729557251216352,22.729557251216352,22.729557251216352,2.8903639319049494,>600
9f0c7bae,3,2542,1,1d78281a,1416.3848101768583,1d78281a,1221.7951521972973,12.362054467304487,1a68190b,2,7.898258335635161,27.707407029311423,14.727320981778849,66.46208872526167,66.46208872526167,19.404220682397554,14.727320981778849,14.727320981778849,14.727320981778849,54.70285190384996,>600
9ffce529,2,5212,-1,d63196fe,607.8302565684293,d63196fe,521.388656177209,0.23585494320340353,481de5fc,3,11.084878093703349,82.39018329588971,25.10030522845365,20.159337504324775,20.159337504324775,10.702188528236878,25.10030522845365,25.10030522845365,20.159337504324775,13.38274525200003,300-600
a0383629,2,5832,1,0d99f8e4,705.2846816002649,0d99f8e4,705.6420194137728,0.007107473572034068,0d99f8e4,1,8.416225361246278,104.39994725279175,10.83188302747839,4.477701266100616,4.477701266100616,4.573602558542376,10.83188302747839,10.83188302747839,10.83188302747839,4.477701266100616,>600
a056d01e,4,6557,1,01869cd4,1541.2475135748232,01869cd4,1065.5094544045032,0.06440177673024355,01869cd4,1,8.584211201864289,120.61853372674457,7.817503974116681,6.980364187902196,6.980364187902196,16.68122360072582,7.817503974116681,7.817503974116681,7.817503974116681,6.980364187902196,>600
a08d9e63,1,3685,1,93f5d2e6,868.2587431173797,93f5d2e6,875.2306778968916,0.1318265573640934,93f5d2e6,1,21.46258569009769,70.20905269091537,17.57929116236273,5.785827178287091,5.785827178287091,5.756537785225056,17.57929116236273,17.57929116236273,17.57929116236273,5.785827178287091,>600
a0b83014,0,5035,-1,bd6f0e19,2016.8867130309031,bd6f0e19,2074.1445131184305,0.9697437675917878,bd6f0e19,1,17.51843897699374,62.178874728500105,10.319351079154094,21.835532706156243,21.835532706156243,20.106277827668716,10.319351079154094,10.319351079154094,10.319351079154094,21.835532706156243,>600
a0e92ed6,3,4897,-1,e32da4ec,172.1735246780655,e32da4ec,246.84328292213377,0.4830714004550995,e4726608,2,8.114542367589692,95.43622433048094,11.874844188452547,14.64356607062127,14.64356607062127,11.742132327430271,11.874844188452547,14.64356607062127,14.64356607062127,12.138477469648528,150-300
a15bc102,4,3236,-1,122bd617,3335.115689102932,122bd617,3992.7536219760264,0.11602876631676855,97cd5bf9,3,2.578928597930721,71.24167859653532,3.3272695274440256,27.512568484939468,27.512568484939468,4.324458374739693,3.3272695274440256,3.3272695274440256,3.3272695274440256,8.157689547742049,>600
a247e7cf,2,5674,1,8bda1a11,590.9792132553707,8bda1a11,543.2924383390451,0.08929758345222424,8bda1a11,1,4.201165296490171,105.81343532549457,3.7906006920663313,9.089970256292323,9.089970256292323,5.214759986143173,3.7906006920663313,3.7906006920663313,9.089970256292323,9.089970256292323,300-600
a2e8e7f6,1,4760,1,8b95d6d1,0.0,8b95d6d1,1513.4342091170581,1.9403883957983024,54753541,3,10.698430341162505,63.84284833107891,13.124401250448248,32.06002435384696,32.06002435384696,24.445920086725977,13.124401250448248,13.124401250448248,13.124401250448248,7.955300687880552,>600
a3518960,0,4967,1,d463e527,627.5122335062255,d463e527,614.9700742953625,0.43632767606746004,d463e527,1,7.100675858286987,92.27246656411867,4.832187512743377,6.745059037607036,6.745059037607036,9.31276808181469,4.832187512743377,4.832187512743377,4.832187512743377,6.745059037607036,>600
a3f71395,4,5543,-1,a6b8ac67,736.8650723844278,a6b8ac67,714.4625335839953,0.30052080663616526,e03b45fd,2,15.089395383508826,182.36428940870726,19.94281441859297,27.521001424648887,27.521001424648887,26.05461180450795,19.94281441859297,19.94281441859297,19.94281441859297,14.817271215081018,>600
a4719920,0,5884,1,09053135,1121.0366229969554,09053135,1116.0945657541884,0.24088609967473787,5397ceb1,2,7.205451003735877,120.40120923026097,6.106950842003292,19.185755326248042,19.185755326248042,19.5111508426832,6.106950842003292,6.106950842003292,6.106950842003292,11.29161320174369,>600
a48640d9,0,4532,1,276b012a,866.4690753857366,276b012a,814.3435486845872,0.08397021429547966,4a035ec2,3,21.626612771414322,70.63604795028655,14.839361020676403,35.269576235621436,35.269576235621436,32.077212170360724,14.839361020676403,14.839361020676403,14.839361020676403,18.416546800551764,>600
a4cdbb0f,1,5204,-1,722cf0d8,655.2110934651109,722cf0d8,638.0616234611874,1.2647150883623761,5305524b,2,11.150021440885437,103.79181390090544,6.606869104871606,13.029540068254105,13.029540068254105,11.82273074218259,6.606869104871606,6.606869104871606,6.606869104871606,9.6106783177045,>600
a4f989c2,2,5385,1,d011f41b,0.0,9b5b61c1,398.8907302776327,0.06669134103962886,9b5b61c1,1,10.578786672639087,100.00835298874344,6.955709243992603,55.119121673522265,7.227885630458647,9.582748928612252,6.955709243992603,6.955709243992603,7.227885630458647,7.227885630458647,300-600
a5aa7973,1,4616,-1,bb682ebd,213.348373323805,bb682ebd,221.95462824658532,0.7242319653506539,698930d1,3,14.159778554983863,102.47098708742135,16.87929188364419,12.474192860089916,12.474192860089916,22.165836834989932,16.87929188364419,12.474192860089916,12.474192860089916,5.073309590144813,150-300
a5e6f7dc,2,5649,1,8cc800b3,1379.7929586714938,8cc800b3,1136.588202395872,2.2907792077418105,14ad5efb,5,6.350818327780091,178.04412783494286,27.18184047867372,31.827413177386482,31.827413177386482,10.637016880270822,27.18184047867372,27.18184047867372,27.18184047867372,10.004534429857728,>600
a612d5a0,4,5329,1,9b5b61c1,469.07814540880105,9b5b61c1,425.1277685920266,0.05582332452503865,0c1b160c,3,19.256901319606147,85.83949954477883,15.487714081001503,8.25625988370148,8.25625988370148,4.953544479319808,15.487714081001503,15.487714081001503,8.25625988370148,4.126969173851836,300-600
a622ce4d,1,6298,1,d1ee630d,335.5021414237607,d1ee630d,338.2690976297238,0.041186080120289695,d1ee630d,1,14.236097814848373,168.59080718425238,11.322782763222218,6.416407299794542,6.416407299794542,6.248124128777987,11.322782763222218,11.322782763222218,6.416407299794542,6.416407299794542,300-600
a645da9a,0,5153,1,7cbbd047,834.7604031095873,7cbbd047,870.3695951285987,0.8521133967583561,7cbbd047,1,8.951092580974047,146.26827514427447,21.507348181666327,5.1554841629582056,5.1554841629582056,5.187739930364575,21.507348181666327,21.507348181666327,21.507348181666327,5.1554841629582056,>600
a692b17e,0,3566,-1,df8290be,312.28964712276803,df8290be,382.1266323627257,0.9568106235990377,5cdd8dbc,5,13.138061444708827,63.50853489106848,4.689130021001913,9.28894112875809,9.28894112875809,4.24467807398351,4.689130021001913,4.689130021001913,9.28894112875809,8.349954911942877,300-600
a6b8ac67,0,5453,-1,a3f71395,736.8650723844278,a3f71395,714.4625335839953,0.30052080663616526,1fdbba44,4,10.875902281234387,158.20015417890772,16.711272658788168,27.521045536769957,27.521045536769957,25.71121888414368,16.711272658788168,16.711272658788168,16.711272658788168,13.628851683015748,>600
a6ed2eff,2,5275,1,8382f4b6,378.1838284484841,8382f4b6,326.5014710919472,1.0574076655384554,8382f4b6,1,8.632582794631363,86.52005198478665,3.1590183343240374,10.557042348815278,10.557042348815278,8.600320980452766,3.1590183343240374,3.1590183343240374,10.557042348815278,10.557042348815278,300-600
a6f967fb,3,4670,1,493b5b31,360.40609234612737,27c3155b,261.2263740510194,0.22989180751816454,98177ced,4,13.762814229045636,56.50702818522234,8.929034458544281,11.993465704466754,6.876060720259279,5.438744736064311,8.929034458544281,6.876060720259279,6.876060720259279,6.432338594157877,150-300
a76db406,1,4672,1,8b95d6d1,1109.7548750061935,8b95d6d1,2181.7881059638926,1.293698008913834,54753541,2,3.7043201708377427,66.54860340466477,11.810111363847271,34.57412265077582,34.57412265077582,26.326021562759102,11.810111363847271,11.810111363847271,11.810111363847271,5.494079990670177,>600
a7744f5b,1,4377,1,5a5d1982,580.954013498298,5a5d1982,409.77928952681714,0.011006028841541131,eeed308d,2,13.084948643934053,80.28208972031463,10.733425268709755,7.901001726193823,7.901001726193823,5.481429374877975,10.733425268709755,10.733425268709755,7.901001726193823,4.841715824083527,300-600
a783cc24,2,1889,1,b7fea9ef,19.68278689610292,b7fea9ef,1006.3556026822904,0.7929311909104483,ce8399b7,3,26.72523186448825,37.328357491343446,13.590536636555203,54.9565067223929,54.9565067223929,10.2085052587955,13.590536636555203,13.590536636555203,13.590536636555203,5.348556498835842,>600
a79fd2e7,4,4404,-1,8a3da6d1,211.2096550821409,8a3da6d1,215.4527501639996,1.197297102269594,8a3da6d1,1,12.374341369091132,95.85018459702805,8.369087328496082,5.802993344735583,5.802993344735583,4.182466632793467,8.369087328496082,5.802993344735583,5.802993344735583,5.802993344735583,150-300
a7fc3e6b,1,4764,1,f6bc699b,2670.617305886537,f6bc699b,2673.970891025028,0.7704635596325128,2364716c,2,18.149529358993682,103.36672612415607,15.330844155848864,38.6256481753556,38.6256481753556,27.166290421099475,15.330844155848864,15.330844155848864,15.330844155848864,13.312871189392698,>600
a85bb86f,3,3099,-1,24d8997e,1121.0458871070857,24d8997e,1078.3581129777974,2.4603563570121016,62a6f539,2,7.873900707960967,67.4880425475433,3.2506410422712184,9.630008196241393,9.630008196241393,16.368857947929193,3.2506410422712184,3.2506410422712184,3.2506410422712184,4.148426719707705,>600
a85e4bc3,0,4581,1,577eec7c,1143.6199652856712,577eec7c,1181.3936442851511,0.44931646472247805,577eec7c,1,9.638478456190704,107.41154784946012,7.840472554015041,12.272909410074336,12.272909410074336,11.349245886283615,7.840472554015041,7.840472554015041,7.840472554015041,12.272909410074336,>600
a87433c9,4,5721,1,5a1a8fd8,2703.324646911624,5a1a8fd8,2734.8891928606463,0.13736640224994057,9d072e4c,2,9.580358514748033,93.08766761696525,6.208592057245142,14.267914082020607,14.267914082020607,10.423590814305559,6.208592057245142,6.208592057245142,6.208592057245142,9.958905775976401,>600
a8ed028a,4,5538,-1,03a935ae,1552.239013199823,03a935ae,2685.7778193289137,17.32391037294154,e201fd6d,5,19.044521110452333,85.34058320254603,25.466126712928194,40.23057260577843,40.23057260577843,44.97636977478686,25.466126712928194,25.466126712928194,25.466126712928194,33.737195325241906,>600
a959858c,0,4404,1,d463e527,5667.448487397109,7cbbd047,5528.833058767855,1.7550646736599753,63559d57,4,65.35865899088088,108.73892762502382,7.190564277882841,203.310513607132,36.82834143333279,18.09798934855709,7.190564277882841,7.190564277882841,7.190564277882841,7.959401221454412,>600
a9c9b150,1,3986,-1,96b7eea1,660.1394371647335,96b7eea1,534.6223059319649,1.168978320220918,f631da6e,2,1.1630317709118394,88.63872581354366,5.78284718579732,20.348590463750856,20.348590463750856,10.538518608448213,5.78284718579732,5.78284718579732,20.348590463750856,5.1851421492221945,300-600
aa95015b,4,4300,1,c96c018a,1212.7088702571293,c96c018a,1504.3075773591822,7.101601726402616,fdfd57da,2,11.725050285011942,94.26356307246262,2.665142412226315,25.64847971680351,25.64847971680351,16.512050731173098,2.665142412226315,2.665142412226315,2.665142412226315,19.234846180621602,>600
aaaf3c03,1,2997,-1,6a8fa194,1023.5541991023794,6a8fa194,1185.5874485354107,8.04102151647897,6a8fa194,1,15.079592231507316,53.66784356328006,17.49864706429199,16.4297428773643,16.4297428773643,16.407692375908788,17.49864706429199,17.49864706429199,17.49864706429199,16.4297428773643,>600
aaeffccb,4,2712,1,ec13af42,611.9060399278586,ec13af42,1761.8062202749902,2.191487788352087,3bfee975,5,4.756126793123975,27.237845910654134,7.821751897802149,44.958209440808155,44.958209440808155,5.4467203434731,7.821751897802149,7.821751897802149,7.821751897802149,32.485405656348235,>600
ab112491,0,5185,-1,ed6436d6,2535.092644164979,ed6436d6,2877.84001053751,0.13407949080892226,153552f5,4,28.204036984751497,92.63045896570272,19.150198415662746,50.73634656968899,50.73634656968899,30.989596854919842,19.150198415662746,19.150198415662746,19.150198415662746,6.735969439474856,>600
ab18d3fc,0,5694,1,6e6d122c,754.5561414503356,6e6d122c,755.5015770408753,0.48654332963510905,6e6d122c,1,16.597890792722144,102.17896016871182,19.040794165085302,10.473865776183963,10.473865776183963,9.452098415368773,19.040794165085302,19.040794165085302,19.040794165085302,10.473865776183963,>600
ab3ced07,4,4250,-1,25939962,320.0152766664527,25939962,311.62611198251545,0.13015360899886078,25939962,1,9.797524442428841,66.703000152123,9.191790975183475,3.0279127983468186,3.0279127983468186,3.273729777917789,9.191790975183475,9.191790975183475,3.0279127983468186,3.0279127983468186,300-600
ab6fe95d,3,5491,-1,2b034622,569.2689421530062,2b034622,624.2035873213739,0.1364505997780537,2b034622,1,6.6795806397720465,107.80462018366607,7.402025415199243,5.546791545569846,5.546791545569846,3.5549239592749005,7.402025415199243,7.402025415199243,7.402025415199243,5.546791545569846,>600
ab94878e,1,6004,-1,ff8bb73a,319.40318407927373,ff8bb73a,320.0489709109215,0.301917770471745,ff8bb73a,1,6.090270250340663,160.04140248336992,3.9100123828690476,3.08897124716507,3.08897124716507,4.1135925483970235,3.9100123828690476,3.9100123828690476,3.08897124716507,3.08897124716507,300-600
abf460d2,3,3217,-1,96936c22,257.0507990648694,96936c22,297.60547298655547,1.697664379191269,96936c22,1,8.350877150110843,50.186531822855486,3.8080208174192154,3.1296980309324702,3.1296980309324702,4.940650178268335,3.8080208174192154,3.1296980309324702,3.1296980309324702,3.1296980309324702,150-300
ac6f01d5,2,5004,1,3e678ea7,1698.3583461684186,3e678ea7,1845.4840382400957,0.026870579969236044,e46f4ef4,2,15.962529701035821,76.20905055471304,6.919416887086794,8.472750970843054,8.472750970843054,15.430610615424396,6.919416887086794,6.919416887086794,6.919416887086794,7.056944148255043,>600
ad2133a8,2,5729,-1,481de5fc,509.48294623061753,481de5fc,519.8356673025404,0.37955393779466806,481de5fc,1,28.088198915386187,80.22969122347398,21.441812746496478,10.436625492059138,10.436625492059138,6.640753672472228,21.441812746496478,21.441812746496478,10.436625492059138,10.436625492059138,300-600
add9c322,3,3932,-1,d0a0e7b5,368.87235136306947,d0a0e7b5,356.621182134817,0.16038029559189812,30d75030,3,12.296784203800955,73.11815169382375,7.256959278969065,7.915891097304628,7.915891097304628,6.46916925614901,7.256959278969065,7.256959278969065,7.915891097304628,6.6452756826186015,300-600
ae069086,3,4770,-1,591cc951,454.2787465864464,55efee7f,444.6000819994743,0.982617074652191,55efee7f,1,14.585517424947831,120.51616168617454,10.008599480445952,5.426456478954951,2.1390043099968357,2.3077915105538365,10.008599480445952,10.008599480445952,2.1390043099968357,2.1390043099968357,300-600
ae0784a8,1,7823,1,46d41ff6,626.9871310484032,46d41ff6,660.9750551371836,0.3384657480581033,46d41ff6,1,10.87737509844777,154.73960462544693,7.231596820746539,13.035550580388785,13.035550580388785,14.073434605227993,7.231596820746539,7.231596820746539,7.231596820746539,13.035550580388785,>600
ae35f33a,0,4450,1,ffefef30,181.2872924392056,ffefef30,163.06148666934138,0.09159360730383145,ffefef30,1,5.0951729458693835,89.8569783598073,8.074924276026367,8.377558227818838,8.377558227818838,5.886554613142998,8.074924276026367,8.377558227818838,8.377558227818838,8.377558227818838,150-300
ae8959c3,3,4518,-1,1e30dedf,532.5133538231504,1e30dedf,388.1385438536264,0.2825905102717576,1e30dedf,1,19.76800976672305,157.2191896357057,26.56111705895839,7.108569369249976,7.108569369249976,9.141130386391762,26.56111705895839,26.56111705895839,7.108569369249976,7.108569369249976,300-600
aed44918,3,2719,-1,89f1085d,2904.366006979713,89f1085d,1365.7366071923718,0.0705697703474983,9d4272e3,2,9.488704385906805,56.47351952596719,4.953996106381385,97.84445614626233,97.84445614626233,21.210136753528236,4.953996106381385,4.953996106381385,4.953996106381385,28.20126864376259,>600
aee6393a,1,5865,1,e85074c5,407.05073455280007,e85074c5,421.2541610492418,0.7398257700096248,77e4821c,5,4.665683726709421,70.10688057827099,15.86127201150044,12.43956306142864,12.43956306142864,10.68932280976183,15.86127201150044,15.86127201150044,12.43956306142864,5.962943201152413,300-600
af7a59ce,2,3024,1,06df5958,1029.655510401218,06df5958,1037.884403498213,0.38161086564125357,1131525f,2,4.115059728297358,53.035849763958055,1.508321278533759,20.317296480598905,20.317296480598905,9.541570662163672,1.508321278533759,1.508321278533759,1.508321278533759,5.572018233678633,>600
aff4e561,0,6026,-1,82fcf37c,539.0420596765025,82fcf37c,507.5287403195501,0.7110818065247496,20402d71,5,10.851934253065428,77.47592900587613,4.6623285966498225,9.925942232218457,9.925942232218457,9.85542937427565,4.6623285966498225,4.6623285966498225,9.925942232218457,6.038518980228719,300-600
b04b58a3,1,3402,1,4463446c,2684.5505229179535,4463446c,2660.3627479697075,0.2906555616689203,4463446c,1,13.058667367524363,80.70849734731961,3.3728566625076124,4.061225292600252,4.061225292600252,4.35703010619251,3.3728566625076124,3.3728566625076124,3.3728566625076124,4.061225292600252,>600
b0d42b0d,3,4971,-1,f631da6e,1448.8974414014674,f631da6e,1212.462052292737,0.29242704339065684,516088b7,4,19.797243019186585,131.56098816021878,18.01724698348166,40.044398126917436,40.044398126917436,25.99187832043057,18.01724698348166,18.01724698348166,18.01724698348166,13.692722734872962,>600
b0f53bf4,2,2755,-1,925a7cd1,3508.389795048658,ab112491,3204.2929268793164,22.956785326817005,ed6436d6,4,9.231328022549082,51.921777503556335,10.425759277755718,44.27170232008521,41.27458714310753,5.31182450771147,10.425759277755718,10.425759277755718,10.425759277755718,10.551635270955849,>600
b19b0395,0,5813,1,dafc88c3,421.0089832771405,dafc88c3,385.4524374823584,0.5209520447960926,ebe69318,5,10.045237735851847,65.65703402160894,2.440124750126939,14.836893712613303,14.836893712613303,12.39752418084051,2.440124750126939,2.440124750126939,14.836893712613303,2.841954611593828,300-600
b1efb8a4,2,5998,-1,d6dd7330,198.0644483494058,d6dd7330,180.71951057764605,0.14876789895726408,b38e3116,2,8.506706925766984,96.74469214140704,5.435355598616236,6.587013306878401,6.587013306878401,4.547384099757846,5.435355598616236,6.587013306878401,6.587013306878401,3.302632806656479,150-300
b32902c0,4,3808,-1,add9c322,379.45446116735747,add9c322,370.31198198260125,0.07962666305503106,30d75030,3,5.155416417213564,87.04498083446073,8.623169984774954,14.455172219809917,14.455172219809917,16.83493066339104,8.623169984774954,8.623169984774954,14.455172219809917,13.016692395110889,300-600
b32e4903,4,5770,-1,264feceb,356.6803442859473,264feceb,341.74115514539665,0.032958123679078535,264feceb,1,5.863958705383137,119.24340953721051,6.053356277813918,7.600554904215897,7.600554904215897,9.336170859930602,6.053356277813918,6.053356277813918,7.600554904215897,7.600554904215897,300-600
b3388334,1,6080,1,9a95e33f,478.15968629763967,9a95e33f,429.375927430026,0.08230187717252203,9a95e33f,1,14.23010661853958,98.54542420024318,15.009222131946752,17.586397396760958,17.586397396760958,26.05027472264068,15.009222131946752,15.009222131946752,17.586397396760958,17.586397396760958,300-600
b37fd114,1,8161,1,53f23031,1637.8290328968628,53f23031,1594.2022744131182,3.746961328365184,53f23031,1,24.97877020046922,147.00024200258144,7.920065802933363,12.691179350188035,12.691179350188035,11.93850289313955,7.920065802933363,7.920065802933363,7.920065802933363,12.691179350188035,>600
b38e3116,0,6211,-1,d6dd7330,143.3975205507794,d6dd7330,166.17645417529462,0.03365423351626423,b1efb8a4,3,6.404438939196513,94.23968336731564,3.868480328943559,8.874266347820608,8.874266347820608,9.087541505282772,3.868480328943559,8.874266347820608,8.874266347820608,3.3026151908439902,150-300
b4d8dd4f,1,4259,-1,865033f8,1246.3486827124477,2e43c2ea,1188.675460891164,1.610345935721018,a85bb86f,5,17.098418824477594,82.50869028290231,8.614358703243585,19.50913769010034,29.718327844267044,5.37047807898917,8.614358703243585,8.614358703243585,8.614358703243585,15.246321264059983,>600
b4f37e6e,1,2992,1,25fd32b3,1049.6471462831503,25fd32b3,1050.7475868966626,0.5324130129307739,7acda2df,2,14.94895263643877,32.84450729409206,13.687153847552793,5.976873328802074,5.976873328802074,5.189420960609397,13.687153847552793,13.687153847552793,13.687153847552793,2.1692552094035227,>600
b56bc0aa,3,5602,-1,b4d8dd4f,2074.4060475471438,b4d8dd4f,1697.635454161094,1.6848852197267166,b4d8dd4f,1,8.788528154094545,124.18658403874554,10.40841490359505,42.161307076964356,42.161307076964356,23.604672898583157,10.40841490359505,10.40841490359505,10.40841490359505,42.161307076964356,>600
b585b4fa,3,4294,-1,bb2cdd83,342.40657076035313,18d24f7b,392.4894796697647,0.13476537119800341,f6824bb0,3,9.973817813617734,98.12794429498643,4.157025447666157,16.451605188461063,6.850669346582565,11.878994816010588,4.157025447666157,4.157025447666157,6.850669346582565,5.448541277356223,300-600
b5aa9634,4,7326,-1,3b21ea64,165.69211357230213,3b21ea64,141.3737976297589,0.06052405774990241,3b21ea64,1,11.47866217552782,142.0697734057009,7.204565037090471,4.970603083602095,4.970603083602095,5.441757798870192,4.970603083602095,4.970603083602095,4.970603083602095,4.970603083602095,<150
b7974e66,0,5558,-1,ef8e3ed0,426.32537351180196,ef8e3ed0,389.9472106726337,0.08680029883752614,f07d7037,3,6.972963992749996,82.53173502346941,3.7533398143494683,6.3458040362431865,6.3458040362431865,4.715845335591417,3.7533398143494683,3.7533398143494683,6.3458040362431865,3.7248692371797865,300-600
b7cdcecb,1,6168,1,df71d1ff,635.3029919652345,df71d1ff,622.7258915446429,0.3919478540513975,4c3df468,3,9.274351431311539,147.99955203993312,10.382684873316606,19.955465346683702,19.955465346683702,18.51169128115665,10.382684873316606,10.382684873316606,10.382684873316606,6.2712703171552295,>600
b7fea9ef,1,3866,1,a783cc24,19.68278689610292,a783cc24,1006.3556026822904,0.7929311909104483,efe96181,2,11.148074644872509,92.2465747244647,5.339145818544056,54.943692230132974,54.943692230132974,41.13966142938704,5.339145818544056,5.339145818544056,5.339145818544056,12.204393109790493,>600
b85f7b06,2,3803,1,877ed19c,268.586096438079,877ed19c,334.6729891995708,1.447690799215641,9e3e364d,3,3.569865119414346,96.36162068721735,4.27797146899,8.660676993684206,8.660676993684206,7.128779171752522,4.27797146899,4.27797146899,8.660676993684206,7.8126773335682245,300-600
b881d27e,3,4009,1,90386ee4,377.7661130911162,90386ee4,360.4320469202009,0.5568889315419315,90386ee4,1,18.785154458691416,79.29301321349149,6.6293726337544925,3.7184350455267845,3.7184350455267845,5.08180500955576,6.6293726337544925,6.6293726337544925,3.7184350455267845,3.7184350455267845,300-600
b8c49c1a,0,4319,1,54753541,533.1479862101726,54753541,523.9621536717717,0.3542204079044892,a76db406,4,8.256954162110757,71.87196522930861,6.605333243074679,10.919941957046317,10.919941957046317,9.142769361881435,6.605333243074679,6.605333243074679,10.919941957046317,6.499621992821766,300-600
b95e7121,0,6306,1,12f0cd90,432.81827549193974,12f0cd90,361.97334831302624,0.049239740473166364,12f0cd90,1,3.4204599760598935,196.0967380949621,29.32801829935577,7.887689937475192,7.887689937475192,3.8639374548012473,29.32801829935577,29.32801829935577,7.887689937475192,7.887689937475192,300-600
b977be4a,2,5917,1,c2c4db09,498.47927429336744,c2c4db09,443.72288592543845,0.4112167889880889,c2c4db09,1,18.57837175934225,175.88974771777393,33.33809846231301,4.706947630189117,4.706947630189117,4.894149031645632,33.33809846231301,33.33809846231301,4.706947630189117,4.706947630189117,300-600
ba48188d,0,4166,-1,edf885a3,3164.140306497206,177622d7,3295.603432165282,4.882324236082688,edf885a3,2,50.93720227649117,73.75741269841528,45.40428151732524,13.501310961665292,25.622879590897814,13.738896075100795,45.40428151732524,45.40428151732524,45.40428151732524,13.501310961665292,>600
bb2cdd83,1,3825,-1,b585b4fa,342.40657076035313,b585b4fa,397.3965224118386,0.08084179249558206,18d24f7b,2,3.017674077265869,81.90980093670129,6.384870391900584,16.451817894073685,16.451817894073685,6.686832390962651,6.384870391900584,6.384870391900584,16.451817894073685,10.657591701146545,300-600
bb337fa0,2,6873,-1,5567d551,273.79755239948133,5567d551,519.2078440279399,3.695320279827821,5567d551,1,24.083821271230853,142.05507070225212,15.08369632867927,5.090271015556315,5.090271015556315,5.1472167021461885,15.08369632867927,15.08369632867927,5.090271015556315,5.090271015556315,300-600
bb682ebd,2,4139,-1,4121c517,190.15939629703664,4121c517,198.716461950271,0.022995199840502068,698930d1,3,19.87022580202752,112.84849285747273,16.14258676707329,23.601706486317145,23.601706486317145,15.248189200117801,16.14258676707329,23.601706486317145,23.601706486317145,11.849661297988265,150-300
bc4381e2,1,4955,-1,10b89021,724.8032902794466,10b89021,629.5325430646525,0.6704111955457915,3417285d,2,12.598370947658928,99.25766356410894,13.913489293354596,13.473328369698137,13.473328369698137,17.752231736449122,13.913489293354596,13.913489293354596,13.913489293354596,3.800572569308565,>600
bcebcc5f,4,6258,1,684a6fc1,0.0,684a6fc1,1776.9936336688254,0.24474866370460774,2364716c,4,24.241537215571864,90.87943081093351,16.050611877498238,40.603073707475005,40.603073707475005,1.665521684045224,16.050611877498238,16.050611877498238,16.050611877498238,8.030270571487222,>600
bd2c2f34,1,9823,-1,374be387,530.5960938418345,374be387,477.245306436393,0.1279405618929901,70e1788b,2,5.663541608648027,145.05427096720484,5.348933481209605,8.304610265196292,8.304610265196292,6.804552524639417,5.348933481209605,5.348933481209605,8.304610265196292,8.138188708294976,300-600
bd4ae5da,0,5006,1,9b9e3b49,349.0020494209296,9b9e3b49,329.59554475472504,0.42877250264122746,c2717d4f,5,14.052431666337634,112.34842155459624,4.258117393820927,15.587062996321803,15.587062996321803,13.184247880307414,4.258117393820927,4.258117393820927,15.587062996321803,7.580441581042582,300-600
bd6f0e19,1,5140,-1,a0b83014,2016.8867130309031,a0b83014,2074.1445131184305,0.9697437675917878,512943b2,3,10.118149844909517,82.42412690900659,8.098701650966701,21.835481173479533,21.835481173479533,20.412327887479687,8.098701650966701,8.098701650966701,8.098701650966701,9.54016050636656,>600
bd8f847e,0,4961,1,3a223519,619.0891583609414,3a223519,556.1281783229402,0.19697123709263326,73348914,4,7.389741905257485,122.72531983615087,11.890740788489012,22.33435618456621,22.33435618456621,15.478908756989874,11.890740788489012,11.890740788489012,22.33435618456621,20.210196728497483,300-600
be063506,3,4500,-1,fc03f21f,1564.1431057612845,fc03f21f,1542.6196635915007,0.026488798771388086,368131f9,5,9.685884513043288,109.51634555565873,5.3420900228951576,14.16869364915623,14.16869364915623,9.489506128117167,5.3420900228951576,5.3420900228951576,5.3420900228951576,11.71795049058641,>600
be35c8f2,1,4226,-1,1bcb2fcf,971.4948453802024,1bcb2fcf,905.0977151237573,0.11851688585597184,1bcb2fcf,1,4.674735185385168,81.11619160886625,11.249936781810298,12.499897155092292,12.499897155092292,10.855700854007504,11.249936781810298,11.249936781810298,11.249936781810298,12.499897155092292,>600
be83e781,4,3221,1,373ef48b,373.0152878902911,373ef48b,362.02849142780707,0.5460692880938828,373ef48b,1,3.1537973198868037,62.742545641877506,6.766840831376776,6.14891515526232,6.14891515526232,4.302208937114783,6.766840831376776,6.766840831376776,6.14891515526232,6.14891515526232,300-600
beda8696,4,5912,-1,d9eca87b,713.6227101907936,d9eca87b,571.3975094669316,0.33204357282822683,28f4eda9,2,9.819955216289504,63.822709351701526,17.690851546255363,18.8880177990309,18.8880177990309,17.792344625332493,17.690851546255363,17.690851546255363,18.8880177990309,15.383538107463428,300-600
bf39bc20,4,3303,1,8a89da23,2565.574418682825,8a89da23,2395.5208791415425,2.9028506191301506,b4f37e6e,5,8.401808199266226,36.75966297506857,7.979184417568008,12.363893709344637,12.363893709344637,5.059754786383589,7.979184417568008,7.979184417568008,7.979184417568008,8.798469684208186,>600
bf70b410,4,6347,-1,d9eca87b,589.1740290439317,d9eca87b,537.837932009212,0.5307046817364955,d9eca87b,1,18.920279724233612,79.30790418412451,24.89204861190027,7.767770296496598,7.767770296496598,7.784108097191615,24.89204861190027,24.89204861190027,7.767770296496598,7.767770296496598,300-600
bffe3082,1,5723,1,1619e2ca,3810.977356754925,1619e2ca,3204.4470555658404,0.016285458140121844,0498acab,5,16.598918029974968,85.60794310374118,23.430578508774474,9.914588579584914,9.914588579584914,10.782607725184047,23.430578508774474,23.430578508774474,23.430578508774474,5.158316679245747,>600
c03b9305,3,4255,-1,35b3ef6a,1177.731394206714,35b3ef6a,891.2572696055092,4.229493433331779,fc0d20b2,5,7.1171172090817905,116.57772796834342,13.936494755565167,20.40306834306772,20.40306834306772,12.76731977611644,13.936494755565167,13.936494755565167,13.936494755565167,17.023673756782824,>600
c03d4aed,4,4641,1,eeda36f5,731.9068998854959,eeda36f5,712.1181912021525,0.22448355618676116,1d78281a,2,12.583094329136486,100.89761255257991,5.043925344932297,8.340201803634297,8.340201803634297,6.737953754139601,5.043925344932297,5.043925344932297,5.043925344932297,8.173269006151164,>600
c03fba65,3,3699,-1,05948241,5316.870115039317,05948241,3856.8307350240566,45.96952436019079,a15bc102,4,22.739971638302574,53.506666711635276,16.577212781572744,34.283456419652964,34.283456419652964,29.702931377005424,16.577212781572744,16.577212781572744,16.577212781572744,18.16395365806322,>600
c07fd0cd,0,4191,1,febb4411,446.88439153739716,d4f60a28,400.830173015731,0.2801999808332715,febb4411,2,4.052934357090802,93.32456243066598,9.65450652632979,5.609694397385957,10.07587263857834,9.535730286024744,9.65450652632979,9.65450652632979,10.07587263857834,5.609694397385957,300-600
c1708b88,2,6315,1,9def2eb2,3441.4452076999964,9def2eb2,2933.348120799377,13.620702503672382,53f23031,3,18.304767828554887,160.3315425238953,22.403345895515283,41.10395501097533,41.10395501097533,35.22719697992611,22.403345895515283,22.403345895515283,22.403345895515283,17.05183532525095,>600
c1d046f4,1,5513,-1,f56d3ace,648.7190100495186,f56d3ace,652.6986109406819,0.41667908156778116,fd8f77fa,3,7.700112298091984,100.84777979998347,6.7349009291632145,16.825619414391777,16.825619414391777,15.322633495086729,6.7349009291632145,6.7349009291632145,6.7349009291632145,6.4855952910484005,>600
c2717d4f,4,4721,1,1550491d,224.2661590609886,1550491d,210.48011450760683,0.707740138147763,bd4ae5da,4,8.452559650622254,107.67627016527035,15.52120844626195,8.920596099780205,8.920596099780205,7.492042627513745,15.52120844626195,8.920596099780205,8.920596099780205,7.580737771385546,150-300
c2c4db09,3,6039,1,b977be4a,498.47927429336744,b977be4a,443.72288592543845,0.4112167889880889,b977be4a,1,9.028322821306517,177.60938178675997,20.67152571234992,4.707034447798957,4.707034447798957,4.88286857263215,20.67152571234992,20.67152571234992,4.707034447798957,4.707034447798957,300-600
c2c6fc71,2,7119,1,e161bd0c,868.8742239243091,e161bd0c,2646.251157883287,0.6531977669340648,6e6d122c,5,11.767462410523247,112.18225198914986,8.178858668821722,65.23152264886296,65.23152264886296,50.48003766411807,8.178858668821722,8.178858668821722,8.178858668821722,20.836854388249936,>600
c36625df,3,4742,1,bd4ae5da,724.7562837943929,bd4ae5da,711.6377256728327,0.8085515002059485,1550491d,3,8.003204999077816,99.95833875411545,3.1510369986774216,12.817232649903687,12.817232649903687,7.6867822557076675,3.1510369986774216,3.1510369986774216,3.1510369986774216,6.825555262270346,>600
c3957531,0,5316,-1,7a5660b0,595.6738749516934,7a5660b0,525.9971095216225,0.32101471976423995,7a5660b0,1,12.518722274768233,51.40568040221574,4.1969370679049085,8.860811833637662,8.860811833637662,12.655524353832298,4.1969370679049085,4.1969370679049085,8.860811833637662,8.860811833637662,300-600
c42fe306,4,5095,-1,4f4ac5ce,357.84054130304867,4f4ac5ce,358.23478844167727,0.13996427701235195,4f4ac5ce,1,11.279308916635767,96.28031382054054,9.439020488053227,10.481973511866732,10.481973511866732,11.59400632437595,9.439020488053227,9.439020488053227,10.481973511866732,10.481973511866732,300-600
c43812e2,1,5527,-1,7224331b,1248.7536543687756,7224331b,1017.2213860864284,2.8490452037289384,7224331b,1,7.016864008504025,143.45288379208313,10.229337409177315,5.275617217504193,5.275617217504193,13.447449048260363,10.229337409177315,10.229337409177315,10.229337409177315,5.275617217504193,>600
c472c0b5,0,3054,-1,48c1f673,179.11320805611047,48c1f673,240.36867360413942,0.22867644816320717,48c1f673,1,8.28128095427446,103.77850751608483,8.782303821211778,2.0444695953131173,2.0444695953131173,6.011733209487292,8.782303821211778,2.0444695953131173,2.0444695953131173,2.0444695953131173,150-300
c47e0767,2,4356,-1,37d36812,252.97549683699037,37d36812,399.7970124952266,3.994468243220834,37d36812,1,21.47720905393819,84.30222220083029,20.56708186902993,9.477534676244828,9.477534676244828,9.631650068129012,20.56708186902993,20.56708186902993,9.477534676244828,9.477534676244828,300-600
c50b42f6,0,6014,1,eac10e86,399.15390327528434,eac10e86,403.6324799403883,0.5473586287531824,eac10e86,1,8.604265674370385,64.2503296117708,15.963805538972963,5.004220837278088,5.004220837278088,4.637162439522755,15.963805538972963,15.963805538972963,5.004220837278088,5.004220837278088,300-600
c593337f,0,5208,-1,1fee2b62,1884.9611784331646,1fee2b62,2125.60776334685,0.328793409125366,19871e7f,3,23.822334034025907,93.20375025984843,18.182437869804843,14.534680082645288,14.534680082645288,10.126824671070286,18.182437869804843,18.182437869804843,18.182437869804843,9.40531261822554,>600
c59b6c4a,4,5499,-1,28f4eda9,591.8323564151262,28f4eda9,550.8416158932707,0.12317261340897911,28f4eda9,1,20.952603428128082,63.30523305086334,22.827576285634407,8.32600144081663,8.32600144081663,9.61257064676194,22.827576285634407,22.827576285634407,8.32600144081663,8.32600144081663,300-600
c66be2b8,3,4154,-1,6d590e26,425.98981454942833,6d590e26,748.3041157846943,1.5119319630140633,b32902c0,5,22.226756512262092,89.61796273220214,19.995772901353273,58.1497062761655,58.1497062761655,16.75987308817321,19.995772901353273,19.995772901353273,19.995772901353273,11.389062297245516,>600
c6797dd7,3,4664,1,a87433c9,5683.552207985821,a87433c9,5963.346607275117,11.070639128284961,5138a660,2,5.82900989050451,76.48719235310622,2.7891987275963297,17.749781711227794,17.749781711227794,4.837506285981181,2.7891987275963297,2.7891987275963297,2.7891987275963297,9.797728967474363,>600
c6b782a4,4,4877,-1,cf50c9d1,1021.220895301364,cf50c9d1,1056.8657535996579,0.23250653713375033,463c38f2,2,12.807882966584375,110.47720109915213,11.501453554008858,9.487302569536832,9.487302569536832,9.105196539278372,11.501453554008858,11.501453554008858,11.501453554008858,7.913760513247978,>600
c6c96179,2,4004,1,1a518997,814.9511082265859,75cd5f11,492.0898952424132,0.16461739169295136,d40f61d5,3,8.772647918302802,71.99830230058143,4.168760595055071,8.307568698852222,10.918692717599084,11.282884514477216,4.168760595055071,4.168760595055071,10.918692717599084,5.0965440369010855,300-600
c70c0e01,3,4312,1,113011eb,600.9463154062939,113011eb,958.5571941725368,0.11983011343455417,113011eb,1,8.964901066736223,96.45202799037293,9.442221247523332,19.716805311993575,19.716805311993575,15.302381821195603,9.442221247523332,9.442221247523332,9.442221247523332,19.716805311993575,>600
c84c65be,0,8496,-1,87695469,531.2331113551072,87695469,981.9229944477074,1.1491598276205788,d90aa14c,4,9.738388019795911,177.05290319596554,11.955418934821845,39.32756290260806,39.32756290260806,23.728182006621836,11.955418934821845,11.955418934821845,11.955418934821845,16.062737758763173,>600
c8d9680c,3,6281,-1,cb879f40,149.39246031867538,cb879f40,212.94915888077918,0.6226051320401295,cb879f40,1,42.77043899776709,167.67253408926555,38.72502031443989,9.569823487206751,9.569823487206751,10.215620615966198,38.72502031443989,9.569823487206751,9.569823487206751,9.569823487206751,150-300
c908edd0,3,5293,1,8ac2f237,504.50957939394095,8ac2f237,499.78849602204315,0.16506702016349234,8ac2f237,1,8.765028360555872,71.82376028060776,6.833211715856752,4.861770489065961,4.861770489065961,4.985796104928622,6.833211715856752,6.833211715856752,4.861770489065961,4.861770489065961,300-600
c9578d27,0,4487,-1,811f52b3,659.5423286645815,811f52b3,692.8718860170704,0.5905450405232219,e45a2a62,2,10.306756368182521,111.36936480461027,15.130475500622593,7.885708572919798,7.885708572919798,10.631511699064813,15.130475500622593,15.130475500622593,15.130475500622593,3.0988809567040576,>600
c96c018a,0,6236,1,fdfd57da,1065.1393602719163,fdfd57da,602.6505309881198,0.47807752991976443,fdfd57da,1,12.859960619036775,118.6702811800792,4.192480048067259,12.576813037718267,12.576813037718267,17.529492250399922,4.192480048067259,4.192480048067259,4.192480048067259,12.576813037718267,>600
c99f9fae,0,6361,1,7cbbd047,2086.619318706641,7cbbd047,2542.9755361973453,0.6316026455152233,7cbbd047,1,5.40523137400998,177.41779542181848,22.149776253031035,32.516649139409886,32.516649139409886,19.080834833181687,22.149776253031035,22.149776253031035,22.149776253031035,32.516649139409886,>600
c9e6734f,1,4735,1,9efc812e,608.8146359934541,9efc812e,615.8590353140643,0.9191776194493938,9efc812e,1,10.310371611471203,28.73872053802319,32.15725169118158,11.523089664375165,11.523089664375165,11.877082325291546,32.15725169118158,32.15725169118158,32.15725169118158,11.523089664375165,>600
c9e980e8,1,4359,-1,861e71df,885.2078694295867,861e71df,927.2951543332566,2.244555085742613,593876b6,2,9.741734918381256,93.76354559718274,5.850315504155204,6.613130015203537,6.613130015203537,12.910206712057025,5.850315504155204,5.850315504155204,5.850315504155204,2.979292215431803,>600
c9fedcf3,0,3517,1,46d41ff6,1027.8530823031292,46d41ff6,2294.301422851473,19.9323389693499,32fe84c9,5,7.471714606706554,55.249351893447205,5.311310602135588,91.18883836499678,91.18883836499678,5.875805901809566,5.311310602135588,5.311310602135588,5.311310602135588,35.7372792530302,>600
cad13e8f,4,4848,1,cb34231f,328.7005117125087,a6f967fb,357.8156347898185,0.22373620681074402,27c3155b,5,17.022296131058066,63.65584350533898,7.818814330349044,10.329884849609442,7.7529683744772555,4.713446574400944,7.818814330349044,7.818814330349044,7.7529683744772555,5.8491871418377706,300-600
cb34231f,2,5609,1,7850c72e,130.3564482486145,7850c72e,72.3998344268809,0.22861503813337294,cad13e8f,3,5.418906491757253,71.30248719286963,9.282073647902024,30.314024771540296,30.314024771540296,32.65149441562731,30.314024771540296,30.314024771540296,30.314024771540296,10.329808347933906,<150
cb879f40,2,6315,-1,c8d9680c,149.39246031867538,c8d9680c,212.94915888077918,0.6226051320401295,cbe62450,2,8.79643766880234,158.6778165795128,12.814462592595302,9.569763298547299,9.569763298547299,10.262763236470011,12.814462592595302,9.569763298547299,9.569763298547299,7.303147187489271,150-300
cbb406b5,3,6328,1,d1ecf309,903.6436258284347,d1ecf309,853.52196181508,0.269545358755329,d1ecf309,1,11.364887497962812,118.70661332906664,8.482236757379294,6.22833098773475,6.22833098773475,4.217097283378404,8.482236757379294,8.482236757379294,8.482236757379294,6.22833098773475,>600
cbe51de1,0,3963,1,877ed19c,626.8353251851834,9e3e364d,532.9289888204046,3.6654156707878673,9e3e364d,1,15.022202061672788,105.67097264828173,4.435098754761938,17.507338617019826,8.289532437174383,13.332194651730099,4.435098754761938,4.435098754761938,8.289532437174383,8.289532437174383,300-600
cbe62450,3,6258,-1,6d590e26,194.0573804316173,6d590e26,204.68667680795323,0.21134614028090626,cb879f40,2,18.607063412926227,156.30340237282238,32.799468805806825,10.169609562779842,10.169609562779842,7.6972091334189,32.799468805806825,10.169609562779842,10.169609562779842,7.30317050311901,150-300
cc08aa63,0,3274,-1,5cdd8dbc,560.6426919167386,5cdd8dbc,538.6883742052131,0.06048706051556816,5cdd8dbc,1,12.988941242217614,67.46705136022067,7.611887916874085,7.252808505604207,7.252808505604207,13.912623043962217,7.611887916874085,7.611887916874085,7.252808505604207,7.252808505604207,300-600
cc8a1d57,3,6638,-1,ad2133a8,784.4057028096584,ad2133a8,552.2686046007561,0.14935965918254446,1b6ba517,2,27.55539015081038,106.5470343170256,15.871086929805713,27.819850627030842,27.819850627030842,16.121624154099525,15.871086929805713,15.871086929805713,27.819850627030842,15.775899521362797,300-600
ccedb12b,2,4401,-1,26d3a96a,277.4386004147121,26d3a96a,198.4927360133814,1.065021301043859,204cc64b,2,10.609060511646556,84.61602742738069,11.973963631772618,24.330433813553324,24.330433813553324,19.310546298364933,11.973963631772618,24.330433813553324,24.330433813553324,10.026382156568689,150-300
cd7f1687,1,4232,-1,261785ee,695.3698354830464,261785ee,632.0479160425531,1.8129615627467888,1590af81,3,10.573162838089827,93.22889788575417,6.448668986890805,13.94676512619521,13.94676512619521,8.88072724759227,6.448668986890805,6.448668986890805,6.448668986890805,8.138200666360625,>600
cda7eb37,0,5973,-1,27ebb9b9,338.25166444552957,27ebb9b9,290.36827137324747,0.4127492332507587,27ebb9b9,1,10.042623008757838,86.57631064969384,17.20269593244613,6.5576125990460605,6.5576125990460605,10.728917229875636,17.20269593244613,6.5576125990460605,6.5576125990460605,6.5576125990460605,150-300
cdc31d65,4,4840,1,ec13af42,313.4176761127872,ec13af42,419.08978918618925,0.8188941911066041,ac6f01d5,4,7.482412321764383,74.47896738549757,5.91722264491789,7.747899855196915,7.747899855196915,14.158664344954216,5.91722264491789,5.91722264491789,7.747899855196915,6.424235313732452,300-600
cdc60a53,3,5878,-1,29b24409,360.21565610026494,29b24409,359.6791057206281,0.06574563417957756,29b24409,1,8.315926094659538,119.06066081973422,7.6254758775812155,5.5712749200681495,5.5712749200681495,5.57110069282113,7.6254758775812155,7.6254758775812155,5.5712749200681495,5.5712749200681495,300-600
ce55ba43,1,4104,-1,5567d551,366.8413417267981,5567d551,1326.868048384909,0.6999107596053376,05a0ee4d,3,14.30444944852245,79.2373333330803,5.982455955002248,62.36581375511733,62.36581375511733,1.912950535550318,5.982455955002248,5.982455955002248,5.982455955002248,18.331461438657254,>600
ce8399b7,0,1615,1,511e1db0,0.031622776410252254,511e1db0,1101.0159238175945,0.7377586465302806,a783cc24,5,3.363562739626084,42.06309953850594,7.850406095952217,67.92918573832657,67.92918573832657,1.2342804022801346,7.850406095952217,7.850406095952217,7.850406095952217,5.349018214185585,>600
cf50c9d1,1,4858,-1,d41beaf2,359.29487082329445,d41beaf2,357.7506893073981,0.1873322756668895,d41beaf2,1,31.56819712560828,101.61228638273668,18.830707515478505,4.178665721754266,4.178665721754266,6.135445440839372,18.830707515478505,18.830707515478505,4.178665721754266,4.178665721754266,300-600
d00e7eb9,1,5704,1,a0383629,3696.380700590755,a0383629,3649.1991484052296,1.6162421766885924,a0383629,1,7.907003476643952,108.5534205786252,17.723112613095807,6.362743209116558,6.362743209116558,7.799783013622854,17.723112613095807,17.723112613095807,17.723112613095807,6.362743209116558,>600
d011f41b,3,2267,1,a4f989c2,0.0,9b5b61c1,1520.4251585659038,0.37683456526914066,dd6bc5b2,4,10.86185548345431,45.066974623556774,8.88184804478086,55.130430777760864,48.72484336034814,7.312382395874178,8.88184804478086,8.88184804478086,8.88184804478086,25.133955759115985,>600
d07aed8f,1,2957,1,2e63d9de,2972.0560216119648,2e63d9de,2655.699210095167,15.292999195557684,8c8348e8,3,5.402411556483793,20.187948269360298,12.894701881633285,53.46139646127604,53.46139646127604,33.006057989671696,12.894701881633285,12.894701881633285,12.894701881633285,9.594655589064189,>600
d085e611,1,6191,1,efde6ac3,0.0,efde6ac3,814.6370294799458,0.1566399556771836,796dbd4c,4,10.083729659420946,140.1904752835121,6.668801141706056,34.523459171513196,34.523459171513196,19.455053989410672,6.668801141706056,6.668801141706056,6.668801141706056,6.240345029098244,>600
d0a0e7b5,1,3816,-1,add9c322,368.87235136306947,add9c322,356.621182134817,0.16038029559189812,add9c322,1,11.676903707262621,66.07742125044633,3.4804863324276814,7.915940195818779,7.915940195818779,5.878793781550711,3.4804863324276814,3.4804863324276814,7.915940195818779,7.915940195818779,300-600
d0a43760,1,4041,1,9efc812e,1122.3780762291308,9efc812e,1126.114064885635,0.5195391581146025,9efc812e,1,4.249353040412356,22.40251113872025,22.915917719417784,2.890396027348939,2.890396027348939,3.449311573933878,22.915917719417784,22.915917719417784,22.915917719417784,2.890396027348939,>600
d0cb63ae,3,5223,-1,fb73b13a,803.3497681580396,8995c945,655.5432323082515,2.1103162594200144,fb73b13a,4,19.937391369771746,186.78224378642653,12.47021515509417,28.955935964014706,55.81535357003207,11.961392029843045,12.47021515509417,12.47021515509417,12.47021515509417,28.955935964014706,>600
d114d9c2,3,6206,-1,20402d71,559.3001192559593,82fcf37c,524.492168986487,0.10885747107317363,82fcf37c,1,7.69852853923108,71.92829366159533,15.491577372335222,7.671048296092958,5.14287192520618,3.925974624002182,15.491577372335222,15.491577372335222,5.14287192520618,5.14287192520618,300-600
d1457cc5,3,6920,-1,7ff89f8f,1701.7965198281022,7ff89f8f,1647.5892836943015,0.40906036344066077,197f8a5a,5,8.115732473647405,94.0002936941971,7.506461525532941,26.11415302127967,26.11415302127967,22.414931621475567,7.506461525532941,7.506461525532941,7.506461525532941,24.81176715665624,>600
d1ecf309,2,6168,1,cbb406b5,903.6436258284347,cbb406b5,853.52196181508,0.269545358755329,cbb406b5,1,9.37828460834895,114.17161445989328,10.568938762955527,6.228312838572826,6.228312838572826,4.260213766459782,10.568938762955527,10.568938762955527,10.568938762955527,6.228312838572826,>600
d1ee630d,2,6290,1,a622ce4d,335.5021414237607,a622ce4d,338.2690976297238,0.041186080120289695,a622ce4d,1,12.219780010195931,163.79442124466522,10.803768063557081,6.416406746565944,6.416406746565944,6.244986504292631,10.803768063557081,10.803768063557081,6.416406746565944,6.416406746565944,300-600
d217e0c5,3,3838,1,0498acab,2162.020542224536,0498acab,1922.2346616374427,1.932130760665422,1619e2ca,2,5.20363871867946,72.01079649091427,2.755410447184864,9.89796923831673,9.89796923831673,8.811928275779698,2.755410447184864,2.755410447184864,2.755410447184864,5.447095236961742,>600
d24ff243,1,5641,1,7d50373e,684.6605454528889,203721ab,712.6297339503435,0.13182065179289046,7d50373e,2,3.584579952704873,62.436513422432476,13.999608757990416,3.497007065834805,7.656057358658143,8.427973950089719,13.999608757990416,13.999608757990416,13.999608757990416,3.497007065834805,>600
d273674e,2,3899,-1,84815d5a,669.5999326460815,84815d5a,702.3520092520325,1.1193596413371443,84815d5a,1,3.400366201632784,57.222646856241134,8.510122631014568,4.300637407471256,4.300637407471256,7.977415837988852,8.510122631014568,8.510122631014568,8.510122631014568,4.300637407471256,>600
d2f3b1ab,2,5581,1,f9fc81aa,706.358915708153,f9fc81aa,690.965399656446,0.14772452324293495,f9fc81aa,1,17.357707330254247,98.21780299149428,11.402741788987257,3.1827027172466855,3.1827027172466855,2.9022771706859136,11.402741788987257,11.402741788987257,11.402741788987257,3.1827027172466855,>600
d3df146b,0,5787,1,95b559e7,3808.7990181290074,95b559e7,3791.1756464075193,0.058424505821093,08fecf00,3,11.69933929625434,82.6424783787995,11.5595264679433,55.65461189831033,55.65461189831033,39.34798490592656,11.5595264679433,11.5595264679433,11.5595264679433,8.5370255128675,>600
d40f61d5,0,4039,1,f03f10fe,380.84932781862864,f03f10fe,352.46417016492205,0.6544624599484815,c6c96179,3,4.553018133859985,71.12611720354568,4.081178798571104,10.788034473114095,10.788034473114095,12.377269669893888,4.081178798571104,4.081178798571104,10.788034473114095,5.096535603945661,300-600
d41beaf2,4,4753,-1,cf50c9d1,359.29487082329445,cf50c9d1,357.7506893073981,0.1873322756668895,463c38f2,2,16.335502961206803,104.39300647094079,10.065239478502116,4.178677210041085,4.178677210041085,6.023746657645971,10.065239478502116,10.065239478502116,4.178677210041085,3.8622830247400257,300-600
d463e527,2,4767,1,a3518960,627.5122335062255,a3518960,614.9700742953625,0.43632767606746004,a3518960,1,8.591154291112087,94.64219958424226,10.143614971123469,6.74515788428765,6.74515788428765,9.15414596663269,10.143614971123469,10.143614971123469,10.143614971123469,6.74515788428765,>600
d4f60a28,2,4501,1,e5864244,410.59107272314185,c07fd0cd,400.830173015731,0.2801999808332715,e5864244,2,6.183126130423007,97.34012804784751,11.968514954312894,9.561324398111244,10.07556306741914,11.494322726604842,11.968514954312894,11.968514954312894,10.07556306741914,9.561324398111244,300-600
d50c649a,0,4873,-1,43b06c70,459.36013279337294,43b06c70,479.0437555170922,0.4493203508150434,4cd1ac61,2,6.81996221614117,135.1823028400875,8.629643735657831,12.27573089886177,12.27573089886177,11.831554027945359,8.629643735657831,8.629643735657831,12.27573089886177,7.004572801937727,300-600
d543916f,4,4799,1,3aaa2b30,329.1842318518888,3aaa2b30,485.7746500436602,4.437777990240388,3aaa2b30,1,10.200221672654065,84.35551976989558,13.253409598594006,18.182633589249523,18.182633589249523,19.811477841425503,13.253409598594006,13.253409598594006,18.182633589249523,18.182633589249523,300-600
d5df0ff5,4,4032,-1,12203f2a,2783.048012413519,12203f2a,2290.9222961288283,14.748092973425413,e4726608,5,16.351335751344372,86.23950149801381,6.3556624157083075,13.8309937296041,13.8309937296041,9.86977407807179,6.3556624157083075,6.3556624157083075,6.3556624157083075,3.0873766712123665,>600
d60430e6,3,2511,-1,30d75030,1594.0770253973608,30d75030,1289.0928741779728,14.956900859454697,d0a0e7b5,4,7.849172504180856,52.13780750440124,5.256567956104321,24.814013108107446,24.814013108107446,8.417658647198767,5.256567956104321,5.256567956104321,5.256567956104321,14.944667552302526,>600
d63196fe,3,4510,-1,9ffce529,607.8302565684293,9ffce529,521.388656177209,0.23585494320340353,ad2133a8,3,19.525114489586926,62.48660953425536,25.867007699084045,20.159677992576807,20.159677992576807,7.90191334992971,25.867007699084045,25.867007699084045,20.159677992576807,18.06856198909964,300-600
d6c320d9,1,5452,1,d2f3b1ab,1432.527403751718,d2f3b1ab,1457.2129888808447,0.7812558612986893,eeed308d,5,11.20598215508914,82.67475154812045,10.679839528053467,16.308782063365243,16.308782063365243,13.429172899249522,10.679839528053467,10.679839528053467,10.679839528053467,14.775082158730081,>600
d6dd7330,4,6193,-1,b38e3116,143.3975205507794,b38e3116,166.17645417529462,0.03365423351626423,b1efb8a4,2,11.822832979899944,102.72430495222987,11.529850625650088,8.874268143603523,8.874268143603523,9.091451729083447,11.529850625650088,8.874268143603523,8.874268143603523,6.586983146931915,150-300
d7ba4f9d,0,6023,1,f321a31c,597.0786732922644,f321a31c,701.8552965533427,1.7676901191621988,f321a31c,1,5.098116159708834,171.0450803317504,25.924895893922457,36.84267654790642,36.84267654790642,23.39857233568983,25.924895893922457,25.924895893922457,25.924895893922457,36.84267654790642,>600
d7eb0be8,4,5401,-1,03a935ae,1391.4420092118592,03a935ae,2477.774764017166,16.781602339054803,03a935ae,1,32.82610912419109,66.78741922397317,27.31019055817507,21.66561156844226,21.66561156844226,25.33898958020405,27.31019055817507,27.31019055817507,27.31019055817507,21.66561156844226,>600
d84b621b,0,3994,-1,10a1281a,837.9777195725485,10a1281a,825.001442140308,0.8445484738382278,368fe682,5,21.82037371732548,73.23521283729589,7.612328574978119,38.525869316652795,38.525869316652795,12.627062171130424,7.612328574978119,7.612328574978119,7.612328574978119,31.574999357136463,>600
d90aa14c,1,10018,-1,44a94013,6263.138997379765,44a94013,8529.548539051057,4.812394614112883,5305524b,2,11.994352891576652,175.17611713439743,7.203829143990818,81.99841472265237,81.99841472265237,60.05614789702651,7.203829143990818,7.203829143990818,7.203829143990818,69.05329462281453,>600
d924e971,3,3184,-1,1aaf1da0,830.8068731660837,1aaf1da0,786.7102526096967,0.2721628987875735,a79fd2e7,4,32.7702837302337,101.53854650423796,26.044063672118007,23.206174428022834,23.206174428022834,20.594548310184333,26.044063672118007,26.044063672118007,26.044063672118007,8.284949701993808,>600
d9ae59b2,2,3648,1,e7818f7a,1123.8664632863774,e7818f7a,1002.669664933157,3.1071847295771047,e7818f7a,1,5.0470807715641435,102.12352896562832,9.092697507315297,46.906024317338904,46.906024317338904,7.9806896879101465,9.092697507315297,9.092697507315297,9.092697507315297,46.906024317338904,>600
d9d6d94d,2,4919,-1,67a8da4a,607.3797504856137,67a8da4a,532.4637127658057,0.63519166747242,67a8da4a,1,9.3857291463184,95.17642613978809,9.094211843306828,9.220152518124268,9.220152518124268,9.356338852504974,9.094211843306828,9.094211843306828,9.220152518124268,9.220152518124268,300-600
d9eca87b,1,6373,-1,bf70b410,589.1740290439317,bf70b410,537.837932009212,0.5307046817364955,bf70b410,1,26.443315428754445,82.44615566078123,31.073136771035937,7.767768487222958,7.767768487222958,7.774108923798566,31.073136771035937,31.073136771035937,7.767768487222958,7.767768487222958,300-600
da2d4d7c,0,2114,1,2ab29395,419.007224042881,2ab29395,377.8312561183394,0.3246706166593164,2ab29395,1,3.5771941153487132,34.9910877840929,12.781231933607577,6.334998138617588,6.334998138617588,4.48491440692786,12.781231933607577,12.781231933607577,6.334998138617588,6.334998138617588,300-600
da3bfe4e,1,5549,1,eac10e86,1018.2096808124417,eac10e86,919.3297075543957,0.737445277406798,eac10e86,1,30.20824343453741,75.89021566714769,17.222223023218987,9.667253426629363,9.667253426629363,15.341939086570479,17.222223023218987,17.222223023218987,17.222223023218987,9.667253426629363,>600
da3cf798,1,5844,-1,fc0d20b2,1963.521146130245,fc0d20b2,1043.4025482525176,0.41463095406813144,c03b9305,5,16.905110806271015,147.12951113974373,14.750857556072315,47.436350359826484,47.436350359826484,26.33283893576211,14.750857556072315,14.750857556072315,14.750857556072315,30.839464251112787,>600
da940160,2,5132,1,4ed93db6,557.2799587278695,4ed93db6,378.5298406005096,0.28378453461434816,992c99e8,2,11.224828130654686,78.02144944600535,7.546013684647366,4.754029582651811,4.754029582651811,3.66846534362744,7.546013684647366,7.546013684647366,4.754029582651811,4.092467849708485,300-600
dafc88c3,2,5572,1,b19b0395,421.0089832771405,b19b0395,385.4524374823584,0.5209520447960926,203721ab,2,6.877339398362787,51.34952614800516,24.309538666154715,14.836959701168364,14.836959701168364,12.061417781720913,24.309538666154715,24.309538666154715,14.836959701168364,8.074923805359001,300-600
dbee6c86,1,7369,-1,9bd2bba3,256.6999238413688,9bd2bba3,351.4148243639947,1.5047856731255955,b5aa9634,3,4.395928954072107,145.9602140204769,5.455051139765117,11.30201770790421,11.30201770790421,12.304244360580489,5.455051139765117,5.455051139765117,11.30201770790421,5.5864720850677205,300-600
dc5fbe29,1,5203,1,90386ee4,18015.206150807517,d2f3b1ab,18012.822908996124,6.3253676799853045,90386ee4,4,7.9201039214922035,81.55478194043238,7.408463150552131,5.433549975238822,21.347043325627652,14.911359582844375,7.408463150552131,7.408463150552131,7.408463150552131,5.433549975238822,>600
dc7da28f,1,4774,1,ec0d597b,1745.5155008476943,ec0d597b,1750.948689442205,0.150392864927966,ec0d597b,1,10.223244436669471,54.56355688829021,22.80058968385633,11.221543820990023,11.221543820990023,12.817549267668808,22.80058968385633,22.80058968385633,22.80058968385633,11.221543820990023,>600
dc7f9757,1,4360,1,09ec2ca9,825.6041332866565,09ec2ca9,1219.952605309243,0.5592915468083725,09ec2ca9,1,9.810154572145091,60.550938432601335,5.758102793255071,32.10012746994977,32.10012746994977,8.017043414793227,5.758102793255071,5.758102793255071,5.758102793255071,32.10012746994977,>600
dd168de0,2,3304,-1,940e709a,384.0521372158692,940e709a,398.5372299106834,0.41106367624818163,940e709a,1,2.9913571830542716,87.28594221305346,5.747734547545122,5.685068302908077,5.685068302908077,4.655950337709797,5.747734547545122,5.747734547545122,5.685068302908077,5.685068302908077,300-600
dd64382d,3,3124,-1,8b5be31b,827.4156890583515,10be2420,1187.3633319928201,1.1917860098259547,97cd5bf9,5,4.262126959206316,76.4514115455358,3.0738994935556043,68.13749907793144,11.826658965614223,7.896192371597758,3.0738994935556043,3.0738994935556043,3.0738994935556043,3.0233282785681213,>600
dd6bc5b2,1,3602,1,a4f989c2,2669.134310239558,a4f989c2,2057.4085605742525,3.1234621640449736,a612d5a0,4,11.780956097388067,70.06278776695856,6.080013720006634,30.12160795757324,30.12160795757324,4.39091529074539,6.080013720006634,6.080013720006634,6.080013720006634,16.049675969827778,>600
dd7d638e,0,4301,-1,5cdd8dbc,477.3293424880024,5cdd8dbc,558.1338522477628,0.10004524157204027,95c8427f,3,6.017680647613085,81.30467099939304,2.402338756474081,11.834575896432812,11.834575896432812,7.111531116420812,2.402338756474081,2.402338756474081,11.834575896432812,4.426280831937344,300-600
ddc790ff,4,4726,1,a6ed2eff,474.7244632417996,a6ed2eff,426.73997254863434,0.03421483057038495,c908edd0,4,5.724817380990974,74.95735094467679,2.6256574674795443,12.344549319151072,12.344549319151072,5.6172776944492195,2.6256574674795443,2.6256574674795443,12.344549319151072,4.675619125085407,300-600
df71d1ff,3,6228,1,b7cdcecb,635.3029919652345,b7cdcecb,622.7258915446429,0.3919478540513975,6d1d74e1,2,12.742621639442314,166.92219323792702,32.220232347023185,19.95545445699135,19.95545445699135,18.539657803757233,32.220232347023185,32.220232347023185,32.220232347023185,15.054281211215557,>600
df73b8f3,1,5311,1,c70c0e01,929.0873980955225,c70c0e01,1374.2088866417841,0.5397814410549111,c70c0e01,1,15.617554195793542,121.0924796527437,17.639014088000444,25.145807591075513,25.145807591075513,13.756095720065915,17.639014088000444,17.639014088000444,17.639014088000444,25.145807591075513,>600
df8290be,1,3972,-1,a692b17e,312.28964712276803,a692b17e,382.1266323627257,0.9568106235990377,a692b17e,1,13.009724784668556,71.9453260223023,11.840120758196944,9.288477118483703,9.288477118483703,6.645783144992612,11.840120758196944,11.840120758196944,9.288477118483703,9.288477118483703,300-600
e0079ed1,3,3471,1,684a6fc1,4546.98712947362,15e154a1,5806.437123376487,1.1658273035255549,15e154a1,1,8.069511840769099,83.762914299049,7.250735962200023,47.17252606424387,5.938599791547028,37.818535025083214,7.250735962200023,7.250735962200023,7.250735962200023,5.938599791547028,>600
e03b45fd,2,5342,-1,9ae248be,353.6971824881852,9ae248be,372.07409820253764,0.36406268652609125,9ae248be,1,15.75182643192855,171.3759795410823,9.510732702076472,11.287531929935744,11.287531929935744,9.872467693738836,9.510732702076472,9.510732702076472,11.287531929935744,11.287531929935744,300-600
e0f36d98,4,4976,1,3a86fe8d,488.51025987168305,3a86fe8d,607.3361382296629,3.7386043750023394,1a730ac2,3,14.253156162438394,75.70074463520116,7.861989356434105,16.85911947985985,16.85911947985985,14.91476188297098,7.861989356434105,7.861989356434105,7.861989356434105,8.072864514102905,>600
e149204f,1,6097,1,f8afa78a,1163.399354349208,df71d1ff,1174.7970825115137,0.15418558785089234,729e9750,3,4.546152895643239,125.09644146168611,5.621766154978968,12.929965072704285,42.26521425004756,39.07452008968831,5.621766154978968,5.621766154978968,5.621766154978968,10.564793515417291,>600
e14d641e,3,3184,-1,764072a5,339.4394278804513,764072a5,394.02347333501797,0.1535437113405593,764072a5,1,6.820600870242808,52.271446371598294,5.464766174687516,4.519325926074157,4.519325926074157,2.212959297073078,5.464766174687516,5.464766174687516,4.519325926074157,4.519325926074157,300-600
e161bd0c,4,2949,1,c2c6fc71,868.8742239243091,c2c6fc71,2646.251157883287,0.6531977669340648,2b547943,4,4.33499689746737,47.04438660658831,4.952517123885906,65.24163162044258,65.24163162044258,4.415130858975694,4.952517123885906,4.952517123885906,4.952517123885906,2.7337616962991733,>600
e201fd6d,3,5070,-1,58850d2c,1685.1002034600397,58850d2c,3020.5888956168214,32.18105129314169,1bcb2fcf,4,16.371250707380042,84.97697344073775,11.015708194058739,55.33690630101076,55.33690630101076,54.75631740808254,11.015708194058739,11.015708194058739,11.015708194058739,9.629039387310597,>600
e25f1537,1,3177,-1,c03b9305,4626.160340033445,c03b9305,4770.649336568362,4.792230119365133,ef04658e,4,13.005049007414012,91.99465963342769,8.841439440821176,25.14629876381948,25.14629876381948,6.015722431066381,8.841439440821176,8.841439440821176,8.841439440821176,6.015460116845509,>600
e2fc7745,2,3692,-1,12203f2a,376.994355395574,12203f2a,505.3536081794023,2.88142052870049,4c3168cf,5,13.341394284804746,82.77246074821836,5.529210026788077,10.171809426400275,10.171809426400275,4.124501233840733,5.529210026788077,5.529210026788077,10.171809426400275,6.485371557665817,300-600
e32da4ec,4,4689,-1,a0e92ed6,172.1735246780655,a0e92ed6,246.84328292213377,0.4830714004550995,e4726608,2,10.850139553093255,83.63766768540333,6.2797138245970805,14.643529262621563,14.643529262621563,11.980537971360182,6.2797138245970805,14.643529262621563,14.643529262621563,4.896757712117349,150-300
e3b34f5b,2,5455,1,35b30c7f,431.7470677375699,35b30c7f,1807.0908532015237,0.09616947403814312,a7fc3e6b,4,10.347045761247115,103.86737835721644,9.066648178884765,94.41199495706543,94.41199495706543,6.420048696172224,9.066648178884765,9.066648178884765,9.066648178884765,14.223494400982377,>600
e45a2a62,4,5007,-1,c9578d27,706.5605967643362,c9578d27,736.5374391780778,0.4744849274654392,c9578d27,1,19.872920518687707,110.94707114379484,20.501751267646394,3.0988982698635206,3.0988982698635206,10.616896409727744,20.501751267646394,20.501751267646394,20.501751267646394,3.0988982698635206,>600
e46f4ef4,0,7195,1,3e678ea7,457.23884885224845,3e678ea7,457.23884885224845,1.432425525805944,3e678ea7,1,4.926550809338883,79.89360537858572,16.22297174328596,3.954522098585325,3.954522098585325,6.887130549033539,16.22297174328596,16.22297174328596,3.954522098585325,3.954522098585325,300-600
e4726608,2,4733,-1,4c3168cf,299.1875868079992,4c3168cf,189.3833661889117,0.6322278436123617,e32da4ec,2,6.271487164710907,85.69177388684352,4.002935731504965,8.498088787711728,8.498088787711728,5.999463799197125,4.002935731504965,8.498088787711728,8.498088787711728,4.896715078228724,150-300
e5864244,3,4469,1,d4f60a28,410.59107272314185,d4f60a28,423.8584422303172,0.7422253874406896,d4f60a28,1,26.806032670999695,91.92963636147539,6.761969328979785,9.561327780055002,9.561327780055002,9.277413925869057,6.761969328979785,6.761969328979785,9.561327780055002,9.561327780055002,300-600
e5c92e59,3,4295,-1,3a0af893,1025.2633320272487,3a0af893,1115.0786480895974,0.10260459955497053,5f6756c5,3,7.71135994039849,120.6786522651213,11.244751443164395,39.3766160822834,39.3766160822834,24.09015660082744,11.244751443164395,11.244751443164395,11.244751443164395,20.771041293308695,>600
e5ff9fd2,4,2354,-1,61f27424,4906.441673269819,61f27424,3063.41916181929,6.633496778260889,61f27424,1,8.891230852152741,44.4418733502757,5.963661024912052,74.29940153142303,74.29940153142303,4.779319430901344,5.963661024912052,5.963661024912052,5.963661024912052,74.29940153142303,>600
e6c55748,1,4472,1,5a5d1982,892.0634489765226,5a5d1982,741.5986885773483,0.345544033987396,5a5d1982,1,9.397103554297912,73.24689330477659,10.603659074464918,2.976349524995474,2.976349524995474,10.898060332333076,10.603659074464918,10.603659074464918,10.603659074464918,2.976349524995474,>600
e730c32b,4,4728,1,9b9e3b49,1458.4224636571782,9b9e3b49,1375.916433583889,0.43164940264097973,bd4ae5da,2,11.654671854511827,106.20947546769992,13.366884261271608,21.655483863368577,21.655483863368577,13.255811630526408,13.366884261271608,13.366884261271608,13.366884261271608,8.445561591999196,>600
e737965a,4,5955,-1,91abc4c7,361.8562351268327,91abc4c7,343.31116695081874,0.3088845502614814,fb3848a1,2,9.897022674368223,110.41528044767767,12.363049914868265,5.305944132871427,5.305944132871427,3.669386169572893,12.363049914868265,12.363049914868265,5.305944132871427,5.187373932485026,300-600
e748dd88,3,4812,1,5138a660,5264.891196757957,5138a660,5401.24910077739,16.20471137615713,91db7070,3,4.989931749983482,62.64871265110931,6.355236539094729,22.835423024197414,22.835423024197414,43.917073280675645,6.355236539094729,6.355236539094729,6.355236539094729,10.613716737372256,>600
e7818f7a,3,5371,1,0dc5e64d,515.416979541718,0dc5e64d,343.43727247506865,0.8250927886712554,0dc5e64d,1,6.312633342217896,148.38212914981946,13.633099411873042,26.403914427374495,26.403914427374495,20.532352264604196,13.633099411873042,13.633099411873042,26.403914427374495,26.403914427374495,300-600
e7c36e81,3,3531,-1,e97032ad,0.0,e97032ad,129.07112039610163,1.478708139484543,62a6f539,2,7.349841849963589,64.58400247310601,11.830721925563328,4.8149375788764655,4.8149375788764655,4.833144625657626,4.8149375788764655,4.8149375788764655,4.8149375788764655,1.5560465882334151,<150
e7d0c1de,1,4711,-1,593876b6,233.88218080880287,593876b6,193.8111615240034,0.2413918292565227,593876b6,1,6.860255388151551,91.3899162554936,6.983763834478576,4.644128471933607,4.644128471933607,2.446532152091581,6.983763834478576,4.644128471933607,4.644128471933607,4.644128471933607,150-300
e85074c5,4,5675,1,aee6393a,407.05073455280007,56b00794,406.47775415757803,0.2146114754722532,56b00794,1,11.347685731962262,58.54209357015671,14.05899064844682,12.439636150519037,7.96180579657882,5.909753868321418,14.05899064844682,14.05899064844682,7.96180579657882,7.96180579657882,300-600
e97032ad,1,3530,-1,e7c36e81,0.0,e7c36e81,129.07112039610163,1.478708139484543,a85bb86f,3,11.959144677460708,69.02588942188018,3.7381310336816345,4.8149372873355105,4.8149372873355105,4.832843323472146,4.8149372873355105,4.8149372873355105,4.8149372873355105,4.543850166215688,<150
e9949a23,2,4559,-1,58fa8486,514.0905092489832,58fa8486,605.2898614919532,2.2353290462780078,5254b6db,3,11.580872171010277,68.30614187344727,13.305009593894125,9.277235453306071,9.277235453306071,10.506410968599495,13.305009593894125,13.305009593894125,13.305009593894125,8.263180163078436,>600
ea0b99b7,3,9239,1,96ae5806,256.626363610621,96ae5806,393.5546074564284,0.2066682646300324,96ae5806,1,12.15975654126152,176.19084080115144,6.749080199453207,20.22633122311872,20.22633122311872,9.692793363448986,6.749080199453207,6.749080199453207,20.22633122311872,20.22633122311872,300-600
ea3a0e38,4,10052,1,684a6fc1,830.2331278020066,684a6fc1,880.8612867992308,0.12701215382665937,684a6fc1,1,9.232672132138228,138.15704160046332,11.441874262391837,9.825189865353488,9.825189865353488,7.076703977574012,11.441874262391837,11.441874262391837,11.441874262391837,9.825189865353488,>600
ea41324e,0,5025,-1,f56d3ace,572.4501865665444,fd8f77fa,507.3006569086715,0.05279729344385069,f56d3ace,2,5.294230079936561,86.58687063974631,8.040747866504004,3.4618955828028435,13.654421511752632,8.094929033641314,8.040747866504004,8.040747866504004,13.654421511752632,3.4618955828028435,300-600
eabc711b,0,5348,-1,8b12bab6,595.3424289430268,8b12bab6,655.1027864387227,1.5656170395500122,8b12bab6,1,11.698478022871637,68.9917598252475,14.591614762335192,14.619541770693747,14.619541770693747,16.014823564538517,14.591614762335192,14.591614762335192,14.591614762335192,14.619541770693747,>600
eac10e86,3,6067,1,c50b42f6,399.15390327528434,c50b42f6,403.6324799403883,0.5473586287531824,c50b42f6,1,5.617579051148656,67.3643415669739,6.325335853201958,5.004220045969285,5.004220045969285,4.634065365290952,6.325335853201958,6.325335853201958,5.004220045969285,5.004220045969285,300-600
eafb863e,2,3568,-1,8255c867,317.4840476305721,833af382,343.8816518805328,0.7480031581304624,8255c867,2,13.457858083605023,44.586317174713095,7.20514102476649,4.0059844338552795,8.218513700342475,8.861836630097354,7.20514102476649,7.20514102476649,8.218513700342475,4.0059844338552795,300-600
eb06a4e7,3,4535,1,c2717d4f,270.71448151153595,c2717d4f,231.64304746441232,1.8081694280087561,1550491d,2,9.669099026629615,93.32183964938618,8.11204458905278,14.595224484411029,14.595224484411029,11.72485555633844,8.11204458905278,14.595224484411029,14.595224484411029,13.691759149820946,150-300
eb640a35,3,6037,1,6ea22614,854.36367110277,6ea22614,786.9402508718752,1.8821688032737398,6ea22614,1,9.969896905690025,127.92391676748026,13.013358099063622,11.96521976706244,11.96521976706244,12.547017589422213,13.013358099063622,13.013358099063622,13.013358099063622,11.96521976706244,>600
eb934281,1,5971,-1,1b08ed48,349.0835408609295,1b08ed48,226.89482282560607,0.4001204566805889,1b08ed48,1,3.1374200876783114,86.1928026882389,2.349658316134881,2.6526584177130372,2.6526584177130372,6.5151323539658845,2.349658316134881,2.6526584177130372,2.6526584177130372,2.6526584177130372,150-300
eba6605e,0,4410,1,6d6d93af,6595.820084508034,d24ff243,4312.048067522231,84.99453179828875,dafc88c3,3,15.631712662756936,28.2658545677361,11.434990441949441,73.01095540980948,38.823828727017144,26.401524150328463,11.434990441949441,11.434990441949441,11.434990441949441,28.243600825986842,>600
ebe69318,4,4976,1,7d50373e,362.6121081818512,7d50373e,350.5981672163929,0.3746845566461229,b19b0395,5,4.825325809935079,66.35982703376348,5.9877993389182524,6.802985698637216,6.802985698637216,8.094020469664123,5.9877993389182524,5.9877993389182524,6.802985698637216,2.8425408518458823,300-600
ec0d597b,4,4616,1,dc7da28f,1745.5155008476943,dc7da28f,1750.948689442205,0.150392864927966,c50b42f6,2,16.44325138720608,64.59078037646105,18.54644700483658,11.221593664687466,11.221593664687466,12.477825641269764,18.54644700483658,18.54644700483658,18.54644700483658,10.923334923812941,>600
ec13af42,2,5462,1,cdc31d65,313.4176761127872,cdc31d65,419.08978918618925,0.8188941911066041,cdc31d65,1,10.906432170405786,71.93796783825061,9.328707299609857,7.7478686166318385,7.7478686166318385,13.965398211252225,9.328707299609857,9.328707299609857,7.7478686166318385,7.7478686166318385,300-600
ecdab904,3,6147,-1,9dede370,260.0473651088937,9dede370,199.35731639424554,0.7294844139531316,82aab6d2,3,16.918396989500764,136.4764423911226,11.261336880305805,14.551922687401875,14.551922687401875,11.825356856330169,11.261336880305805,14.551922687401875,14.551922687401875,7.467866524918247,150-300
ecdaf714,2,6592,-1,543198e8,1139.3580469720844,543198e8,1135.726147760547,0.3796330695069821,543198e8,1,15.351875762973165,173.893856740297,24.497863588262447,18.911353706686693,18.911353706686693,20.12702575019737,24.497863588262447,24.497863588262447,24.497863588262447,18.911353706686693,>600
ed6436d6,1,2945,-1,ab112491,2535.092644164979,ab112491,2877.84001053751,0.13407949080892226,b0f53bf4,3,1.6175417954726792,43.18173230612159,9.885654600353892,50.73992421190082,50.73992421190082,14.796490704949932,9.885654600353892,9.885654600353892,9.885654600353892,10.551558812818492,>600
ed6e6e54,1,6048,-1,b38e3116,246.15677971562016,b38e3116,205.50354021034596,0.14335661640119815,b38e3116,1,11.951935194527213,98.80935019744784,7.0348417510818235,8.379412523653592,8.379412523653592,9.77508225465852,7.0348417510818235,8.379412523653592,8.379412523653592,8.379412523653592,150-300
edf885a3,1,3117,-1,8050c789,794.1781821478551,8050c789,776.493558666639,0.5820132216173655,8050c789,1,12.288723348140039,62.017544420210136,7.101637297319885,10.199508191439541,10.199508191439541,9.766286094562176,7.101637297319885,7.101637297319885,7.101637297319885,10.199508191439541,>600
ee0300f7,0,4544,1,ac6f01d5,2419.3044621336458,3e678ea7,1414.123332457374,0.27093683316731554,2fa01aa6,4,25.680311432467565,46.52484399073905,19.229127589196825,30.03291325941007,36.74614418969682,9.722742203468247,19.229127589196825,19.229127589196825,19.229127589196825,9.99998629894869,>600
ee288beb,2,4638,1,9a6b0392,2455.859624001637,9a6b0392,2528.6422443315987,2.2362644423781695,1b82b665,4,27.522025330807587,77.69935248178655,31.416335869396736,20.073651482109074,20.073651482109074,26.416674586019706,31.416335869396736,31.416335869396736,31.416335869396736,14.095100656271407,>600
ee4aecac,4,5265,1,2ddad940,171.4618922675074,2ddad940,203.7965497745519,0.05133159249515521,f8662c22,2,10.778813139095936,93.38241659486965,13.840915000657702,10.75415471737882,10.75415471737882,9.07298002079581,13.840915000657702,10.75415471737882,10.75415471737882,4.955614601396387,150-300
eeda36f5,0,4797,1,c03d4aed,731.9068998854959,c03d4aed,712.1181912021525,0.22448355618676116,c03d4aed,1,5.470124457464137,106.93296527691554,13.791353784434067,8.340137176600148,8.340137176600148,6.725206116604183,13.791353784434067,13.791353784434067,13.791353784434067,8.340137176600148,>600
eeed308d,0,3899,1,a7744f5b,810.5256715242905,a7744f5b,715.3784548057934,0.38678185561127654,e6c55748,2,9.69013148078532,77.05905649995793,5.394235613518766,4.84173677375476,4.84173677375476,6.490311543704111,5.394235613518766,5.394235613518766,5.394235613518766,4.723220629261911,>600
ef04658e,4,4104,-1,94467f50,2128.1271025248975,94467f50,1853.6922664239721,6.691958240066802,c03b9305,5,15.448044048107809,91.560875756106,4.614113009179651,27.264783449601925,27.264783449601925,15.898591598466403,4.614113009179651,4.614113009179651,4.614113009179651,25.101254049111112,>600
ef8e3ed0,3,5224,-1,b7974e66,426.32537351180196,b7974e66,389.9472106726337,0.08680029883752614,b7974e66,1,14.635089490374893,78.44514447358394,5.801780355390095,6.345812068999507,6.345812068999507,4.794075140316011,5.801780355390095,5.801780355390095,6.345812068999507,6.345812068999507,300-600
efde6ac3,4,4559,1,d085e611,0.0,d085e611,814.6370294799458,0.1566399556771836,367456ce,2,10.202375669006345,105.7834463066084,10.56111895062482,34.52518043855065,34.52518043855065,5.630399250740942,10.56111895062482,10.56111895062482,10.56111895062482,21.39755265467183,>600
efe96181,4,4012,1,8c167025,2254.8621207074007,511e1db0,2702.08273704325,0.7219892412524203,511e1db0,1,27.539517372291407,103.89154037884093,20.572228791192153,20.207448479781192,8.46190166491519,12.79489586979961,20.572228791192153,20.572228791192153,20.572228791192153,8.46190166491519,>600
f0188a48,2,4170,1,9def2eb2,2607.5510804587,9def2eb2,2097.608923203048,18.40239924541451,23b9beb0,2,6.015986492439641,135.3658562227229,12.467407359900314,19.16134934761384,19.16134934761384,53.423298721015485,12.467407359900314,12.467407359900314,12.467407359900314,13.260312548757877,>600
f021b650,0,3739,-1,f5859199,1823.7940689122106,f5859199,2031.5036133861072,0.3188011445795615,5d11dfb5,4,6.684494210561717,108.59151857645094,4.300890229964781,68.85287419844494,68.85287419844494,16.56452612933004,4.300890229964781,4.300890229964781,4.300890229964781,28.020846159435173,>600
f03f10fe,2,4145,1,d40f61d5,380.84932781862864,d40f61d5,352.46417016492205,0.6544624599484815,d40f61d5,1,9.378929872264584,60.83302416192431,8.77307669614511,10.788033808849615,10.788033808849615,12.327208617685876,8.77307669614511,8.77307669614511,10.788033808849615,10.788033808849615,300-600
f053a1b9,4,4108,-1,77b0d905,480.587776998219,3584a6eb,468.21687325436255,1.1986789530981088,3584a6eb,1,10.028295659116962,60.24400535010247,12.456781515266204,12.772052832149429,5.547472052752323,9.961558399167421,12.456781515266204,12.456781515266204,5.547472052752323,5.547472052752323,300-600
f074d277,2,2453,-1,109d9d70,1275.1079860937534,109d9d70,1165.6652935302275,2.1616466967267094,5d7198fd,3,12.187719616802815,67.78342621034763,3.4848683857152674,42.340976829978864,42.340976829978864,7.369097159585725,3.4848683857152674,3.4848683857152674,3.4848683857152674,29.48335330776473,>600
f07d7037,3,5563,-1,1b08ed48,330.62028749000837,eb934281,240.59872095436808,0.2536141878023736,b7974e66,3,7.4960867974462735,80.04248408407784,5.9599775681564635,7.65807662855056,7.34310438522259,4.0997556255348195,5.9599775681564635,7.34310438522259,7.34310438522259,3.724868622853024,150-300
f08774c3,4,3900,-1,5254b6db,1133.7661251332354,5254b6db,1561.8661738446458,10.387673166317326,58fa8486,2,11.44575716149874,85.7815161926371,10.324357133179008,25.702212103322392,25.702212103322392,17.666094456866663,10.324357133179008,10.324357133179008,10.324357133179008,13.583384564846781,>600
f140c2fa,4,4082,-1,58fa8486,399.61762336014067,5254b6db,467.89623636003415,3.2832912067940048,58fa8486,2,13.3161842942989,75.24154854931447,14.377505599383523,2.7345000197907408,14.247190428910855,5.120040732206169,14.377505599383523,14.377505599383523,14.247190428910855,2.7345000197907408,300-600
f16e25e3,4,4651,-1,84633df4,2803.8902458548637,84633df4,2285.2653781342296,14.473374727667006,fae0c593,4,2.9647800324346743,78.08528866964907,4.661634991215781,53.66222206268359,53.66222206268359,44.7204811844446,4.661634991215781,4.661634991215781,4.661634991215781,26.738936774060143,>600
f2d4c8c9,3,6249,-1,20402d71,509.3614830353679,20402d71,521.8340732007398,0.23348930449647262,d9eca87b,4,4.229551942410153,96.84414629105576,6.51544688674292,22.816561469851823,22.816561469851823,23.452678731571986,6.51544688674292,6.51544688674292,22.816561469851823,20.46448763733632,300-600
f321a31c,2,5141,1,d7ba4f9d,597.0786732922644,d7ba4f9d,701.8552965533427,1.7676901191621988,df73b8f3,3,12.557281531880928,135.99523548612703,15.418716274782488,36.84293749392215,36.84293749392215,21.382265342402874,15.418716274782488,15.418716274782488,15.418716274782488,27.525965712297012,>600
f40cd091,3,5166,-1,368131f9,682.6095510614645,368131f9,670.8767190629835,0.174858709388788,368131f9,1,7.728760684292187,122.44067973642109,7.653107352140223,7.716091943076618,7.716091943076618,3.775125909041469,7.653107352140223,7.653107352140223,7.653107352140223,7.716091943076618,>600
f439a621,2,2821,-1,5aa403d0,418.81179376879686,4b462989,371.5933658678151,0.6477315836134335,940e709a,5,6.65613263851673,93.93343244468461,4.9500289694086606,9.138538375009782,4.223807362161292,8.818560451497595,4.9500289694086606,4.9500289694086606,4.223807362161292,3.4025403213698597,300-600
f49fdea3,3,5391,-1,f5859199,6341.727174839713,f88ddb26,4074.329600384478,135.034890141602,f5859199,2,12.40626946494166,145.4087662809022,19.28725823563613,32.44957331757143,191.97884428756748,197.20674079157146,19.28725823563613,19.28725823563613,19.28725823563613,32.44957331757143,>600
f4d12d23,0,3701,-1,9c8375f7,329.9413858554757,9c8375f7,329.9413858554757,0.014994899242460658,9c8375f7,1,16.062842467413066,39.98851812038721,15.60415493981342,6.815885932549533,6.815885932549533,6.546845702452515,15.60415493981342,15.60415493981342,6.815885932549533,6.815885932549533,300-600
f56d3ace,4,5432,-1,ea41324e,572.4501865665444,ea41324e,592.8917258752924,0.3906436177513086,ea41324e,1,6.90314793936432,86.38514809510855,12.03565380225591,3.461892248533179,3.461892248533179,9.477445959854089,12.03565380225591,12.03565380225591,3.461892248533179,3.461892248533179,300-600
f5859199,2,5790,-1,f021b650,1823.7940689122106,f021b650,2031.5036133861072,0.3188011445795615,c43812e2,2,15.921573253079503,176.23420551613404,24.170886412565533,68.84893675190429,68.84893675190429,39.37786479816003,24.170886412565533,24.170886412565533,24.170886412565533,33.42196621090397,>600
f5d8aab6,4,4444,-1,9719aa04,188.54877565237572,9719aa04,206.2699336429887,0.6977508817139851,4ddde4c1,2,15.698547978741031,86.4004317591559,9.699665241109551,24.39900841066127,24.39900841066127,13.738619445432501,9.699665241109551,24.39900841066127,24.39900841066127,4.717134686652444,150-300
f631da6e,4,4093,-1,a9c9b150,1227.783083325414,b0d42b0d,1212.462052292737,0.29242704339065684,a9c9b150,2,8.782664213746434,92.05780698387093,6.989139314334638,5.185141199774133,40.04518647178156,21.112003422048755,6.989139314334638,6.989139314334638,6.989139314334638,5.185141199774133,>600
f6824bb0,4,5015,-1,521a7819,371.3399311952208,18d24f7b,395.05272709648983,0.38505473776258636,b585b4fa,3,20.837423542758717,102.45290518573371,25.80072492181095,5.584594769711436,10.557795428660484,4.460265672624113,25.80072492181095,25.80072492181095,10.557795428660484,5.448084406957012,300-600
f6bc699b,0,3752,1,2364716c,794.3876208126484,2364716c,873.7727449858074,0.7585404441200223,7271dd80,5,10.622157035929634,67.79311770493773,4.881762873338804,27.328678810527386,27.328678810527386,14.212567416713547,4.881762873338804,4.881762873338804,4.881762873338804,16.406779029368746,>600
f6d009f4,3,6715,-1,8995c945,923.1149882869057,fb73b13a,525.2276878888856,0.040767071694303866,8995c945,3,47.03924865295554,251.15197298021326,45.54084776596711,11.448652609643514,38.05150171530717,21.33433413749064,45.54084776596711,45.54084776596711,38.05150171530717,11.448652609643514,300-600
f72b268f,3,6404,-1,19137a89,355.9682206320999,19137a89,355.9682206320999,0.15515778112456508,19137a89,1,12.93812397222547,140.85244962079472,12.831478747709053,17.992347759593603,17.992347759593603,16.00946100959007,12.831478747709053,12.831478747709053,17.992347759593603,17.992347759593603,300-600
f8662c22,2,5429,1,ee4aecac,671.4111236044935,ee4aecac,705.5339880464247,0.09971615204523088,ee4aecac,1,15.629207250700455,91.11015722946331,8.383006075854864,4.955619182405485,4.955619182405485,7.912870123644538,8.383006075854864,8.383006075854864,8.383006075854864,4.955619182405485,>600
f88ddb26,1,4990,-1,f07d7037,2889.623713530972,10b89021,3315.611839576052,172.88706646112186,10b89021,1,51.40308485650886,46.9318275309061,16.213819647632956,126.78720118197097,132.1764002597137,128.28998851323294,16.213819647632956,16.213819647632956,16.213819647632956,132.1764002597137,>600
f8afa78a,4,6032,1,43c7f85a,586.4069093216315,43c7f85a,647.6142018576479,1.0089139315358409,e149204f,2,14.720946843240096,113.58458727367415,9.78044888292476,13.291198145878367,13.291198145878367,14.411037788648764,9.78044888292476,9.78044888292476,9.78044888292476,12.929988399435075,>600
f8f59188,3,4807,1,fd3b4faa,483.4861487157053,fd3b4faa,511.3287706554225,0.30164002199165274,09ec2ca9,3,6.924261008500594,94.86907099774115,5.437210931658554,10.234748570735015,10.234748570735015,7.210031971910946,5.437210931658554,5.437210931658554,10.234748570735015,6.189107732210802,300-600
f9fc81aa,4,5598,1,3d96d897,334.5616363244416,3d96d897,338.8451530218662,0.06115281842355058,d2f3b1ab,2,8.639067487231838,100.45163300861685,7.883490366360185,5.260446280113812,5.260446280113812,4.39652170361877,7.883490366360185,7.883490366360185,5.260446280113812,3.1827010778290794,300-600
fa16d114,3,5686,1,3ac16ad0,539.8438361232352,3ac16ad0,553.2768804359519,0.18691014975834863,3ac16ad0,1,20.815118518803075,95.63937769175224,16.208487567051076,4.463801555173073,4.463801555173073,4.124905249447523,16.208487567051076,16.208487567051076,4.463801555173073,4.463801555173073,300-600
fa31da94,3,5027,1,63559d57,698.6623351092092,63559d57,625.4286313183526,0.27454174386431074,7cbbd047,3,5.188297076747949,142.44458118779733,14.659568318431868,29.974696354109728,29.974696354109728,14.616306153399798,14.659568318431868,14.659568318431868,14.659568318431868,5.524842823350594,>600
fa667be2,1,7296,-1,b5aa9634,242.7956383465895,b5aa9634,267.5299573876388,0.29715080386009285,b5aa9634,1,8.802015991385062,146.81771342793144,6.4305459268786365,5.314490238658882,5.314490238658882,5.726691066417277,6.4305459268786365,5.314490238658882,5.314490238658882,5.314490238658882,150-300
fae0c593,1,4403,-1,0dc835f3,255.6101695946187,0dc835f3,252.4488597276962,0.6501450361702072,0dc835f3,1,10.97095627674098,103.58692491043831,11.436052764626154,5.807761259143678,5.807761259143678,5.468264830721463,11.436052764626154,5.807761259143678,5.807761259143678,5.807761259143678,150-300
fb03ae90,0,6431,1,9a95e33f,403.2330538283594,9a95e33f,414.10723431950066,0.13987584690591087,5a63b5d1,4,42.88755217158539,41.67674262021321,33.73689157573086,50.16110032443347,50.16110032443347,49.79995023006543,33.73689157573086,33.73689157573086,50.16110032443347,16.624626886055438,300-600
fb0904bd,4,3181,-1,122bd617,3304.505525203467,122bd617,3984.5532246574926,0.26687217844836053,74b6186b,3,1.7987576836953807,70.61306868333723,9.301950675376396,28.784830583925917,28.784830583925917,7.591789189207516,9.301950675376396,9.301950675376396,9.301950675376396,9.522291937026527,>600
fb3848a1,0,5919,-1,91abc4c7,340.9805897702288,91abc4c7,367.62423099054416,0.17774142570250023,e737965a,3,9.958923975567506,113.10897946731703,6.209244402952072,8.624828882565298,8.624828882565298,7.580588980776595,6.209244402952072,6.209244402952072,8.624828882565298,5.187380513141966,300-600
fb73b13a,0,5640,-1,d0cb63ae,803.3497681580396,f6d009f4,525.2276878888856,0.040767071694303866,d0cb63ae,3,9.977934385041513,214.37757471712303,17.483764717002174,28.955497585088462,38.05200950103894,19.540432279058848,17.483764717002174,17.483764717002174,38.05200950103894,28.955497585088462,300-600
fba7683c,3,407,-1,4a8ecc0b,110.71120855667122,b1efb8a4,2449.8314004487684,2.0515081783831084,4a8ecc0b,4,2.555309739035002,4.017083727128687,16.57717927374026,86.0485477313496,92.89573461002442,3.6849668369840436,16.57717927374026,16.57717927374026,16.57717927374026,86.0485477313496,>600
fbd68d27,1,6829,1,1a518997,364.3586542130782,729f4217,466.4137674050535,0.11912771079669415,4fbe9c06,2,22.09543667740266,130.9861935537421,29.34956974958958,51.29980237396826,11.175328637900492,9.767961912490234,29.34956974958958,29.34956974958958,11.175328637900492,6.112934619647976,300-600
fc03f21f,1,4803,-1,9ad5410a,690.5217118239417,9ad5410a,461.13056898258685,0.029380638315380646,2d35f86d,5,12.90913373270699,122.72878417071794,8.548533770338832,8.33090062928538,8.33090062928538,9.176957440562616,8.548533770338832,8.548533770338832,8.33090062928538,7.5940269461707155,300-600
fc0d20b2,0,3954,-1,da3cf798,1963.521146130245,da3cf798,1043.4025482525176,0.41463095406813144,35b3ef6a,2,11.932087953866953,99.78062590424035,7.446161385204836,47.439328543945464,47.439328543945464,3.0238318620578317,7.446161385204836,7.446161385204836,7.446161385204836,5.086963822422067,>600
fcfcc902,1,2791,1,5aa03df7,5954.125749167756,5aa03df7,5590.965208264838,7.17337415944736,230eaaa3,4,8.80765155445474,39.77139415926354,6.609639719982421,44.443760585425345,44.443760585425345,7.515945945862643,6.609639719982421,6.609639719982421,6.609639719982421,37.27018640678048,>600
fd3b4faa,0,5022,1,f8f59188,483.4861487157053,f8f59188,511.3287706554225,0.30164002199165274,f8f59188,1,7.446926041471426,102.92016026284918,2.621716386156979,10.234698492041577,10.234698492041577,7.397848460725482,2.621716386156979,2.621716386156979,10.234698492041577,10.234698492041577,300-600
fd710aea,2,4217,-1,37d36812,250.79975279109343,37d36812,355.31858409020816,3.0983431261017036,77b0d905,4,7.203999750290396,66.18790113299256,5.762681643845509,10.366121365224348,10.366121365224348,8.167128188972745,5.762681643845509,5.762681643845509,10.366121365224348,8.68916585973699,300-600
fd8f77fa,4,5272,-1,512943b2,398.91244177143506,512943b2,392.9082508957875,0.30400449596962376,c1d046f4,4,27.415343744152285,99.91261990553755,11.735164202046558,11.724724240056418,11.724724240056418,7.205003796257389,11.735164202046558,11.735164202046558,11.724724240056418,6.485601396589287,300-600
fde20ecf,4,4667,-1,52f1e77a,345.96467984450373,52f1e77a,362.234404909334,0.09102732290461614,52f1e77a,1,16.31905728866344,58.64130589308009,12.530657798300457,5.355230382652758,5.355230382652758,6.4028228303721235,12.530657798300457,12.530657798300457,5.355230382652758,5.355230382652758,300-600
fdfd57da,3,5236,1,c96c018a,1065.1393602719163,c96c018a,602.6505309881198,0.47807752991976443,c96c018a,1,4.29522046585047,112.370932094448,7.513418391357108,12.577372652090492,12.577372652090492,17.7164327698308,7.513418391357108,7.513418391357108,7.513418391357108,12.577372652090492,>600
febb4411,2,4247,1,c07fd0cd,446.88439153739716,c07fd0cd,425.4592338104504,0.14569202084260133,c07fd0cd,1,13.027667980552959,89.48930821599593,20.28400613325422,5.609703643634448,5.609703643634448,5.785922325000371,20.28400613325422,20.28400613325422,5.609703643634448,5.609703643634448,300-600
fef8af96,0,3826,1,084d66f9,882.5499177384439,084d66f9,860.5515793123141,1.9328079818513324,a08d9e63,4,44.55173272632465,71.91594674758993,26.093218191756105,8.502888350269105,8.502888350269105,10.31364377205047,26.093218191756105,26.093218191756105,26.093218191756105,3.8443191170366773,>600
ff0aea78,3,3261,-1,000d7d20,286.35012432341506,000d7d20,400.3217158740419,0.17497377377057938,000d7d20,1,30.697786830378174,49.91305441200736,14.93710384878928,6.438780350001817,6.438780350001817,6.178283134499623,14.93710384878928,14.93710384878928,6.438780350001817,6.438780350001817,300-600
ff8bb73a,0,5927,-1,ab94878e,319.40318407927373,ab94878e,320.0489709109215,0.301917770471745,ab94878e,1,9.861864748200674,160.8162326023048,9.13160934770263,3.0889158764249816,3.0889158764249816,4.070946888740216,9.13160934770263,9.13160934770263,3.0889158764249816,3.0889158764249816,300-600
ffefef30,4,4570,1,3a223519,166.2024659867429,ae35f33a,163.06148666934138,0.09159360730383145,3a223519,2,7.035568765607176,98.13027059699859,14.36410213227348,4.117567036246312,8.377530580335941,6.046637881650081,14.36410213227348,8.377530580335941,8.377530580335941,4.117567036246312,150-300
