well_id,variant,rmse,neighbor_distance
000d7d20,last_known,7.221893742626154,336.07143243639024
00bbac68,last_known,9.873875900456378,573.452859178668
00e12e8b,last_known,8.515317529417171,358.5888527271412
015fe0d2,last_known,22.49292898850158,1013.760985637056
01869cd4,last_known,8.725093675980125,1176.4650194970675
01982c1d,last_known,6.444015576211192,191.99873437117506
028d7b28,last_known,5.524192149523712,151.19408354819515
02e7fe5a,last_known,6.976589027392513,403.9541430657916
0390d174,last_known,6.562575966612881,795.1002175827138
03a935ae,last_known,33.74987267286098,1140.9101816093412
044af7d1,last_known,9.467498411267483,381.9524421964513
0498acab,last_known,5.0270219917694865,1299.5734117390227
052d64df,last_known,2.5763748468302996,423.3095862365947
05948241,last_known,4.5047779256565725,410.300133195121
059c8f24,last_known,13.49571861391606,14366.681664006725
05a0ee4d,last_known,7.62615199414272,700.0830968536936
060ab2b8,last_known,7.5009516904828875,602.3081823287225
06df5958,last_known,2.7839344373257258,399.56064871311435
071d7b45,last_known,17.792566516819885,3327.346722961181
0849b4e2,last_known,4.5553713910264015,495.4477418458478
084d66f9,last_known,6.68136020865092,447.8991655493628
08fecf00,last_known,5.188596904718731,245.25083689983654
09053135,last_known,12.739574691928341,216.6619950521545
09441b8d,last_known,11.31139873669243,359.99967361097714
0955cd6c,last_known,7.851325381299905,318.9706146341819
09ec2ca9,last_known,5.124487687376416,401.262951815832
0a57a29c,last_known,6.320323268492627,318.4850972965528
0bbf5e67,last_known,16.27535099079907,1013.8024178800661
0be01c24,last_known,7.709324966358528,137.9538999087774
0c1b160c,last_known,6.3863981684143445,1291.5203184616896
0d99f8e4,last_known,8.264402691964646,707.8544942289337
0dc5e64d,last_known,12.815402157476504,506.0023519709952
0dc835f3,last_known,7.5309015479556765,271.9800773953144
0dd99dc5,last_known,6.066483045230473,212.8723302827778
0e5e560d,last_known,10.547151993824967,1802.71316256898
109d9d70,last_known,9.726137048000883,601.3040037286603
10a1281a,last_known,3.8497566639215224,259.82786936750915
10b89021,last_known,16.48740894445802,143.32038654694819
10be2420,last_known,14.114860993055874,367.80678759356687
113011eb,last_known,3.7949603825527634,504.6530242651169
1131525f,last_known,15.133606161499836,602.3081823287225
11d0f5ac,last_known,24.413966460245188,527.961960940447
12203f2a,last_known,15.947540792665556,222.64387572973524
122bd617,last_known,8.58208760877358,1337.2009330315439
125be846,last_known,19.61724482855275,333.40767852599134
1285a37b,last_known,6.366306583162443,116.65264034746481
1295a25b,last_known,9.32667922559391,627.5345540286303
12f0cd90,last_known,6.929333968080359,730.8351092416312
137d1e44,last_known,22.170753563628384,376.66404885550594
13ce113d,last_known,1.9388869365594052,2924.1969866614527
13f598d9,last_known,15.193590759043499,173.756853102472
14a53cb3,last_known,7.445423552713314,360.1114312264891
14ab73fb,last_known,14.658992735851882,5880.390701212142
14ad5efb,last_known,5.984355422566115,349.43053801881234
14fee784,last_known,15.858405794807442,229.67763539366513
153552f5,last_known,4.750787719348111,223.63873412288683
1550491d,last_known,22.12069188264179,267.33501454155584
155887bb,last_known,11.25272269290031,573.452859178668
1590af81,last_known,6.486681512365615,486.3790458070381
15e154a1,last_known,20.870433567088966,0.014142135801537968
1619e2ca,last_known,6.5449381779015985,2275.8459963055707
16e4a047,last_known,10.326591744727699,359.7980878213344
173ed841,last_known,16.811277310066934,186.19912996565864
1770d7c6,last_known,12.144895136831126,254.13939265668066
177622d7,last_known,5.002555122392892,144.32096590620765
18d24f7b,last_known,10.987791827791726,368.3130539364969
19137a89,last_known,15.715942788437738,354.9009227943209
1944513c,last_known,4.176938122995691,267.33501454155584
197f8a5a,last_known,23.106524624940707,641.7493299568013
19871e7f,last_known,5.990810503311972,120.12210995466528
198a5607,last_known,9.082322082196916,356.579276178597
19fb4f7b,last_known,6.812266541851441,262.43522877055324
1a518997,last_known,11.111305963205842,290.8560289903569
1a68190b,last_known,11.179057093693755,419.5604038751503
1a730ac2,last_known,18.65230178255766,1299.5734117390227
1aaf1da0,last_known,10.083910947009068,688.8492869273032
1b08ed48,last_known,12.839142825226357,325.73973230139205
1b1c5372,last_known,22.362980001901512,206.3415006729768
1b1eba53,last_known,72.62045447257235,2595.8521103100265
1b6ba517,last_known,6.298921399750439,1087.1387403638944
1b82b665,last_known,6.813773921879377,793.5279771371753
1bcb2fcf,last_known,6.500592960173523,241.2744074700797
1beca81d,last_known,6.1439560926917345,1109.0381692709161
1d3fbf02,last_known,6.047839245531532,139.0037157778544
1d78281a,last_known,10.008330330485107,306.6550519722231
1e30dedf,last_known,5.829610568688609,187.96062406782718
1e5e3573,last_known,11.256162619106517,318.9706146341819
1f9afacb,last_known,1.5312898505451011,498.8241670167924
1fdbba44,last_known,6.152249420065311,247.7797913470171
1fee2b62,last_known,8.698391314105564,1739.9960786447969
20096916,last_known,9.34012325404898,337.67082269574115
200d233d,last_known,13.104826778324279,759.8756656848515
201661b5,last_known,9.065817709947883,2362.543505334908
203721ab,last_known,10.018891651199862,692.5011844756903
20402d71,last_known,9.775210790487405,445.4000112259253
2043abc5,last_known,17.65060862281722,1231.8828054648518
204cc64b,last_known,6.713405936387357,186.19912996565864
206b6193,last_known,34.26292308538789,1530.9008428047455
2075c696,last_known,27.600369973405225,2924.1969866614527
22c5f93f,last_known,3.62322321897813,650.4307126820967
230eaaa3,last_known,24.201717222481705,577.4631237577566
2364716c,last_known,21.461610669862747,787.3228853526308
23b9beb0,last_known,4.310461804525307,4.370743643773057
24d8997e,last_known,5.593311387984736,151.3314550910953
25050f63,last_known,39.12259830000344,407.32922311093307
25939962,last_known,9.984313836322594,331.77885707214205
25fd32b3,last_known,3.026091246926897,486.70114659816613
261785ee,last_known,28.2956253958654,505.8362284376582
264feceb,last_known,9.860451980987866,311.6254009221986
26623a50,last_known,23.15626224684683,3734.0527192851346
26d3a96a,last_known,8.756072053771353,260.60118130957596
272abef3,last_known,9.987662767038266,464.24347803702034
27300fd5,last_known,17.61074288400606,116.65264034746481
276b012a,last_known,25.469009585173083,173.756853102472
27c3155b,last_known,18.32013429927541,180.5223191185996
27ebb9b9,last_known,10.381442930396386,262.80323609141846
283269ac,last_known,0.5781333041093248,423.3095862365947
28473855,last_known,3.278715248506015,6920.243263910821
28f4eda9,last_known,14.29910597496614,390.73295189910806
29b24409,last_known,14.286184790424269,159.65818143788346
29de15c8,last_known,4.1128908287043995,307.1572178868592
2ab29395,last_known,1.9698499175103947,849.9145147598321
2ac7cb6b,last_known,9.89436919903829,678.8027614853322
2acc78d4,last_known,11.307786222333611,585.503976844031
2b034622,last_known,7.620075259372555,582.3461373615888
2b06ad65,last_known,3.275207976695273,205.72764155580197
2b547943,last_known,14.935104137487553,388.32822817820374
2be5c96a,last_known,1.9124271620982372,784.9777304484786
2bff06cf,last_known,30.32794976995611,1259.987468191288
2c0c4a4e,last_known,7.510005681187722,821.9865294515896
2cee0cba,last_known,10.686014097607956,1126.7924868849639
2d0c268a,last_known,14.437747446681284,86.6451014191666
2d179ded,last_known,8.14500318201065,884.6136264490503
2d196986,last_known,10.8433358524208,360.1114312264891
2d2d0c6b,last_known,2.3293267447416994,151.3314550910953
2d35f86d,last_known,12.116955283931613,909.6962130290883
2d9f6cb9,last_known,10.133996656940756,253.45837153278688
2ddad940,last_known,9.216048892622513,224.3712102744123
2e29e833,last_known,2.7668153721711377,1437.3127200787326
2e43c2ea,last_known,8.913669684857659,638.1855345428945
2e63d9de,last_known,15.621139546289008,2832.741276043545
2ee0235b,last_known,6.225730582689719,539.664329004501
2f19d536,last_known,7.157685016288787,2559.9898002336113
2f8e53c3,last_known,2.9563154917417855,0.02000000001862645
2fa01aa6,last_known,20.522656245604885,867.7874326122011
2fd68f7b,last_known,66.10563874456095,187.96062406782718
2fe023be,last_known,16.01944960127275,371.103479099971
30d75030,last_known,11.430323230311547,1480.4562555173416
310c71a5,last_known,6.6358512636137625,410.755450359503
32fe84c9,last_known,20.26409941428048,4005.033103109125
33c40295,last_known,9.252044012096928,1045.1938894291413
3407f5bf,last_known,12.555041740388539,121.10156563796214
3417285d,last_known,33.13520278954684,143.32038654694819
347242c8,last_known,1.5875866853852967,3538.1399067871807
353e5502,last_known,6.422745538760005,2151.213418166657
357c12f9,last_known,3.54633428583736,183.8641813950703
3584a6eb,last_known,9.89056232061445,344.01163352399607
35b30c7f,last_known,19.317793441349473,340.66607594528057
35b3ef6a,last_known,26.91886270358845,552.8780521053948
367456ce,last_known,10.637425279624006,241.09196606281986
368131f9,last_known,19.025037953373207,965.8211686436671
368fe682,last_known,16.193845040500687,636.7910581188324
3690a146,last_known,7.332489058193715,379.52710706896244
37344c2a,last_known,5.021940922277166,199.3058112546897
373ef48b,last_known,4.998392220988443,384.0562257014298
374be387,last_known,6.703821990945386,474.7741379858165
37d36812,last_known,19.53687426871102,155.80823919175182
38991fd4,last_known,18.89966021907237,314.2461692689048
389ae58f,last_known,47.96277905357178,1689.1744431230065
3932faa6,last_known,6.485121370202323,777.7989769213452
398dce4b,last_known,1.5332965066643318,393.4816928395906
39b51819,last_known,2.9220013883009415,542.6366147803164
3a0af893,last_known,21.79566937209459,601.3040037286603
3a223519,last_known,7.954501291557224,164.29219488480655
3a7dd95d,last_known,17.146149398336238,4992.86652879899
3a824aa7,last_known,3.842380261961104,618.104678675014
3a86fe8d,last_known,10.960334202023999,285.4294422447561
3aaa2b30,last_known,19.31900277157496,238.40900696110396
3ac16ad0,last_known,5.675057580367722,390.73295189910806
3b21ea64,last_known,8.279038290219813,163.7862341591579
3bbe1f5d,last_known,11.67405078797753,294.18448310549996
3bfee975,last_known,7.491569883959063,452.8522793361525
3c3dbcbc,last_known,7.131408890502258,337.67082269574115
3d96d897,last_known,3.4846252378956586,350.36325677778564
3df4b19e,last_known,8.8670460580719,310.9024235991544
3e011332,last_known,12.260381874126752,448.7708174559524
3e678ea7,last_known,8.585204510235856,350.33928141164705
3ef6372a,last_known,6.439084701204616,577.4631237577566
3ef98781,last_known,12.920232207428093,111.95715832410396
3f603129,last_known,31.565292340762337,80.75477571019829
404c4384,last_known,2.448096353370352,317.0990633855207
4121c517,last_known,11.264733740333194,201.2050429290308
41fb0192,last_known,3.5300602552339897,456.69412356603607
42669188,last_known,22.4796928229869,358.5888527271412
42c538a1,last_known,33.780509665443,6093.110687489639
43b06c70,last_known,9.300806181280958,452.08725540535687
43c7f85a,last_known,12.262958542470175,478.17591334157316
43e16325,last_known,47.992071607538996,4634.629612924814
44441e54,last_known,2.8220869561414195,18.814688410984402
445af6c2,last_known,34.4511150869724,286.15407108770086
4463446c,last_known,12.357251167300298,2811.8944870673013
44a94013,last_known,21.66717645648392,375.58581775679494
45fb3e21,last_known,21.053183132595755,486.3790458070381
460f859e,last_known,15.583491136998356,465.4253371916219
4630ab92,last_known,8.371023501356703,1314.650160194832
463c38f2,last_known,6.314569884266393,401.350880153667
4654e7de,last_known,4.923295335627087,347.27663742304566
466fc788,last_known,19.736377243341135,367.1681565715774
46a301e9,last_known,11.291580651660404,3167.998034674157
46a7190b,last_known,10.192416456737519,181.30062465412828
46d24a09,last_known,22.96337551903144,326.94649485804183
46d41ff6,last_known,6.357965965193939,659.9369037264493
46dfcfca,last_known,22.18396616038757,174.694233447939
47222616,last_known,13.204616753633207,344.01163352399607
47ee27ab,last_known,7.233780807622484,186.4533016599304
481de5fc,last_known,16.21082046300928,460.8259682356095
48c1f673,last_known,14.731367503538019,166.93596676577033
4936af16,last_known,4.821248491776208,664.8960997025933
493b5b31,last_known,21.79232952505688,363.6254453416865
49dbc14c,last_known,6.1718981589407464,3374.523583826345
4a035ec2,last_known,23.073885041855615,456.69412356603607
4a335117,last_known,24.78205614351246,3374.523583826345
4a8ecc0b,last_known,9.699111243952586,1132.067152955183
4b462989,last_known,6.387436416960944,406.25225968607674
4b831d20,last_known,14.130118694532934,254.13939265668066
4c2208f5,last_known,42.01899102635681,269.68198456704016
4c3168cf,last_known,3.082857529333261,205.72764155580197
4c3df468,last_known,20.238109314489332,432.51031340299613
4caa7289,last_known,12.051618414303306,294.18448310549996
4cd1ac61,last_known,15.531853060036484,261.0002116856136
4cecf7b3,last_known,8.242563159021383,367.1681565715774
4ddde4c1,last_known,3.1982045101423466,205.1186788180608
4e050c92,last_known,3.222470060182693,332.3330355231446
4ed93db6,last_known,10.09986337916445,95.13238144822385
4f3eb9e9,last_known,32.53633773732274,568.8299545561316
4f4ac5ce,last_known,9.04081996958212,815.0663278531551
4f4afcc6,last_known,10.586139165848632,352.5644532562716
4f69febf,last_known,14.96362736833455,167.7994547071152
4fbe9c06,last_known,14.873226010958778,286.15407108770086
504c8b08,last_known,19.349708746820497,1001.8072977374127
511e1db0,last_known,2.157731802541292,1907.7610486904982
512943b2,last_known,2.0303041277007914,369.96515349433054
5138a660,last_known,5.144365311310155,173.79403355672642
516088b7,last_known,5.233550128364726,333.40767852599134
521a7819,last_known,25.403910946991097,342.29534907726173
5254b6db,last_known,8.310435559542643,496.89537892804964
529e88ca,last_known,11.901546279216342,80.75477571019829
52f1e77a,last_known,14.764003916289651,460.5971039860524
5305524b,last_known,15.77193425708122,400.47356829126807
53134831,last_known,18.663604951982233,334.40003259576497
5397ceb1,last_known,9.631167851342646,71.30908567649446
53f23031,last_known,8.873167568456788,4.370743643773057
543198e8,last_known,18.73329795108641,1074.5795743918054
54753541,last_known,9.122046306441622,473.78370856353564
54a7e3c2,last_known,11.629079861276118,356.579276178597
5542c301,last_known,5.995336359362306,290.35748208028406
5567d551,last_known,7.649174261417092,278.8943973981603
55efee7f,last_known,25.544487449303837,401.350880153667
5663b2b7,last_known,20.705929402898885,0.0
5693dde2,last_known,8.65873533096375,3461.150792106728
56b00794,last_known,33.27903581477656,434.2344776727978
57796579,last_known,13.813065445547783,345.04317019744036
577eec7c,last_known,24.108506110769643,1157.9542175750205
57f05c51,last_known,36.2056436913253,165.33667530266277
58850d2c,last_known,14.24568767465127,872.1740631892926
58fa8486,last_known,11.119569597546327,409.1014319211866
591cc951,last_known,14.04534239598877,439.41694323269655
593876b6,last_known,13.367282332458112,301.27238456264837
59f8b2e8,last_known,6.489640790689519,6698.349016922087
5a1a8fd8,last_known,11.32143293129116,352.4647954052819
5a5269a9,last_known,5.191400097534073,494.57752172949426
5a5d1982,last_known,8.819179764180658,159.65818143788346
5a63b5d1,last_known,22.1497630346798,469.22546840516446
5aa03df7,last_known,3.814278219004055,1109.0381692709161
5aa403d0,last_known,28.853560416980926,200.39713421101598
5aef5c6c,last_known,4.435832253115419,4166.198230485334
5b7b6324,last_known,15.533361663835391,6847.004798749586
5bd25f59,last_known,2.7093900292540027,206.3415006729768
5beded95,last_known,17.536864023969525,871.4125118451667
5cb483ac,last_known,5.526470749806362,283.75583870615185
5cdd8dbc,last_known,16.607540958835582,311.5685967808558
5d11dfb5,last_known,8.604410284424764,592.4352390769471
5d7198fd,last_known,12.01333382774843,1215.653089988869
5def1ce5,last_known,7.77451034150256,358.9451526348613
5eae34a8,last_known,6.801896107423829,1013.8024178800661
5f4d2a52,last_known,51.923589156336575,730.8351092416312
5f6756c5,last_known,9.335544443819654,1809.847220292195
5f75f796,last_known,6.14895566100156,376.66404885550594
5fb1c15f,last_known,20.641964885007337,447.8991655493628
5fffa282,last_known,5.38321669257806,600.4431018007779
60e37807,last_known,17.415214674690237,448.7708174559524
61f27424,last_known,3.0052598339559213,566.4375561348735
62569ae3,last_known,4.329152052647211,531.2533649774686
62a6f539,last_known,6.038113303244291,418.68067366398685
633774dc,last_known,14.932890475652718,703.5663053331969
63559d57,last_known,6.0176183213826855,495.1796874875491
647f2a41,last_known,4.197569649551661,478.99623223991324
65156b96,last_known,2.202748948026099,2461.441495749841
653612bc,last_known,2.0122661319703696,540.0430443030305
656a067b,last_known,16.270473124618746,441.6065018768087
65a5466a,last_known,6.906295184739438,259.5905009816173
660d9546,last_known,5.664263013381797,427.8675021547079
6767c111,last_known,12.762888536448326,503.70108328257055
67847288,last_known,12.492302548088805,269.5698621877799
67a8da4a,last_known,9.61091654013794,398.45724111855304
684a6fc1,last_known,22.23728292129346,0.0
698930d1,last_known,9.079967870255366,429.3523384123422
699ea575,last_known,13.006483758291392,359.7980878213344
69c1bdad,last_known,11.514798088748368,530.9052617935206
69e41fa6,last_known,4.6270480168920765,245.25083689983654
6a0ff78e,last_known,12.114677604437464,357.74696784179423
6a8fa194,last_known,7.335028651888406,628.6807107744826
6ae68655,last_known,5.776524895492397,783.4510814342718
6d1d74e1,last_known,12.77018685477703,432.51031340299613
6d590e26,last_known,7.066298437525543,178.62219626911465
6d6d93af,last_known,34.90122895064013,5871.724446302043
6dbe4b60,last_known,6.828796306507454,369.96515349433054
6e6d122c,last_known,5.959176851908758,343.4850191786155
6e9ccd38,last_known,10.610800725028021,560.9654285250222
6ea22614,last_known,6.52497682276341,627.7407733293041
6ede926a,last_known,10.069211347326021,351.3815420591581
708caea9,last_known,35.14566129430042,209.44856385289032
70925e23,last_known,11.260410834453007,7279.67035309972
70e1788b,last_known,7.267625803315459,823.9976516956518
71642c7d,last_known,13.550470765659698,242.19001073545743
71ccf778,last_known,5.908258342065405,311.9260014811653
7224331b,last_known,3.789358588171395,1339.112089893728
722cf0d8,last_known,12.263564408790318,333.7858416709582
7256229b,last_known,4.318518812092106,191.99873437117506
726f3dc2,last_known,4.321510023267385,312.5685899128737
7271dd80,last_known,7.9449838499697245,821.9865294515896
727a3a10,last_known,10.904769386038117,394.82556768802914
729665c0,last_known,12.28181533381254,478.99623223991324
729e9750,last_known,8.540644833435804,527.0661652012062
729f4217,last_known,18.24286122023564,394.44761680104773
72dd8501,last_known,6.235342168039337,498.8241670167924
73348914,last_known,11.628999875380588,242.19001073545743
739a914f,last_known,11.171439264303714,1149.239235320354
73b1447d,last_known,13.37750235605188,314.9110549027679
74b6186b,last_known,9.76314485016302,410.300133195121
75c20ec7,last_known,10.695199735814292,1178.6519956287946
75cd5f11,last_known,4.830067605503762,366.02009794546325
75d20a82,last_known,21.01734525034106,0.0
76201745,last_known,6.588701831913408,194.8291110179383
764072a5,last_known,6.744277977969361,340.0234324276718
77b0d905,last_known,13.178355291471048,452.00146559494567
77e4821c,last_known,17.69760419961122,684.9150491118971
7850c72e,last_known,12.425817482025588,207.99950817245553
78a4a386,last_known,5.5239844450701785,186.4533016599304
79507629,last_known,11.370696227509663,368.26591058661705
796dbd4c,last_known,4.83721749161096,229.67763539366513
7987f2f2,last_known,6.307373797584496,495.1796874875491
7993a768,last_known,8.361932364450306,403.9541430657916
7a5660b0,last_known,12.165978840206547,556.151071652502
7acda2df,last_known,13.359901200003506,923.3880550450896
7b2c7b3c,last_known,2.803511952675245,950.2475270160758
7b38844c,last_known,6.168225962002789,283.75583870615185
7bb17b96,last_known,11.06873888552032,173.79403355672642
7c607683,last_known,17.826121938943874,359.99967361097714
7cbbd047,last_known,13.850424788244132,222.64387572973524
7cd4bb31,last_known,5.243419660247521,579.5133938055994
7d50373e,last_known,15.59001682081206,671.2082682743306
7d57c75d,last_known,8.89721776543804,3464.860396523878
7e208414,last_known,6.969135859898303,974.9490166158656
7e721392,last_known,43.78101078980101,469.22546840516446
7ff89f8f,last_known,14.514454615679464,560.9654285250222
8050c789,last_known,5.491906401862459,759.1660957918359
807f0298,last_known,3.7304563747167636,952.7892715599598
811f52b3,last_known,3.09797796297181,342.1399646343355
81bf5923,last_known,22.00658789723462,394.82556768802914
81fc01c6,last_known,11.47644709173281,317.0990633855207
8255c867,last_known,26.08029438854915,354.99921408365276
82aab6d2,last_known,16.811686706050313,296.08298971749326
82fcf37c,last_known,7.322167080660812,296.51786202518025
833af382,last_known,12.440793756237255,374.51669468805227
8382f4b6,last_known,37.10143218009827,207.67364252588484
84633df4,last_known,4.502230760915465,265.5508798705091
8478df29,last_known,14.394490888354218,265.5508798705091
84815d5a,last_known,14.525072286938801,1153.6795122132753
84c3b497,last_known,15.089779139562495,427.96097135179053
85380836,last_known,14.515972221135275,386.25963547849636
8612b37f,last_known,18.15736368603066,352.3304138163702
861e71df,last_known,9.998476925047246,95.13238144822385
86454a6f,last_known,74.99928999707477,578.0744180468329
8648abae,last_known,4.91134781531399,1532.5972481381498
865033f8,last_known,5.293208839970635,258.09645968117127
87695469,last_known,7.398853725852797,6566.412090038253
877ed19c,last_known,1.7453145939913886,111.95715832410396
87aa3730,last_known,8.08753649447053,352.5644532562716
884ecb5f,last_known,15.975604587080479,390.2214799314444
8902c3f6,last_known,7.834242981457542,525.2042840649932
896d15b9,last_known,27.587944727549452,3327.363809940173
8995c945,last_known,15.198827438440961,209.44856385289032
89969c7a,last_known,9.052852050533074,662.2428703275009
89f1085d,last_known,26.390432509491944,7136.08188633635
89f36adf,last_known,2.254175319198131,334.40003259576497
89fdb2f2,last_known,0.4084413522873632,0.02000000001862645
8a3da6d1,last_known,9.422450109196022,839.4689667280624
8a89da23,last_known,25.74597685610706,719.094025354236
8a9c8932,last_known,1.8846523483184179,634.3875403883866
8ac2f237,last_known,12.582318087758912,494.3863794645422
8b12bab6,last_known,21.190359709362728,650.4307126820967
8b5be31b,last_known,14.076326494481275,367.80678759356687
8b95d6d1,last_known,15.897689725419982,0.0
8b9d8326,last_known,4.504839744847647,1013.760985637056
8bb9c1e6,last_known,6.345225622507436,333.45837401362036
8bda1a11,last_known,10.444584538284737,527.0661652012062
8bfa881d,last_known,16.05731421955626,333.3820686540921
8c167025,last_known,7.380904285799853,78.11375871113562
8c8348e8,last_known,5.70304126057383,174.694233447939
8cc21f01,last_known,1.7379235425591206,139.0037157778544
8cc800b3,last_known,13.875990758922638,2024.9547508031562
8d5d46d7,last_known,13.853461919436695,422.99580009735627
8d92cb49,last_known,5.104834316838213,71.30908567649446
8f201368,last_known,31.153565634223334,386.25963547849636
90386ee4,last_known,7.592237687005788,372.6263309269572
91abc4c7,last_known,5.178793127369383,341.2819119146672
91b301ce,last_known,23.453570821435644,2106.3871107896753
91db7070,last_known,43.234345754098165,391.17125213904495
925a7cd1,last_known,3.306509627891975,304.22541790555783
9283ae69,last_known,6.253799139272874,334.92819827533225
9298ad5b,last_known,7.908651223014374,1527.6750589051946
9314ff13,last_known,4.786967639137912,311.9260014811653
93209a3d,last_known,16.024372735412758,261.0002116856136
939d9c34,last_known,12.861215165559615,672.0663363835546
93f5d2e6,last_known,5.2938793205963135,200.39713421101598
940a48d9,last_known,9.064900748234964,275.6078097587988
940e709a,last_known,6.006823842467277,334.92819827533225
9426ec1e,last_known,16.82356272775054,1016.319384691788
94467f50,last_known,4.691988831192508,148.0420430147734
944f36b9,last_known,7.427947023837267,194.8291110179383
94d813a4,last_known,27.064736059956623,398.45724111855304
95b559e7,last_known,23.962313050310758,427.8675021547079
95c8427f,last_known,26.367988588382833,1372.2477919459889
96936c22,last_known,2.935580145499123,408.27491056913027
96ae5806,last_known,6.568801670286367,315.6761500339613
96b7eea1,last_known,13.15518325604362,565.010595033084
9719aa04,last_known,4.839606403218106,218.37401402174427
974802e7,last_known,20.247488458679044,985.5009699640704
97cd5bf9,last_known,13.510168636069851,1342.4419840350988
98177ced,last_known,6.139014761480292,184.13129228906436
9896fc0b,last_known,12.86256030464144,290.35748208028406
98bc6f66,last_known,18.688435352224975,504.05569979921114
992c99e8,last_known,15.671621900276294,310.9024235991544
992ce078,last_known,3.511428359690776,312.89067036265453
99529c45,last_known,21.804289163412733,1429.9593018334203
995ff498,last_known,6.7610951535769335,288.2732642821676
999daf80,last_known,4.677879234326876,199.3058112546897
9a6b0392,last_known,6.284691763059465,333.15894299890175
9a8ae0d6,last_known,3.3629962893520586,567.9699348558456
9a95e33f,last_known,30.92793146065953,405.9235889920556
9ab94eeb,last_known,7.108602274540431,542.6366147803164
9ad5410a,last_known,9.506239355577218,360.36984224554186
9ae248be,last_known,7.921617475880552,201.96190556664803
9af1ffd0,last_known,17.42098438504835,253.5314532754942
9b5b61c1,last_known,3.7143644851443938,341.68702053184603
9b9e3b49,last_known,9.12354277092054,289.24630611298943
9bd2bba3,last_known,16.220107057143476,231.32171061081877
9c211c53,last_known,6.836471453204799,985.5009699640704
9c350a6a,last_known,13.57026446623612,2786.8320253828765
9c8375f7,last_known,4.014075931552036,332.765438860785
9d072e4c,last_known,12.36657294342922,803.0766202548501
9d3ec64c,last_known,9.180834481976722,253.5314532754942
9d4272e3,last_known,17.918695622872725,2386.662440836632
9d5e14d4,last_known,34.12295868471475,527.961960940447
9da441ba,last_known,14.326005602557379,349.43053801881234
9dede370,last_known,15.121216913945254,287.648443937986
9def2eb2,last_known,7.275775681401468,495.4081745387793
9df1b1f9,last_known,13.14168796609193,1809.847220292195
9dfff011,last_known,3.8951728015388905,2586.2148307518487
9e3e364d,last_known,2.3568271573694433,775.0838783642216
9efc812e,last_known,7.90298172703606,394.7112922122497
9f0c7bae,last_known,9.52012717359537,201.96190556664803
9ffce529,last_known,9.94488143118848,679.8420905622397
a0383629,last_known,9.313778986676768,707.8544942289337
a056d01e,last_known,3.464720840905427,1689.1744431230065
a08d9e63,last_known,22.768679149281738,885.3491028968041
a0b83014,last_known,18.167452083499807,1441.573269591275
a0e92ed6,last_known,5.733463113499718,201.44270177897872
a15bc102,last_known,1.6888097183135846,1436.0748560227817
a247e7cf,last_known,3.754978191701492,309.90878222474225
a2e8e7f6,last_known,11.366000412161826,0.0
a3518960,last_known,6.9277098647436,601.80359462206
a3f71395,last_known,20.545994606567056,549.6892656766121
a4719920,last_known,5.681895230514825,505.8362284376582
a48640d9,last_known,22.953261609375694,789.5242732175907
a4cdbb0f,last_known,7.4946260102154865,341.50693375112417
a4f989c2,last_known,9.235837813464785,0.0
a5aa7973,last_known,16.575074598812257,214.30784796645327
a5e6f7dc,last_known,5.130116985889701,1480.4562555173416
a612d5a0,last_known,20.033304909272065,399.1596694304587
a622ce4d,last_known,11.028708514215928,446.84304682975136
a645da9a,last_known,8.625980770361666,877.3133608919026
a692b17e,last_known,12.349718267314358,326.85334341283675
a6b8ac67,last_known,8.59415233377983,306.6550519722231
a6ed2eff,last_known,5.943154443207398,207.67364252588484
a6f967fb,last_known,16.999361297621338,165.33667530266277
a76db406,last_known,2.176620926001339,525.2042840649932
a7744f5b,last_known,9.976906158647937,382.6329585908479
a783cc24,last_known,26.669982255010037,9.852065773163481
a79fd2e7,last_known,14.283195901084792,768.300719900795
a7fc3e6b,last_known,19.729280528769856,2652.8457199957443
a85bb86f,last_known,6.401036097668894,982.4919143687255
a85e4bc3,last_known,4.686449064226659,933.0985013385186
a87433c9,last_known,8.691424207205996,679.861026975612
a8ed028a,last_known,17.440906089149262,191.64130348127284
a959858c,last_known,63.63323796761702,4503.085086348942
a9c9b150,last_known,0.7209420669468329,565.010595033084
aa95015b,last_known,13.557618931998297,1152.7920496775323
aaaf3c03,last_known,17.531844841677003,903.0367437155622
aaeffccb,last_known,5.58828725774239,614.6521879079755
ab112491,last_known,28.934076218375257,2486.5238339903444
ab18d3fc,last_known,18.77515606807992,761.5432862283768
ab3ced07,last_known,8.841915374333027,331.77885707214205
ab6fe95d,last_known,6.0193096184745105,582.3461373615888
ab94878e,last_known,5.442558151693546,244.43476614445458
abf460d2,last_known,6.336205606148189,144.32096590620765
ac6f01d5,last_known,17.750214634872698,241.2744074700797
ad2133a8,last_known,28.819234352358052,460.8259682356095
add9c322,last_known,10.353262935391811,336.72329084865765
ae069086,last_known,14.847148363571781,439.41694323269655
ae0784a8,last_known,9.593701226104596,659.9369037264493
ae35f33a,last_known,5.554604523580262,193.5932498824423
ae8959c3,last_known,20.16993439907231,259.5905009816173
aed44918,last_known,9.840672342909853,4089.102558716226
aee6393a,last_known,2.8207494340724804,354.95141329492384
af7a59ce,last_known,4.129510983476437,621.384937056236
aff4e561,last_known,9.130856896463108,530.165870082168
b04b58a3,last_known,15.434541291652554,124.47522042578048
b0d42b0d,last_known,24.23089991821975,1413.5289610404207
b0f53bf4,last_known,5.309937419534894,388.32822817820374
b19b0395,last_known,11.092689355481468,341.113621686398
b1efb8a4,last_known,4.344359436529298,123.54244007625115
b32902c0,last_known,3.0019566239421986,705.6749060294605
b32e4903,last_known,5.479750946143878,259.82786936750915
b3388334,last_known,11.433185068843935,427.96097135179053
b37fd114,last_known,22.926567672229254,1524.4601978733758
b38e3116,last_known,3.3078659191854514,245.98680228801408
b4d8dd4f,last_known,10.3449631797001,486.70114659816613
b4f37e6e,last_known,10.802862503049951,923.3880550450896
b56bc0aa,last_known,8.235325696102665,638.1855345428945
b585b4fa,last_known,8.44770814054379,331.06330890023986
b5aa9634,last_known,7.78507358450239,262.3065971340616
b7974e66,last_known,10.338293456666237,325.73973230139205
b7cdcecb,last_known,5.682961218064379,308.98393809386755
b7fea9ef,last_known,10.178776681269943,9.852065773163481
b85f7b06,last_known,3.041999650696813,142.39125394482363
b881d27e,last_known,19.26992791139762,372.6263309269572
b8c49c1a,last_known,6.840891265612774,473.78370856353564
b95e7121,last_known,3.2777874725655565,759.1430276959608
b977be4a,last_known,17.854507993378313,603.7211795189904
ba48188d,last_known,33.349925441801524,1262.8968054438208
bb2cdd83,last_known,2.3880578402432695,331.06330890023986
bb337fa0,last_known,25.46325680116887,278.8943973981603
bb682ebd,last_known,18.93822622944044,201.2050429290308
bc4381e2,last_known,13.97823172978836,715.3517085321561
bcebcc5f,last_known,23.637883259716265,0.0
bd2c2f34,last_known,3.849144051284077,474.7741379858165
bd4ae5da,last_known,14.794016385099463,289.24630611298943
bd6f0e19,last_known,10.227452274667735,1085.8078335047658
bd8f847e,last_known,6.139413253349839,755.2956415206847
be063506,last_known,10.347537817246504,679.861026975612
be35c8f2,last_known,4.153455151954199,790.6483423751589
be83e781,last_known,2.6026015294416207,384.0562257014298
beda8696,last_known,5.494579459302679,309.90878222474225
bf39bc20,last_known,6.58933449329982,373.9874864216263
bf70b410,last_known,13.59583142779641,451.8079535599153
bffe3082,last_known,11.486858505790165,672.0663363835546
c03b9305,last_known,2.1577538634175104,788.1052134076127
c03d4aed,last_known,13.232759269272304,695.8011150464969
c03fba65,last_known,19.91659314388836,5893.922361789407
c07fd0cd,last_known,1.6044918501457697,453.46564588747356
c1708b88,last_known,15.830743462371194,1693.958175693997
c1d046f4,last_known,10.151616043109463,86.6451014191666
c2717d4f,last_known,8.792876878517463,254.75764973810655
c2c4db09,last_known,7.693854256449678,603.7211795189904
c2c6fc71,last_known,11.617865961269942,223.63873412288683
c36625df,last_known,8.538443152419806,856.2612543492522
c3957531,last_known,10.738618472665063,256.3560789214622
c42fe306,last_known,11.620811774668779,797.4772468855715
c43812e2,last_known,6.6571602983004965,1339.112089893728
c472c0b5,last_known,8.3958344828619,166.93596676577033
c47e0767,last_known,22.719318565133992,155.80823919175182
c50b42f6,last_known,7.656938386610584,333.7858416709582
c593337f,last_known,21.720149014085802,1739.9960786447969
c59b6c4a,last_known,18.44688264809981,547.6276126161605
c66be2b8,last_known,20.0084097191763,426.83193706639713
c6797dd7,last_known,4.8430456740492795,759.8756656848515
c6b782a4,last_known,13.05755469261496,384.2316011210162
c6c96179,last_known,7.9015356495263305,707.4710977135059
c70c0e01,last_known,9.393310072521933,504.6530242651169
c84c65be,last_known,7.775196722582475,6457.035995137644
c8d9680c,last_known,45.98060512777753,200.126655146364
c908edd0,last_known,7.27637176872763,494.3863794645422
c9578d27,last_known,9.531695062953354,333.45837401362036
c96c018a,last_known,14.477337155436773,408.1236464602166
c99f9fae,last_known,4.401715812365925,1084.8189618551382
c9e6734f,last_known,11.042058546121561,244.43476614445458
c9e980e8,last_known,8.21851576741851,642.6153034282563
c9fedcf3,last_known,5.671022194292243,1299.3966948166617
cad13e8f,last_known,16.7511585769245,340.131638781206
cb34231f,last_known,7.689244484657572,184.13129228906436
cb879f40,last_known,9.43531846070476,218.1748576258722
cbb406b5,last_known,10.028380792663787,618.5537703383592
cbe51de1,last_known,11.366209840379552,307.1572178868592
cbe62450,last_known,20.46007599566569,178.62219626911465
cc08aa63,last_known,11.583192886400065,373.9874864216263
cc8a1d57,last_known,31.368841141623527,856.2474690180142
ccedb12b,last_known,9.759296144090486,236.4018900094347
cd7f1687,last_known,12.63580278950663,216.6619950521545
cda7eb37,last_known,8.071782420744603,429.54885752417954
cdc31d65,last_known,6.595346882697942,220.8237444206809
cdc60a53,last_known,8.003491820513618,275.31903257844556
ce55ba43,last_known,11.305999560205466,283.0103620008831
ce8399b7,last_known,3.866064538020193,1905.5389975804796
cf50c9d1,last_known,32.08935410114304,369.0513634982427
d00e7eb9,last_known,9.128992095857289,872.071849906842
d011f41b,last_known,10.149412008712988,0.0
d07aed8f,last_known,4.683813453243495,2832.741276043545
d085e611,last_known,9.27560617361983,0.0
d0a0e7b5,last_known,13.531647404967465,336.72329084865765
d0a43760,last_known,3.1656375761867284,1562.6739711146588
d0cb63ae,last_known,24.903216035639804,891.9104346291638
d114d9c2,last_known,8.02488534543485,308.98393809386755
d1457cc5,last_known,7.722255647325705,884.6136264490503
d1ecf309,last_known,9.5668545509723,401.262951815832
d1ee630d,last_known,11.616417647026097,446.84304682975136
d217e0c5,last_known,6.174499169424923,464.24347803702034
d24ff243,last_known,2.3787019656895976,666.9586257031009
d273674e,last_known,2.945652183680438,502.27947479502006
d2f3b1ab,last_known,17.549472513344874,692.892474847352
d3df146b,last_known,10.971754844806389,352.1732372000718
d40f61d5,last_known,2.840285350558945,695.850648487151
d41beaf2,last_known,14.832084051896242,314.2461692689048
d463e527,last_known,6.158872084193739,601.80359462206
d4f60a28,last_known,5.363886341437484,255.0441493152273
d50c649a,last_known,4.798652060414067,452.08725540535687
d543916f,last_known,8.026605666477726,238.40900696110396
d5df0ff5,last_known,17.738652997439022,1876.8912207424692
d60430e6,last_known,6.714365693804465,494.57752172949426
d63196fe,last_known,18.49340547869368,679.8420905622397
d6c320d9,last_known,13.374953077813338,347.27663742304566
d6dd7330,last_known,10.168579582826254,123.54244007625115
d7ba4f9d,last_known,5.551512709974541,151.19408354819515
d7eb0be8,last_known,40.81673064062606,191.64130348127284
d84b621b,last_known,22.088004300264497,446.29741854502043
d90aa14c,last_known,11.600067323139381,872.071849906842
d924e971,last_known,19.509411172586965,688.8492869273032
d9ae59b2,last_known,3.35845043623689,969.0103603677898
d9d6d94d,last_known,10.187809773570585,537.9362141556397
d9eca87b,last_known,17.959070682297206,572.4575884724273
da2d4d7c,last_known,3.504640789733878,501.87577845498924
da3bfe4e,last_known,31.176317461492907,167.7994547071152
da3cf798,last_known,17.6996746830147,1905.5389975804796
da940160,last_known,7.8080469165226205,404.8412105998619
dafc88c3,last_known,8.137166114148805,341.113621686398
dbee6c86,last_known,3.9457057931033304,231.32171061081877
dc5fbe29,last_known,6.145430549727966,5482.205712393514
dc7da28f,last_known,9.185065441335778,375.58581775679494
dc7f9757,last_known,11.684209767318007,816.5461175587193
dd168de0,last_known,1.626126099146685,360.93871086377584
dd64382d,last_known,2.1418645082875676,810.9693047826694
dd6bc5b2,last_known,13.920664331166698,2175.5951491489654
dd7d638e,last_known,4.726569024956424,311.5685967808558
ddc790ff,last_known,6.905129579551989,730.3217325258304
df71d1ff,last_known,10.187429179686884,296.51786202518025
df73b8f3,last_known,10.461940805557397,120.12210995466528
df8290be,last_known,16.63478839165719,326.85334341283675
e0079ed1,last_known,7.538336749374406,396.6159382824991
e03b45fd,last_known,8.168406752393693,356.2541088885832
e0f36d98,last_known,14.827440181594913,285.4294422447561
e149204f,last_known,4.4642959628289605,445.4000112259253
e14d641e,last_known,6.152997772307589,340.0234324276718
e161bd0c,last_known,3.054855070676816,304.22541790555783
e201fd6d,last_known,15.43532450631002,872.1740631892926
e25f1537,last_known,18.42934686076071,124.47522042578048
e2fc7745,last_known,8.844836023807268,513.746736535034
e32da4ec,last_known,9.871762107769719,201.44270177897872
e3b34f5b,last_known,8.732098657569201,340.66607594528057
e45a2a62,last_known,21.388056532277748,693.8848294206138
e46f4ef4,last_known,3.879586175825332,350.33928141164705
e4726608,last_known,4.679060837171434,211.403472062154
e5864244,last_known,26.195757080901192,255.0441493152273
e5c92e59,last_known,6.7128577403616,814.7513756354983
e5ff9fd2,last_known,7.727846164625015,5006.475323818147
e6c55748,last_known,8.09674377128371,288.2732642821676
e730c32b,last_known,13.385533878419523,381.9524421964513
e737965a,last_known,12.009539578626265,341.2819119146672
e748dd88,last_known,4.764542228621139,1380.7103389925364
e7818f7a,last_known,5.251803723234752,506.0023519709952
e7c36e81,last_known,7.891138997106564,456.25658888398317
e7d0c1de,last_known,6.445519180618249,354.47294410168126
e85074c5,last_known,12.427940400596235,258.09645968117127
e97032ad,last_known,11.00419937296864,456.25658888398317
e9949a23,last_known,8.56398307169684,409.1014319211866
ea0b99b7,last_known,11.807115860064092,315.6761500339613
ea3a0e38,last_known,8.849323367886731,914.6865330809674
ea41324e,last_known,4.498154027506443,448.0654757955242
eabc711b,last_known,13.187112401989886,696.204673641085
eac10e86,last_known,4.578293779948579,575.3804635194074
eafb863e,last_known,10.736764785084958,354.99921408365276
eb06a4e7,last_known,7.024978223015879,254.75764973810655
eb640a35,last_known,8.87634536599678,393.69012205038473
eb934281,last_known,3.260978081990557,251.6948630784195
eba6605e,last_known,11.578739343085706,5871.724446302043
ebe69318,last_known,3.9822384130197,686.2642220017262
ec0d597b,last_known,11.387312554715901,570.0749228829853
ec13af42,last_known,10.23979405074816,220.8237444206809
ecdab904,last_known,11.069082440180829,287.648443937986
ecdaf714,last_known,11.624806456930475,1074.5795743918054
ed6436d6,last_known,1.4988122347490436,2486.5238339903444
ed6e6e54,last_known,8.778600484112527,245.98680228801408
edf885a3,last_known,8.239992683910536,759.1660957918359
ee0300f7,last_known,25.425925977722486,2540.383977846691
ee288beb,last_known,31.263870603642452,2345.485662671624
ee4aecac,last_known,10.692434102000677,224.3712102744123
eeda36f5,last_known,6.997734316496064,695.8011150464969
eeed308d,last_known,7.1153678049491855,275.31903257844556
ef04658e,last_known,12.159049828801338,78.11375871113562
ef8e3ed0,last_known,15.286753305955626,472.8086439566805
efde6ac3,last_known,5.094125294359027,0.0
efe96181,last_known,28.35974934987936,148.0420430147734
f0188a48,last_known,3.5308187912081532,1693.958175693997
f021b650,last_known,7.476881539309982,2977.780474279231
f03f10fe,last_known,7.336392056284359,379.52710706896244
f053a1b9,last_known,9.873866979693407,443.23240765999094
f074d277,last_known,12.322177646081757,1395.6010986309716
f07d7037,last_known,7.436298127746873,251.6948630784195
f08774c3,last_known,11.10876633007023,1503.3841484466916
f140c2fa,last_known,11.319152520298655,420.11684850765937
f16e25e3,last_known,2.954994395292297,948.480908031269
f2d4c8c9,last_known,5.7510283349242854,477.41254214785795
f321a31c,last_known,14.329943111687768,651.5424508808836
f40cd091,last_known,7.961646372258875,352.3304138163702
f439a621,last_known,6.547411663664633,121.10156563796214
f49fdea3,last_known,13.255739064208903,783.4510814342718
f4d12d23,last_known,15.228069527587788,332.765438860785
f56d3ace,last_known,5.975212337247557,448.0654757955242
f5859199,last_known,15.126418916369365,4301.1156051659145
f5d8aab6,last_known,17.775282855673137,205.1186788180608
f631da6e,last_known,4.795099216766685,1093.8183615667167
f6824bb0,last_known,17.015632107980196,342.29534907726173
f6bc699b,last_known,11.68668283402441,787.3228853526308
f6d009f4,last_known,44.85572323541449,479.4750551384492
f72b268f,last_known,12.267107856297464,354.9009227943209
f8662c22,last_known,15.177462273645693,574.9275491747276
f88ddb26,last_known,50.93739604419971,1145.2715266695677
f8afa78a,last_known,13.371969608229033,451.8079535599153
f8f59188,last_known,6.34331101166019,488.7036934582905
f9fc81aa,last_known,4.704907409445557,350.36325677778564
fa16d114,last_known,23.785558798931515,500.3193192352561
fa31da94,last_known,5.279550815000508,598.602202217775
fa667be2,last_known,6.241798175965737,163.7862341591579
fae0c593,last_known,9.190887906947523,241.09196606281986
fb03ae90,last_known,46.599828277471886,405.9235889920556
fb0904bd,last_known,0.9095225546029815,1436.0748560227817
fb3848a1,last_known,11.150064321562887,637.8869884234749
fb73b13a,last_known,8.27325086185769,479.4750551384492
fba7683c,last_known,2.820713434312526,1132.067152955183
fbd68d27,last_known,23.148328376849793,290.8560289903569
fc03f21f,last_known,17.86213296630417,360.36984224554186
fc0d20b2,last_known,15.39974571944826,2015.7112779610497
fcfcc902,last_known,8.388105906616333,1530.9008428047455
fd3b4faa,last_known,10.12018426221236,488.7036934582905
fd710aea,last_known,4.567826563586715,319.5400619639575
fd8f77fa,last_known,27.330599776530867,405.4355211372632
fde20ecf,last_known,17.026517480975443,460.5971039860524
fdfd57da,last_known,4.215691008738398,679.7909893491068
febb4411,last_known,11.368186582882519,516.880236515124
fef8af96,last_known,34.44848989360311,837.8206658946208
ff0aea78,last_known,33.47225491837321,336.07143243639024
ff8bb73a,last_known,7.7709571746241135,246.41405033004006
ffefef30,last_known,7.72480519996057,164.29219488480655
000d7d20,recent_slope,52.69687054348841,336.07143243639024
00bbac68,recent_slope,26.802335951051926,573.452859178668
00e12e8b,recent_slope,88.43978068672034,358.5888527271412
015fe0d2,recent_slope,54.973114403411955,1013.760985637056
01869cd4,recent_slope,26.53006821171603,1176.4650194970675
01982c1d,recent_slope,42.35347453581227,191.99873437117506
028d7b28,recent_slope,124.57104771658634,151.19408354819515
02e7fe5a,recent_slope,83.977771046414,403.9541430657916
0390d174,recent_slope,56.305258559162745,795.1002175827138
03a935ae,recent_slope,6.135012420944654,1140.9101816093412
044af7d1,recent_slope,97.44211856525527,381.9524421964513
0498acab,recent_slope,130.2269070566028,1299.5734117390227
052d64df,recent_slope,2.5763748468302996,423.3095862365947
05948241,recent_slope,4.5047779256565725,410.300133195121
059c8f24,recent_slope,101.31616283709471,14366.681664006725
05a0ee4d,recent_slope,34.65320017825354,700.0830968536936
060ab2b8,recent_slope,19.918181155298225,602.3081823287225
06df5958,recent_slope,18.844731165911014,399.56064871311435
071d7b45,recent_slope,62.280081110127995,3327.346722961181
0849b4e2,recent_slope,19.670830499816397,495.4477418458478
084d66f9,recent_slope,6.68136020865092,447.8991655493628
08fecf00,recent_slope,27.64551390840866,245.25083689983654
09053135,recent_slope,46.68039642423532,216.6619950521545
09441b8d,recent_slope,39.38247617332089,359.99967361097714
0955cd6c,recent_slope,7.851325381299905,318.9706146341819
09ec2ca9,recent_slope,55.030831953276,401.262951815832
0a57a29c,recent_slope,39.80316302963183,318.4850972965528
0bbf5e67,recent_slope,152.94581949925492,1013.8024178800661
0be01c24,recent_slope,21.662057978672618,137.9538999087774
0c1b160c,recent_slope,23.603820610977408,1291.5203184616896
0d99f8e4,recent_slope,8.264402691964646,707.8544942289337
0dc5e64d,recent_slope,12.815402157476504,506.0023519709952
0dc835f3,recent_slope,55.37585942714229,271.9800773953144
0dd99dc5,recent_slope,105.15592425719082,212.8723302827778
0e5e560d,recent_slope,37.65560708245341,1802.71316256898
109d9d70,recent_slope,34.91914369872309,601.3040037286603
10a1281a,recent_slope,32.39568356377725,259.82786936750915
10b89021,recent_slope,46.454402103990475,143.32038654694819
10be2420,recent_slope,7.663548690240361,367.80678759356687
113011eb,recent_slope,25.880940355002927,504.6530242651169
1131525f,recent_slope,67.24925639591444,602.3081823287225
11d0f5ac,recent_slope,55.903451453109234,527.961960940447
12203f2a,recent_slope,6.628145364207556,222.64387572973524
122bd617,recent_slope,86.25779342949305,1337.2009330315439
125be846,recent_slope,21.016342888237293,333.40767852599134
1285a37b,recent_slope,45.52009461401389,116.65264034746481
1295a25b,recent_slope,27.66006223855358,627.5345540286303
12f0cd90,recent_slope,76.12309402856067,730.8351092416312
137d1e44,recent_slope,61.64131899460479,376.66404885550594
13ce113d,recent_slope,10.87268360756469,2924.1969866614527
13f598d9,recent_slope,198.75901221601072,173.756853102472
14a53cb3,recent_slope,126.49195628907664,360.1114312264891
14ab73fb,recent_slope,13.845859922684133,5880.390701212142
14ad5efb,recent_slope,5.984355422566115,349.43053801881234
14fee784,recent_slope,29.59038982382733,229.67763539366513
153552f5,recent_slope,45.35266110690366,223.63873412288683
1550491d,recent_slope,47.41917447181916,267.33501454155584
155887bb,recent_slope,180.74602701822735,573.452859178668
1590af81,recent_slope,60.50009369634846,486.3790458070381
15e154a1,recent_slope,163.33865490500236,0.014142135801537968
1619e2ca,recent_slope,31.578191477556718,2275.8459963055707
16e4a047,recent_slope,109.02293146131647,359.7980878213344
173ed841,recent_slope,14.080727897865643,186.19912996565864
1770d7c6,recent_slope,39.32546211111026,254.13939265668066
177622d7,recent_slope,8.914776308972941,144.32096590620765
18d24f7b,recent_slope,10.987791827791726,368.3130539364969
19137a89,recent_slope,76.08097382177422,354.9009227943209
1944513c,recent_slope,32.45117599183569,267.33501454155584
197f8a5a,recent_slope,23.106524624940707,641.7493299568013
19871e7f,recent_slope,41.51049110264172,120.12210995466528
198a5607,recent_slope,9.082322082196916,356.579276178597
19fb4f7b,recent_slope,124.65950153194554,262.43522877055324
1a518997,recent_slope,41.44917460922008,290.8560289903569
1a68190b,recent_slope,30.979415747643813,419.5604038751503
1a730ac2,recent_slope,131.57129128315302,1299.5734117390227
1aaf1da0,recent_slope,10.083910947009068,688.8492869273032
1b08ed48,recent_slope,12.839142825226357,325.73973230139205
1b1c5372,recent_slope,48.501936787938604,206.3415006729768
1b1eba53,recent_slope,23.27336813166298,2595.8521103100265
1b6ba517,recent_slope,52.581246735255945,1087.1387403638944
1b82b665,recent_slope,38.91894698594018,793.5279771371753
1bcb2fcf,recent_slope,63.303188872287066,241.2744074700797
1beca81d,recent_slope,118.66801526710411,1109.0381692709161
1d3fbf02,recent_slope,10.73395065238776,139.0037157778544
1d78281a,recent_slope,48.42866486578315,306.6550519722231
1e30dedf,recent_slope,23.379600473298417,187.96062406782718
1e5e3573,recent_slope,60.85409803199427,318.9706146341819
1f9afacb,recent_slope,26.531491360564743,498.8241670167924
1fdbba44,recent_slope,6.152249420065311,247.7797913470171
1fee2b62,recent_slope,8.698391314105564,1739.9960786447969
20096916,recent_slope,83.03758288344608,337.67082269574115
200d233d,recent_slope,13.104826778324279,759.8756656848515
201661b5,recent_slope,9.065817709947883,2362.543505334908
203721ab,recent_slope,30.3011707581782,692.5011844756903
20402d71,recent_slope,93.64686525727681,445.4000112259253
2043abc5,recent_slope,36.653527632146385,1231.8828054648518
204cc64b,recent_slope,47.16654753274124,186.19912996565864
206b6193,recent_slope,34.26292308538789,1530.9008428047455
2075c696,recent_slope,49.59988827482826,2924.1969866614527
22c5f93f,recent_slope,3.62322321897813,650.4307126820967
230eaaa3,recent_slope,50.2561743990685,577.4631237577566
2364716c,recent_slope,9.906376438413943,787.3228853526308
23b9beb0,recent_slope,4.310461804525307,4.370743643773057
24d8997e,recent_slope,58.54655833262689,151.3314550910953
25050f63,recent_slope,929.0496794341647,407.32922311093307
25939962,recent_slope,9.984313836322594,331.77885707214205
25fd32b3,recent_slope,3.026091246926897,486.70114659816613
261785ee,recent_slope,46.628718644053485,505.8362284376582
264feceb,recent_slope,24.858670284146502,311.6254009221986
26623a50,recent_slope,23.15626224684683,3734.0527192851346
26d3a96a,recent_slope,78.0084196827125,260.60118130957596
272abef3,recent_slope,9.987662767038266,464.24347803702034
27300fd5,recent_slope,17.61074288400606,116.65264034746481
276b012a,recent_slope,42.11369249742072,173.756853102472
27c3155b,recent_slope,46.03307581838046,180.5223191185996
27ebb9b9,recent_slope,58.17364087106496,262.80323609141846
283269ac,recent_slope,13.610997074363752,423.3095862365947
28473855,recent_slope,22.115112802582747,6920.243263910821
28f4eda9,recent_slope,48.73913778309669,390.73295189910806
29b24409,recent_slope,59.57393337425987,159.65818143788346
29de15c8,recent_slope,30.44880346686764,307.1572178868592
2ab29395,recent_slope,13.557198374235046,849.9145147598321
2ac7cb6b,recent_slope,9.89436919903829,678.8027614853322
2acc78d4,recent_slope,11.307786222333611,585.503976844031
2b034622,recent_slope,7.620075259372555,582.3461373615888
2b06ad65,recent_slope,3.275207976695273,205.72764155580197
2b547943,recent_slope,7.691579782291326,388.32822817820374
2be5c96a,recent_slope,55.03602987718132,784.9777304484786
2bff06cf,recent_slope,223.4109010068685,1259.987468191288
2c0c4a4e,recent_slope,64.48743402493406,821.9865294515896
2cee0cba,recent_slope,123.71597811018545,1126.7924868849639
2d0c268a,recent_slope,41.94490856340372,86.6451014191666
2d179ded,recent_slope,119.03434662050502,884.6136264490503
2d196986,recent_slope,26.590511908648345,360.1114312264891
2d2d0c6b,recent_slope,27.715089995279918,151.3314550910953
2d35f86d,recent_slope,94.65594268202453,909.6962130290883
2d9f6cb9,recent_slope,71.80892542257074,253.45837153278688
2ddad940,recent_slope,39.73897109631974,224.3712102744123
2e29e833,recent_slope,31.913723867477266,1437.3127200787326
2e43c2ea,recent_slope,198.49182868126363,638.1855345428945
2e63d9de,recent_slope,73.12553086623528,2832.741276043545
2ee0235b,recent_slope,62.96934349350459,539.664329004501
2f19d536,recent_slope,36.606663136228214,2559.9898002336113
2f8e53c3,recent_slope,2.9563154917417855,0.02000000001862645
2fa01aa6,recent_slope,8.496693604868153,867.7874326122011
2fd68f7b,recent_slope,127.3361168039829,187.96062406782718
2fe023be,recent_slope,27.687459194383965,371.103479099971
30d75030,recent_slope,83.58028848073043,1480.4562555173416
310c71a5,recent_slope,6.6358512636137625,410.755450359503
32fe84c9,recent_slope,90.61430359417852,4005.033103109125
33c40295,recent_slope,116.93843340286807,1045.1938894291413
3407f5bf,recent_slope,56.71459502329842,121.10156563796214
3417285d,recent_slope,16.590837661514698,143.32038654694819
347242c8,recent_slope,1.5875866853852967,3538.1399067871807
353e5502,recent_slope,162.51959406256665,2151.213418166657
357c12f9,recent_slope,24.350649914698682,183.8641813950703
3584a6eb,recent_slope,9.89056232061445,344.01163352399607
35b30c7f,recent_slope,183.8000499277865,340.66607594528057
35b3ef6a,recent_slope,18.279709132472547,552.8780521053948
367456ce,recent_slope,41.54304257074096,241.09196606281986
368131f9,recent_slope,10.114548851472696,965.8211686436671
368fe682,recent_slope,42.89468779821685,636.7910581188324
3690a146,recent_slope,78.86537011775773,379.52710706896244
37344c2a,recent_slope,24.205271984162522,199.3058112546897
373ef48b,recent_slope,43.308001099696604,384.0562257014298
374be387,recent_slope,135.96621016841266,474.7741379858165
37d36812,recent_slope,19.53687426871102,155.80823919175182
38991fd4,recent_slope,76.7339157241275,314.2461692689048
389ae58f,recent_slope,156.1293046504757,1689.1744431230065
3932faa6,recent_slope,66.72931001241842,777.7989769213452
398dce4b,recent_slope,10.806412959407892,393.4816928395906
39b51819,recent_slope,2.9220013883009415,542.6366147803164
3a0af893,recent_slope,4.883331082831721,601.3040037286603
3a223519,recent_slope,31.226719618062408,164.29219488480655
3a7dd95d,recent_slope,28.897023069818413,4992.86652879899
3a824aa7,recent_slope,3.842380261961104,618.104678675014
3a86fe8d,recent_slope,97.468577840933,285.4294422447561
3aaa2b30,recent_slope,19.31900277157496,238.40900696110396
3ac16ad0,recent_slope,5.675057580367722,390.73295189910806
3b21ea64,recent_slope,41.82657866303181,163.7862341591579
3bbe1f5d,recent_slope,82.67839322934408,294.18448310549996
3bfee975,recent_slope,18.717700519524684,452.8522793361525
3c3dbcbc,recent_slope,7.131408890502258,337.67082269574115
3d96d897,recent_slope,3.4846252378956586,350.36325677778564
3df4b19e,recent_slope,28.030674473544927,310.9024235991544
3e011332,recent_slope,18.852448530166743,448.7708174559524
3e678ea7,recent_slope,8.585204510235856,350.33928141164705
3ef6372a,recent_slope,6.439084701204616,577.4631237577566
3ef98781,recent_slope,64.44347999188982,111.95715832410396
3f603129,recent_slope,176.69430891673892,80.75477571019829
404c4384,recent_slope,9.848767661591438,317.0990633855207
4121c517,recent_slope,19.98682897679285,201.2050429290308
41fb0192,recent_slope,35.91842160554439,456.69412356603607
42669188,recent_slope,105.15494790269214,358.5888527271412
42c538a1,recent_slope,75.15199667939437,6093.110687489639
43b06c70,recent_slope,131.93947895114692,452.08725540535687
43c7f85a,recent_slope,12.262958542470175,478.17591334157316
43e16325,recent_slope,70.44831867839272,4634.629612924814
44441e54,recent_slope,26.146114342175306,18.814688410984402
445af6c2,recent_slope,225.73038192720892,286.15407108770086
4463446c,recent_slope,5.490413361555197,2811.8944870673013
44a94013,recent_slope,62.85188881534727,375.58581775679494
45fb3e21,recent_slope,21.053183132595755,486.3790458070381
460f859e,recent_slope,68.60820812471232,465.4253371916219
4630ab92,recent_slope,8.371023501356703,1314.650160194832
463c38f2,recent_slope,119.00940385576054,401.350880153667
4654e7de,recent_slope,124.8299574236716,347.27663742304566
466fc788,recent_slope,259.6928326788213,367.1681565715774
46a301e9,recent_slope,61.193045408346116,3167.998034674157
46a7190b,recent_slope,10.192416456737519,181.30062465412828
46d24a09,recent_slope,22.96337551903144,326.94649485804183
46d41ff6,recent_slope,6.357965965193939,659.9369037264493
46dfcfca,recent_slope,37.4954193138425,174.694233447939
47222616,recent_slope,120.26235757132602,344.01163352399607
47ee27ab,recent_slope,100.35354310905056,186.4533016599304
481de5fc,recent_slope,19.360308311364992,460.8259682356095
48c1f673,recent_slope,14.731367503538019,166.93596676577033
4936af16,recent_slope,42.130070515168974,664.8960997025933
493b5b31,recent_slope,223.0554943698851,363.6254453416865
49dbc14c,recent_slope,32.31576538497383,3374.523583826345
4a035ec2,recent_slope,3.7763127980706557,456.69412356603607
4a335117,recent_slope,143.46733321774286,3374.523583826345
4a8ecc0b,recent_slope,45.36553453233576,1132.067152955183
4b462989,recent_slope,92.9584840926892,406.25225968607674
4b831d20,recent_slope,116.5476665968304,254.13939265668066
4c2208f5,recent_slope,65.85586768627788,269.68198456704016
4c3168cf,recent_slope,51.89228386908449,205.72764155580197
4c3df468,recent_slope,44.49115856344192,432.51031340299613
4caa7289,recent_slope,123.8503209444385,294.18448310549996
4cd1ac61,recent_slope,75.80880314921514,261.0002116856136
4cecf7b3,recent_slope,66.64170795053334,367.1681565715774
4ddde4c1,recent_slope,30.365673412374505,205.1186788180608
4e050c92,recent_slope,15.319886369136427,332.3330355231446
4ed93db6,recent_slope,77.666065226192,95.13238144822385
4f3eb9e9,recent_slope,159.36723505124084,568.8299545561316
4f4ac5ce,recent_slope,9.04081996958212,815.0663278531551
4f4afcc6,recent_slope,10.586139165848632,352.5644532562716
4f69febf,recent_slope,140.90417933157215,167.7994547071152
4fbe9c06,recent_slope,14.873226010958778,286.15407108770086
504c8b08,recent_slope,86.01211491498925,1001.8072977374127
511e1db0,recent_slope,2.157731802541292,1907.7610486904982
512943b2,recent_slope,2.0303041277007914,369.96515349433054
5138a660,recent_slope,60.73837380779571,173.79403355672642
516088b7,recent_slope,37.3820349895408,333.40767852599134
521a7819,recent_slope,276.96493732037476,342.29534907726173
5254b6db,recent_slope,113.55481802810499,496.89537892804964
529e88ca,recent_slope,32.908091278577636,80.75477571019829
52f1e77a,recent_slope,178.8686568198344,460.5971039860524
5305524b,recent_slope,120.77440199407633,400.47356829126807
53134831,recent_slope,121.20046314144882,334.40003259576497
5397ceb1,recent_slope,144.80525070265816,71.30908567649446
53f23031,recent_slope,53.45470384129408,4.370743643773057
543198e8,recent_slope,68.60464414721763,1074.5795743918054
54753541,recent_slope,21.128680865128928,473.78370856353564
54a7e3c2,recent_slope,41.531342815700995,356.579276178597
5542c301,recent_slope,83.9011127946562,290.35748208028406
5567d551,recent_slope,7.649174261417092,278.8943973981603
55efee7f,recent_slope,25.544487449303837,401.350880153667
5663b2b7,recent_slope,38.169366881952115,0.0
5693dde2,recent_slope,26.224431829904304,3461.150792106728
56b00794,recent_slope,80.7150410334951,434.2344776727978
57796579,recent_slope,246.8224589694711,345.04317019744036
577eec7c,recent_slope,24.108506110769643,1157.9542175750205
57f05c51,recent_slope,234.62663894192517,165.33667530266277
58850d2c,recent_slope,14.24568767465127,872.1740631892926
58fa8486,recent_slope,11.119569597546327,409.1014319211866
591cc951,recent_slope,14.04534239598877,439.41694323269655
593876b6,recent_slope,109.49516232904361,301.27238456264837
59f8b2e8,recent_slope,6.489640790689519,6698.349016922087
5a1a8fd8,recent_slope,152.04696331668137,352.4647954052819
5a5269a9,recent_slope,5.191400097534073,494.57752172949426
5a5d1982,recent_slope,12.060520447686601,159.65818143788346
5a63b5d1,recent_slope,58.15407134824433,469.22546840516446
5aa03df7,recent_slope,3.814278219004055,1109.0381692709161
5aa403d0,recent_slope,43.76086646991812,200.39713421101598
5aef5c6c,recent_slope,4.435832253115419,4166.198230485334
5b7b6324,recent_slope,15.533361663835391,6847.004798749586
5bd25f59,recent_slope,52.88351578677898,206.3415006729768
5beded95,recent_slope,35.056910626489724,871.4125118451667
5cb483ac,recent_slope,19.55610234242481,283.75583870615185
5cdd8dbc,recent_slope,80.1309450110329,311.5685967808558
5d11dfb5,recent_slope,28.5563587018425,592.4352390769471
5d7198fd,recent_slope,25.844913029998686,1215.653089988869
5def1ce5,recent_slope,174.28657489767346,358.9451526348613
5eae34a8,recent_slope,33.86975643851518,1013.8024178800661
5f4d2a52,recent_slope,133.48700658348787,730.8351092416312
5f6756c5,recent_slope,69.7155811966258,1809.847220292195
5f75f796,recent_slope,22.287952545057866,376.66404885550594
5fb1c15f,recent_slope,17.598484306924252,447.8991655493628
5fffa282,recent_slope,22.93128647959746,600.4431018007779
60e37807,recent_slope,28.514361249727248,448.7708174559524
61f27424,recent_slope,3.0052598339559213,566.4375561348735
62569ae3,recent_slope,41.60080371776162,531.2533649774686
62a6f539,recent_slope,6.038113303244291,418.68067366398685
633774dc,recent_slope,14.932890475652718,703.5663053331969
63559d57,recent_slope,17.067892225265716,495.1796874875491
647f2a41,recent_slope,34.45387199394263,478.99623223991324
65156b96,recent_slope,2.202748948026099,2461.441495749841
653612bc,recent_slope,24.695949051813873,540.0430443030305
656a067b,recent_slope,53.74461896014704,441.6065018768087
65a5466a,recent_slope,6.906295184739438,259.5905009816173
660d9546,recent_slope,26.2585723493077,427.8675021547079
6767c111,recent_slope,69.18485130710062,503.70108328257055
67847288,recent_slope,128.33276803007058,269.5698621877799
67a8da4a,recent_slope,27.03765242479662,398.45724111855304
684a6fc1,recent_slope,252.72722300641468,0.0
698930d1,recent_slope,35.007827261855205,429.3523384123422
699ea575,recent_slope,13.006483758291392,359.7980878213344
69c1bdad,recent_slope,101.79907209931181,530.9052617935206
69e41fa6,recent_slope,67.79771444876131,245.25083689983654
6a0ff78e,recent_slope,292.70100889465266,357.74696784179423
6a8fa194,recent_slope,7.335028651888406,628.6807107744826
6ae68655,recent_slope,28.536711833843928,783.4510814342718
6d1d74e1,recent_slope,12.77018685477703,432.51031340299613
6d590e26,recent_slope,80.8245723571254,178.62219626911465
6d6d93af,recent_slope,43.72877213581058,5871.724446302043
6dbe4b60,recent_slope,89.2290096151717,369.96515349433054
6e6d122c,recent_slope,5.959176851908758,343.4850191786155
6e9ccd38,recent_slope,91.77450192718123,560.9654285250222
6ea22614,recent_slope,34.86823341984901,627.7407733293041
6ede926a,recent_slope,144.23363290881414,351.3815420591581
708caea9,recent_slope,16.042530976867795,209.44856385289032
70925e23,recent_slope,112.27200294908769,7279.67035309972
70e1788b,recent_slope,112.50747099602553,823.9976516956518
71642c7d,recent_slope,64.95373546967427,242.19001073545743
71ccf778,recent_slope,8.874395969889452,311.9260014811653
7224331b,recent_slope,37.67911898489652,1339.112089893728
722cf0d8,recent_slope,40.999742273164,333.7858416709582
7256229b,recent_slope,27.31514007578067,191.99873437117506
726f3dc2,recent_slope,50.262353297872885,312.5685899128737
7271dd80,recent_slope,251.51388387411646,821.9865294515896
727a3a10,recent_slope,150.11139995235948,394.82556768802914
729665c0,recent_slope,153.01817143000966,478.99623223991324
729e9750,recent_slope,54.50360339085654,527.0661652012062
729f4217,recent_slope,18.24286122023564,394.44761680104773
72dd8501,recent_slope,60.730818044497106,498.8241670167924
73348914,recent_slope,11.628999875380588,242.19001073545743
739a914f,recent_slope,11.171439264303714,1149.239235320354
73b1447d,recent_slope,142.43819695348105,314.9110549027679
74b6186b,recent_slope,47.490189047149386,410.300133195121
75c20ec7,recent_slope,36.816995664885056,1178.6519956287946
75cd5f11,recent_slope,90.6148515109069,366.02009794546325
75d20a82,recent_slope,36.69048561145944,0.0
76201745,recent_slope,6.588701831913408,194.8291110179383
764072a5,recent_slope,35.12230447838666,340.0234324276718
77b0d905,recent_slope,66.40085604032453,452.00146559494567
77e4821c,recent_slope,17.69760419961122,684.9150491118971
7850c72e,recent_slope,99.63223567456525,207.99950817245553
78a4a386,recent_slope,92.65268552473145,186.4533016599304
79507629,recent_slope,11.370696227509663,368.26591058661705
796dbd4c,recent_slope,117.9607915985498,229.67763539366513
7987f2f2,recent_slope,29.853279255948554,495.1796874875491
7993a768,recent_slope,36.89991733650289,403.9541430657916
7a5660b0,recent_slope,12.165978840206547,556.151071652502
7acda2df,recent_slope,66.3478805135551,923.3880550450896
7b2c7b3c,recent_slope,2.803511952675245,950.2475270160758
7b38844c,recent_slope,27.838790726168643,283.75583870615185
7bb17b96,recent_slope,40.224109913341586,173.79403355672642
7c607683,recent_slope,208.74119538961133,359.99967361097714
7cbbd047,recent_slope,84.08795935708007,222.64387572973524
7cd4bb31,recent_slope,38.91505329640585,579.5133938055994
7d50373e,recent_slope,47.22439173692658,671.2082682743306
7d57c75d,recent_slope,8.89721776543804,3464.860396523878
7e208414,recent_slope,6.969135859898303,974.9490166158656
7e721392,recent_slope,36.29875628411117,469.22546840516446
7ff89f8f,recent_slope,14.514454615679464,560.9654285250222
8050c789,recent_slope,14.624778458566112,759.1660957918359
807f0298,recent_slope,12.495205588665057,952.7892715599598
811f52b3,recent_slope,36.18252568409943,342.1399646343355
81bf5923,recent_slope,15.390924133695755,394.82556768802914
81fc01c6,recent_slope,11.47644709173281,317.0990633855207
8255c867,recent_slope,70.61249089700087,354.99921408365276
82aab6d2,recent_slope,315.8217335985101,296.08298971749326
82fcf37c,recent_slope,30.279649559831167,296.51786202518025
833af382,recent_slope,61.849523950038794,374.51669468805227
8382f4b6,recent_slope,23.11429214387141,207.67364252588484
84633df4,recent_slope,4.502230760915465,265.5508798705091
8478df29,recent_slope,72.73443285294145,265.5508798705091
84815d5a,recent_slope,16.185262582568836,1153.6795122132753
84c3b497,recent_slope,60.083141530384545,427.96097135179053
85380836,recent_slope,128.60651341673903,386.25963547849636
8612b37f,recent_slope,65.45461512484577,352.3304138163702
861e71df,recent_slope,32.027185675155074,95.13238144822385
86454a6f,recent_slope,27.068672647099586,578.0744180468329
8648abae,recent_slope,47.69150094925467,1532.5972481381498
865033f8,recent_slope,5.293208839970635,258.09645968117127
87695469,recent_slope,7.398853725852797,6566.412090038253
877ed19c,recent_slope,63.24013792302332,111.95715832410396
87aa3730,recent_slope,33.35362929399597,352.5644532562716
884ecb5f,recent_slope,437.58208209201877,390.2214799314444
8902c3f6,recent_slope,60.651922272926996,525.2042840649932
896d15b9,recent_slope,86.6940733912084,3327.363809940173
8995c945,recent_slope,49.693081425821525,209.44856385289032
89969c7a,recent_slope,24.453559897400982,662.2428703275009
89f1085d,recent_slope,18.425028642737423,7136.08188633635
89f36adf,recent_slope,27.042111794896197,334.40003259576497
89fdb2f2,recent_slope,0.4084413522873632,0.02000000001862645
8a3da6d1,recent_slope,23.09720191478369,839.4689667280624
8a89da23,recent_slope,25.74597685610706,719.094025354236
8a9c8932,recent_slope,28.024026014728538,634.3875403883866
8ac2f237,recent_slope,40.13649462033801,494.3863794645422
8b12bab6,recent_slope,58.46704290531151,650.4307126820967
8b5be31b,recent_slope,60.96092118292434,367.80678759356687
8b95d6d1,recent_slope,22.56975841560455,0.0
8b9d8326,recent_slope,29.724945401312166,1013.760985637056
8bb9c1e6,recent_slope,20.38554777263374,333.45837401362036
8bda1a11,recent_slope,132.37191397637014,527.0661652012062
8bfa881d,recent_slope,50.52154181223607,333.3820686540921
8c167025,recent_slope,17.266068750092252,78.11375871113562
8c8348e8,recent_slope,125.57426171217352,174.694233447939
8cc21f01,recent_slope,35.908341863856585,139.0037157778544
8cc800b3,recent_slope,22.644177850669255,2024.9547508031562
8d5d46d7,recent_slope,47.63155990393644,422.99580009735627
8d92cb49,recent_slope,43.410186508497844,71.30908567649446
8f201368,recent_slope,168.21017339175773,386.25963547849636
90386ee4,recent_slope,22.003581253754497,372.6263309269572
91abc4c7,recent_slope,228.6016882008987,341.2819119146672
91b301ce,recent_slope,114.45308345277955,2106.3871107896753
91db7070,recent_slope,36.69965315277802,391.17125213904495
925a7cd1,recent_slope,110.24698410928283,304.22541790555783
9283ae69,recent_slope,45.14480977717904,334.92819827533225
9298ad5b,recent_slope,7.908651223014374,1527.6750589051946
9314ff13,recent_slope,42.39504195925522,311.9260014811653
93209a3d,recent_slope,41.0909558975479,261.0002116856136
939d9c34,recent_slope,12.861215165559615,672.0663363835546
93f5d2e6,recent_slope,18.54469240403918,200.39713421101598
940a48d9,recent_slope,9.064900748234964,275.6078097587988
940e709a,recent_slope,84.43032445091124,334.92819827533225
9426ec1e,recent_slope,16.82356272775054,1016.319384691788
94467f50,recent_slope,14.337188795627954,148.0420430147734
944f36b9,recent_slope,46.55386985313185,194.8291110179383
94d813a4,recent_slope,122.25711707950529,398.45724111855304
95b559e7,recent_slope,30.415075919278827,427.8675021547079
95c8427f,recent_slope,27.579237098034966,1372.2477919459889
96936c22,recent_slope,42.6297879582793,408.27491056913027
96ae5806,recent_slope,60.69905424698356,315.6761500339613
96b7eea1,recent_slope,152.7774597173149,565.010595033084
9719aa04,recent_slope,17.444278420044405,218.37401402174427
974802e7,recent_slope,157.7836668149738,985.5009699640704
97cd5bf9,recent_slope,13.510168636069851,1342.4419840350988
98177ced,recent_slope,173.3079096565019,184.13129228906436
9896fc0b,recent_slope,46.105699812618845,290.35748208028406
98bc6f66,recent_slope,18.688435352224975,504.05569979921114
992c99e8,recent_slope,15.830333104193699,310.9024235991544
992ce078,recent_slope,8.031680016968298,312.89067036265453
99529c45,recent_slope,85.14697054438491,1429.9593018334203
995ff498,recent_slope,6.7610951535769335,288.2732642821676
999daf80,recent_slope,22.177874845281533,199.3058112546897
9a6b0392,recent_slope,121.30291229160179,333.15894299890175
9a8ae0d6,recent_slope,149.46274306755075,567.9699348558456
9a95e33f,recent_slope,30.92793146065953,405.9235889920556
9ab94eeb,recent_slope,7.108602274540431,542.6366147803164
9ad5410a,recent_slope,141.03239467168464,360.36984224554186
9ae248be,recent_slope,18.83623964792419,201.96190556664803
9af1ffd0,recent_slope,17.42098438504835,253.5314532754942
9b5b61c1,recent_slope,3.7143644851443938,341.68702053184603
9b9e3b49,recent_slope,127.62832288189028,289.24630611298943
9bd2bba3,recent_slope,154.07280130003724,231.32171061081877
9c211c53,recent_slope,37.389053504021014,985.5009699640704
9c350a6a,recent_slope,13.57026446623612,2786.8320253828765
9c8375f7,recent_slope,4.014075931552036,332.765438860785
9d072e4c,recent_slope,205.11123171433493,803.0766202548501
9d3ec64c,recent_slope,44.71778229880195,253.5314532754942
9d4272e3,recent_slope,17.918695622872725,2386.662440836632
9d5e14d4,recent_slope,34.12295868471475,527.961960940447
9da441ba,recent_slope,52.97218469027883,349.43053801881234
9dede370,recent_slope,86.86742579998582,287.648443937986
9def2eb2,recent_slope,29.88967986305151,495.4081745387793
9df1b1f9,recent_slope,89.4336579129603,1809.847220292195
9dfff011,recent_slope,3.8951728015388905,2586.2148307518487
9e3e364d,recent_slope,22.386235287037238,775.0838783642216
9efc812e,recent_slope,76.26823100204142,394.7112922122497
9f0c7bae,recent_slope,9.52012717359537,201.96190556664803
9ffce529,recent_slope,22.87580107164685,679.8420905622397
a0383629,recent_slope,108.10799574754532,707.8544942289337
a056d01e,recent_slope,119.89994660227364,1689.1744431230065
a08d9e63,recent_slope,107.43230153826892,885.3491028968041
a0b83014,recent_slope,58.56677213334543,1441.573269591275
a0e92ed6,recent_slope,90.55401281056453,201.44270177897872
a15bc102,recent_slope,34.27179218228608,1436.0748560227817
a247e7cf,recent_slope,39.700218437935064,309.90878222474225
a2e8e7f6,recent_slope,73.84000383776674,0.0
a3518960,recent_slope,6.9277098647436,601.80359462206
a3f71395,recent_slope,20.545994606567056,549.6892656766121
a4719920,recent_slope,5.681895230514825,505.8362284376582
a48640d9,recent_slope,99.42961465164997,789.5242732175907
a4cdbb0f,recent_slope,22.103205280769902,341.50693375112417
a4f989c2,recent_slope,88.29014619753377,0.0
a5aa7973,recent_slope,47.53261085210897,214.30784796645327
a5e6f7dc,recent_slope,30.812930994265585,1480.4562555173416
a612d5a0,recent_slope,94.99944425775912,399.1596694304587
a622ce4d,recent_slope,11.028708514215928,446.84304682975136
a645da9a,recent_slope,8.625980770361666,877.3133608919026
a692b17e,recent_slope,97.80785255612408,326.85334341283675
a6b8ac67,recent_slope,8.59415233377983,306.6550519722231
a6ed2eff,recent_slope,5.943154443207398,207.67364252588484
a6f967fb,recent_slope,63.40121583746306,165.33667530266277
a76db406,recent_slope,47.33026354448233,525.2042840649932
a7744f5b,recent_slope,53.374238058117825,382.6329585908479
a783cc24,recent_slope,5.576819285705686,9.852065773163481
a79fd2e7,recent_slope,39.54920597449172,768.300719900795
a7fc3e6b,recent_slope,19.679772681747334,2652.8457199957443
a85bb86f,recent_slope,24.640250058381827,982.4919143687255
a85e4bc3,recent_slope,12.015471756050967,933.0985013385186
a87433c9,recent_slope,32.50843486336142,679.861026975612
a8ed028a,recent_slope,17.440906089149262,191.64130348127284
a959858c,recent_slope,1476.8774399778645,4503.085086348942
a9c9b150,recent_slope,0.7209420669468329,565.010595033084
aa95015b,recent_slope,83.6091317245757,1152.7920496775323
aaaf3c03,recent_slope,17.531844841677003,903.0367437155622
aaeffccb,recent_slope,11.890808246213863,614.6521879079755
ab112491,recent_slope,18.192352248223475,2486.5238339903444
ab18d3fc,recent_slope,237.2042043034673,761.5432862283768
ab3ced07,recent_slope,44.90154896730671,331.77885707214205
ab6fe95d,recent_slope,23.02120234844087,582.3461373615888
ab94878e,recent_slope,83.23477722622118,244.43476614445458
abf460d2,recent_slope,38.73001728538998,144.32096590620765
ac6f01d5,recent_slope,173.47848342983957,241.2744074700797
ad2133a8,recent_slope,54.06131619516646,460.8259682356095
add9c322,recent_slope,28.701301154914155,336.72329084865765
ae069086,recent_slope,99.57533011849445,439.41694323269655
ae0784a8,recent_slope,87.1751881110005,659.9369037264493
ae35f33a,recent_slope,5.554604523580262,193.5932498824423
ae8959c3,recent_slope,45.54012251517781,259.5905009816173
aed44918,recent_slope,9.840672342909853,4089.102558716226
aee6393a,recent_slope,2.8207494340724804,354.95141329492384
af7a59ce,recent_slope,4.129510983476437,621.384937056236
aff4e561,recent_slope,113.92434605571297,530.165870082168
b04b58a3,recent_slope,27.95255984251913,124.47522042578048
b0d42b0d,recent_slope,45.31255934730643,1413.5289610404207
b0f53bf4,recent_slope,18.336888011112208,388.32822817820374
b19b0395,recent_slope,214.88709461820682,341.113621686398
b1efb8a4,recent_slope,48.887528270862894,123.54244007625115
b32902c0,recent_slope,14.397201879695285,705.6749060294605
b32e4903,recent_slope,71.57145712262796,259.82786936750915
b3388334,recent_slope,11.433185068843935,427.96097135179053
b37fd114,recent_slope,113.44377659576682,1524.4601978733758
b38e3116,recent_slope,26.84935656194216,245.98680228801408
b4d8dd4f,recent_slope,47.46907950690906,486.70114659816613
b4f37e6e,recent_slope,4.986785271190352,923.3880550450896
b56bc0aa,recent_slope,132.77392579809504,638.1855345428945
b585b4fa,recent_slope,50.27617816780883,331.06330890023986
b5aa9634,recent_slope,43.30947167260071,262.3065971340616
b7974e66,recent_slope,101.42368022818039,325.73973230139205
b7cdcecb,recent_slope,95.81782094361341,308.98393809386755
b7fea9ef,recent_slope,35.550658836696286,9.852065773163481
b85f7b06,recent_slope,3.041999650696813,142.39125394482363
b881d27e,recent_slope,19.26992791139762,372.6263309269572
b8c49c1a,recent_slope,25.160085475526184,473.78370856353564
b95e7121,recent_slope,75.4477787176676,759.1430276959608
b977be4a,recent_slope,53.077020021955754,603.7211795189904
ba48188d,recent_slope,50.074291527677865,1262.8968054438208
bb2cdd83,recent_slope,2.3880578402432695,331.06330890023986
bb337fa0,recent_slope,101.8870941683436,278.8943973981603
bb682ebd,recent_slope,18.93822622944044,201.2050429290308
bc4381e2,recent_slope,52.856741282912786,715.3517085321561
bcebcc5f,recent_slope,178.25138608346762,0.0
bd2c2f34,recent_slope,229.55144624321284,474.7741379858165
bd4ae5da,recent_slope,77.89238859077174,289.24630611298943
bd6f0e19,recent_slope,10.227452274667735,1085.8078335047658
bd8f847e,recent_slope,80.4365114692578,755.2956415206847
be063506,recent_slope,121.18515997287258,679.861026975612
be35c8f2,recent_slope,31.80888522052243,790.6483423751589
be83e781,recent_slope,68.71664042566067,384.0562257014298
beda8696,recent_slope,33.427949009428026,309.90878222474225
bf39bc20,recent_slope,17.995095779617444,373.9874864216263
bf70b410,recent_slope,13.59583142779641,451.8079535599153
bffe3082,recent_slope,40.7656980259421,672.0663363835546
c03b9305,recent_slope,2.1577538634175104,788.1052134076127
c03d4aed,recent_slope,13.232759269272304,695.8011150464969
c03fba65,recent_slope,18.408707259505608,5893.922361789407
c07fd0cd,recent_slope,1.6044918501457697,453.46564588747356
c1708b88,recent_slope,114.43587432667937,1693.958175693997
c1d046f4,recent_slope,169.91085713457878,86.6451014191666
c2717d4f,recent_slope,62.75628344128788,254.75764973810655
c2c4db09,recent_slope,7.693854256449678,603.7211795189904
c2c6fc71,recent_slope,64.36224496383547,223.63873412288683
c36625df,recent_slope,31.910298519872452,856.2612543492522
c3957531,recent_slope,133.64589251596428,256.3560789214622
c42fe306,recent_slope,68.05634387826407,797.4772468855715
c43812e2,recent_slope,41.98559781225017,1339.112089893728
c472c0b5,recent_slope,26.634572240856283,166.93596676577033
c47e0767,recent_slope,6.566135020973214,155.80823919175182
c50b42f6,recent_slope,7.656938386610584,333.7858416709582
c593337f,recent_slope,21.720149014085802,1739.9960786447969
c59b6c4a,recent_slope,18.44688264809981,547.6276126161605
c66be2b8,recent_slope,86.53687821067385,426.83193706639713
c6797dd7,recent_slope,143.91496620794518,759.8756656848515
c6b782a4,recent_slope,144.76449831583784,384.2316011210162
c6c96179,recent_slope,23.99822400460537,707.4710977135059
c70c0e01,recent_slope,9.393310072521933,504.6530242651169
c84c65be,recent_slope,55.5244539885937,6457.035995137644
c8d9680c,recent_slope,84.16585062638859,200.126655146364
c908edd0,recent_slope,83.41119375523118,494.3863794645422
c9578d27,recent_slope,76.70715421488323,333.45837401362036
c96c018a,recent_slope,14.477337155436773,408.1236464602166
c99f9fae,recent_slope,4.401715812365925,1084.8189618551382
c9e6734f,recent_slope,35.22023959531211,244.43476614445458
c9e980e8,recent_slope,38.5218475514357,642.6153034282563
c9fedcf3,recent_slope,14.183965324333863,1299.3966948166617
cad13e8f,recent_slope,33.60291212591138,340.131638781206
cb34231f,recent_slope,30.327773220858013,184.13129228906436
cb879f40,recent_slope,42.977238687741405,218.1748576258722
cbb406b5,recent_slope,41.653232572467715,618.5537703383592
cbe51de1,recent_slope,65.63562518311139,307.1572178868592
cbe62450,recent_slope,159.33563956737967,178.62219626911465
cc08aa63,recent_slope,70.82941797131937,373.9874864216263
cc8a1d57,recent_slope,22.676902305083235,856.2474690180142
ccedb12b,recent_slope,19.863994629117606,236.4018900094347
cd7f1687,recent_slope,16.68712695005571,216.6619950521545
cda7eb37,recent_slope,8.071782420744603,429.54885752417954
cdc31d65,recent_slope,6.595346882697942,220.8237444206809
cdc60a53,recent_slope,45.97627975403739,275.31903257844556
ce55ba43,recent_slope,58.78927211925352,283.0103620008831
ce8399b7,recent_slope,21.70683640718687,1905.5389975804796
cf50c9d1,recent_slope,32.08935410114304,369.0513634982427
d00e7eb9,recent_slope,40.66875307531962,872.071849906842
d011f41b,recent_slope,69.14319411890258,0.0
d07aed8f,recent_slope,11.942394569213677,2832.741276043545
d085e611,recent_slope,152.1836650080748,0.0
d0a0e7b5,recent_slope,38.06463500910348,336.72329084865765
d0a43760,recent_slope,42.756385590791346,1562.6739711146588
d0cb63ae,recent_slope,115.65971380344138,891.9104346291638
d114d9c2,recent_slope,8.02488534543485,308.98393809386755
d1457cc5,recent_slope,43.25711285540011,884.6136264490503
d1ecf309,recent_slope,74.88673427307607,401.262951815832
d1ee630d,recent_slope,167.14183140915603,446.84304682975136
d217e0c5,recent_slope,6.174499169424923,464.24347803702034
d24ff243,recent_slope,107.6932491676986,666.9586257031009
d273674e,recent_slope,20.109733872485137,502.27947479502006
d2f3b1ab,recent_slope,73.9062234338872,692.892474847352
d3df146b,recent_slope,26.567925227056,352.1732372000718
d40f61d5,recent_slope,30.09170691163296,695.850648487151
d41beaf2,recent_slope,14.832084051896242,314.2461692689048
d463e527,recent_slope,6.158872084193739,601.80359462206
d4f60a28,recent_slope,5.363886341437484,255.0441493152273
d50c649a,recent_slope,100.7373085436871,452.08725540535687
d543916f,recent_slope,34.317954387646665,238.40900696110396
d5df0ff5,recent_slope,17.738652997439022,1876.8912207424692
d60430e6,recent_slope,10.762920423413437,494.57752172949426
d63196fe,recent_slope,7.194161960770619,679.8420905622397
d6c320d9,recent_slope,13.374953077813338,347.27663742304566
d6dd7330,recent_slope,40.90318960621082,123.54244007625115
d7ba4f9d,recent_slope,5.551512709974541,151.19408354819515
d7eb0be8,recent_slope,43.2539785306596,191.64130348127284
d84b621b,recent_slope,65.54563320015397,446.29741854502043
d90aa14c,recent_slope,259.9047370396427,872.071849906842
d924e971,recent_slope,71.66432625513269,688.8492869273032
d9ae59b2,recent_slope,19.366231723631103,969.0103603677898
d9d6d94d,recent_slope,81.49587471423536,537.9362141556397
d9eca87b,recent_slope,19.384556843942676,572.4575884724273
da2d4d7c,recent_slope,3.504640789733878,501.87577845498924
da3bfe4e,recent_slope,61.02129535504938,167.7994547071152
da3cf798,recent_slope,95.70077173700425,1905.5389975804796
da940160,recent_slope,15.69175707809937,404.8412105998619
dafc88c3,recent_slope,8.137166114148805,341.113621686398
dbee6c86,recent_slope,3.9457057931033304,231.32171061081877
dc5fbe29,recent_slope,64.88960937712163,5482.205712393514
dc7da28f,recent_slope,68.46263318384989,375.58581775679494
dc7f9757,recent_slope,142.83796746407558,816.5461175587193
dd168de0,recent_slope,18.975342597196374,360.93871086377584
dd64382d,recent_slope,2.1418645082875676,810.9693047826694
dd6bc5b2,recent_slope,40.98677063044335,2175.5951491489654
dd7d638e,recent_slope,4.726569024956424,311.5685967808558
ddc790ff,recent_slope,29.847951650133876,730.3217325258304
df71d1ff,recent_slope,72.54275851402826,296.51786202518025
df73b8f3,recent_slope,35.22687385035529,120.12210995466528
df8290be,recent_slope,132.5091583147804,326.85334341283675
e0079ed1,recent_slope,14.583117622876188,396.6159382824991
e03b45fd,recent_slope,53.75186618007051,356.2541088885832
e0f36d98,recent_slope,49.99032749580502,285.4294422447561
e149204f,recent_slope,66.75152435496994,445.4000112259253
e14d641e,recent_slope,40.67745633528503,340.0234324276718
e161bd0c,recent_slope,13.05973792091973,304.22541790555783
e201fd6d,recent_slope,26.994723465343156,872.1740631892926
e25f1537,recent_slope,18.42934686076071,124.47522042578048
e2fc7745,recent_slope,8.844836023807268,513.746736535034
e32da4ec,recent_slope,31.797098309248096,201.44270177897872
e3b34f5b,recent_slope,61.679808351189195,340.66607594528057
e45a2a62,recent_slope,129.96797373010725,693.8848294206138
e46f4ef4,recent_slope,37.88435835164388,350.33928141164705
e4726608,recent_slope,31.547520312520586,211.403472062154
e5864244,recent_slope,137.24819147404978,255.0441493152273
e5c92e59,recent_slope,29.59289748254446,814.7513756354983
e5ff9fd2,recent_slope,18.209828787850856,5006.475323818147
e6c55748,recent_slope,74.5036628352962,288.2732642821676
e730c32b,recent_slope,17.449120210525404,381.9524421964513
e737965a,recent_slope,12.009539578626265,341.2819119146672
e748dd88,recent_slope,40.7084775755295,1380.7103389925364
e7818f7a,recent_slope,5.251803723234752,506.0023519709952
e7c36e81,recent_slope,81.9233140958931,456.25658888398317
e7d0c1de,recent_slope,6.445519180618249,354.47294410168126
e85074c5,recent_slope,22.09367210153661,258.09645968117127
e97032ad,recent_slope,68.40043468301575,456.25658888398317
e9949a23,recent_slope,19.549858921120055,409.1014319211866
ea0b99b7,recent_slope,156.04621580977374,315.6761500339613
ea3a0e38,recent_slope,238.25963727722777,914.6865330809674
ea41324e,recent_slope,4.498154027506443,448.0654757955242
eabc711b,recent_slope,76.5055904362801,696.204673641085
eac10e86,recent_slope,4.578293779948579,575.3804635194074
eafb863e,recent_slope,41.99682004006997,354.99921408365276
eb06a4e7,recent_slope,153.56492411856073,254.75764973810655
eb640a35,recent_slope,8.87634536599678,393.69012205038473
eb934281,recent_slope,3.260978081990557,251.6948630784195
eba6605e,recent_slope,129.26083778146565,5871.724446302043
ebe69318,recent_slope,88.29970350237114,686.2642220017262
ec0d597b,recent_slope,11.387312554715901,570.0749228829853
ec13af42,recent_slope,59.929344617341116,220.8237444206809
ecdab904,recent_slope,52.584082795043685,287.648443937986
ecdaf714,recent_slope,139.19946075207056,1074.5795743918054
ed6436d6,recent_slope,1.4988122347490436,2486.5238339903444
ed6e6e54,recent_slope,78.57742183513467,245.98680228801408
edf885a3,recent_slope,16.812146876376822,759.1660957918359
ee0300f7,recent_slope,8.398968546155736,2540.383977846691
ee288beb,recent_slope,240.52236185376563,2345.485662671624
ee4aecac,recent_slope,20.60062928279225,224.3712102744123
eeda36f5,recent_slope,93.54659807365111,695.8011150464969
eeed308d,recent_slope,7.1153678049491855,275.31903257844556
ef04658e,recent_slope,8.845935800163947,78.11375871113562
ef8e3ed0,recent_slope,48.80685537053867,472.8086439566805
efde6ac3,recent_slope,101.32419996261659,0.0
efe96181,recent_slope,65.47765536011555,148.0420430147734
f0188a48,recent_slope,147.70742458437715,1693.958175693997
f021b650,recent_slope,51.57067696068506,2977.780474279231
f03f10fe,recent_slope,127.97215530176804,379.52710706896244
f053a1b9,recent_slope,99.01475220233078,443.23240765999094
f074d277,recent_slope,12.322177646081757,1395.6010986309716
f07d7037,recent_slope,38.11723047621619,251.6948630784195
f08774c3,recent_slope,11.10876633007023,1503.3841484466916
f140c2fa,recent_slope,70.01142127240297,420.11684850765937
f16e25e3,recent_slope,28.39595749402014,948.480908031269
f2d4c8c9,recent_slope,91.23528778223465,477.41254214785795
f321a31c,recent_slope,14.329943111687768,651.5424508808836
f40cd091,recent_slope,139.48213040107925,352.3304138163702
f439a621,recent_slope,6.547411663664633,121.10156563796214
f49fdea3,recent_slope,13.255739064208903,783.4510814342718
f4d12d23,recent_slope,93.45647380233281,332.765438860785
f56d3ace,recent_slope,26.62942484466118,448.0654757955242
f5859199,recent_slope,82.49343598792942,4301.1156051659145
f5d8aab6,recent_slope,64.27539655223748,205.1186788180608
f631da6e,recent_slope,4.795099216766685,1093.8183615667167
f6824bb0,recent_slope,115.36271403289722,342.29534907726173
f6bc699b,recent_slope,19.79838664997535,787.3228853526308
f6d009f4,recent_slope,1042.1183478762296,479.4750551384492
f72b268f,recent_slope,12.267107856297464,354.9009227943209
f8662c22,recent_slope,17.934896488281854,574.9275491747276
f88ddb26,recent_slope,24.67351130387352,1145.2715266695677
f8afa78a,recent_slope,47.55586341458087,451.8079535599153
f8f59188,recent_slope,17.709305568421126,488.7036934582905
f9fc81aa,recent_slope,21.3427890950974,350.36325677778564
fa16d114,recent_slope,56.31311269475653,500.3193192352561
fa31da94,recent_slope,51.147250980302395,598.602202217775
fa667be2,recent_slope,6.241798175965737,163.7862341591579
fae0c593,recent_slope,121.08789530728197,241.09196606281986
fb03ae90,recent_slope,125.70314121750252,405.9235889920556
fb0904bd,recent_slope,44.44722600029168,1436.0748560227817
fb3848a1,recent_slope,27.987809352370373,637.8869884234749
fb73b13a,recent_slope,149.9112342362892,479.4750551384492
fba7683c,recent_slope,2.820713434312526,1132.067152955183
fbd68d27,recent_slope,204.3044940793442,290.8560289903569
fc03f21f,recent_slope,52.32700515614366,360.36984224554186
fc0d20b2,recent_slope,12.154545585619616,2015.7112779610497
fcfcc902,recent_slope,8.388105906616333,1530.9008428047455
fd3b4faa,recent_slope,10.12018426221236,488.7036934582905
fd710aea,recent_slope,14.643426183540303,319.5400619639575
fd8f77fa,recent_slope,106.26278573003663,405.4355211372632
fde20ecf,recent_slope,17.026517480975443,460.5971039860524
fdfd57da,recent_slope,4.215691008738398,679.7909893491068
febb4411,recent_slope,54.10114255883666,516.880236515124
fef8af96,recent_slope,70.85107973699859,837.8206658946208
ff0aea78,recent_slope,90.85441035576856,336.07143243639024
ff8bb73a,recent_slope,7.7709571746241135,246.41405033004006
ffefef30,recent_slope,38.05691269744905,164.29219488480655
000d7d20,midpoint_gate,7.403502935850474,336.07143243639024
00bbac68,midpoint_gate,8.876417047944898,573.452859178668
00e12e8b,midpoint_gate,8.040922468760362,358.5888527271412
015fe0d2,midpoint_gate,22.323105877793374,1013.760985637056
01869cd4,midpoint_gate,10.42112965392408,1176.4650194970675
01982c1d,midpoint_gate,7.553404704444579,191.99873437117506
028d7b28,midpoint_gate,5.346483628302872,151.19408354819515
02e7fe5a,midpoint_gate,6.9704456434248865,403.9541430657916
0390d174,midpoint_gate,6.699236845947605,795.1002175827138
03a935ae,midpoint_gate,32.64863336119717,1140.9101816093412
044af7d1,midpoint_gate,9.00987333038617,381.9524421964513
0498acab,midpoint_gate,4.4259414966329285,1299.5734117390227
052d64df,midpoint_gate,2.5763748468302996,423.3095862365947
05948241,midpoint_gate,4.5047779256565725,410.300133195121
059c8f24,midpoint_gate,13.529280373151384,14366.681664006725
05a0ee4d,midpoint_gate,8.63766539013047,700.0830968536936
060ab2b8,midpoint_gate,6.642273879385414,602.3081823287225
06df5958,midpoint_gate,4.4263477440890595,399.56064871311435
071d7b45,midpoint_gate,17.61360049316566,3327.346722961181
0849b4e2,midpoint_gate,5.836642790974069,495.4477418458478
084d66f9,midpoint_gate,6.68136020865092,447.8991655493628
08fecf00,midpoint_gate,3.738129012635044,245.25083689983654
09053135,midpoint_gate,14.052875073191485,216.6619950521545
09441b8d,midpoint_gate,13.055895740108937,359.99967361097714
0955cd6c,midpoint_gate,7.851325381299905,318.9706146341819
09ec2ca9,midpoint_gate,5.20467034616189,401.262951815832
0a57a29c,midpoint_gate,8.625588143571061,318.4850972965528
0bbf5e67,midpoint_gate,16.257944163552544,1013.8024178800661
0be01c24,midpoint_gate,7.450309467872774,137.9538999087774
0c1b160c,midpoint_gate,7.257885473919856,1291.5203184616896
0d99f8e4,midpoint_gate,8.264402691964646,707.8544942289337
0dc5e64d,midpoint_gate,12.815402157476504,506.0023519709952
0dc835f3,midpoint_gate,7.974970013575211,271.9800773953144
0dd99dc5,midpoint_gate,6.576992167487655,212.8723302827778
0e5e560d,midpoint_gate,8.74224193510481,1802.71316256898
109d9d70,midpoint_gate,10.769379940265704,601.3040037286603
10a1281a,midpoint_gate,4.934799208707518,259.82786936750915
10b89021,midpoint_gate,16.420022611760494,143.32038654694819
10be2420,midpoint_gate,12.273063419442654,367.80678759356687
113011eb,midpoint_gate,5.080000293569226,504.6530242651169
1131525f,midpoint_gate,15.187178061741074,602.3081823287225
11d0f5ac,midpoint_gate,25.34126542598106,527.961960940447
12203f2a,midpoint_gate,13.034511185814246,222.64387572973524
122bd617,midpoint_gate,8.53445945467711,1337.2009330315439
125be846,midpoint_gate,19.27164701969744,333.40767852599134
1285a37b,midpoint_gate,6.78205606970857,116.65264034746481
1295a25b,midpoint_gate,7.810426876256845,627.5345540286303
12f0cd90,midpoint_gate,6.992241807534181,730.8351092416312
137d1e44,midpoint_gate,22.263149023197506,376.66404885550594
13ce113d,midpoint_gate,4.417016871124159,2924.1969866614527
13f598d9,midpoint_gate,15.018469896282369,173.756853102472
14a53cb3,midpoint_gate,7.711359996179714,360.1114312264891
14ab73fb,midpoint_gate,12.486336890546669,5880.390701212142
14ad5efb,midpoint_gate,5.984355422566115,349.43053801881234
14fee784,midpoint_gate,16.39961862253809,229.67763539366513
153552f5,midpoint_gate,6.518948089701401,223.63873412288683
1550491d,midpoint_gate,24.782162685878085,267.33501454155584
155887bb,midpoint_gate,11.201570578130967,573.452859178668
1590af81,midpoint_gate,5.371407122037708,486.3790458070381
15e154a1,midpoint_gate,20.80111028705746,0.014142135801537968
1619e2ca,midpoint_gate,7.848045369725891,2275.8459963055707
16e4a047,midpoint_gate,10.162404544517692,359.7980878213344
173ed841,midpoint_gate,15.598914060600189,186.19912996565864
1770d7c6,midpoint_gate,11.847358145679053,254.13939265668066
177622d7,midpoint_gate,5.580821063499363,144.32096590620765
18d24f7b,midpoint_gate,10.987791827791726,368.3130539364969
19137a89,midpoint_gate,15.763670147764893,354.9009227943209
1944513c,midpoint_gate,5.945575083493027,267.33501454155584
197f8a5a,midpoint_gate,23.106524624940707,641.7493299568013
19871e7f,midpoint_gate,6.074821223828751,120.12210995466528
198a5607,midpoint_gate,9.082322082196916,356.579276178597
19fb4f7b,midpoint_gate,6.732615632892525,262.43522877055324
1a518997,midpoint_gate,10.207403939913181,290.8560289903569
1a68190b,midpoint_gate,11.104489686403749,419.5604038751503
1a730ac2,midpoint_gate,18.64718690241081,1299.5734117390227
1aaf1da0,midpoint_gate,10.083910947009068,688.8492869273032
1b08ed48,midpoint_gate,12.839142825226357,325.73973230139205
1b1c5372,midpoint_gate,23.032892779117415,206.3415006729768
1b1eba53,midpoint_gate,71.86947153661751,2595.8521103100265
1b6ba517,midpoint_gate,6.244282293880828,1087.1387403638944
1b82b665,midpoint_gate,5.2062059843147015,793.5279771371753
1bcb2fcf,midpoint_gate,5.7497305970270345,241.2744074700797
1beca81d,midpoint_gate,6.317479346992928,1109.0381692709161
1d3fbf02,midpoint_gate,2.867177549644271,139.0037157778544
1d78281a,midpoint_gate,10.390707038361375,306.6550519722231
1e30dedf,midpoint_gate,6.3307012473291575,187.96062406782718
1e5e3573,midpoint_gate,10.516566363672577,318.9706146341819
1f9afacb,midpoint_gate,3.031810097953084,498.8241670167924
1fdbba44,midpoint_gate,6.152249420065311,247.7797913470171
1fee2b62,midpoint_gate,8.698391314105564,1739.9960786447969
20096916,midpoint_gate,8.817555326090869,337.67082269574115
200d233d,midpoint_gate,13.104826778324279,759.8756656848515
201661b5,midpoint_gate,9.065817709947883,2362.543505334908
203721ab,midpoint_gate,9.51612803771919,692.5011844756903
20402d71,midpoint_gate,10.274619073420741,445.4000112259253
2043abc5,midpoint_gate,15.986762281506955,1231.8828054648518
204cc64b,midpoint_gate,4.746001047393127,186.19912996565864
206b6193,midpoint_gate,34.26292308538789,1530.9008428047455
2075c696,midpoint_gate,29.482142076035757,2924.1969866614527
22c5f93f,midpoint_gate,3.62322321897813,650.4307126820967
230eaaa3,midpoint_gate,23.94012921620714,577.4631237577566
2364716c,midpoint_gate,19.52893588015687,787.3228853526308
23b9beb0,midpoint_gate,4.310461804525307,4.370743643773057
24d8997e,midpoint_gate,5.530786669405674,151.3314550910953
25050f63,midpoint_gate,39.12091133734458,407.32922311093307
25939962,midpoint_gate,9.984313836322594,331.77885707214205
25fd32b3,midpoint_gate,3.026091246926897,486.70114659816613
261785ee,midpoint_gate,34.386382483167615,505.8362284376582
264feceb,midpoint_gate,8.474560778822553,311.6254009221986
26623a50,midpoint_gate,23.15626224684683,3734.0527192851346
26d3a96a,midpoint_gate,8.566783856860573,260.60118130957596
272abef3,midpoint_gate,9.987662767038266,464.24347803702034
27300fd5,midpoint_gate,17.61074288400606,116.65264034746481
276b012a,midpoint_gate,24.672420985805136,173.756853102472
27c3155b,midpoint_gate,20.875609722342148,180.5223191185996
27ebb9b9,midpoint_gate,10.17624454045818,262.80323609141846
283269ac,midpoint_gate,5.907588542516078,423.3095862365947
28473855,midpoint_gate,7.9995263953106,6920.243263910821
28f4eda9,midpoint_gate,14.860672013787257,390.73295189910806
29b24409,midpoint_gate,14.286223953951932,159.65818143788346
29de15c8,midpoint_gate,4.354559642778736,307.1572178868592
2ab29395,midpoint_gate,7.66330103681853,849.9145147598321
2ac7cb6b,midpoint_gate,9.89436919903829,678.8027614853322
2acc78d4,midpoint_gate,11.307786222333611,585.503976844031
2b034622,midpoint_gate,7.620075259372555,582.3461373615888
2b06ad65,midpoint_gate,3.275207976695273,205.72764155580197
2b547943,midpoint_gate,12.331250570474737,388.32822817820374
2be5c96a,midpoint_gate,1.6499633742022586,784.9777304484786
2bff06cf,midpoint_gate,30.30650631947606,1259.987468191288
2c0c4a4e,midpoint_gate,7.70602940951749,821.9865294515896
2cee0cba,midpoint_gate,10.448633735856633,1126.7924868849639
2d0c268a,midpoint_gate,13.963023481735572,86.6451014191666
2d179ded,midpoint_gate,7.950094760991781,884.6136264490503
2d196986,midpoint_gate,10.941692391717597,360.1114312264891
2d2d0c6b,midpoint_gate,2.7210371054764915,151.3314550910953
2d35f86d,midpoint_gate,11.905818954721376,909.6962130290883
2d9f6cb9,midpoint_gate,10.296919680650149,253.45837153278688
2ddad940,midpoint_gate,9.281244923446977,224.3712102744123
2e29e833,midpoint_gate,6.414172509168494,1437.3127200787326
2e43c2ea,midpoint_gate,8.820415886160331,638.1855345428945
2e63d9de,midpoint_gate,15.352884816713178,2832.741276043545
2ee0235b,midpoint_gate,4.958381639751569,539.664329004501
2f19d536,midpoint_gate,7.105704069974869,2559.9898002336113
2f8e53c3,midpoint_gate,2.9563154917417855,0.02000000001862645
2fa01aa6,midpoint_gate,20.428377605255687,867.7874326122011
2fd68f7b,midpoint_gate,66.18697334656098,187.96062406782718
2fe023be,midpoint_gate,15.846332565094146,371.103479099971
30d75030,midpoint_gate,10.363223102649412,1480.4562555173416
310c71a5,midpoint_gate,6.6358512636137625,410.755450359503
32fe84c9,midpoint_gate,20.27149875341487,4005.033103109125
33c40295,midpoint_gate,8.886467645126606,1045.1938894291413
3407f5bf,midpoint_gate,12.710847512329797,121.10156563796214
3417285d,midpoint_gate,32.93255445620939,143.32038654694819
347242c8,midpoint_gate,1.5875866853852967,3538.1399067871807
353e5502,midpoint_gate,6.774782737509542,2151.213418166657
357c12f9,midpoint_gate,5.765849840248276,183.8641813950703
3584a6eb,midpoint_gate,9.89056232061445,344.01163352399607
35b30c7f,midpoint_gate,19.40302032587302,340.66607594528057
35b3ef6a,midpoint_gate,26.09202572055301,552.8780521053948
367456ce,midpoint_gate,13.021103307409822,241.09196606281986
368131f9,midpoint_gate,18.629045360313732,965.8211686436671
368fe682,midpoint_gate,17.79879430372251,636.7910581188324
3690a146,midpoint_gate,7.03302694432714,379.52710706896244
37344c2a,midpoint_gate,9.146845468961457,199.3058112546897
373ef48b,midpoint_gate,5.708127669756821,384.0562257014298
374be387,midpoint_gate,6.756771048685165,474.7741379858165
37d36812,midpoint_gate,19.53687426871102,155.80823919175182
38991fd4,midpoint_gate,19.505739236665754,314.2461692689048
389ae58f,midpoint_gate,47.95100889979355,1689.1744431230065
3932faa6,midpoint_gate,7.262396359642577,777.7989769213452
398dce4b,midpoint_gate,2.423840024730373,393.4816928395906
39b51819,midpoint_gate,2.9220013883009415,542.6366147803164
3a0af893,midpoint_gate,18.47693888830874,601.3040037286603
3a223519,midpoint_gate,9.560366397430325,164.29219488480655
3a7dd95d,midpoint_gate,21.817053197261536,4992.86652879899
3a824aa7,midpoint_gate,3.842380261961104,618.104678675014
3a86fe8d,midpoint_gate,10.947801775376146,285.4294422447561
3aaa2b30,midpoint_gate,19.31900277157496,238.40900696110396
3ac16ad0,midpoint_gate,5.675057580367722,390.73295189910806
3b21ea64,midpoint_gate,7.432932501156438,163.7862341591579
3bbe1f5d,midpoint_gate,12.113925680253113,294.18448310549996
3bfee975,midpoint_gate,6.8466304147229105,452.8522793361525
3c3dbcbc,midpoint_gate,7.131408890502258,337.67082269574115
3d96d897,midpoint_gate,3.4846252378956586,350.36325677778564
3df4b19e,midpoint_gate,8.76608738667389,310.9024235991544
3e011332,midpoint_gate,14.920282966743498,448.7708174559524
3e678ea7,midpoint_gate,8.585204510235856,350.33928141164705
3ef6372a,midpoint_gate,6.439084701204616,577.4631237577566
3ef98781,midpoint_gate,12.819241253010379,111.95715832410396
3f603129,midpoint_gate,31.530840147946456,80.75477571019829
404c4384,midpoint_gate,3.793669709821964,317.0990633855207
4121c517,midpoint_gate,9.118335160324518,201.2050429290308
41fb0192,midpoint_gate,3.1851252515985897,456.69412356603607
42669188,midpoint_gate,22.601326868408165,358.5888527271412
42c538a1,midpoint_gate,33.80823898604906,6093.110687489639
43b06c70,midpoint_gate,9.189233899232601,452.08725540535687
43c7f85a,midpoint_gate,12.262958542470175,478.17591334157316
43e16325,midpoint_gate,48.64021954861095,4634.629612924814
44441e54,midpoint_gate,4.210719339584028,18.814688410984402
445af6c2,midpoint_gate,34.45536321839244,286.15407108770086
4463446c,midpoint_gate,11.387121681327098,2811.8944870673013
44a94013,midpoint_gate,20.992717737730796,375.58581775679494
45fb3e21,midpoint_gate,21.053183132595755,486.3790458070381
460f859e,midpoint_gate,15.425076206947285,465.4253371916219
4630ab92,midpoint_gate,8.371023501356703,1314.650160194832
463c38f2,midpoint_gate,6.3588154532450405,401.350880153667
4654e7de,midpoint_gate,4.769447196285592,347.27663742304566
466fc788,midpoint_gate,19.718426820366915,367.1681565715774
46a301e9,midpoint_gate,12.455466522090289,3167.998034674157
46a7190b,midpoint_gate,10.192416456737519,181.30062465412828
46d24a09,midpoint_gate,22.96337551903144,326.94649485804183
46d41ff6,midpoint_gate,6.357965965193939,659.9369037264493
46dfcfca,midpoint_gate,21.981341199631622,174.694233447939
47222616,midpoint_gate,13.203311392469582,344.01163352399607
47ee27ab,midpoint_gate,7.675233978780895,186.4533016599304
481de5fc,midpoint_gate,14.85058974186674,460.8259682356095
48c1f673,midpoint_gate,14.731367503538019,166.93596676577033
4936af16,midpoint_gate,4.971109007135106,664.8960997025933
493b5b31,midpoint_gate,21.75797245753227,363.6254453416865
49dbc14c,midpoint_gate,9.347471279660592,3374.523583826345
4a035ec2,midpoint_gate,21.76683988519896,456.69412356603607
4a335117,midpoint_gate,24.713206312576293,3374.523583826345
4a8ecc0b,midpoint_gate,8.797215203693291,1132.067152955183
4b462989,midpoint_gate,6.548824460518114,406.25225968607674
4b831d20,midpoint_gate,13.916115112098373,254.13939265668066
4c2208f5,midpoint_gate,41.99188456939217,269.68198456704016
4c3168cf,midpoint_gate,3.404155507684079,205.72764155580197
4c3df468,midpoint_gate,20.02860420084519,432.51031340299613
4caa7289,midpoint_gate,12.126530528928678,294.18448310549996
4cd1ac61,midpoint_gate,15.499902125199464,261.0002116856136
4cecf7b3,midpoint_gate,8.751942729051699,367.1681565715774
4ddde4c1,midpoint_gate,2.612572745020623,205.1186788180608
4e050c92,midpoint_gate,6.33238599467044,332.3330355231446
4ed93db6,midpoint_gate,10.222783144876104,95.13238144822385
4f3eb9e9,midpoint_gate,32.52223449107699,568.8299545561316
4f4ac5ce,midpoint_gate,9.04081996958212,815.0663278531551
4f4afcc6,midpoint_gate,10.586139165848632,352.5644532562716
4f69febf,midpoint_gate,14.996593949769746,167.7994547071152
4fbe9c06,midpoint_gate,14.873226010958778,286.15407108770086
504c8b08,midpoint_gate,18.8572255059916,1001.8072977374127
511e1db0,midpoint_gate,2.157731802541292,1907.7610486904982
512943b2,midpoint_gate,2.0303041277007914,369.96515349433054
5138a660,midpoint_gate,6.300569966049563,173.79403355672642
516088b7,midpoint_gate,7.655106254157117,333.40767852599134
521a7819,midpoint_gate,25.403931811408626,342.29534907726173
5254b6db,midpoint_gate,8.296349783782128,496.89537892804964
529e88ca,midpoint_gate,13.600115431687346,80.75477571019829
52f1e77a,midpoint_gate,14.733505668567776,460.5971039860524
5305524b,midpoint_gate,15.847517442845335,400.47356829126807
53134831,midpoint_gate,18.60884934540743,334.40003259576497
5397ceb1,midpoint_gate,9.419672681212768,71.30908567649446
53f23031,midpoint_gate,9.54509635197929,4.370743643773057
543198e8,midpoint_gate,18.865027271717178,1074.5795743918054
54753541,midpoint_gate,7.660597067567726,473.78370856353564
54a7e3c2,midpoint_gate,15.721334816998118,356.579276178597
5542c301,midpoint_gate,6.256369217195514,290.35748208028406
5567d551,midpoint_gate,7.649174261417092,278.8943973981603
55efee7f,midpoint_gate,25.544487449303837,401.350880153667
5663b2b7,midpoint_gate,25.710295412067047,0.0
5693dde2,midpoint_gate,12.448209976403101,3461.150792106728
56b00794,midpoint_gate,33.243249927233805,434.2344776727978
57796579,midpoint_gate,13.812121402092666,345.04317019744036
577eec7c,midpoint_gate,24.108506110769643,1157.9542175750205
57f05c51,midpoint_gate,36.29402013889675,165.33667530266277
58850d2c,midpoint_gate,14.24568767465127,872.1740631892926
58fa8486,midpoint_gate,11.119569597546327,409.1014319211866
591cc951,midpoint_gate,14.04534239598877,439.41694323269655
593876b6,midpoint_gate,13.293872601127342,301.27238456264837
59f8b2e8,midpoint_gate,6.489640790689519,6698.349016922087
5a1a8fd8,midpoint_gate,11.29326071598539,352.4647954052819
5a5269a9,midpoint_gate,5.191400097534073,494.57752172949426
5a5d1982,midpoint_gate,4.080511116897656,159.65818143788346
5a63b5d1,midpoint_gate,23.67335346557568,469.22546840516446
5aa03df7,midpoint_gate,3.814278219004055,1109.0381692709161
5aa403d0,midpoint_gate,28.80795742018463,200.39713421101598
5aef5c6c,midpoint_gate,4.435832253115419,4166.198230485334
5b7b6324,midpoint_gate,15.533361663835391,6847.004798749586
5bd25f59,midpoint_gate,4.90361560821433,206.3415006729768
5beded95,midpoint_gate,22.04860784085285,871.4125118451667
5cb483ac,midpoint_gate,7.624505877273035,283.75583870615185
5cdd8dbc,midpoint_gate,16.401101415077402,311.5685967808558
5d11dfb5,midpoint_gate,9.632187972146504,592.4352390769471
5d7198fd,midpoint_gate,11.303510130118385,1215.653089988869
5def1ce5,midpoint_gate,8.077012726078406,358.9451526348613
5eae34a8,midpoint_gate,6.365188996660945,1013.8024178800661
5f4d2a52,midpoint_gate,51.954885576730575,730.8351092416312
5f6756c5,midpoint_gate,10.419938281268452,1809.847220292195
5f75f796,midpoint_gate,6.156728826392068,376.66404885550594
5fb1c15f,midpoint_gate,20.506901235220806,447.8991655493628
5fffa282,midpoint_gate,4.286096101616648,600.4431018007779
60e37807,midpoint_gate,18.187000480490855,448.7708174559524
61f27424,midpoint_gate,3.0052598339559213,566.4375561348735
62569ae3,midpoint_gate,5.280918094526951,531.2533649774686
62a6f539,midpoint_gate,6.038113303244291,418.68067366398685
633774dc,midpoint_gate,14.932890475652718,703.5663053331969
63559d57,midpoint_gate,4.788174065471291,495.1796874875491
647f2a41,midpoint_gate,5.714586394006961,478.99623223991324
65156b96,midpoint_gate,2.202748948026099,2461.441495749841
653612bc,midpoint_gate,4.462149246434538,540.0430443030305
656a067b,midpoint_gate,15.359296676780106,441.6065018768087
65a5466a,midpoint_gate,6.906295184739438,259.5905009816173
660d9546,midpoint_gate,6.921001616647642,427.8675021547079
6767c111,midpoint_gate,12.614052076428854,503.70108328257055
67847288,midpoint_gate,12.81923522671816,269.5698621877799
67a8da4a,midpoint_gate,7.687617391708349,398.45724111855304
684a6fc1,midpoint_gate,22.20478590967174,0.0
698930d1,midpoint_gate,9.56789670236156,429.3523384123422
699ea575,midpoint_gate,13.006483758291392,359.7980878213344
69c1bdad,midpoint_gate,11.336413141132072,530.9052617935206
69e41fa6,midpoint_gate,4.554186463423455,245.25083689983654
6a0ff78e,midpoint_gate,12.074648342481796,357.74696784179423
6a8fa194,midpoint_gate,7.335028651888406,628.6807107744826
6ae68655,midpoint_gate,9.289114496813236,783.4510814342718
6d1d74e1,midpoint_gate,12.77018685477703,432.51031340299613
6d590e26,midpoint_gate,6.406739409868241,178.62219626911465
6d6d93af,midpoint_gate,34.799252515453475,5871.724446302043
6dbe4b60,midpoint_gate,7.353702104837291,369.96515349433054
6e6d122c,midpoint_gate,5.959176851908758,343.4850191786155
6e9ccd38,midpoint_gate,10.318629798032818,560.9654285250222
6ea22614,midpoint_gate,8.967374176035289,627.7407733293041
6ede926a,midpoint_gate,10.235295262488439,351.3815420591581
708caea9,midpoint_gate,33.537783654563796,209.44856385289032
70925e23,midpoint_gate,11.242392341405436,7279.67035309972
70e1788b,midpoint_gate,8.119286600625962,823.9976516956518
71642c7d,midpoint_gate,13.043641212994352,242.19001073545743
71ccf778,midpoint_gate,3.678687382029412,311.9260014811653
7224331b,midpoint_gate,4.158952056433166,1339.112089893728
722cf0d8,midpoint_gate,11.947151551409846,333.7858416709582
7256229b,midpoint_gate,6.131793710083701,191.99873437117506
726f3dc2,midpoint_gate,3.8504909040113873,312.5685899128737
7271dd80,midpoint_gate,7.918978859705123,821.9865294515896
727a3a10,midpoint_gate,10.891212860115676,394.82556768802914
729665c0,midpoint_gate,12.09626998126371,478.99623223991324
729e9750,midpoint_gate,8.620963937076102,527.0661652012062
729f4217,midpoint_gate,18.24286122023564,394.44761680104773
72dd8501,midpoint_gate,7.134936376741049,498.8241670167924
73348914,midpoint_gate,11.628999875380588,242.19001073545743
739a914f,midpoint_gate,11.171439264303714,1149.239235320354
73b1447d,midpoint_gate,13.405016691336467,314.9110549027679
74b6186b,midpoint_gate,9.088502952891194,410.300133195121
75c20ec7,midpoint_gate,13.853857243362935,1178.6519956287946
75cd5f11,midpoint_gate,4.616568173449091,366.02009794546325
75d20a82,midpoint_gate,25.17763803188816,0.0
76201745,midpoint_gate,6.588701831913408,194.8291110179383
764072a5,midpoint_gate,7.781943502810818,340.0234324276718
77b0d905,midpoint_gate,12.705489085180838,452.00146559494567
77e4821c,midpoint_gate,17.69760419961122,684.9150491118971
7850c72e,midpoint_gate,11.948066449760885,207.99950817245553
78a4a386,midpoint_gate,5.747093661137776,186.4533016599304
79507629,midpoint_gate,11.370696227509663,368.26591058661705
796dbd4c,midpoint_gate,5.159209105573223,229.67763539366513
7987f2f2,midpoint_gate,6.1075201362638065,495.1796874875491
7993a768,midpoint_gate,11.690405666960766,403.9541430657916
7a5660b0,midpoint_gate,12.165978840206547,556.151071652502
7acda2df,midpoint_gate,12.980554585858656,923.3880550450896
7b2c7b3c,midpoint_gate,2.803511952675245,950.2475270160758
7b38844c,midpoint_gate,7.981168553468182,283.75583870615185
7bb17b96,midpoint_gate,13.264564440405731,173.79403355672642
7c607683,midpoint_gate,17.77986311151718,359.99967361097714
7cbbd047,midpoint_gate,13.681572758064341,222.64387572973524
7cd4bb31,midpoint_gate,7.696821755301384,579.5133938055994
7d50373e,midpoint_gate,15.258195480666751,671.2082682743306
7d57c75d,midpoint_gate,8.89721776543804,3464.860396523878
7e208414,midpoint_gate,6.969135859898303,974.9490166158656
7e721392,midpoint_gate,43.74498532280825,469.22546840516446
7ff89f8f,midpoint_gate,14.514454615679464,560.9654285250222
8050c789,midpoint_gate,7.103173435585199,759.1660957918359
807f0298,midpoint_gate,5.095204002495004,952.7892715599598
811f52b3,midpoint_gate,4.605690244734122,342.1399646343355
81bf5923,midpoint_gate,20.802384201898118,394.82556768802914
81fc01c6,midpoint_gate,11.47644709173281,317.0990633855207
8255c867,midpoint_gate,25.440962373268146,354.99921408365276
82aab6d2,midpoint_gate,16.753700993110154,296.08298971749326
82fcf37c,midpoint_gate,8.050821183029974,296.51786202518025
833af382,midpoint_gate,13.700211016689783,374.51669468805227
8382f4b6,midpoint_gate,36.82734175360149,207.67364252588484
84633df4,midpoint_gate,4.502230760915465,265.5508798705091
8478df29,midpoint_gate,14.03146184387976,265.5508798705091
84815d5a,midpoint_gate,13.766928844644323,1153.6795122132753
84c3b497,midpoint_gate,15.135601455203794,427.96097135179053
85380836,midpoint_gate,14.515755659802451,386.25963547849636
8612b37f,midpoint_gate,17.98051566353824,352.3304138163702
861e71df,midpoint_gate,11.604173070021758,95.13238144822385
86454a6f,midpoint_gate,74.62853653041878,578.0744180468329
8648abae,midpoint_gate,5.309278987790992,1532.5972481381498
865033f8,midpoint_gate,5.293208839970635,258.09645968117127
87695469,midpoint_gate,7.398853725852797,6566.412090038253
877ed19c,midpoint_gate,3.1124082595956377,111.95715832410396
87aa3730,midpoint_gate,7.792305465294199,352.5644532562716
884ecb5f,midpoint_gate,15.970755962578922,390.2214799314444
8902c3f6,midpoint_gate,6.521315947375035,525.2042840649932
896d15b9,midpoint_gate,27.940563484685597,3327.363809940173
8995c945,midpoint_gate,16.624181553016875,209.44856385289032
89969c7a,midpoint_gate,9.078960720662813,662.2428703275009
89f1085d,midpoint_gate,24.695042007759863,7136.08188633635
89f36adf,midpoint_gate,4.358657781588273,334.40003259576497
89fdb2f2,midpoint_gate,0.4084413522873632,0.02000000001862645
8a3da6d1,midpoint_gate,9.363783614149543,839.4689667280624
8a89da23,midpoint_gate,25.74597685610706,719.094025354236
8a9c8932,midpoint_gate,3.6100247496169757,634.3875403883866
8ac2f237,midpoint_gate,13.144416220846278,494.3863794645422
8b12bab6,midpoint_gate,21.48128464130305,650.4307126820967
8b5be31b,midpoint_gate,14.115223634676607,367.80678759356687
8b95d6d1,midpoint_gate,15.679103771596191,0.0
8b9d8326,midpoint_gate,6.483455015086838,1013.760985637056
8bb9c1e6,midpoint_gate,4.137631897786944,333.45837401362036
8bda1a11,midpoint_gate,10.435151733422035,527.0661652012062
8bfa881d,midpoint_gate,16.127210983656138,333.3820686540921
8c167025,midpoint_gate,6.790208780755798,78.11375871113562
8c8348e8,midpoint_gate,5.667959254719451,174.694233447939
8cc21f01,midpoint_gate,2.5057436124904737,139.0037157778544
8cc800b3,midpoint_gate,12.684312315675616,2024.9547508031562
8d5d46d7,midpoint_gate,15.421590095833782,422.99580009735627
8d92cb49,midpoint_gate,7.215257378083956,71.30908567649446
8f201368,midpoint_gate,31.191466620545043,386.25963547849636
90386ee4,midpoint_gate,7.251781217004759,372.6263309269572
91abc4c7,midpoint_gate,5.1368938867608005,341.2819119146672
91b301ce,midpoint_gate,23.273395945186117,2106.3871107896753
91db7070,midpoint_gate,43.13574194916252,391.17125213904495
925a7cd1,midpoint_gate,3.998140736725384,304.22541790555783
9283ae69,midpoint_gate,7.169281136889681,334.92819827533225
9298ad5b,midpoint_gate,7.908651223014374,1527.6750589051946
9314ff13,midpoint_gate,5.985625054253105,311.9260014811653
93209a3d,midpoint_gate,15.150914563357151,261.0002116856136
939d9c34,midpoint_gate,12.861215165559615,672.0663363835546
93f5d2e6,midpoint_gate,7.596400702856911,200.39713421101598
940a48d9,midpoint_gate,9.064900748234964,275.6078097587988
940e709a,midpoint_gate,6.699805052696082,334.92819827533225
9426ec1e,midpoint_gate,16.82356272775054,1016.319384691788
94467f50,midpoint_gate,5.383239461246304,148.0420430147734
944f36b9,midpoint_gate,7.109693810748674,194.8291110179383
94d813a4,midpoint_gate,27.12038888493577,398.45724111855304
95b559e7,midpoint_gate,23.860157685831815,427.8675021547079
95c8427f,midpoint_gate,24.504161873335207,1372.2477919459889
96936c22,midpoint_gate,2.743061175809047,408.27491056913027
96ae5806,midpoint_gate,7.03143014111719,315.6761500339613
96b7eea1,midpoint_gate,13.00140962300308,565.010595033084
9719aa04,midpoint_gate,6.018942626744236,218.37401402174427
974802e7,midpoint_gate,20.45642801590197,985.5009699640704
97cd5bf9,midpoint_gate,13.510168636069851,1342.4419840350988
98177ced,midpoint_gate,6.088798777677779,184.13129228906436
9896fc0b,midpoint_gate,14.165045577491567,290.35748208028406
98bc6f66,midpoint_gate,18.688435352224975,504.05569979921114
992c99e8,midpoint_gate,15.954177104391333,310.9024235991544
992ce078,midpoint_gate,3.8992399041698325,312.89067036265453
99529c45,midpoint_gate,21.568502628129448,1429.9593018334203
995ff498,midpoint_gate,6.7610951535769335,288.2732642821676
999daf80,midpoint_gate,2.930882197040317,199.3058112546897
9a6b0392,midpoint_gate,6.316458785535486,333.15894299890175
9a8ae0d6,midpoint_gate,3.301766417660611,567.9699348558456
9a95e33f,midpoint_gate,30.92793146065953,405.9235889920556
9ab94eeb,midpoint_gate,7.108602274540431,542.6366147803164
9ad5410a,midpoint_gate,9.497722546197002,360.36984224554186
9ae248be,midpoint_gate,5.875064852414716,201.96190556664803
9af1ffd0,midpoint_gate,17.42098438504835,253.5314532754942
9b5b61c1,midpoint_gate,3.7143644851443938,341.68702053184603
9b9e3b49,midpoint_gate,9.076144360381694,289.24630611298943
9bd2bba3,midpoint_gate,16.005853024367408,231.32171061081877
9c211c53,midpoint_gate,9.333319820918268,985.5009699640704
9c350a6a,midpoint_gate,13.57026446623612,2786.8320253828765
9c8375f7,midpoint_gate,4.014075931552036,332.765438860785
9d072e4c,midpoint_gate,12.378542240456621,803.0766202548501
9d3ec64c,midpoint_gate,10.073224776130669,253.5314532754942
9d4272e3,midpoint_gate,17.918695622872725,2386.662440836632
9d5e14d4,midpoint_gate,34.12295868471475,527.961960940447
9da441ba,midpoint_gate,15.92856266378069,349.43053801881234
9dede370,midpoint_gate,14.888281197975175,287.648443937986
9def2eb2,midpoint_gate,7.031520402638951,495.4081745387793
9df1b1f9,midpoint_gate,13.393280123176424,1809.847220292195
9dfff011,midpoint_gate,3.8951728015388905,2586.2148307518487
9e3e364d,midpoint_gate,5.124787039013272,775.0838783642216
9efc812e,midpoint_gate,7.875097496236988,394.7112922122497
9f0c7bae,midpoint_gate,9.52012717359537,201.96190556664803
9ffce529,midpoint_gate,12.677460598232392,679.8420905622397
a0383629,midpoint_gate,9.427531490044329,707.8544942289337
a056d01e,midpoint_gate,3.780744048761816,1689.1744431230065
a08d9e63,midpoint_gate,22.932434049192103,885.3491028968041
a0b83014,midpoint_gate,19.246406230368464,1441.573269591275
a0e92ed6,midpoint_gate,6.226469183984605,201.44270177897872
a15bc102,midpoint_gate,4.050268393598125,1436.0748560227817
a247e7cf,midpoint_gate,4.72199555752971,309.90878222474225
a2e8e7f6,midpoint_gate,11.29345493942891,0.0
a3518960,midpoint_gate,6.9277098647436,601.80359462206
a3f71395,midpoint_gate,20.545994606567056,549.6892656766121
a4719920,midpoint_gate,5.681895230514825,505.8362284376582
a48640d9,midpoint_gate,23.595504638370123,789.5242732175907
a4cdbb0f,midpoint_gate,8.672974642764101,341.50693375112417
a4f989c2,midpoint_gate,9.44036704692504,0.0
a5aa7973,midpoint_gate,16.604880236125577,214.30784796645327
a5e6f7dc,midpoint_gate,4.0164140449579735,1480.4562555173416
a612d5a0,midpoint_gate,19.930222148177048,399.1596694304587
a622ce4d,midpoint_gate,11.028708514215928,446.84304682975136
a645da9a,midpoint_gate,8.625980770361666,877.3133608919026
a692b17e,midpoint_gate,12.197282132107075,326.85334341283675
a6b8ac67,midpoint_gate,8.59415233377983,306.6550519722231
a6ed2eff,midpoint_gate,5.943154443207398,207.67364252588484
a6f967fb,midpoint_gate,16.924673595379385,165.33667530266277
a76db406,midpoint_gate,3.7315979523895915,525.2042840649932
a7744f5b,midpoint_gate,10.772488459520083,382.6329585908479
a783cc24,midpoint_gate,25.50146597253989,9.852065773163481
a79fd2e7,midpoint_gate,15.509922310545798,768.300719900795
a7fc3e6b,midpoint_gate,19.44764500654899,2652.8457199957443
a85bb86f,midpoint_gate,9.765326943086611,982.4919143687255
a85e4bc3,midpoint_gate,3.0131036799497193,933.0985013385186
a87433c9,midpoint_gate,11.930583828093345,679.861026975612
a8ed028a,midpoint_gate,17.440906089149262,191.64130348127284
a959858c,midpoint_gate,63.63271045916893,4503.085086348942
a9c9b150,midpoint_gate,0.7209420669468329,565.010595033084
aa95015b,midpoint_gate,13.556436789741893,1152.7920496775323
aaaf3c03,midpoint_gate,17.531844841677003,903.0367437155622
aaeffccb,midpoint_gate,3.186138626171157,614.6521879079755
ab112491,midpoint_gate,28.083201331915564,2486.5238339903444
ab18d3fc,midpoint_gate,18.78109417668266,761.5432862283768
ab3ced07,midpoint_gate,10.730610352468792,331.77885707214205
ab6fe95d,midpoint_gate,7.364696847254265,582.3461373615888
ab94878e,midpoint_gate,5.276890858033965,244.43476614445458
abf460d2,midpoint_gate,6.393436938146963,144.32096590620765
ac6f01d5,midpoint_gate,17.719319179073707,241.2744074700797
ad2133a8,midpoint_gate,28.787520173732055,460.8259682356095
add9c322,midpoint_gate,13.161457257744535,336.72329084865765
ae069086,midpoint_gate,14.758548560044398,439.41694323269655
ae0784a8,midpoint_gate,10.872282831758909,659.9369037264493
ae35f33a,midpoint_gate,5.554604523580262,193.5932498824423
ae8959c3,midpoint_gate,22.16386045109214,259.5905009816173
aed44918,midpoint_gate,9.840672342909853,4089.102558716226
aee6393a,midpoint_gate,2.8207494340724804,354.95141329492384
af7a59ce,midpoint_gate,4.129510983476437,621.384937056236
aff4e561,midpoint_gate,9.191873428637841,530.165870082168
b04b58a3,midpoint_gate,20.429044336001446,124.47522042578048
b0d42b0d,midpoint_gate,24.208534858579927,1413.5289610404207
b0f53bf4,midpoint_gate,9.429440208899184,388.32822817820374
b19b0395,midpoint_gate,11.00503243905139,341.113621686398
b1efb8a4,midpoint_gate,5.245149665634473,123.54244007625115
b32902c0,midpoint_gate,6.382724852533413,705.6749060294605
b32e4903,midpoint_gate,5.25297356405607,259.82786936750915
b3388334,midpoint_gate,11.433185068843935,427.96097135179053
b37fd114,midpoint_gate,22.763771076643593,1524.4601978733758
b38e3116,midpoint_gate,4.520985219319257,245.98680228801408
b4d8dd4f,midpoint_gate,9.958194373805139,486.70114659816613
b4f37e6e,midpoint_gate,8.377678113711301,923.3880550450896
b56bc0aa,midpoint_gate,8.324965112000067,638.1855345428945
b585b4fa,midpoint_gate,7.349607021182503,331.06330890023986
b5aa9634,midpoint_gate,9.029373167589979,262.3065971340616
b7974e66,midpoint_gate,10.336435868477214,325.73973230139205
b7cdcecb,midpoint_gate,5.75769322511474,308.98393809386755
b7fea9ef,midpoint_gate,8.741619721921989,9.852065773163481
b85f7b06,midpoint_gate,3.041999650696813,142.39125394482363
b881d27e,midpoint_gate,19.26992791139762,372.6263309269572
b8c49c1a,midpoint_gate,8.484422293249727,473.78370856353564
b95e7121,midpoint_gate,3.5218913402319187,759.1430276959608
b977be4a,midpoint_gate,16.626435535149092,603.7211795189904
ba48188d,midpoint_gate,34.31367230985402,1262.8968054438208
bb2cdd83,midpoint_gate,2.3880578402432695,331.06330890023986
bb337fa0,midpoint_gate,25.317796959703262,278.8943973981603
bb682ebd,midpoint_gate,18.93822622944044,201.2050429290308
bc4381e2,midpoint_gate,15.382853282880548,715.3517085321561
bcebcc5f,midpoint_gate,23.601046205027288,0.0
bd2c2f34,midpoint_gate,3.981845317247619,474.7741379858165
bd4ae5da,midpoint_gate,16.01361257657917,289.24630611298943
bd6f0e19,midpoint_gate,10.227452274667735,1085.8078335047658
bd8f847e,midpoint_gate,6.227484916468086,755.2956415206847
be063506,midpoint_gate,10.24577718905749,679.861026975612
be35c8f2,midpoint_gate,4.257269962169263,790.6483423751589
be83e781,midpoint_gate,2.8505169611616554,384.0562257014298
beda8696,midpoint_gate,7.8509827455441945,309.90878222474225
bf39bc20,midpoint_gate,8.349573630023734,373.9874864216263
bf70b410,midpoint_gate,13.59583142779641,451.8079535599153
bffe3082,midpoint_gate,13.20023933813031,672.0663363835546
c03b9305,midpoint_gate,2.1577538634175104,788.1052134076127
c03d4aed,midpoint_gate,13.232759269272304,695.8011150464969
c03fba65,midpoint_gate,19.510967678473524,5893.922361789407
c07fd0cd,midpoint_gate,1.6044918501457697,453.46564588747356
c1708b88,midpoint_gate,15.940834878689786,1693.958175693997
c1d046f4,midpoint_gate,10.196968050193147,86.6451014191666
c2717d4f,midpoint_gate,9.00680626528441,254.75764973810655
c2c4db09,midpoint_gate,7.693854256449678,603.7211795189904
c2c6fc71,midpoint_gate,10.887316171018124,223.63873412288683
c36625df,midpoint_gate,11.874176365211412,856.2612543492522
c3957531,midpoint_gate,10.85928699464696,256.3560789214622
c42fe306,midpoint_gate,11.814422687733435,797.4772468855715
c43812e2,midpoint_gate,7.7269926767549615,1339.112089893728
c472c0b5,midpoint_gate,8.108314614748883,166.93596676577033
c47e0767,midpoint_gate,21.907195631710213,155.80823919175182
c50b42f6,midpoint_gate,7.656938386610584,333.7858416709582
c593337f,midpoint_gate,21.720149014085802,1739.9960786447969
c59b6c4a,midpoint_gate,18.44688264809981,547.6276126161605
c66be2b8,midpoint_gate,20.244781037205346,426.83193706639713
c6797dd7,midpoint_gate,4.82406565131566,759.8756656848515
c6b782a4,midpoint_gate,12.881275640330283,384.2316011210162
c6c96179,midpoint_gate,6.51585292873439,707.4710977135059
c70c0e01,midpoint_gate,9.393310072521933,504.6530242651169
c84c65be,midpoint_gate,8.625432880152543,6457.035995137644
c8d9680c,midpoint_gate,46.564898299431874,200.126655146364
c908edd0,midpoint_gate,8.020499746928092,494.3863794645422
c9578d27,midpoint_gate,10.084616945523923,333.45837401362036
c96c018a,midpoint_gate,14.477337155436773,408.1236464602166
c99f9fae,midpoint_gate,4.401715812365925,1084.8189618551382
c9e6734f,midpoint_gate,9.640904602371739,244.43476614445458
c9e980e8,midpoint_gate,8.56182053996965,642.6153034282563
c9fedcf3,midpoint_gate,4.315761967258196,1299.3966948166617
cad13e8f,midpoint_gate,15.747145476159874,340.131638781206
cb34231f,midpoint_gate,3.658067916008458,184.13129228906436
cb879f40,midpoint_gate,9.243536300941965,218.1748576258722
cbb406b5,midpoint_gate,11.786345955951566,618.5537703383592
cbe51de1,midpoint_gate,11.814214497139737,307.1572178868592
cbe62450,midpoint_gate,20.620948860758613,178.62219626911465
cc08aa63,midpoint_gate,11.595853172751378,373.9874864216263
cc8a1d57,midpoint_gate,30.827704898928317,856.2474690180142
ccedb12b,midpoint_gate,7.775823504577603,236.4018900094347
cd7f1687,midpoint_gate,10.991694141120897,216.6619950521545
cda7eb37,midpoint_gate,8.071782420744603,429.54885752417954
cdc31d65,midpoint_gate,6.595346882697942,220.8237444206809
cdc60a53,midpoint_gate,7.700067434779562,275.31903257844556
ce55ba43,midpoint_gate,11.884436244501467,283.0103620008831
ce8399b7,midpoint_gate,8.764692406163865,1905.5389975804796
cf50c9d1,midpoint_gate,32.08935410114304,369.0513634982427
d00e7eb9,midpoint_gate,9.859788627281887,872.071849906842
d011f41b,midpoint_gate,10.297734517024915,0.0
d07aed8f,midpoint_gate,2.517590339751652,2832.741276043545
d085e611,midpoint_gate,9.206431736403372,0.0
d0a0e7b5,midpoint_gate,12.78805719781361,336.72329084865765
d0a43760,midpoint_gate,3.201072540722226,1562.6739711146588
d0cb63ae,midpoint_gate,24.925906762280086,891.9104346291638
d114d9c2,midpoint_gate,8.02488534543485,308.98393809386755
d1457cc5,midpoint_gate,6.694611697764815,884.6136264490503
d1ecf309,midpoint_gate,9.352904703468571,401.262951815832
d1ee630d,midpoint_gate,11.536531376134263,446.84304682975136
d217e0c5,midpoint_gate,6.174499169424923,464.24347803702034
d24ff243,midpoint_gate,2.8586170978490544,666.9586257031009
d273674e,midpoint_gate,3.8984886931004827,502.27947479502006
d2f3b1ab,midpoint_gate,17.091970018762087,692.892474847352
d3df146b,midpoint_gate,9.72167835370586,352.1732372000718
d40f61d5,midpoint_gate,2.6477333633591105,695.850648487151
d41beaf2,midpoint_gate,14.832084051896242,314.2461692689048
d463e527,midpoint_gate,6.158872084193739,601.80359462206
d4f60a28,midpoint_gate,5.363886341437484,255.0441493152273
d50c649a,midpoint_gate,4.462139687969572,452.08725540535687
d543916f,midpoint_gate,9.318259653317993,238.40900696110396
d5df0ff5,midpoint_gate,17.738652997439022,1876.8912207424692
d60430e6,midpoint_gate,4.003532798366687,494.57752172949426
d63196fe,midpoint_gate,15.146386430486237,679.8420905622397
d6c320d9,midpoint_gate,13.374953077813338,347.27663742304566
d6dd7330,midpoint_gate,10.568707202160306,123.54244007625115
d7ba4f9d,midpoint_gate,5.551512709974541,151.19408354819515
d7eb0be8,midpoint_gate,40.60676164064773,191.64130348127284
d84b621b,midpoint_gate,21.9780749448258,446.29741854502043
d90aa14c,midpoint_gate,11.558393997925563,872.071849906842
d924e971,midpoint_gate,19.496078026050647,688.8492869273032
d9ae59b2,midpoint_gate,7.7749930375268805,969.0103603677898
d9d6d94d,midpoint_gate,9.971138738283761,537.9362141556397
d9eca87b,midpoint_gate,17.57092352115143,572.4575884724273
da2d4d7c,midpoint_gate,3.504640789733878,501.87577845498924
da3bfe4e,midpoint_gate,32.005727300899025,167.7994547071152
da3cf798,midpoint_gate,17.592297280833815,1905.5389975804796
da940160,midpoint_gate,7.303498403493578,404.8412105998619
dafc88c3,midpoint_gate,8.137166114148805,341.113621686398
dbee6c86,midpoint_gate,3.9457057931033304,231.32171061081877
dc5fbe29,midpoint_gate,5.611624102059842,5482.205712393514
dc7da28f,midpoint_gate,9.720403619443573,375.58581775679494
dc7f9757,midpoint_gate,11.637061590893273,816.5461175587193
dd168de0,midpoint_gate,6.498178947749129,360.93871086377584
dd64382d,midpoint_gate,2.1418645082875676,810.9693047826694
dd6bc5b2,midpoint_gate,14.449917322295933,2175.5951491489654
dd7d638e,midpoint_gate,4.726569024956424,311.5685967808558
ddc790ff,midpoint_gate,10.478716539083278,730.3217325258304
df71d1ff,midpoint_gate,9.993753791858397,296.51786202518025
df73b8f3,midpoint_gate,11.111756452416008,120.12210995466528
df8290be,midpoint_gate,16.607031908556706,326.85334341283675
e0079ed1,midpoint_gate,5.469681763900415,396.6159382824991
e03b45fd,midpoint_gate,8.61805736546554,356.2541088885832
e0f36d98,midpoint_gate,16.14699304403481,285.4294422447561
e149204f,midpoint_gate,4.089274495660446,445.4000112259253
e14d641e,midpoint_gate,6.757471271528548,340.0234324276718
e161bd0c,midpoint_gate,4.648880391339867,304.22541790555783
e201fd6d,midpoint_gate,13.602682269575286,872.1740631892926
e25f1537,midpoint_gate,18.42934686076071,124.47522042578048
e2fc7745,midpoint_gate,8.844836023807268,513.746736535034
e32da4ec,midpoint_gate,13.485490887577992,201.44270177897872
e3b34f5b,midpoint_gate,8.05505657706497,340.66607594528057
e45a2a62,midpoint_gate,21.344074221042664,693.8848294206138
e46f4ef4,midpoint_gate,5.232515381273366,350.33928141164705
e4726608,midpoint_gate,8.65126177178402,211.403472062154
e5864244,midpoint_gate,26.191792296690302,255.0441493152273
e5c92e59,midpoint_gate,7.629641276462363,814.7513756354983
e5ff9fd2,midpoint_gate,12.77192800042331,5006.475323818147
e6c55748,midpoint_gate,7.945364415658762,288.2732642821676
e730c32b,midpoint_gate,11.71123374532046,381.9524421964513
e737965a,midpoint_gate,12.009539578626265,341.2819119146672
e748dd88,midpoint_gate,2.6302821588641843,1380.7103389925364
e7818f7a,midpoint_gate,5.251803723234752,506.0023519709952
e7c36e81,midpoint_gate,7.7534609815225055,456.25658888398317
e7d0c1de,midpoint_gate,6.445519180618249,354.47294410168126
e85074c5,midpoint_gate,10.27760273429018,258.09645968117127
e97032ad,midpoint_gate,10.625086987257943,456.25658888398317
e9949a23,midpoint_gate,8.529415856577875,409.1014319211866
ea0b99b7,midpoint_gate,11.61713989651457,315.6761500339613
ea3a0e38,midpoint_gate,8.796674922406796,914.6865330809674
ea41324e,midpoint_gate,4.498154027506443,448.0654757955242
eabc711b,midpoint_gate,13.299554811385242,696.204673641085
eac10e86,midpoint_gate,4.578293779948579,575.3804635194074
eafb863e,midpoint_gate,10.19912801732884,354.99921408365276
eb06a4e7,midpoint_gate,6.9507011846298505,254.75764973810655
eb640a35,midpoint_gate,8.87634536599678,393.69012205038473
eb934281,midpoint_gate,3.260978081990557,251.6948630784195
eba6605e,midpoint_gate,11.520878304226423,5871.724446302043
ebe69318,midpoint_gate,4.351477801748749,686.2642220017262
ec0d597b,midpoint_gate,11.387312554715901,570.0749228829853
ec13af42,midpoint_gate,9.330621218117265,220.8237444206809
ecdab904,midpoint_gate,11.704729745064503,287.648443937986
ecdaf714,midpoint_gate,11.777430882055338,1074.5795743918054
ed6436d6,midpoint_gate,1.4988122347490436,2486.5238339903444
ed6e6e54,midpoint_gate,8.474012065936101,245.98680228801408
edf885a3,midpoint_gate,11.13583616332053,759.1660957918359
ee0300f7,midpoint_gate,22.311235126593402,2540.383977846691
ee288beb,midpoint_gate,31.228394226197018,2345.485662671624
ee4aecac,midpoint_gate,9.305032112010148,224.3712102744123
eeda36f5,midpoint_gate,6.971551363797588,695.8011150464969
eeed308d,midpoint_gate,7.1153678049491855,275.31903257844556
ef04658e,midpoint_gate,10.128771697219804,78.11375871113562
ef8e3ed0,midpoint_gate,16.4680980097634,472.8086439566805
efde6ac3,midpoint_gate,4.943851961020146,0.0
efe96181,midpoint_gate,28.331407186126032,148.0420430147734
f0188a48,midpoint_gate,3.365678123774113,1693.958175693997
f021b650,midpoint_gate,8.787555225913081,2977.780474279231
f03f10fe,midpoint_gate,7.1950113407135285,379.52710706896244
f053a1b9,midpoint_gate,9.52853724121666,443.23240765999094
f074d277,midpoint_gate,12.322177646081757,1395.6010986309716
f07d7037,midpoint_gate,8.527688388029102,251.6948630784195
f08774c3,midpoint_gate,11.10876633007023,1503.3841484466916
f140c2fa,midpoint_gate,11.441376030683143,420.11684850765937
f16e25e3,midpoint_gate,5.609294634552915,948.480908031269
f2d4c8c9,midpoint_gate,6.113911641378968,477.41254214785795
f321a31c,midpoint_gate,14.329943111687768,651.5424508808836
f40cd091,midpoint_gate,7.565268276619046,352.3304138163702
f439a621,midpoint_gate,6.547411663664633,121.10156563796214
f49fdea3,midpoint_gate,13.255739064208903,783.4510814342718
f4d12d23,midpoint_gate,15.440897540310756,332.765438860785
f56d3ace,midpoint_gate,5.795380996794317,448.0654757955242
f5859199,midpoint_gate,15.716811960952151,4301.1156051659145
f5d8aab6,midpoint_gate,17.649517683864854,205.1186788180608
f631da6e,midpoint_gate,4.795099216766685,1093.8183615667167
f6824bb0,midpoint_gate,17.151710159139085,342.29534907726173
f6bc699b,midpoint_gate,8.493974197846427,787.3228853526308
f6d009f4,midpoint_gate,44.8524919410981,479.4750551384492
f72b268f,midpoint_gate,12.267107856297464,354.9009227943209
f8662c22,midpoint_gate,13.11558558797349,574.9275491747276
f88ddb26,midpoint_gate,50.1074374313098,1145.2715266695677
f8afa78a,midpoint_gate,14.851024199286696,451.8079535599153
f8f59188,midpoint_gate,6.504432198477345,488.7036934582905
f9fc81aa,midpoint_gate,7.035269878476708,350.36325677778564
fa16d114,midpoint_gate,24.01656138467246,500.3193192352561
fa31da94,midpoint_gate,6.435316415909128,598.602202217775
fa667be2,midpoint_gate,6.241798175965737,163.7862341591579
fae0c593,midpoint_gate,9.075314895106093,241.09196606281986
fb03ae90,midpoint_gate,46.59502469478306,405.9235889920556
fb0904bd,midpoint_gate,2.2572618678669074,1436.0748560227817
fb3848a1,midpoint_gate,10.049478104523017,637.8869884234749
fb73b13a,midpoint_gate,7.978259011199878,479.4750551384492
fba7683c,midpoint_gate,2.820713434312526,1132.067152955183
fbd68d27,midpoint_gate,23.193077694407627,290.8560289903569
fc03f21f,midpoint_gate,17.82150141951777,360.36984224554186
fc0d20b2,midpoint_gate,15.588928442134236,2015.7112779610497
fcfcc902,midpoint_gate,8.388105906616333,1530.9008428047455
fd3b4faa,midpoint_gate,10.12018426221236,488.7036934582905
fd710aea,midpoint_gate,4.811626648199778,319.5400619639575
fd8f77fa,midpoint_gate,27.785418286265013,405.4355211372632
fde20ecf,midpoint_gate,17.026517480975443,460.5971039860524
fdfd57da,midpoint_gate,4.215691008738398,679.7909893491068
febb4411,midpoint_gate,11.738755804781508,516.880236515124
fef8af96,midpoint_gate,34.51725799761903,837.8206658946208
ff0aea78,midpoint_gate,33.582984365728805,336.07143243639024
ff8bb73a,midpoint_gate,7.7709571746241135,246.41405033004006
ffefef30,midpoint_gate,7.792952979193206,164.29219488480655
000d7d20,neighbor_copy,34.821275148084105,336.07143243639024
00bbac68,neighbor_copy,14.782640217544763,573.452859178668
00e12e8b,neighbor_copy,23.875588235031156,358.5888527271412
015fe0d2,neighbor_copy,20.84518568342514,1013.760985637056
01869cd4,neighbor_copy,12.723167260500523,1176.4650194970675
01982c1d,neighbor_copy,12.962004667660022,191.99873437117506
028d7b28,neighbor_copy,8.852487391988998,151.19408354819515
02e7fe5a,neighbor_copy,5.487255837260111,403.9541430657916
0390d174,neighbor_copy,3.7593534851673107,795.1002175827138
03a935ae,neighbor_copy,70.90873905619856,1140.9101816093412
044af7d1,neighbor_copy,10.320671283049922,381.9524421964513
0498acab,neighbor_copy,11.172343657135869,1299.5734117390227
052d64df,neighbor_copy,3.0165768408836557,423.3095862365947
05948241,neighbor_copy,13.449881198951726,410.300133195121
059c8f24,neighbor_copy,13.838541161129694,14366.681664006725
05a0ee4d,neighbor_copy,7.991181357712077,700.0830968536936
060ab2b8,neighbor_copy,9.269887282812123,602.3081823287225
06df5958,neighbor_copy,4.120588123796876,399.56064871311435
071d7b45,neighbor_copy,16.420676492960013,3327.346722961181
0849b4e2,neighbor_copy,8.408708637393094,495.4477418458478
084d66f9,neighbor_copy,14.172322816620396,447.8991655493628
08fecf00,neighbor_copy,4.672374279714574,245.25083689983654
09053135,neighbor_copy,20.875265425765516,216.6619950521545
09441b8d,neighbor_copy,8.866124220028395,359.99967361097714
0955cd6c,neighbor_copy,17.474881696666646,318.9706146341819
09ec2ca9,neighbor_copy,9.444499381422359,401.262951815832
0a57a29c,neighbor_copy,5.6590599589432715,318.4850972965528
0bbf5e67,neighbor_copy,21.218155027327136,1013.8024178800661
0be01c24,neighbor_copy,17.333136778333202,137.9538999087774
0c1b160c,neighbor_copy,8.712756224324906,1291.5203184616896
0d99f8e4,neighbor_copy,4.997079963238366,707.8544942289337
0dc5e64d,neighbor_copy,17.149208134018807,506.0023519709952
0dc835f3,neighbor_copy,13.32645041864981,271.9800773953144
0dd99dc5,neighbor_copy,24.258892640005204,212.8723302827778
0e5e560d,neighbor_copy,3.7936451306734935,1802.71316256898
109d9d70,neighbor_copy,14.425068387242757,601.3040037286603
10a1281a,neighbor_copy,5.848183213114948,259.82786936750915
10b89021,neighbor_copy,54.04726341695775,143.32038654694819
10be2420,neighbor_copy,3.208714823528184,367.80678759356687
113011eb,neighbor_copy,7.0735809430984595,504.6530242651169
1131525f,neighbor_copy,10.278228225639372,602.3081823287225
11d0f5ac,neighbor_copy,55.65974049519858,527.961960940447
12203f2a,neighbor_copy,17.238222127335735,222.64387572973524
122bd617,neighbor_copy,9.619359461521825,1337.2009330315439
125be846,neighbor_copy,21.48348366064118,333.40767852599134
1285a37b,neighbor_copy,22.295313684802263,116.65264034746481
1295a25b,neighbor_copy,12.333163637289523,627.5345540286303
12f0cd90,neighbor_copy,55.79584176424768,730.8351092416312
137d1e44,neighbor_copy,19.58680515502846,376.66404885550594
13ce113d,neighbor_copy,13.325392468348396,2924.1969866614527
13f598d9,neighbor_copy,11.96423913087359,173.756853102472
14a53cb3,neighbor_copy,18.87614304115207,360.1114312264891
14ab73fb,neighbor_copy,19.89465594010647,5880.390701212142
14ad5efb,neighbor_copy,10.448617700013758,349.43053801881234
14fee784,neighbor_copy,17.00493379510847,229.67763539366513
153552f5,neighbor_copy,13.335363344299218,223.63873412288683
1550491d,neighbor_copy,28.073072687441528,267.33501454155584
155887bb,neighbor_copy,22.12494579285226,573.452859178668
1590af81,neighbor_copy,18.630398480247354,486.3790458070381
15e154a1,neighbor_copy,3.37024527460676,0.014142135801537968
1619e2ca,neighbor_copy,8.51650010903207,2275.8459963055707
16e4a047,neighbor_copy,18.46838200462295,359.7980878213344
173ed841,neighbor_copy,16.591996119699992,186.19912996565864
1770d7c6,neighbor_copy,22.35657755385089,254.13939265668066
177622d7,neighbor_copy,9.318530347129386,144.32096590620765
18d24f7b,neighbor_copy,13.353865653298136,368.3130539364969
19137a89,neighbor_copy,9.042018886035185,354.9009227943209
1944513c,neighbor_copy,23.87021234205816,267.33501454155584
197f8a5a,neighbor_copy,12.9719374324013,641.7493299568013
19871e7f,neighbor_copy,12.167078448677321,120.12210995466528
198a5607,neighbor_copy,17.729511692286483,356.579276178597
19fb4f7b,neighbor_copy,8.96437888836074,262.43522877055324
1a518997,neighbor_copy,30.940386191884304,290.8560289903569
1a68190b,neighbor_copy,5.107945459334878,419.5604038751503
1a730ac2,neighbor_copy,15.619088957858015,1299.5734117390227
1aaf1da0,neighbor_copy,48.37314127135542,688.8492869273032
1b08ed48,neighbor_copy,16.112721883523406,325.73973230139205
1b1c5372,neighbor_copy,20.8868848675641,206.3415006729768
1b1eba53,neighbor_copy,74.59812574647809,2595.8521103100265
1b6ba517,neighbor_copy,25.36094089134211,1087.1387403638944
1b82b665,neighbor_copy,19.50995779013132,793.5279771371753
1bcb2fcf,neighbor_copy,14.718714094037853,241.2744074700797
1beca81d,neighbor_copy,8.86678014260493,1109.0381692709161
1d3fbf02,neighbor_copy,6.9802576767203295,139.0037157778544
1d78281a,neighbor_copy,11.293774480594456,306.6550519722231
1e30dedf,neighbor_copy,52.26762972422537,187.96062406782718
1e5e3573,neighbor_copy,15.682037379034515,318.9706146341819
1f9afacb,neighbor_copy,5.248377399410798,498.8241670167924
1fdbba44,neighbor_copy,6.777165352220015,247.7797913470171
1fee2b62,neighbor_copy,27.069779305166882,1739.9960786447969
20096916,neighbor_copy,10.791111442714815,337.67082269574115
200d233d,neighbor_copy,13.523791683895134,759.8756656848515
201661b5,neighbor_copy,8.388017794914077,2362.543505334908
203721ab,neighbor_copy,9.1791653681266,692.5011844756903
20402d71,neighbor_copy,9.905141857949177,445.4000112259253
2043abc5,neighbor_copy,19.255743611698815,1231.8828054648518
204cc64b,neighbor_copy,17.223607199438923,186.19912996565864
206b6193,neighbor_copy,21.95178672217849,1530.9008428047455
2075c696,neighbor_copy,24.766651159284635,2924.1969866614527
22c5f93f,neighbor_copy,18.29890390087834,650.4307126820967
230eaaa3,neighbor_copy,27.920774454386528,577.4631237577566
2364716c,neighbor_copy,16.236219663633005,787.3228853526308
23b9beb0,neighbor_copy,5.19579205017738,4.370743643773057
24d8997e,neighbor_copy,6.494287528004658,151.3314550910953
25050f63,neighbor_copy,22.521452445080456,407.32922311093307
25939962,neighbor_copy,14.673718400682102,331.77885707214205
25fd32b3,neighbor_copy,12.66454912856428,486.70114659816613
261785ee,neighbor_copy,35.89506861215133,505.8362284376582
264feceb,neighbor_copy,11.75352397274946,311.6254009221986
26623a50,neighbor_copy,28.62877049440179,3734.0527192851346
26d3a96a,neighbor_copy,7.219033198704037,260.60118130957596
272abef3,neighbor_copy,7.826362456140036,464.24347803702034
27300fd5,neighbor_copy,21.992466987007198,116.65264034746481
276b012a,neighbor_copy,12.907702948511137,173.756853102472
27c3155b,neighbor_copy,8.219767131646588,180.5223191185996
27ebb9b9,neighbor_copy,19.207828613901025,262.80323609141846
283269ac,neighbor_copy,7.35767914258595,423.3095862365947
28473855,neighbor_copy,2.782954086005488,6920.243263910821
28f4eda9,neighbor_copy,18.697477776381078,390.73295189910806
29b24409,neighbor_copy,10.460346618820848,159.65818143788346
29de15c8,neighbor_copy,19.016668978782103,307.1572178868592
2ab29395,neighbor_copy,13.440824669409533,849.9145147598321
2ac7cb6b,neighbor_copy,15.702277498988005,678.8027614853322
2acc78d4,neighbor_copy,8.79274836098332,585.503976844031
2b034622,neighbor_copy,9.606772542034388,582.3461373615888
2b06ad65,neighbor_copy,2.906171925687853,205.72764155580197
2b547943,neighbor_copy,24.863671725703174,388.32822817820374
2be5c96a,neighbor_copy,5.98286518748119,784.9777304484786
2bff06cf,neighbor_copy,47.166384630019046,1259.987468191288
2c0c4a4e,neighbor_copy,14.078799909905806,821.9865294515896
2cee0cba,neighbor_copy,6.082950542612954,1126.7924868849639
2d0c268a,neighbor_copy,20.640741701809617,86.6451014191666
2d179ded,neighbor_copy,8.594186916811774,884.6136264490503
2d196986,neighbor_copy,17.19818673224006,360.1114312264891
2d2d0c6b,neighbor_copy,5.204115532573842,151.3314550910953
2d35f86d,neighbor_copy,15.430264874188037,909.6962130290883
2d9f6cb9,neighbor_copy,11.597147120476277,253.45837153278688
2ddad940,neighbor_copy,19.356269492422392,224.3712102744123
2e29e833,neighbor_copy,6.984849447020639,1437.3127200787326
2e43c2ea,neighbor_copy,6.9422483281435765,638.1855345428945
2e63d9de,neighbor_copy,17.672605391408133,2832.741276043545
2ee0235b,neighbor_copy,6.895939743330795,539.664329004501
2f19d536,neighbor_copy,17.995048489761746,2559.9898002336113
2f8e53c3,neighbor_copy,2.893102795488808,0.02000000001862645
2fa01aa6,neighbor_copy,9.968090269186924,867.7874326122011
2fd68f7b,neighbor_copy,75.71692757896834,187.96062406782718
2fe023be,neighbor_copy,16.895723552260403,371.103479099971
30d75030,neighbor_copy,17.541353645416635,1480.4562555173416
310c71a5,neighbor_copy,5.104704613597495,410.755450359503
32fe84c9,neighbor_copy,47.20480063642953,4005.033103109125
33c40295,neighbor_copy,9.121666611098933,1045.1938894291413
3407f5bf,neighbor_copy,11.705350366773626,121.10156563796214
3417285d,neighbor_copy,43.667636024138105,143.32038654694819
347242c8,neighbor_copy,4.7472630700360705,3538.1399067871807
353e5502,neighbor_copy,6.454117257781225,2151.213418166657
357c12f9,neighbor_copy,12.085976022061216,183.8641813950703
3584a6eb,neighbor_copy,22.91007846561063,344.01163352399607
35b30c7f,neighbor_copy,11.029615221750724,340.66607594528057
35b3ef6a,neighbor_copy,18.106881304537616,552.8780521053948
367456ce,neighbor_copy,15.974213882229472,241.09196606281986
368131f9,neighbor_copy,16.807469290470863,965.8211686436671
368fe682,neighbor_copy,16.116413000570976,636.7910581188324
3690a146,neighbor_copy,13.192971181992231,379.52710706896244
37344c2a,neighbor_copy,7.7559965501346,199.3058112546897
373ef48b,neighbor_copy,4.688525740838953,384.0562257014298
374be387,neighbor_copy,7.77497793039879,474.7741379858165
37d36812,neighbor_copy,4.3173462147692305,155.80823919175182
38991fd4,neighbor_copy,13.137432849566933,314.2461692689048
389ae58f,neighbor_copy,48.145284369638894,1689.1744431230065
3932faa6,neighbor_copy,10.844179611416347,777.7989769213452
398dce4b,neighbor_copy,6.619941450751447,393.4816928395906
39b51819,neighbor_copy,10.95038933901437,542.6366147803164
3a0af893,neighbor_copy,17.59236877314751,601.3040037286603
3a223519,neighbor_copy,5.686786356576622,164.29219488480655
3a7dd95d,neighbor_copy,24.158776100653757,4992.86652879899
3a824aa7,neighbor_copy,12.777784814990666,618.104678675014
3a86fe8d,neighbor_copy,25.75816656317995,285.4294422447561
3aaa2b30,neighbor_copy,12.790368013180057,238.40900696110396
3ac16ad0,neighbor_copy,17.651269779552194,390.73295189910806
3b21ea64,neighbor_copy,17.19620504135613,163.7862341591579
3bbe1f5d,neighbor_copy,8.300785189900278,294.18448310549996
3bfee975,neighbor_copy,8.849129491234946,452.8522793361525
3c3dbcbc,neighbor_copy,11.789683790273312,337.67082269574115
3d96d897,neighbor_copy,10.95805886415888,350.36325677778564
3df4b19e,neighbor_copy,10.66875530401821,310.9024235991544
3e011332,neighbor_copy,6.468429682899729,448.7708174559524
3e678ea7,neighbor_copy,11.23618186616793,350.33928141164705
3ef6372a,neighbor_copy,25.028044185278073,577.4631237577566
3ef98781,neighbor_copy,12.328754917987657,111.95715832410396
3f603129,neighbor_copy,16.376514166478163,80.75477571019829
404c4384,neighbor_copy,2.215783577636147,317.0990633855207
4121c517,neighbor_copy,14.888305030011848,201.2050429290308
41fb0192,neighbor_copy,24.991546422895407,456.69412356603607
42669188,neighbor_copy,20.640216530462403,358.5888527271412
42c538a1,neighbor_copy,7.192639999348393,6093.110687489639
43b06c70,neighbor_copy,6.167639802919772,452.08725540535687
43c7f85a,neighbor_copy,13.590406715115202,478.17591334157316
43e16325,neighbor_copy,45.04919644785812,4634.629612924814
44441e54,neighbor_copy,3.143922038945053,18.814688410984402
445af6c2,neighbor_copy,27.457452682256285,286.15407108770086
4463446c,neighbor_copy,19.292364790254002,2811.8944870673013
44a94013,neighbor_copy,27.10837101769942,375.58581775679494
45fb3e21,neighbor_copy,22.84497469015945,486.3790458070381
460f859e,neighbor_copy,12.16976687583576,465.4253371916219
4630ab92,neighbor_copy,16.976081398372234,1314.650160194832
463c38f2,neighbor_copy,22.756950987137778,401.350880153667
4654e7de,neighbor_copy,10.942440319580607,347.27663742304566
466fc788,neighbor_copy,25.833777092403114,367.1681565715774
46a301e9,neighbor_copy,4.962175020514724,3167.998034674157
46a7190b,neighbor_copy,14.184076068366744,181.30062465412828
46d24a09,neighbor_copy,20.91349252455355,326.94649485804183
46d41ff6,neighbor_copy,8.947281971926678,659.9369037264493
46dfcfca,neighbor_copy,24.480564979380098,174.694233447939
47222616,neighbor_copy,22.67447983306117,344.01163352399607
47ee27ab,neighbor_copy,4.363802449490384,186.4533016599304
481de5fc,neighbor_copy,16.038819180190405,460.8259682356095
48c1f673,neighbor_copy,10.174906608586246,166.93596676577033
4936af16,neighbor_copy,17.03629822077855,664.8960997025933
493b5b31,neighbor_copy,31.082210570644495,363.6254453416865
49dbc14c,neighbor_copy,32.47508952550816,3374.523583826345
4a035ec2,neighbor_copy,27.133803902913947,456.69412356603607
4a335117,neighbor_copy,29.31745244123041,3374.523583826345
4a8ecc0b,neighbor_copy,9.655393427833665,1132.067152955183
4b462989,neighbor_copy,9.305836361428392,406.25225968607674
4b831d20,neighbor_copy,20.588261248967292,254.13939265668066
4c2208f5,neighbor_copy,19.661249377893167,269.68198456704016
4c3168cf,neighbor_copy,2.2321088599550203,205.72764155580197
4c3df468,neighbor_copy,21.43411979765729,432.51031340299613
4caa7289,neighbor_copy,12.295530665655829,294.18448310549996
4cd1ac61,neighbor_copy,4.964729022839978,261.0002116856136
4cecf7b3,neighbor_copy,19.06123314183335,367.1681565715774
4ddde4c1,neighbor_copy,17.926861954396088,205.1186788180608
4e050c92,neighbor_copy,2.2373929060305713,332.3330355231446
4ed93db6,neighbor_copy,3.7167822514323974,95.13238144822385
4f3eb9e9,neighbor_copy,33.77543572029643,568.8299545561316
4f4ac5ce,neighbor_copy,16.267392980462237,815.0663278531551
4f4afcc6,neighbor_copy,13.48945310239059,352.5644532562716
4f69febf,neighbor_copy,44.13541028952509,167.7994547071152
4fbe9c06,neighbor_copy,19.14821850889696,286.15407108770086
504c8b08,neighbor_copy,27.192400602924963,1001.8072977374127
511e1db0,neighbor_copy,13.981215551761643,1907.7610486904982
512943b2,neighbor_copy,8.340913278405987,369.96515349433054
5138a660,neighbor_copy,20.162529520671022,173.79403355672642
516088b7,neighbor_copy,18.81511372782035,333.40767852599134
521a7819,neighbor_copy,6.867312128965745,342.29534907726173
5254b6db,neighbor_copy,15.033169584733544,496.89537892804964
529e88ca,neighbor_copy,17.63859284238608,80.75477571019829
52f1e77a,neighbor_copy,12.078457487791757,460.5971039860524
5305524b,neighbor_copy,23.932785930268587,400.47356829126807
53134831,neighbor_copy,17.25218700134228,334.40003259576497
5397ceb1,neighbor_copy,23.50672894692124,71.30908567649446
53f23031,neighbor_copy,5.43561767512382,4.370743643773057
543198e8,neighbor_copy,19.392467993251646,1074.5795743918054
54753541,neighbor_copy,6.521542350535433,473.78370856353564
54a7e3c2,neighbor_copy,17.08577708819218,356.579276178597
5542c301,neighbor_copy,14.851870686670733,290.35748208028406
5567d551,neighbor_copy,29.75127874962024,278.8943973981603
55efee7f,neighbor_copy,24.77332656402204,401.350880153667
5663b2b7,neighbor_copy,2.916519974571019,0.0
5693dde2,neighbor_copy,16.22918165699526,3461.150792106728
56b00794,neighbor_copy,25.776830612853228,434.2344776727978
57796579,neighbor_copy,10.96754556650651,345.04317019744036
577eec7c,neighbor_copy,33.52189991416444,1157.9542175750205
57f05c51,neighbor_copy,47.0392047606383,165.33667530266277
58850d2c,neighbor_copy,14.33421187623764,872.1740631892926
58fa8486,neighbor_copy,13.165974037293099,409.1014319211866
591cc951,neighbor_copy,11.556220242096959,439.41694323269655
593876b6,neighbor_copy,6.925903726389196,301.27238456264837
59f8b2e8,neighbor_copy,11.750770526693369,6698.349016922087
5a1a8fd8,neighbor_copy,29.482310065735522,352.4647954052819
5a5269a9,neighbor_copy,7.460781017814198,494.57752172949426
5a5d1982,neighbor_copy,19.829243671304628,159.65818143788346
5a63b5d1,neighbor_copy,23.274048692109698,469.22546840516446
5aa03df7,neighbor_copy,9.473560560828666,1109.0381692709161
5aa403d0,neighbor_copy,44.294651202641546,200.39713421101598
5aef5c6c,neighbor_copy,22.346232038988546,4166.198230485334
5b7b6324,neighbor_copy,15.599636671942488,6847.004798749586
5bd25f59,neighbor_copy,19.818202384304882,206.3415006729768
5beded95,neighbor_copy,21.655219924323497,871.4125118451667
5cb483ac,neighbor_copy,9.734991454761234,283.75583870615185
5cdd8dbc,neighbor_copy,16.104496027667967,311.5685967808558
5d11dfb5,neighbor_copy,18.446076280240206,592.4352390769471
5d7198fd,neighbor_copy,11.503378407412741,1215.653089988869
5def1ce5,neighbor_copy,10.35641527194668,358.9451526348613
5eae34a8,neighbor_copy,18.60952229565028,1013.8024178800661
5f4d2a52,neighbor_copy,48.609988437659965,730.8351092416312
5f6756c5,neighbor_copy,5.276300469423303,1809.847220292195
5f75f796,neighbor_copy,23.69529329576745,376.66404885550594
5fb1c15f,neighbor_copy,13.99341249228989,447.8991655493628
5fffa282,neighbor_copy,9.347841524061284,600.4431018007779
60e37807,neighbor_copy,9.27995923891245,448.7708174559524
61f27424,neighbor_copy,15.100516484079352,566.4375561348735
62569ae3,neighbor_copy,6.4780214324803485,531.2533649774686
62a6f539,neighbor_copy,7.364532452705642,418.68067366398685
633774dc,neighbor_copy,10.454471220287365,703.5663053331969
63559d57,neighbor_copy,10.74904349101367,495.1796874875491
647f2a41,neighbor_copy,11.434429497265599,478.99623223991324
65156b96,neighbor_copy,26.1098244467484,2461.441495749841
653612bc,neighbor_copy,6.354652316778254,540.0430443030305
656a067b,neighbor_copy,15.618242150620045,441.6065018768087
65a5466a,neighbor_copy,20.746637675333766,259.5905009816173
660d9546,neighbor_copy,22.370399763285278,427.8675021547079
6767c111,neighbor_copy,26.76338934278342,503.70108328257055
67847288,neighbor_copy,16.128226927654417,269.5698621877799
67a8da4a,neighbor_copy,53.74794441287292,398.45724111855304
684a6fc1,neighbor_copy,10.490895084538622,0.0
698930d1,neighbor_copy,7.901684314299398,429.3523384123422
699ea575,neighbor_copy,22.552819305560373,359.7980878213344
69c1bdad,neighbor_copy,11.943993283240827,530.9052617935206
69e41fa6,neighbor_copy,5.146949980982866,245.25083689983654
6a0ff78e,neighbor_copy,16.748766004294563,357.74696784179423
6a8fa194,neighbor_copy,12.68298747938558,628.6807107744826
6ae68655,neighbor_copy,9.654392880821261,783.4510814342718
6d1d74e1,neighbor_copy,27.54267224968605,432.51031340299613
6d590e26,neighbor_copy,24.580194654569205,178.62219626911465
6d6d93af,neighbor_copy,40.64157233642176,5871.724446302043
6dbe4b60,neighbor_copy,8.624554336151318,369.96515349433054
6e6d122c,neighbor_copy,9.972749907003463,343.4850191786155
6e9ccd38,neighbor_copy,13.628483388266481,560.9654285250222
6ea22614,neighbor_copy,18.688044247387456,627.7407733293041
6ede926a,neighbor_copy,5.295090875870622,351.3815420591581
708caea9,neighbor_copy,21.088583014158324,209.44856385289032
70925e23,neighbor_copy,22.146494505497433,7279.67035309972
70e1788b,neighbor_copy,8.609406322000035,823.9976516956518
71642c7d,neighbor_copy,8.52222937254452,242.19001073545743
71ccf778,neighbor_copy,4.557477339413075,311.9260014811653
7224331b,neighbor_copy,8.552119786552055,1339.112089893728
722cf0d8,neighbor_copy,11.277422204617473,333.7858416709582
7256229b,neighbor_copy,9.08250595237914,191.99873437117506
726f3dc2,neighbor_copy,12.024131774750915,312.5685899128737
7271dd80,neighbor_copy,14.272749340939102,821.9865294515896
727a3a10,neighbor_copy,35.3530141449969,394.82556768802914
729665c0,neighbor_copy,17.270652497309168,478.99623223991324
729e9750,neighbor_copy,18.178029778981667,527.0661652012062
729f4217,neighbor_copy,8.766442280042835,394.44761680104773
72dd8501,neighbor_copy,5.589713985780176,498.8241670167924
73348914,neighbor_copy,6.642461100613513,242.19001073545743
739a914f,neighbor_copy,29.731333574075077,1149.239235320354
73b1447d,neighbor_copy,18.496972510203683,314.9110549027679
74b6186b,neighbor_copy,13.322696250583382,410.300133195121
75c20ec7,neighbor_copy,10.921034774088332,1178.6519956287946
75cd5f11,neighbor_copy,11.553851299610553,366.02009794546325
75d20a82,neighbor_copy,3.6830181501801307,0.0
76201745,neighbor_copy,9.527365036230846,194.8291110179383
764072a5,neighbor_copy,7.076776564987986,340.0234324276718
77b0d905,neighbor_copy,22.939040011551448,452.00146559494567
77e4821c,neighbor_copy,17.522560157031254,684.9150491118971
7850c72e,neighbor_copy,8.729748974040213,207.99950817245553
78a4a386,neighbor_copy,2.396386098840796,186.4533016599304
79507629,neighbor_copy,8.897256012832326,368.26591058661705
796dbd4c,neighbor_copy,19.32463575573245,229.67763539366513
7987f2f2,neighbor_copy,5.8874580594877415,495.1796874875491
7993a768,neighbor_copy,4.7525609491368135,403.9541430657916
7a5660b0,neighbor_copy,15.107714087534044,556.151071652502
7acda2df,neighbor_copy,7.419723714532864,923.3880550450896
7b2c7b3c,neighbor_copy,10.58392246571882,950.2475270160758
7b38844c,neighbor_copy,11.917008420880219,283.75583870615185
7bb17b96,neighbor_copy,12.760102217444834,173.79403355672642
7c607683,neighbor_copy,8.101692978743001,359.99967361097714
7cbbd047,neighbor_copy,19.38787658754876,222.64387572973524
7cd4bb31,neighbor_copy,6.731539407649436,579.5133938055994
7d50373e,neighbor_copy,15.152594807798357,671.2082682743306
7d57c75d,neighbor_copy,8.700636924707812,3464.860396523878
7e208414,neighbor_copy,15.107408248145935,974.9490166158656
7e721392,neighbor_copy,26.024572289783396,469.22546840516446
7ff89f8f,neighbor_copy,15.66791142625329,560.9654285250222
8050c789,neighbor_copy,14.959552118894212,759.1660957918359
807f0298,neighbor_copy,12.505914677964437,952.7892715599598
811f52b3,neighbor_copy,7.7108630293170695,342.1399646343355
81bf5923,neighbor_copy,15.112917212575962,394.82556768802914
81fc01c6,neighbor_copy,9.17974926440291,317.0990633855207
8255c867,neighbor_copy,12.446371713994669,354.99921408365276
82aab6d2,neighbor_copy,34.458235914319545,296.08298971749326
82fcf37c,neighbor_copy,17.12068389967104,296.51786202518025
833af382,neighbor_copy,21.45867656709965,374.51669468805227
8382f4b6,neighbor_copy,40.78721683975042,207.67364252588484
84633df4,neighbor_copy,17.58304986966325,265.5508798705091
8478df29,neighbor_copy,15.588485669283223,265.5508798705091
84815d5a,neighbor_copy,8.825137819777737,1153.6795122132753
84c3b497,neighbor_copy,16.23332520342235,427.96097135179053
85380836,neighbor_copy,17.913968842412192,386.25963547849636
8612b37f,neighbor_copy,17.423714073158056,352.3304138163702
861e71df,neighbor_copy,3.314581317017431,95.13238144822385
86454a6f,neighbor_copy,80.45177896719885,578.0744180468329
8648abae,neighbor_copy,13.715510385092367,1532.5972481381498
865033f8,neighbor_copy,8.546765318978544,258.09645968117127
87695469,neighbor_copy,29.43608855848501,6566.412090038253
877ed19c,neighbor_copy,11.258725007550247,111.95715832410396
87aa3730,neighbor_copy,11.842861064233755,352.5644532562716
884ecb5f,neighbor_copy,23.43375107728714,390.2214799314444
8902c3f6,neighbor_copy,9.09914458785442,525.2042840649932
896d15b9,neighbor_copy,31.235768041328623,3327.363809940173
8995c945,neighbor_copy,23.98740882754833,209.44856385289032
89969c7a,neighbor_copy,3.9970719486618034,662.2428703275009
89f1085d,neighbor_copy,47.958953297147175,7136.08188633635
89f36adf,neighbor_copy,14.380313144128458,334.40003259576497
89fdb2f2,neighbor_copy,1.2784653547584397,0.02000000001862645
8a3da6d1,neighbor_copy,45.84363566642339,839.4689667280624
8a89da23,neighbor_copy,22.677594473962948,719.094025354236
8a9c8932,neighbor_copy,15.597157370788606,634.3875403883866
8ac2f237,neighbor_copy,9.881066130754032,494.3863794645422
8b12bab6,neighbor_copy,25.71473029267872,650.4307126820967
8b5be31b,neighbor_copy,12.87078932583469,367.80678759356687
8b95d6d1,neighbor_copy,0.8783670452513727,0.0
8b9d8326,neighbor_copy,25.66845994230783,1013.760985637056
8bb9c1e6,neighbor_copy,11.686443270076976,333.45837401362036
8bda1a11,neighbor_copy,14.562834643011033,527.0661652012062
8bfa881d,neighbor_copy,19.37012291109258,333.3820686540921
8c167025,neighbor_copy,5.20410782176969,78.11375871113562
8c8348e8,neighbor_copy,27.13902480785594,174.694233447939
8cc21f01,neighbor_copy,6.638544032046702,139.0037157778544
8cc800b3,neighbor_copy,25.508470191089117,2024.9547508031562
8d5d46d7,neighbor_copy,11.88687150535833,422.99580009735627
8d92cb49,neighbor_copy,13.725138029228912,71.30908567649446
8f201368,neighbor_copy,18.96465821448894,386.25963547849636
90386ee4,neighbor_copy,13.26636987454875,372.6263309269572
91abc4c7,neighbor_copy,12.088516894914527,341.2819119146672
91b301ce,neighbor_copy,30.826221674530757,2106.3871107896753
91db7070,neighbor_copy,32.28381125803488,391.17125213904495
925a7cd1,neighbor_copy,10.559551122915032,304.22541790555783
9283ae69,neighbor_copy,6.100089556725707,334.92819827533225
9298ad5b,neighbor_copy,12.683034273516174,1527.6750589051946
9314ff13,neighbor_copy,4.194708898455576,311.9260014811653
93209a3d,neighbor_copy,3.5023429220296447,261.0002116856136
939d9c34,neighbor_copy,21.203670479212093,672.0663363835546
93f5d2e6,neighbor_copy,27.948203984547717,200.39713421101598
940a48d9,neighbor_copy,22.282431615197492,275.6078097587988
940e709a,neighbor_copy,6.26090960176529,334.92819827533225
9426ec1e,neighbor_copy,15.56180112651116,1016.319384691788
94467f50,neighbor_copy,27.783389006100972,148.0420430147734
944f36b9,neighbor_copy,9.247130693487238,194.8291110179383
94d813a4,neighbor_copy,40.223654564702606,398.45724111855304
95b559e7,neighbor_copy,26.69006460173502,427.8675021547079
95c8427f,neighbor_copy,34.70751107922077,1372.2477919459889
96936c22,neighbor_copy,7.093997266675707,408.27491056913027
96ae5806,neighbor_copy,17.918894648927697,315.6761500339613
96b7eea1,neighbor_copy,12.91773355497891,565.010595033084
9719aa04,neighbor_copy,16.084751083514863,218.37401402174427
974802e7,neighbor_copy,17.614298581464805,985.5009699640704
97cd5bf9,neighbor_copy,9.225990715957638,1342.4419840350988
98177ced,neighbor_copy,6.574820053535572,184.13129228906436
9896fc0b,neighbor_copy,13.098992829316238,290.35748208028406
98bc6f66,neighbor_copy,7.2176794369536,504.05569979921114
992c99e8,neighbor_copy,9.170609137765137,310.9024235991544
992ce078,neighbor_copy,5.243085062982809,312.89067036265453
99529c45,neighbor_copy,26.496277767175474,1429.9593018334203
995ff498,neighbor_copy,13.625324797233002,288.2732642821676
999daf80,neighbor_copy,6.401684584345391,199.3058112546897
9a6b0392,neighbor_copy,64.89387229109578,333.15894299890175
9a8ae0d6,neighbor_copy,9.734976997148758,567.9699348558456
9a95e33f,neighbor_copy,16.337022613153387,405.9235889920556
9ab94eeb,neighbor_copy,8.891378436847345,542.6366147803164
9ad5410a,neighbor_copy,5.612959147023511,360.36984224554186
9ae248be,neighbor_copy,17.938579719966192,201.96190556664803
9af1ffd0,neighbor_copy,17.06680291268228,253.5314532754942
9b5b61c1,neighbor_copy,9.761139093857897,341.68702053184603
9b9e3b49,neighbor_copy,15.853263222561813,289.24630611298943
9bd2bba3,neighbor_copy,19.366921521336092,231.32171061081877
9c211c53,neighbor_copy,15.919743709413948,985.5009699640704
9c350a6a,neighbor_copy,23.423681737615944,2786.8320253828765
9c8375f7,neighbor_copy,9.578373785541162,332.765438860785
9d072e4c,neighbor_copy,14.133684334118398,803.0766202548501
9d3ec64c,neighbor_copy,13.773046316602512,253.5314532754942
9d4272e3,neighbor_copy,18.896607115977226,2386.662440836632
9d5e14d4,neighbor_copy,57.50316417098833,527.961960940447
9da441ba,neighbor_copy,13.873174899108967,349.43053801881234
9dede370,neighbor_copy,11.846633755582143,287.648443937986
9def2eb2,neighbor_copy,7.484225130065447,495.4081745387793
9df1b1f9,neighbor_copy,5.410168586655327,1809.847220292195
9dfff011,neighbor_copy,6.311829544404361,2586.2148307518487
9e3e364d,neighbor_copy,14.348917827926885,775.0838783642216
9efc812e,neighbor_copy,16.18723983918437,394.7112922122497
9f0c7bae,neighbor_copy,17.04393972280947,201.96190556664803
9ffce529,neighbor_copy,19.572955675548503,679.8420905622397
a0383629,neighbor_copy,4.607977290173143,707.8544942289337
a056d01e,neighbor_copy,44.866403165288176,1689.1744431230065
a08d9e63,neighbor_copy,36.48406545368805,885.3491028968041
a0b83014,neighbor_copy,12.956055503529102,1441.573269591275
a0e92ed6,neighbor_copy,11.145761410685166,201.44270177897872
a15bc102,neighbor_copy,2.6032158115322535,1436.0748560227817
a247e7cf,neighbor_copy,8.737205166042338,309.90878222474225
a2e8e7f6,neighbor_copy,12.685623580377607,0.0
a3518960,neighbor_copy,17.46842437678341,601.80359462206
a3f71395,neighbor_copy,38.435369989150814,549.6892656766121
a4719920,neighbor_copy,26.31738360755407,505.8362284376582
a48640d9,neighbor_copy,9.056088470125479,789.5242732175907
a4cdbb0f,neighbor_copy,6.114624992188026,341.50693375112417
a4f989c2,neighbor_copy,2.8201431686411014,0.0
a5aa7973,neighbor_copy,39.67500278057397,214.30784796645327
a5e6f7dc,neighbor_copy,31.395829822535084,1480.4562555173416
a612d5a0,neighbor_copy,20.16419885512902,399.1596694304587
a622ce4d,neighbor_copy,7.937848710642458,446.84304682975136
a645da9a,neighbor_copy,24.72077566233626,877.3133608919026
a692b17e,neighbor_copy,11.114960684844295,326.85334341283675
a6b8ac67,neighbor_copy,10.620876735297296,306.6550519722231
a6ed2eff,neighbor_copy,37.531190572240014,207.67364252588484
a6f967fb,neighbor_copy,45.1042895737358,165.33667530266277
a76db406,neighbor_copy,8.214181039170576,525.2042840649932
a7744f5b,neighbor_copy,16.311321573643614,382.6329585908479
a783cc24,neighbor_copy,14.858341501965286,9.852065773163481
a79fd2e7,neighbor_copy,13.03173996229011,768.300719900795
a7fc3e6b,neighbor_copy,19.465513139955647,2652.8457199957443
a85bb86f,neighbor_copy,7.736438575356351,982.4919143687255
a85e4bc3,neighbor_copy,8.369405764121824,933.0985013385186
a87433c9,neighbor_copy,5.0156317838260485,679.861026975612
a8ed028a,neighbor_copy,18.530634323697576,191.64130348127284
a959858c,neighbor_copy,63.17893044815185,4503.085086348942
a9c9b150,neighbor_copy,12.004295989384843,565.010595033084
aa95015b,neighbor_copy,10.909037226564083,1152.7920496775323
aaaf3c03,neighbor_copy,20.210723405415255,903.0367437155622
aaeffccb,neighbor_copy,20.34128949527245,614.6521879079755
ab112491,neighbor_copy,27.70699224757519,2486.5238339903444
ab18d3fc,neighbor_copy,26.2936081434742,761.5432862283768
ab3ced07,neighbor_copy,14.93397258123483,331.77885707214205
ab6fe95d,neighbor_copy,12.341596684645614,582.3461373615888
ab94878e,neighbor_copy,8.357947232567705,244.43476614445458
abf460d2,neighbor_copy,12.113329925038425,144.32096590620765
ac6f01d5,neighbor_copy,19.257721105943503,241.2744074700797
ad2133a8,neighbor_copy,15.52692346887648,460.8259682356095
add9c322,neighbor_copy,21.087804386972316,336.72329084865765
ae069086,neighbor_copy,12.160312219632697,439.41694323269655
ae0784a8,neighbor_copy,9.664989506698221,659.9369037264493
ae35f33a,neighbor_copy,6.497447256699827,193.5932498824423
ae8959c3,neighbor_copy,19.148766656032496,259.5905009816173
aed44918,neighbor_copy,4.902468225223902,4089.102558716226
aee6393a,neighbor_copy,9.971275697961197,354.95141329492384
af7a59ce,neighbor_copy,6.041276888113245,621.384937056236
aff4e561,neighbor_copy,6.179957719168169,530.165870082168
b04b58a3,neighbor_copy,13.731589886324748,124.47522042578048
b0d42b0d,neighbor_copy,32.928891460270364,1413.5289610404207
b0f53bf4,neighbor_copy,11.392846839513142,388.32822817820374
b19b0395,neighbor_copy,19.024017630871167,341.113621686398
b1efb8a4,neighbor_copy,8.444135189730492,123.54244007625115
b32902c0,neighbor_copy,11.258981324224173,705.6749060294605
b32e4903,neighbor_copy,6.139643956335371,259.82786936750915
b3388334,neighbor_copy,23.96229536720104,427.96097135179053
b37fd114,neighbor_copy,10.58383177277571,1524.4601978733758
b38e3116,neighbor_copy,12.344870904975998,245.98680228801408
b4d8dd4f,neighbor_copy,12.150964402653074,486.70114659816613
b4f37e6e,neighbor_copy,7.108849559680756,923.3880550450896
b56bc0aa,neighbor_copy,7.0781476272817665,638.1855345428945
b585b4fa,neighbor_copy,7.611962925123614,331.06330890023986
b5aa9634,neighbor_copy,3.6344704298539647,262.3065971340616
b7974e66,neighbor_copy,25.424997790891403,325.73973230139205
b7cdcecb,neighbor_copy,9.587755343223245,308.98393809386755
b7fea9ef,neighbor_copy,36.82483344712283,9.852065773163481
b85f7b06,neighbor_copy,6.942026127728178,142.39125394482363
b881d27e,neighbor_copy,13.071516082733979,372.6263309269572
b8c49c1a,neighbor_copy,13.716842788305597,473.78370856353564
b95e7121,neighbor_copy,13.053361843953416,759.1430276959608
b977be4a,neighbor_copy,13.298851484205423,603.7211795189904
ba48188d,neighbor_copy,38.09146967834609,1262.8968054438208
bb2cdd83,neighbor_copy,6.803924516373244,331.06330890023986
bb337fa0,neighbor_copy,33.41081523666139,278.8943973981603
bb682ebd,neighbor_copy,17.755615433085953,201.2050429290308
bc4381e2,neighbor_copy,30.224643883929243,715.3517085321561
bcebcc5f,neighbor_copy,3.3050289747181205,0.0
bd2c2f34,neighbor_copy,7.567723949947502,474.7741379858165
bd4ae5da,neighbor_copy,15.855121573545906,289.24630611298943
bd6f0e19,neighbor_copy,8.349350565008093,1085.8078335047658
bd8f847e,neighbor_copy,13.167321230606271,755.2956415206847
be063506,neighbor_copy,6.264589138227251,679.861026975612
be35c8f2,neighbor_copy,11.392348219145845,790.6483423751589
be83e781,neighbor_copy,5.448206556455596,384.0562257014298
beda8696,neighbor_copy,7.626401397504875,309.90878222474225
bf39bc20,neighbor_copy,11.905784878251817,373.9874864216263
bf70b410,neighbor_copy,25.088139046442674,451.8079535599153
bffe3082,neighbor_copy,18.34740732074355,672.0663363835546
c03b9305,neighbor_copy,21.221171252483266,788.1052134076127
c03d4aed,neighbor_copy,16.83782114707163,695.8011150464969
c03fba65,neighbor_copy,28.285267189072947,5893.922361789407
c07fd0cd,neighbor_copy,4.6914363863198965,453.46564588747356
c1708b88,neighbor_copy,19.35847439784172,1693.958175693997
c1d046f4,neighbor_copy,22.799519802204607,86.6451014191666
c2717d4f,neighbor_copy,11.48672920476297,254.75764973810655
c2c4db09,neighbor_copy,13.420127892127185,603.7211795189904
c2c6fc71,neighbor_copy,16.14982421491275,223.63873412288683
c36625df,neighbor_copy,8.998846662942073,856.2612543492522
c3957531,neighbor_copy,10.847253257342107,256.3560789214622
c42fe306,neighbor_copy,17.13486149826196,797.4772468855715
c43812e2,neighbor_copy,6.649287733396906,1339.112089893728
c472c0b5,neighbor_copy,12.319773867801183,166.93596676577033
c47e0767,neighbor_copy,4.339904408132111,155.80823919175182
c50b42f6,neighbor_copy,12.832068825882278,333.7858416709582
c593337f,neighbor_copy,25.859041440532753,1739.9960786447969
c59b6c4a,neighbor_copy,27.51401391415468,547.6276126161605
c66be2b8,neighbor_copy,17.712684872044363,426.83193706639713
c6797dd7,neighbor_copy,14.299946109478835,759.8756656848515
c6b782a4,neighbor_copy,6.292418595523733,384.2316011210162
c6c96179,neighbor_copy,27.028990419658296,707.4710977135059
c70c0e01,neighbor_copy,11.007084346852992,504.6530242651169
c84c65be,neighbor_copy,19.363504508489097,6457.035995137644
c8d9680c,neighbor_copy,29.91682911091774,200.126655146364
c908edd0,neighbor_copy,8.378827894317102,494.3863794645422
c9578d27,neighbor_copy,10.694883306002914,333.45837401362036
c96c018a,neighbor_copy,28.03376203294888,408.1236464602166
c99f9fae,neighbor_copy,8.46754377573422,1084.8189618551382
c9e6734f,neighbor_copy,14.181179075254413,244.43476614445458
c9e980e8,neighbor_copy,4.5915727639602855,642.6153034282563
c9fedcf3,neighbor_copy,3.186684024505561,1299.3966948166617
cad13e8f,neighbor_copy,14.698494854640947,340.131638781206
cb34231f,neighbor_copy,8.205061164995993,184.13129228906436
cb879f40,neighbor_copy,24.05136402452265,218.1748576258722
cbb406b5,neighbor_copy,10.131755835236852,618.5537703383592
cbe51de1,neighbor_copy,14.212099222544492,307.1572178868592
cbe62450,neighbor_copy,23.964980421354554,178.62219626911465
cc08aa63,neighbor_copy,14.788104510969863,373.9874864216263
cc8a1d57,neighbor_copy,11.106571578623667,856.2474690180142
ccedb12b,neighbor_copy,7.182435862037066,236.4018900094347
cd7f1687,neighbor_copy,25.551487189318692,216.6619950521545
cda7eb37,neighbor_copy,17.704859423679277,429.54885752417954
cdc31d65,neighbor_copy,5.552699731591535,220.8237444206809
cdc60a53,neighbor_copy,9.152035251375304,275.31903257844556
ce55ba43,neighbor_copy,17.392765445939258,283.0103620008831
ce8399b7,neighbor_copy,15.05131963531226,1905.5389975804796
cf50c9d1,neighbor_copy,17.234756845150297,369.0513634982427
d00e7eb9,neighbor_copy,21.398900353983375,872.071849906842
d011f41b,neighbor_copy,2.0025589593905893,0.0
d07aed8f,neighbor_copy,6.79091945276587,2832.741276043545
d085e611,neighbor_copy,15.81398401802109,0.0
d0a0e7b5,neighbor_copy,25.680712495592534,336.72329084865765
d0a43760,neighbor_copy,9.44440942020613,1562.6739711146588
d0cb63ae,neighbor_copy,20.938365233237345,891.9104346291638
d114d9c2,neighbor_copy,16.829450166236708,308.98393809386755
d1457cc5,neighbor_copy,7.988148694877989,884.6136264490503
d1ecf309,neighbor_copy,13.486251528122962,401.262951815832
d1ee630d,neighbor_copy,8.086959912208815,446.84304682975136
d217e0c5,neighbor_copy,7.351826942055758,464.24347803702034
d24ff243,neighbor_copy,8.241150298038415,666.9586257031009
d273674e,neighbor_copy,11.776405849399438,502.27947479502006
d2f3b1ab,neighbor_copy,12.586056040009996,692.892474847352
d3df146b,neighbor_copy,18.460819578781223,352.1732372000718
d40f61d5,neighbor_copy,8.266498486895815,695.850648487151
d41beaf2,neighbor_copy,9.96200515420083,314.2461692689048
d463e527,neighbor_copy,8.68481660576634,601.80359462206
d4f60a28,neighbor_copy,28.949346820385305,255.0441493152273
d50c649a,neighbor_copy,3.68774765644134,452.08725540535687
d543916f,neighbor_copy,13.624588067421433,238.40900696110396
d5df0ff5,neighbor_copy,24.253210646212846,1876.8912207424692
d60430e6,neighbor_copy,9.524857471293492,494.57752172949426
d63196fe,neighbor_copy,20.653640250398546,679.8420905622397
d6c320d9,neighbor_copy,12.479232609200048,347.27663742304566
d6dd7330,neighbor_copy,7.6783889029976296,123.54244007625115
d7ba4f9d,neighbor_copy,8.661189044952726,151.19408354819515
d7eb0be8,neighbor_copy,29.476252667841155,191.64130348127284
d84b621b,neighbor_copy,26.78852803220112,446.29741854502043
d90aa14c,neighbor_copy,18.410791928532955,872.071849906842
d924e971,neighbor_copy,14.525443885654234,688.8492869273032
d9ae59b2,neighbor_copy,9.743092641098247,969.0103603677898
d9d6d94d,neighbor_copy,31.74168948081556,537.9362141556397
d9eca87b,neighbor_copy,21.07911129963192,572.4575884724273
da2d4d7c,neighbor_copy,8.30677538814147,501.87577845498924
da3bfe4e,neighbor_copy,44.22181969955854,167.7994547071152
da3cf798,neighbor_copy,22.24242780481743,1905.5389975804796
da940160,neighbor_copy,5.881276323327762,404.8412105998619
dafc88c3,neighbor_copy,19.526012799457042,341.113621686398
dbee6c86,neighbor_copy,18.56318428171934,231.32171061081877
dc5fbe29,neighbor_copy,21.047989199598128,5482.205712393514
dc7da28f,neighbor_copy,24.664890278189066,375.58581775679494
dc7f9757,neighbor_copy,11.45944426482824,816.5461175587193
dd168de0,neighbor_copy,5.214192001814282,360.93871086377584
dd64382d,neighbor_copy,13.727043331966135,810.9693047826694
dd6bc5b2,neighbor_copy,6.83627521962495,2175.5951491489654
dd7d638e,neighbor_copy,13.866635742651573,311.5685967808558
ddc790ff,neighbor_copy,29.02481525619608,730.3217325258304
df71d1ff,neighbor_copy,13.946510306372447,296.51786202518025
df73b8f3,neighbor_copy,7.4697702668721355,120.12210995466528
df8290be,neighbor_copy,12.983516944219568,326.85334341283675
e0079ed1,neighbor_copy,3.8632766042835214,396.6159382824991
e03b45fd,neighbor_copy,13.73959033130207,356.2541088885832
e0f36d98,neighbor_copy,24.848891464050258,285.4294422447561
e149204f,neighbor_copy,13.417106820431988,445.4000112259253
e14d641e,neighbor_copy,8.089652767809058,340.0234324276718
e161bd0c,neighbor_copy,5.564102657312215,304.22541790555783
e201fd6d,neighbor_copy,10.978371586484684,872.1740631892926
e25f1537,neighbor_copy,13.365352608129703,124.47522042578048
e2fc7745,neighbor_copy,19.108348156864874,513.746736535034
e32da4ec,neighbor_copy,10.75181977476272,201.44270177897872
e3b34f5b,neighbor_copy,12.921969558251167,340.66607594528057
e45a2a62,neighbor_copy,12.755962570210992,693.8848294206138
e46f4ef4,neighbor_copy,10.65412089199908,350.33928141164705
e4726608,neighbor_copy,8.17809355597461,211.403472062154
e5864244,neighbor_copy,27.091214013673444,255.0441493152273
e5c92e59,neighbor_copy,23.637765049581834,814.7513756354983
e5ff9fd2,neighbor_copy,4.870207114620359,5006.475323818147
e6c55748,neighbor_copy,14.980878995853727,288.2732642821676
e730c32b,neighbor_copy,10.87753798785183,381.9524421964513
e737965a,neighbor_copy,23.369991945551128,341.2819119146672
e748dd88,neighbor_copy,10.433833526552469,1380.7103389925364
e7818f7a,neighbor_copy,21.573852999245084,506.0023519709952
e7c36e81,neighbor_copy,4.558494989719371,456.25658888398317
e7d0c1de,neighbor_copy,13.099722380963987,354.47294410168126
e85074c5,neighbor_copy,12.565332365553653,258.09645968117127
e97032ad,neighbor_copy,15.312306820911928,456.25658888398317
e9949a23,neighbor_copy,11.55425756915842,409.1014319211866
ea0b99b7,neighbor_copy,18.10921484553319,315.6761500339613
ea3a0e38,neighbor_copy,30.278261642726125,914.6865330809674
ea41324e,neighbor_copy,7.162732944760356,448.0654757955242
eabc711b,neighbor_copy,31.111012052023337,696.204673641085
eac10e86,neighbor_copy,10.496422832530984,575.3804635194074
eafb863e,neighbor_copy,11.55309078447615,354.99921408365276
eb06a4e7,neighbor_copy,10.890584504931233,254.75764973810655
eb640a35,neighbor_copy,23.691695313221544,393.69012205038473
eb934281,neighbor_copy,9.370545785670048,251.6948630784195
eba6605e,neighbor_copy,47.76282768137705,5871.724446302043
ebe69318,neighbor_copy,8.935486894973417,686.2642220017262
ec0d597b,neighbor_copy,13.000087861212563,570.0749228829853
ec13af42,neighbor_copy,6.316324339147818,220.8237444206809
ecdab904,neighbor_copy,15.639065164253815,287.648443937986
ecdaf714,neighbor_copy,22.22245799516954,1074.5795743918054
ed6436d6,neighbor_copy,31.47358120646913,2486.5238339903444
ed6e6e54,neighbor_copy,10.318054186592168,245.98680228801408
edf885a3,neighbor_copy,8.826226940204824,759.1660957918359
ee0300f7,neighbor_copy,42.26464071445453,2540.383977846691
ee288beb,neighbor_copy,39.54870889368199,2345.485662671624
ee4aecac,neighbor_copy,16.468422736348277,224.3712102744123
eeda36f5,neighbor_copy,17.64227117440806,695.8011150464969
eeed308d,neighbor_copy,11.13713404016055,275.31903257844556
ef04658e,neighbor_copy,6.333249993558547,78.11375871113562
ef8e3ed0,neighbor_copy,20.78146414442075,472.8086439566805
efde6ac3,neighbor_copy,8.263199162528435,0.0
efe96181,neighbor_copy,28.181275601957754,148.0420430147734
f0188a48,neighbor_copy,17.057646624639123,1693.958175693997
f021b650,neighbor_copy,6.331324246713459,2977.780474279231
f03f10fe,neighbor_copy,13.709146243587714,379.52710706896244
f053a1b9,neighbor_copy,4.540814478267778,443.23240765999094
f074d277,neighbor_copy,9.29805149458026,1395.6010986309716
f07d7037,neighbor_copy,8.825091287760312,251.6948630784195
f08774c3,neighbor_copy,15.618299414750444,1503.3841484466916
f140c2fa,neighbor_copy,8.950229232788217,420.11684850765937
f16e25e3,neighbor_copy,5.873172309457241,948.480908031269
f2d4c8c9,neighbor_copy,16.558142861494197,477.41254214785795
f321a31c,neighbor_copy,16.64595373589119,651.5424508808836
f40cd091,neighbor_copy,16.95746439047649,352.3304138163702
f439a621,neighbor_copy,7.4494394888160995,121.10156563796214
f49fdea3,neighbor_copy,15.287964835567193,783.4510814342718
f4d12d23,neighbor_copy,17.022260460393742,332.765438860785
f56d3ace,neighbor_copy,8.078284210997849,448.0654757955242
f5859199,neighbor_copy,18.195462272945313,4301.1156051659145
f5d8aab6,neighbor_copy,15.242018496698845,205.1186788180608
f631da6e,neighbor_copy,5.025307296792182,1093.8183615667167
f6824bb0,neighbor_copy,5.688939024197781,342.29534907726173
f6bc699b,neighbor_copy,14.172504363320073,787.3228853526308
f6d009f4,neighbor_copy,45.010949404622814,479.4750551384492
f72b268f,neighbor_copy,9.560997531770981,354.9009227943209
f8662c22,neighbor_copy,17.635172721014033,574.9275491747276
f88ddb26,neighbor_copy,57.67157956255334,1145.2715266695677
f8afa78a,neighbor_copy,25.871350767988194,451.8079535599153
f8f59188,neighbor_copy,9.990857954988737,488.7036934582905
f9fc81aa,neighbor_copy,5.468243378073433,350.36325677778564
fa16d114,neighbor_copy,29.36341360055294,500.3193192352561
fa31da94,neighbor_copy,11.043496805727226,598.602202217775
fa667be2,neighbor_copy,11.758546821875605,163.7862341591579
fae0c593,neighbor_copy,10.587524629381749,241.09196606281986
fb03ae90,neighbor_copy,17.9604893459526,405.9235889920556
fb0904bd,neighbor_copy,2.8685048767672607,1436.0748560227817
fb3848a1,neighbor_copy,16.17467750232028,637.8869884234749
fb73b13a,neighbor_copy,47.72350071113989,479.4750551384492
fba7683c,neighbor_copy,3.4630723479338887,1132.067152955183
fbd68d27,neighbor_copy,35.99255477896692,290.8560289903569
fc03f21f,neighbor_copy,9.445573615146735,360.36984224554186
fc0d20b2,neighbor_copy,33.22015060120795,2015.7112779610497
fcfcc902,neighbor_copy,8.525621399643562,1530.9008428047455
fd3b4faa,neighbor_copy,10.246008232755191,488.7036934582905
fd710aea,neighbor_copy,11.717789466113867,319.5400619639575
fd8f77fa,neighbor_copy,29.33292629560487,405.4355211372632
fde20ecf,neighbor_copy,11.4477995242368,460.5971039860524
fdfd57da,neighbor_copy,10.666332111409544,679.7909893491068
febb4411,neighbor_copy,33.74408694773623,516.880236515124
fef8af96,neighbor_copy,54.167630841724666,837.8206658946208
ff0aea78,neighbor_copy,38.509627372068046,336.07143243639024
ff8bb73a,neighbor_copy,15.044484344342987,246.41405033004006
ffefef30,neighbor_copy,4.313879587028763,164.29219488480655
000d7d20,model_plain,13.90820873050738,336.07143243639024
00bbac68,model_plain,8.537598142819416,573.452859178668
00e12e8b,model_plain,9.802281835636899,358.5888527271412
015fe0d2,model_plain,18.317423458086047,1013.760985637056
01869cd4,model_plain,6.935438186120111,1176.4650194970675
01982c1d,model_plain,5.493208806265467,191.99873437117506
028d7b28,model_plain,5.345767146341009,151.19408354819515
02e7fe5a,model_plain,6.0498983382429286,403.9541430657916
0390d174,model_plain,3.0830049369225363,795.1002175827138
03a935ae,model_plain,45.60702240833595,1140.9101816093412
044af7d1,model_plain,5.922600514899517,381.9524421964513
0498acab,model_plain,4.018490817872314,1299.5734117390227
052d64df,model_plain,2.364068669553781,423.3095862365947
05948241,model_plain,6.553754082500608,410.300133195121
059c8f24,model_plain,8.363779003199063,14366.681664006725
05a0ee4d,model_plain,7.916784300893899,700.0830968536936
060ab2b8,model_plain,3.3775304069836776,602.3081823287225
06df5958,model_plain,4.684909440089937,399.56064871311435
071d7b45,model_plain,11.5291579308597,3327.346722961181
0849b4e2,model_plain,4.438461873117322,495.4477418458478
084d66f9,model_plain,5.798786082074842,447.8991655493628
08fecf00,model_plain,3.7358026863838356,245.25083689983654
09053135,model_plain,4.499293077304909,216.6619950521545
09441b8d,model_plain,10.02587434613429,359.99967361097714
0955cd6c,model_plain,8.259580623116394,318.9706146341819
09ec2ca9,model_plain,13.859408566323946,401.262951815832
0a57a29c,model_plain,7.67565683452186,318.4850972965528
0bbf5e67,model_plain,11.268114003263191,1013.8024178800661
0be01c24,model_plain,4.162396152170295,137.9538999087774
0c1b160c,model_plain,5.632229918382031,1291.5203184616896
0d99f8e4,model_plain,6.96708205755835,707.8544942289337
0dc5e64d,model_plain,11.6023422722635,506.0023519709952
0dc835f3,model_plain,8.408387557483906,271.9800773953144
0dd99dc5,model_plain,5.721674666065731,212.8723302827778
0e5e560d,model_plain,4.296752182621241,1802.71316256898
109d9d70,model_plain,7.859351147257893,601.3040037286603
10a1281a,model_plain,2.725391022114251,259.82786936750915
10b89021,model_plain,15.962936656951431,143.32038654694819
10be2420,model_plain,11.203469086528381,367.80678759356687
113011eb,model_plain,3.401484712722522,504.6530242651169
1131525f,model_plain,10.26888954274664,602.3081823287225
11d0f5ac,model_plain,26.168651224359948,527.961960940447
12203f2a,model_plain,16.0744863438063,222.64387572973524
122bd617,model_plain,7.096950452324173,1337.2009330315439
125be846,model_plain,17.570945460272704,333.40767852599134
1285a37b,model_plain,10.694509362752074,116.65264034746481
1295a25b,model_plain,6.521742960724275,627.5345540286303
12f0cd90,model_plain,6.543074977093685,730.8351092416312
137d1e44,model_plain,18.273223752653383,376.66404885550594
13ce113d,model_plain,5.72826142010032,2924.1969866614527
13f598d9,model_plain,10.572625810976625,173.756853102472
14a53cb3,model_plain,10.149922576015367,360.1114312264891
14ab73fb,model_plain,13.965881686861088,5880.390701212142
14ad5efb,model_plain,3.9164922579745407,349.43053801881234
14fee784,model_plain,15.543652764751062,229.67763539366513
153552f5,model_plain,9.898477428298321,223.63873412288683
1550491d,model_plain,26.364412552936102,267.33501454155584
155887bb,model_plain,6.639144714906792,573.452859178668
1590af81,model_plain,5.975090974972427,486.3790458070381
15e154a1,model_plain,14.425807214251309,0.014142135801537968
1619e2ca,model_plain,8.509133966843832,2275.8459963055707
16e4a047,model_plain,7.809173895288103,359.7980878213344
173ed841,model_plain,11.456070607283399,186.19912996565864
1770d7c6,model_plain,8.532945829434016,254.13939265668066
177622d7,model_plain,8.434267261808658,144.32096590620765
18d24f7b,model_plain,10.090460682602647,368.3130539364969
19137a89,model_plain,8.984466376075746,354.9009227943209
1944513c,model_plain,3.304930779510076,267.33501454155584
197f8a5a,model_plain,22.40445525268277,641.7493299568013
19871e7f,model_plain,3.2209729395782722,120.12210995466528
198a5607,model_plain,8.466854541100044,356.579276178597
19fb4f7b,model_plain,5.959662339877464,262.43522877055324
1a518997,model_plain,8.581016385806278,290.8560289903569
1a68190b,model_plain,9.242437879302306,419.5604038751503
1a730ac2,model_plain,13.833287646559318,1299.5734117390227
1aaf1da0,model_plain,6.920570405023961,688.8492869273032
1b08ed48,model_plain,16.603988872886248,325.73973230139205
1b1c5372,model_plain,29.329912911656706,206.3415006729768
1b1eba53,model_plain,66.46052438188968,2595.8521103100265
1b6ba517,model_plain,5.654567328222612,1087.1387403638944
1b82b665,model_plain,11.71932374762639,793.5279771371753
1bcb2fcf,model_plain,5.159339076101301,241.2744074700797
1beca81d,model_plain,11.284113148326519,1109.0381692709161
1d3fbf02,model_plain,6.63552681890731,139.0037157778544
1d78281a,model_plain,7.356924102026425,306.6550519722231
1e30dedf,model_plain,8.973748634868057,187.96062406782718
1e5e3573,model_plain,7.300843166859113,318.9706146341819
1f9afacb,model_plain,3.097777497641531,498.8241670167924
1fdbba44,model_plain,6.083229721775691,247.7797913470171
1fee2b62,model_plain,12.79359710765486,1739.9960786447969
20096916,model_plain,5.870210831152534,337.67082269574115
200d233d,model_plain,8.353610255909338,759.8756656848515
201661b5,model_plain,7.163894632124258,2362.543505334908
203721ab,model_plain,9.047651604809317,692.5011844756903
20402d71,model_plain,9.408848650158832,445.4000112259253
2043abc5,model_plain,16.974063722752636,1231.8828054648518
204cc64b,model_plain,9.631749187038041,186.19912996565864
206b6193,model_plain,31.095948249406614,1530.9008428047455
2075c696,model_plain,28.4776764349092,2924.1969866614527
22c5f93f,model_plain,3.6033946896921143,650.4307126820967
230eaaa3,model_plain,21.34267329449858,577.4631237577566
2364716c,model_plain,16.279562608405318,787.3228853526308
23b9beb0,model_plain,3.788620053254493,4.370743643773057
24d8997e,model_plain,3.983231851695227,151.3314550910953
25050f63,model_plain,19.40415946331387,407.32922311093307
25939962,model_plain,8.084038161480736,331.77885707214205
25fd32b3,model_plain,3.126153983801161,486.70114659816613
261785ee,model_plain,23.44060737805208,505.8362284376582
264feceb,model_plain,7.714630221972729,311.6254009221986
26623a50,model_plain,25.331690651828033,3734.0527192851346
26d3a96a,model_plain,8.19320924536504,260.60118130957596
272abef3,model_plain,12.675833727643193,464.24347803702034
27300fd5,model_plain,25.66429259746864,116.65264034746481
276b012a,model_plain,27.44033975432367,173.756853102472
27c3155b,model_plain,17.043100363066642,180.5223191185996
27ebb9b9,model_plain,14.745006084975138,262.80323609141846
283269ac,model_plain,2.406762539735867,423.3095862365947
28473855,model_plain,4.795533872278771,6920.243263910821
28f4eda9,model_plain,17.075408508649673,390.73295189910806
29b24409,model_plain,13.267421395625028,159.65818143788346
29de15c8,model_plain,1.5300424348652923,307.1572178868592
2ab29395,model_plain,1.0506728181198959,849.9145147598321
2ac7cb6b,model_plain,9.922647031074318,678.8027614853322
2acc78d4,model_plain,9.186931148552327,585.503976844031
2b034622,model_plain,4.785709962915701,582.3461373615888
2b06ad65,model_plain,7.8158489436287715,205.72764155580197
2b547943,model_plain,12.930439001948276,388.32822817820374
2be5c96a,model_plain,3.713375749702503,784.9777304484786
2bff06cf,model_plain,24.470344720349797,1259.987468191288
2c0c4a4e,model_plain,6.121267930690921,821.9865294515896
2cee0cba,model_plain,6.481132028907853,1126.7924868849639
2d0c268a,model_plain,12.558916484052563,86.6451014191666
2d179ded,model_plain,6.530798817899016,884.6136264490503
2d196986,model_plain,10.325097260371148,360.1114312264891
2d2d0c6b,model_plain,2.8120833326149737,151.3314550910953
2d35f86d,model_plain,11.785881314531085,909.6962130290883
2d9f6cb9,model_plain,9.067357791424634,253.45837153278688
2ddad940,model_plain,9.87882743907007,224.3712102744123
2e29e833,model_plain,3.7909354861552043,1437.3127200787326
2e43c2ea,model_plain,12.175185521708991,638.1855345428945
2e63d9de,model_plain,17.982956740688948,2832.741276043545
2ee0235b,model_plain,4.095805373703825,539.664329004501
2f19d536,model_plain,8.48643866189961,2559.9898002336113
2f8e53c3,model_plain,2.2083247317546237,0.02000000001862645
2fa01aa6,model_plain,21.137694688962778,867.7874326122011
2fd68f7b,model_plain,58.1218910158614,187.96062406782718
2fe023be,model_plain,8.592077104521408,371.103479099971
30d75030,model_plain,13.11921707830895,1480.4562555173416
310c71a5,model_plain,7.412834798608944,410.755450359503
32fe84c9,model_plain,21.382247536847437,4005.033103109125
33c40295,model_plain,9.199323332391145,1045.1938894291413
3407f5bf,model_plain,10.410967286794625,121.10156563796214
3417285d,model_plain,22.173216490088056,143.32038654694819
347242c8,model_plain,3.589546121455346,3538.1399067871807
353e5502,model_plain,6.05097902064476,2151.213418166657
357c12f9,model_plain,2.7400317607006692,183.8641813950703
3584a6eb,model_plain,12.00465599981412,344.01163352399607
35b30c7f,model_plain,27.351448024470205,340.66607594528057
35b3ef6a,model_plain,22.72521889117735,552.8780521053948
367456ce,model_plain,6.221358414504278,241.09196606281986
368131f9,model_plain,18.261490089212206,965.8211686436671
368fe682,model_plain,16.286600790961277,636.7910581188324
3690a146,model_plain,8.122368044898895,379.52710706896244
37344c2a,model_plain,6.65443529094416,199.3058112546897
373ef48b,model_plain,4.087320495897675,384.0562257014298
374be387,model_plain,10.01127171472166,474.7741379858165
37d36812,model_plain,16.987813570346674,155.80823919175182
38991fd4,model_plain,19.286286827451217,314.2461692689048
389ae58f,model_plain,38.428126750046886,1689.1744431230065
3932faa6,model_plain,6.244808178339401,777.7989769213452
398dce4b,model_plain,1.3902495360728822,393.4816928395906
39b51819,model_plain,6.695455979348006,542.6366147803164
3a0af893,model_plain,20.211719775854366,601.3040037286603
3a223519,model_plain,10.096774870744252,164.29219488480655
3a7dd95d,model_plain,14.000840644036598,4992.86652879899
3a824aa7,model_plain,4.12122342063933,618.104678675014
3a86fe8d,model_plain,10.505708732917888,285.4294422447561
3aaa2b30,model_plain,12.725771305253437,238.40900696110396
3ac16ad0,model_plain,5.146564867083429,390.73295189910806
3b21ea64,model_plain,12.74679895733397,163.7862341591579
3bbe1f5d,model_plain,9.89247458346561,294.18448310549996
3bfee975,model_plain,5.948522560853518,452.8522793361525
3c3dbcbc,model_plain,6.257037285156317,337.67082269574115
3d96d897,model_plain,5.431885151669862,350.36325677778564
3df4b19e,model_plain,11.978979853299622,310.9024235991544
3e011332,model_plain,11.860484458313532,448.7708174559524
3e678ea7,model_plain,6.192014253174324,350.33928141164705
3ef6372a,model_plain,8.587813079117174,577.4631237577566
3ef98781,model_plain,6.6303842903250665,111.95715832410396
3f603129,model_plain,23.474239709385177,80.75477571019829
404c4384,model_plain,0.6903283165397734,317.0990633855207
4121c517,model_plain,8.662773856894209,201.2050429290308
41fb0192,model_plain,3.4969466315336795,456.69412356603607
42669188,model_plain,16.90474345138314,358.5888527271412
42c538a1,model_plain,32.49808752830585,6093.110687489639
43b06c70,model_plain,3.9828039874037047,452.08725540535687
43c7f85a,model_plain,12.332278872866778,478.17591334157316
43e16325,model_plain,45.36623647919126,4634.629612924814
44441e54,model_plain,2.8948663327774447,18.814688410984402
445af6c2,model_plain,39.45832587764068,286.15407108770086
4463446c,model_plain,9.482088866373626,2811.8944870673013
44a94013,model_plain,15.393367243261334,375.58581775679494
45fb3e21,model_plain,25.18649789735566,486.3790458070381
460f859e,model_plain,15.964962287401168,465.4253371916219
4630ab92,model_plain,9.855271247402342,1314.650160194832
463c38f2,model_plain,5.771994770807414,401.350880153667
4654e7de,model_plain,4.877173326979027,347.27663742304566
466fc788,model_plain,21.79563253518909,367.1681565715774
46a301e9,model_plain,4.9328868880280465,3167.998034674157
46a7190b,model_plain,7.856455848940469,181.30062465412828
46d24a09,model_plain,27.043119254661722,326.94649485804183
46d41ff6,model_plain,5.476511812700693,659.9369037264493
46dfcfca,model_plain,17.40979860677657,174.694233447939
47222616,model_plain,15.074128704207084,344.01163352399607
47ee27ab,model_plain,10.061766704885763,186.4533016599304
481de5fc,model_plain,17.154109406669516,460.8259682356095
48c1f673,model_plain,11.724735487766484,166.93596676577033
4936af16,model_plain,9.203089387955341,664.8960997025933
493b5b31,model_plain,30.46104584714733,363.6254453416865
49dbc14c,model_plain,8.052798221387304,3374.523583826345
4a035ec2,model_plain,25.346307857367453,456.69412356603607
4a335117,model_plain,16.930644485627028,3374.523583826345
4a8ecc0b,model_plain,8.394926864445544,1132.067152955183
4b462989,model_plain,7.179844444745264,406.25225968607674
4b831d20,model_plain,11.687059437956723,254.13939265668066
4c2208f5,model_plain,40.33113660503772,269.68198456704016
4c3168cf,model_plain,5.694759307732308,205.72764155580197
4c3df468,model_plain,18.0327896410687,432.51031340299613
4caa7289,model_plain,15.075701290851134,294.18448310549996
4cd1ac61,model_plain,13.383896194621174,261.0002116856136
4cecf7b3,model_plain,10.04333899260754,367.1681565715774
4ddde4c1,model_plain,3.329889686852656,205.1186788180608
4e050c92,model_plain,5.396944483408733,332.3330355231446
4ed93db6,model_plain,10.93039837418547,95.13238144822385
4f3eb9e9,model_plain,31.31213522009994,568.8299545561316
4f4ac5ce,model_plain,8.732744375030633,815.0663278531551
4f4afcc6,model_plain,10.32404050663956,352.5644532562716
4f69febf,model_plain,20.862117331163017,167.7994547071152
4fbe9c06,model_plain,15.662195078373893,286.15407108770086
504c8b08,model_plain,17.61548211490604,1001.8072977374127
511e1db0,model_plain,4.5069955600043565,1907.7610486904982
512943b2,model_plain,5.668328277644023,369.96515349433054
5138a660,model_plain,11.389918566864981,173.79403355672642
516088b7,model_plain,4.546225518805838,333.40767852599134
521a7819,model_plain,31.003273469575717,342.29534907726173
5254b6db,model_plain,5.317321750850309,496.89537892804964
529e88ca,model_plain,11.68163828179587,80.75477571019829
52f1e77a,model_plain,7.932384651500604,460.5971039860524
5305524b,model_plain,7.869484690197875,400.47356829126807
53134831,model_plain,16.38575860185923,334.40003259576497
5397ceb1,model_plain,7.33764030742144,71.30908567649446
53f23031,model_plain,5.192685338343803,4.370743643773057
543198e8,model_plain,18.16191414250734,1074.5795743918054
54753541,model_plain,9.476225978468909,473.78370856353564
54a7e3c2,model_plain,11.813587888951641,356.579276178597
5542c301,model_plain,10.032708711044751,290.35748208028406
5567d551,model_plain,7.471914497955316,278.8943973981603
55efee7f,model_plain,25.237374582035496,401.350880153667
5663b2b7,model_plain,20.9201808132497,0.0
5693dde2,model_plain,14.397721117421304,3461.150792106728
56b00794,model_plain,26.97866862313119,434.2344776727978
57796579,model_plain,16.527895819552707,345.04317019744036
577eec7c,model_plain,24.391421027514365,1157.9542175750205
57f05c51,model_plain,46.18285943362759,165.33667530266277
58850d2c,model_plain,16.097600986677737,872.1740631892926
58fa8486,model_plain,10.253278548179438,409.1014319211866
591cc951,model_plain,12.797016362450535,439.41694323269655
593876b6,model_plain,3.0685652388201365,301.27238456264837
59f8b2e8,model_plain,6.977430332866142,6698.349016922087
5a1a8fd8,model_plain,13.920019089015614,352.4647954052819
5a5269a9,model_plain,7.7911873398841704,494.57752172949426
5a5d1982,model_plain,7.804077594875954,159.65818143788346
5a63b5d1,model_plain,20.389469493269157,469.22546840516446
5aa03df7,model_plain,3.358248676131843,1109.0381692709161
5aa403d0,model_plain,28.513449970545054,200.39713421101598
5aef5c6c,model_plain,6.622633522292307,4166.198230485334
5b7b6324,model_plain,17.84935002227367,6847.004798749586
5bd25f59,model_plain,7.017994186718039,206.3415006729768
5beded95,model_plain,14.918025007606488,871.4125118451667
5cb483ac,model_plain,4.387133040061904,283.75583870615185
5cdd8dbc,model_plain,17.0629362764742,311.5685967808558
5d11dfb5,model_plain,8.298040067072105,592.4352390769471
5d7198fd,model_plain,11.425477217786236,1215.653089988869
5def1ce5,model_plain,8.20590951746263,358.9451526348613
5eae34a8,model_plain,8.066371527145847,1013.8024178800661
5f4d2a52,model_plain,47.021341473043194,730.8351092416312
5f6756c5,model_plain,10.475619071472646,1809.847220292195
5f75f796,model_plain,4.893758806500974,376.66404885550594
5fb1c15f,model_plain,19.17039664940229,447.8991655493628
5fffa282,model_plain,5.453776786782656,600.4431018007779
60e37807,model_plain,14.804749755066089,448.7708174559524
61f27424,model_plain,3.144037766438046,566.4375561348735
62569ae3,model_plain,4.260878523030957,531.2533649774686
62a6f539,model_plain,6.290674289100219,418.68067366398685
633774dc,model_plain,14.857947737462375,703.5663053331969
63559d57,model_plain,9.070476759958579,495.1796874875491
647f2a41,model_plain,5.492546348422839,478.99623223991324
65156b96,model_plain,3.29593085024562,2461.441495749841
653612bc,model_plain,3.5583255491151347,540.0430443030305
656a067b,model_plain,13.624135849637641,441.6065018768087
65a5466a,model_plain,9.312676403372835,259.5905009816173
660d9546,model_plain,9.699153484644293,427.8675021547079
6767c111,model_plain,4.9548828727910355,503.70108328257055
67847288,model_plain,13.936622986596765,269.5698621877799
67a8da4a,model_plain,9.459378450728728,398.45724111855304
684a6fc1,model_plain,16.14587478493449,0.0
698930d1,model_plain,7.505290503340361,429.3523384123422
699ea575,model_plain,11.405284997644452,359.7980878213344
69c1bdad,model_plain,16.240566536292036,530.9052617935206
69e41fa6,model_plain,10.223117718395372,245.25083689983654
6a0ff78e,model_plain,18.02206233549573,357.74696784179423
6a8fa194,model_plain,15.509185958954188,628.6807107744826
6ae68655,model_plain,4.644194796123465,783.4510814342718
6d1d74e1,model_plain,13.297851697300514,432.51031340299613
6d590e26,model_plain,8.873841670835382,178.62219626911465
6d6d93af,model_plain,31.517339605679176,5871.724446302043
6dbe4b60,model_plain,5.020267702483934,369.96515349433054
6e6d122c,model_plain,6.694138507074873,343.4850191786155
6e9ccd38,model_plain,8.793767227362158,560.9654285250222
6ea22614,model_plain,6.669870574236393,627.7407733293041
6ede926a,model_plain,6.92594784252659,351.3815420591581
708caea9,model_plain,29.896955656881026,209.44856385289032
70925e23,model_plain,11.062748465542844,7279.67035309972
70e1788b,model_plain,6.5204480412416475,823.9976516956518
71642c7d,model_plain,8.471729054301788,242.19001073545743
71ccf778,model_plain,6.049598250089875,311.9260014811653
7224331b,model_plain,4.527823391226747,1339.112089893728
722cf0d8,model_plain,13.635801471096817,333.7858416709582
7256229b,model_plain,5.808398525655809,191.99873437117506
726f3dc2,model_plain,3.4422153877522694,312.5685899128737
7271dd80,model_plain,2.0687943487161924,821.9865294515896
727a3a10,model_plain,16.788698888650625,394.82556768802914
729665c0,model_plain,14.359429777223431,478.99623223991324
729e9750,model_plain,6.593415433516308,527.0661652012062
729f4217,model_plain,19.687932484864195,394.44761680104773
72dd8501,model_plain,4.00712187154542,498.8241670167924
73348914,model_plain,13.059234769621504,242.19001073545743
739a914f,model_plain,18.079874453742697,1149.239235320354
73b1447d,model_plain,11.15356146798294,314.9110549027679
74b6186b,model_plain,7.442108321140464,410.300133195121
75c20ec7,model_plain,11.448006132988743,1178.6519956287946
75cd5f11,model_plain,6.595994969330856,366.02009794546325
75d20a82,model_plain,20.6253404312434,0.0
76201745,model_plain,10.55210214771789,194.8291110179383
764072a5,model_plain,9.124091588778015,340.0234324276718
77b0d905,model_plain,7.865294883538993,452.00146559494567
77e4821c,model_plain,13.903655047153451,684.9150491118971
7850c72e,model_plain,11.19303737870144,207.99950817245553
78a4a386,model_plain,8.735499886295875,186.4533016599304
79507629,model_plain,9.512726576634735,368.26591058661705
796dbd4c,model_plain,12.704312357211487,229.67763539366513
7987f2f2,model_plain,5.0450591522204,495.1796874875491
7993a768,model_plain,4.247287601877494,403.9541430657916
7a5660b0,model_plain,17.04267607940692,556.151071652502
7acda2df,model_plain,14.144651277979886,923.3880550450896
7b2c7b3c,model_plain,2.5519751137667983,950.2475270160758
7b38844c,model_plain,8.091477259306492,283.75583870615185
7bb17b96,model_plain,9.661869411166881,173.79403355672642
7c607683,model_plain,10.873520051780316,359.99967361097714
7cbbd047,model_plain,6.847537219266819,222.64387572973524
7cd4bb31,model_plain,5.364730228504418,579.5133938055994
7d50373e,model_plain,13.995980753363765,671.2082682743306
7d57c75d,model_plain,16.070053682117717,3464.860396523878
7e208414,model_plain,9.161518990553622,974.9490166158656
7e721392,model_plain,37.62202383375801,469.22546840516446
7ff89f8f,model_plain,15.342942497561367,560.9654285250222
8050c789,model_plain,7.050017805316619,759.1660957918359
807f0298,model_plain,5.297216069691523,952.7892715599598
811f52b3,model_plain,3.0861296448479103,342.1399646343355
81bf5923,model_plain,32.8698443043349,394.82556768802914
81fc01c6,model_plain,11.303032700092658,317.0990633855207
8255c867,model_plain,22.29222575641009,354.99921408365276
82aab6d2,model_plain,5.068800587914458,296.08298971749326
82fcf37c,model_plain,7.080437506935411,296.51786202518025
833af382,model_plain,12.738031102658757,374.51669468805227
8382f4b6,model_plain,39.58576904690767,207.67364252588484
84633df4,model_plain,2.9138872857942895,265.5508798705091
8478df29,model_plain,16.377103247020752,265.5508798705091
84815d5a,model_plain,13.90724549420537,1153.6795122132753
84c3b497,model_plain,14.147243650163027,427.96097135179053
85380836,model_plain,16.869323885021593,386.25963547849636
8612b37f,model_plain,15.399033617020088,352.3304138163702
861e71df,model_plain,16.765432018313895,95.13238144822385
86454a6f,model_plain,68.35728915990377,578.0744180468329
8648abae,model_plain,3.672943859227827,1532.5972481381498
865033f8,model_plain,4.297498942132633,258.09645968117127
87695469,model_plain,10.048868174853057,6566.412090038253
877ed19c,model_plain,6.537531869442756,111.95715832410396
87aa3730,model_plain,8.43708690910223,352.5644532562716
884ecb5f,model_plain,21.887846265592703,390.2214799314444
8902c3f6,model_plain,5.34811697840312,525.2042840649932
896d15b9,model_plain,28.72664014075291,3327.363809940173
8995c945,model_plain,13.12605630781441,209.44856385289032
89969c7a,model_plain,9.095613546155144,662.2428703275009
89f1085d,model_plain,24.812710596301986,7136.08188633635
89f36adf,model_plain,6.164622217295123,334.40003259576497
89fdb2f2,model_plain,3.7441139600962896,0.02000000001862645
8a3da6d1,model_plain,9.638439015479351,839.4689667280624
8a89da23,model_plain,24.003669395643826,719.094025354236
8a9c8932,model_plain,3.827025110114877,634.3875403883866
8ac2f237,model_plain,16.290015025100907,494.3863794645422
8b12bab6,model_plain,21.332472819410732,650.4307126820967
8b5be31b,model_plain,13.226691448897894,367.80678759356687
8b95d6d1,model_plain,17.26499461257462,0.0
8b9d8326,model_plain,4.484468562935996,1013.760985637056
8bb9c1e6,model_plain,3.151149514224231,333.45837401362036
8bda1a11,model_plain,10.606469784917996,527.0661652012062
8bfa881d,model_plain,15.96726149669615,333.3820686540921
8c167025,model_plain,4.753242343434136,78.11375871113562
8c8348e8,model_plain,7.66215363401511,174.694233447939
8cc21f01,model_plain,5.859899420207816,139.0037157778544
8cc800b3,model_plain,20.027304440759114,2024.9547508031562
8d5d46d7,model_plain,12.34342358388287,422.99580009735627
8d92cb49,model_plain,4.824596290505887,71.30908567649446
8f201368,model_plain,34.121980396780216,386.25963547849636
90386ee4,model_plain,6.821369549927018,372.6263309269572
91abc4c7,model_plain,7.9536518232608255,341.2819119146672
91b301ce,model_plain,21.940786837047884,2106.3871107896753
91db7070,model_plain,34.79438545631033,391.17125213904495
925a7cd1,model_plain,2.0926551877894024,304.22541790555783
9283ae69,model_plain,10.968910796921154,334.92819827533225
9298ad5b,model_plain,6.684291328398838,1527.6750589051946
9314ff13,model_plain,4.806866705817214,311.9260014811653
93209a3d,model_plain,13.985175721768545,261.0002116856136
939d9c34,model_plain,11.436104151897817,672.0663363835546
93f5d2e6,model_plain,8.924974472068314,200.39713421101598
940a48d9,model_plain,14.657510358974243,275.6078097587988
940e709a,model_plain,9.456018852150988,334.92819827533225
9426ec1e,model_plain,17.16161316571988,1016.319384691788
94467f50,model_plain,4.0704638377763604,148.0420430147734
944f36b9,model_plain,7.2107557936681035,194.8291110179383
94d813a4,model_plain,31.650992274699977,398.45724111855304
95b559e7,model_plain,20.635476893304112,427.8675021547079
95c8427f,model_plain,26.37550852093686,1372.2477919459889
96936c22,model_plain,6.3668315078643705,408.27491056913027
96ae5806,model_plain,14.276340603093496,315.6761500339613
96b7eea1,model_plain,7.271029607309062,565.010595033084
9719aa04,model_plain,3.8894321545201116,218.37401402174427
974802e7,model_plain,15.514693755664345,985.5009699640704
97cd5bf9,model_plain,11.607960037596312,1342.4419840350988
98177ced,model_plain,14.53632895135322,184.13129228906436
9896fc0b,model_plain,12.94865955411262,290.35748208028406
98bc6f66,model_plain,20.016075609930137,504.05569979921114
992c99e8,model_plain,18.294027430212655,310.9024235991544
992ce078,model_plain,7.867490864233738,312.89067036265453
99529c45,model_plain,18.427944829063172,1429.9593018334203
995ff498,model_plain,5.989723444462286,288.2732642821676
999daf80,model_plain,6.868246948034363,199.3058112546897
9a6b0392,model_plain,6.1506370147495195,333.15894299890175
9a8ae0d6,model_plain,4.307446247124493,567.9699348558456
9a95e33f,model_plain,27.726950951049062,405.9235889920556
9ab94eeb,model_plain,5.3605541917942885,542.6366147803164
9ad5410a,model_plain,5.970242240562947,360.36984224554186
9ae248be,model_plain,3.429814537557916,201.96190556664803
9af1ffd0,model_plain,14.81485913428186,253.5314532754942
9b5b61c1,model_plain,3.8027826623636924,341.68702053184603
9b9e3b49,model_plain,8.354179060973385,289.24630611298943
9bd2bba3,model_plain,12.555076013379898,231.32171061081877
9c211c53,model_plain,8.414643194652042,985.5009699640704
9c350a6a,model_plain,10.511737054420792,2786.8320253828765
9c8375f7,model_plain,4.588896869443393,332.765438860785
9d072e4c,model_plain,8.307844732226972,803.0766202548501
9d3ec64c,model_plain,12.411027103419512,253.5314532754942
9d4272e3,model_plain,22.500553737621782,2386.662440836632
9d5e14d4,model_plain,32.678418671970064,527.961960940447
9da441ba,model_plain,11.489530555384798,349.43053801881234
9dede370,model_plain,12.110516362892227,287.648443937986
9def2eb2,model_plain,6.205545879388023,495.4081745387793
9df1b1f9,model_plain,13.734358359037111,1809.847220292195
9dfff011,model_plain,18.624808714271516,2586.2148307518487
9e3e364d,model_plain,9.097823368435852,775.0838783642216
9efc812e,model_plain,9.665313213697196,394.7112922122497
9f0c7bae,model_plain,9.775807442418296,201.96190556664803
9ffce529,model_plain,9.089182834266884,679.8420905622397
a0383629,model_plain,9.409926611440715,707.8544942289337
a056d01e,model_plain,7.391271075596477,1689.1744431230065
a08d9e63,model_plain,23.779800758512728,885.3491028968041
a0b83014,model_plain,10.310270617419544,1441.573269591275
a0e92ed6,model_plain,12.024559305083613,201.44270177897872
a15bc102,model_plain,3.5885454571143853,1436.0748560227817
a247e7cf,model_plain,5.673478029157124,309.90878222474225
a2e8e7f6,model_plain,10.069047349611907,0.0
a3518960,model_plain,4.99632831794033,601.80359462206
a3f71395,model_plain,17.63937793923823,549.6892656766121
a4719920,model_plain,8.83633532126967,505.8362284376582
a48640d9,model_plain,25.952137657115784,789.5242732175907
a4cdbb0f,model_plain,7.396894954133899,341.50693375112417
a4f989c2,model_plain,12.943318892798125,0.0
a5aa7973,model_plain,16.213319200038473,214.30784796645327
a5e6f7dc,model_plain,7.341839491298893,1480.4562555173416
a612d5a0,model_plain,14.716282426010126,399.1596694304587
a622ce4d,model_plain,6.513541409096935,446.84304682975136
a645da9a,model_plain,10.694744282546296,877.3133608919026
a692b17e,model_plain,16.392012562094674,326.85334341283675
a6b8ac67,model_plain,10.756293615821416,306.6550519722231
a6ed2eff,model_plain,4.357998456050945,207.67364252588484
a6f967fb,model_plain,17.208375785055285,165.33667530266277
a76db406,model_plain,1.3757039449854518,525.2042840649932
a7744f5b,model_plain,9.930584928929546,382.6329585908479
a783cc24,model_plain,23.617376394279546,9.852065773163481
a79fd2e7,model_plain,11.705156148486136,768.300719900795
a7fc3e6b,model_plain,17.555497892539265,2652.8457199957443
a85bb86f,model_plain,10.498295623403536,982.4919143687255
a85e4bc3,model_plain,3.48706943879164,933.0985013385186
a87433c9,model_plain,13.284651912372079,679.861026975612
a8ed028a,model_plain,11.35616532425226,191.64130348127284
a959858c,model_plain,12.697204647742423,4503.085086348942
a9c9b150,model_plain,3.3228803039015724,565.010595033084
aa95015b,model_plain,12.622930282871591,1152.7920496775323
aaaf3c03,model_plain,15.722737385471937,903.0367437155622
aaeffccb,model_plain,5.002759296717031,614.6521879079755
ab112491,model_plain,22.630716684892217,2486.5238339903444
ab18d3fc,model_plain,30.261785200486703,761.5432862283768
ab3ced07,model_plain,12.025567957124796,331.77885707214205
ab6fe95d,model_plain,7.50713636466614,582.3461373615888
ab94878e,model_plain,5.6523860444149,244.43476614445458
abf460d2,model_plain,14.272789208617342,144.32096590620765
ac6f01d5,model_plain,22.048453071332275,241.2744074700797
ad2133a8,model_plain,26.205062608924987,460.8259682356095
add9c322,model_plain,12.803083032607692,336.72329084865765
ae069086,model_plain,15.582127974903345,439.41694323269655
ae0784a8,model_plain,6.131533679146314,659.9369037264493
ae35f33a,model_plain,12.660208901111975,193.5932498824423
ae8959c3,model_plain,13.574557816848012,259.5905009816173
aed44918,model_plain,11.596433401532005,4089.102558716226
aee6393a,model_plain,1.8816951183724218,354.95141329492384
af7a59ce,model_plain,5.788293301981283,621.384937056236
aff4e561,model_plain,8.08843077456372,530.165870082168
b04b58a3,model_plain,14.148068534955963,124.47522042578048
b0d42b0d,model_plain,22.247316119630373,1413.5289610404207
b0f53bf4,model_plain,3.7408463184125895,388.32822817820374
b19b0395,model_plain,5.350845757465522,341.113621686398
b1efb8a4,model_plain,4.84589715905044,123.54244007625115
b32902c0,model_plain,7.366784567600173,705.6749060294605
b32e4903,model_plain,6.621865918791413,259.82786936750915
b3388334,model_plain,10.162854033533932,427.96097135179053
b37fd114,model_plain,19.50250407336814,1524.4601978733758
b38e3116,model_plain,2.9790331455252983,245.98680228801408
b4d8dd4f,model_plain,8.495459625218329,486.70114659816613
b4f37e6e,model_plain,8.760439640069274,923.3880550450896
b56bc0aa,model_plain,10.278340057964282,638.1855345428945
b585b4fa,model_plain,7.66494783974778,331.06330890023986
b5aa9634,model_plain,7.645302060573331,262.3065971340616
b7974e66,model_plain,9.239391952869147,325.73973230139205
b7cdcecb,model_plain,2.809602259358042,308.98393809386755
b7fea9ef,model_plain,8.723913960991597,9.852065773163481
b85f7b06,model_plain,9.037219340135016,142.39125394482363
b881d27e,model_plain,18.62078377522975,372.6263309269572
b8c49c1a,model_plain,7.225882249124012,473.78370856353564
b95e7121,model_plain,4.60219436279135,759.1430276959608
b977be4a,model_plain,20.981558503581866,603.7211795189904
ba48188d,model_plain,35.06556759945163,1262.8968054438208
bb2cdd83,model_plain,2.110953807900111,331.06330890023986
bb337fa0,model_plain,19.902389980206358,278.8943973981603
bb682ebd,model_plain,14.141670395699588,201.2050429290308
bc4381e2,model_plain,13.112387004486832,715.3517085321561
bcebcc5f,model_plain,17.39331457585785,0.0
bd2c2f34,model_plain,5.5889124886493216,474.7741379858165
bd4ae5da,model_plain,14.791821834542148,289.24630611298943
bd6f0e19,model_plain,6.463372404232104,1085.8078335047658
bd8f847e,model_plain,5.254438811340478,755.2956415206847
be063506,model_plain,4.368364326255746,679.861026975612
be35c8f2,model_plain,1.9465812319238684,790.6483423751589
be83e781,model_plain,1.200112241574691,384.0562257014298
beda8696,model_plain,8.213467532668423,309.90878222474225
bf39bc20,model_plain,6.012126005401639,373.9874864216263
bf70b410,model_plain,12.509123975980032,451.8079535599153
bffe3082,model_plain,9.87882469414137,672.0663363835546
c03b9305,model_plain,2.0841432466779346,788.1052134076127
c03d4aed,model_plain,10.81288762556854,695.8011150464969
c03fba65,model_plain,16.86799643216582,5893.922361789407
c07fd0cd,model_plain,9.931856205812856,453.46564588747356
c1708b88,model_plain,23.149222770462845,1693.958175693997
c1d046f4,model_plain,6.762308729093664,86.6451014191666
c2717d4f,model_plain,8.303819748704127,254.75764973810655
c2c4db09,model_plain,8.15411814881937,603.7211795189904
c2c6fc71,model_plain,15.144082234542859,223.63873412288683
c36625df,model_plain,9.256411598625013,856.2612543492522
c3957531,model_plain,10.42520505102541,256.3560789214622
c42fe306,model_plain,10.129578923859,797.4772468855715
c43812e2,model_plain,6.176125199092258,1339.112089893728
c472c0b5,model_plain,6.08004726645454,166.93596676577033
c47e0767,model_plain,21.53481490408636,155.80823919175182
c50b42f6,model_plain,7.110669823260254,333.7858416709582
c593337f,model_plain,23.579342635688306,1739.9960786447969
c59b6c4a,model_plain,14.595846570330485,547.6276126161605
c66be2b8,model_plain,18.954619286287272,426.83193706639713
c6797dd7,model_plain,10.84553919434756,759.8756656848515
c6b782a4,model_plain,9.01446506336477,384.2316011210162
c6c96179,model_plain,11.453375584296298,707.4710977135059
c70c0e01,model_plain,10.445687710067528,504.6530242651169
c84c65be,model_plain,7.780998596579049,6457.035995137644
c8d9680c,model_plain,43.433320087925615,200.126655146364
c908edd0,model_plain,7.470211137995715,494.3863794645422
c9578d27,model_plain,9.105344116447913,333.45837401362036
c96c018a,model_plain,9.542369552760748,408.1236464602166
c99f9fae,model_plain,5.961151592211213,1084.8189618551382
c9e6734f,model_plain,9.509740325279699,244.43476614445458
c9e980e8,model_plain,12.534329112848212,642.6153034282563
c9fedcf3,model_plain,2.1721575891915736,1299.3966948166617
cad13e8f,model_plain,11.363922737803522,340.131638781206
cb34231f,model_plain,7.220136797099718,184.13129228906436
cb879f40,model_plain,9.957445719692824,218.1748576258722
cbb406b5,model_plain,6.241467790913474,618.5537703383592
cbe51de1,model_plain,8.476680981176226,307.1572178868592
cbe62450,model_plain,20.57191301322826,178.62219626911465
cc08aa63,model_plain,9.728938969185633,373.9874864216263
cc8a1d57,model_plain,30.009402196629598,856.2474690180142
ccedb12b,model_plain,8.548159183456617,236.4018900094347
cd7f1687,model_plain,15.672971843459171,216.6619950521545
cda7eb37,model_plain,7.126341648801678,429.54885752417954
cdc31d65,model_plain,9.777070409431836,220.8237444206809
cdc60a53,model_plain,7.596013142423403,275.31903257844556
ce55ba43,model_plain,11.107401739664816,283.0103620008831
ce8399b7,model_plain,1.6445879349000567,1905.5389975804796
cf50c9d1,model_plain,30.96124139798528,369.0513634982427
d00e7eb9,model_plain,9.556363648154802,872.071849906842
d011f41b,model_plain,13.173173503417262,0.0
d07aed8f,model_plain,9.978530646618896,2832.741276043545
d085e611,model_plain,8.456166978732972,0.0
d0a0e7b5,model_plain,7.7058952323989685,336.72329084865765
d0a43760,model_plain,2.4372534484432737,1562.6739711146588
d0cb63ae,model_plain,32.748828719670996,891.9104346291638
d114d9c2,model_plain,7.378411102366642,308.98393809386755
d1457cc5,model_plain,6.740068342950865,884.6136264490503
d1ecf309,model_plain,8.816098085407724,401.262951815832
d1ee630d,model_plain,5.820073724523715,446.84304682975136
d217e0c5,model_plain,9.135970825879541,464.24347803702034
d24ff243,model_plain,3.3109849196739565,666.9586257031009
d273674e,model_plain,2.7237172677383277,502.27947479502006
d2f3b1ab,model_plain,16.434101343337836,692.892474847352
d3df146b,model_plain,6.213567921439915,352.1732372000718
d40f61d5,model_plain,2.583821104139493,695.850648487151
d41beaf2,model_plain,14.812164299683044,314.2461692689048
d463e527,model_plain,5.381950978099767,601.80359462206
d4f60a28,model_plain,6.092014262973139,255.0441493152273
d50c649a,model_plain,3.1594373915394174,452.08725540535687
d543916f,model_plain,5.907562361495955,238.40900696110396
d5df0ff5,model_plain,20.86846849781486,1876.8912207424692
d60430e6,model_plain,8.051234138001002,494.57752172949426
d63196fe,model_plain,18.319625854653292,679.8420905622397
d6c320d9,model_plain,12.441299530961505,347.27663742304566
d6dd7330,model_plain,13.796891053347489,123.54244007625115
d7ba4f9d,model_plain,11.989395304532763,151.19408354819515
d7eb0be8,model_plain,37.32364359692759,191.64130348127284
d84b621b,model_plain,16.812740940271897,446.29741854502043
d90aa14c,model_plain,15.669728603530602,872.071849906842
d924e971,model_plain,14.805468350605947,688.8492869273032
d9ae59b2,model_plain,13.365065961385527,969.0103603677898
d9d6d94d,model_plain,11.428478628957485,537.9362141556397
d9eca87b,model_plain,16.605954660554712,572.4575884724273
da2d4d7c,model_plain,3.4692174808813396,501.87577845498924
da3bfe4e,model_plain,31.66325114831977,167.7994547071152
da3cf798,model_plain,12.997543351707414,1905.5389975804796
da940160,model_plain,3.530507088208794,404.8412105998619
dafc88c3,model_plain,9.41071857450706,341.113621686398
dbee6c86,model_plain,7.539148206525071,231.32171061081877
dc5fbe29,model_plain,5.320562097515371,5482.205712393514
dc7da28f,model_plain,6.914357947208474,375.58581775679494
dc7f9757,model_plain,12.629679793938893,816.5461175587193
dd168de0,model_plain,2.284270613492349,360.93871086377584
dd64382d,model_plain,2.7334025969158313,810.9693047826694
dd6bc5b2,model_plain,12.158387454207334,2175.5951491489654
dd7d638e,model_plain,4.616816438942039,311.5685967808558
ddc790ff,model_plain,9.826729140929313,730.3217325258304
df71d1ff,model_plain,10.828252602343118,296.51786202518025
df73b8f3,model_plain,10.844122615379813,120.12210995466528
df8290be,model_plain,17.82466726207579,326.85334341283675
e0079ed1,model_plain,5.9991575141158355,396.6159382824991
e03b45fd,model_plain,7.155587887481383,356.2541088885832
e0f36d98,model_plain,17.042949416676493,285.4294422447561
e149204f,model_plain,4.8239713098910775,445.4000112259253
e14d641e,model_plain,7.074081491094615,340.0234324276718
e161bd0c,model_plain,2.527196229678904,304.22541790555783
e201fd6d,model_plain,15.67063048732669,872.1740631892926
e25f1537,model_plain,16.124882546008998,124.47522042578048
e2fc7745,model_plain,8.391447115222572,513.746736535034
e32da4ec,model_plain,11.194633831589796,201.44270177897872
e3b34f5b,model_plain,9.0235646920759,340.66607594528057
e45a2a62,model_plain,21.64298552051538,693.8848294206138
e46f4ef4,model_plain,3.915113741412836,350.33928141164705
e4726608,model_plain,1.726237219433302,211.403472062154
e5864244,model_plain,12.34523928015745,255.0441493152273
e5c92e59,model_plain,7.63930160543158,814.7513756354983
e5ff9fd2,model_plain,5.475442561900942,5006.475323818147
e6c55748,model_plain,7.014786325471283,288.2732642821676
e730c32b,model_plain,4.950205231990669,381.9524421964513
e737965a,model_plain,10.366676825968778,341.2819119146672
e748dd88,model_plain,3.6327087412966215,1380.7103389925364
e7818f7a,model_plain,15.869402132515429,506.0023519709952
e7c36e81,model_plain,9.551145722596734,456.25658888398317
e7d0c1de,model_plain,8.526587734950247,354.47294410168126
e85074c5,model_plain,9.047614659192858,258.09645968117127
e97032ad,model_plain,8.051184748918555,456.25658888398317
e9949a23,model_plain,8.094296388298154,409.1014319211866
ea0b99b7,model_plain,11.393643128019463,315.6761500339613
ea3a0e38,model_plain,8.832887815761968,914.6865330809674
ea41324e,model_plain,5.322685837631188,448.0654757955242
eabc711b,model_plain,12.640053162389034,696.204673641085
eac10e86,model_plain,3.939742095723496,575.3804635194074
eafb863e,model_plain,7.809078357229312,354.99921408365276
eb06a4e7,model_plain,12.095891453032124,254.75764973810655
eb640a35,model_plain,10.295141551540379,393.69012205038473
eb934281,model_plain,5.891678202119799,251.6948630784195
eba6605e,model_plain,7.937037124937363,5871.724446302043
ebe69318,model_plain,3.6288435745107317,686.2642220017262
ec0d597b,model_plain,10.116485691966899,570.0749228829853
ec13af42,model_plain,7.938395647310398,220.8237444206809
ecdab904,model_plain,7.143869733697718,287.648443937986
ecdaf714,model_plain,12.248195190598365,1074.5795743918054
ed6436d6,model_plain,2.982655745119699,2486.5238339903444
ed6e6e54,model_plain,10.545659641841281,245.98680228801408
edf885a3,model_plain,7.118025445326516,759.1660957918359
ee0300f7,model_plain,19.908077843318203,2540.383977846691
ee288beb,model_plain,31.024595161534776,2345.485662671624
ee4aecac,model_plain,3.297316408683118,224.3712102744123
eeda36f5,model_plain,7.746096209499036,695.8011150464969
eeed308d,model_plain,5.980529737730979,275.31903257844556
ef04658e,model_plain,8.472398354210746,78.11375871113562
ef8e3ed0,model_plain,19.591811410254845,472.8086439566805
efde6ac3,model_plain,5.778173860216576,0.0
efe96181,model_plain,30.20379608644827,148.0420430147734
f0188a48,model_plain,2.8518357568263313,1693.958175693997
f021b650,model_plain,11.951324019042584,2977.780474279231
f03f10fe,model_plain,4.491739492248469,379.52710706896244
f053a1b9,model_plain,11.96866798129767,443.23240765999094
f074d277,model_plain,9.33251082546597,1395.6010986309716
f07d7037,model_plain,3.922022116452777,251.6948630784195
f08774c3,model_plain,10.089354388219368,1503.3841484466916
f140c2fa,model_plain,12.18415151859288,420.11684850765937
f16e25e3,model_plain,2.8948409509273074,948.480908031269
f2d4c8c9,model_plain,10.544087261086988,477.41254214785795
f321a31c,model_plain,14.491819994820117,651.5424508808836
f40cd091,model_plain,9.565616103317028,352.3304138163702
f439a621,model_plain,5.455595982200931,121.10156563796214
f49fdea3,model_plain,10.025245403263698,783.4510814342718
f4d12d23,model_plain,17.514800849865043,332.765438860785
f56d3ace,model_plain,4.358687739717456,448.0654757955242
f5859199,model_plain,10.2213919562389,4301.1156051659145
f5d8aab6,model_plain,19.013794975695344,205.1186788180608
f631da6e,model_plain,7.781380724657038,1093.8183615667167
f6824bb0,model_plain,19.13494465718737,342.29534907726173
f6bc699b,model_plain,8.692303731422571,787.3228853526308
f6d009f4,model_plain,22.253321285325356,479.4750551384492
f72b268f,model_plain,5.954744780628055,354.9009227943209
f8662c22,model_plain,13.021319383598762,574.9275491747276
f88ddb26,model_plain,55.242552114305546,1145.2715266695677
f8afa78a,model_plain,12.133628675561445,451.8079535599153
f8f59188,model_plain,5.639113979911856,488.7036934582905
f9fc81aa,model_plain,5.1030888126944225,350.36325677778564
fa16d114,model_plain,22.986646386492016,500.3193192352561
fa31da94,model_plain,4.767906614855383,598.602202217775
fa667be2,model_plain,10.271037845797284,163.7862341591579
fae0c593,model_plain,9.23710156935655,241.09196606281986
fb03ae90,model_plain,36.88362055885342,405.9235889920556
fb0904bd,model_plain,3.684411586051336,1436.0748560227817
fb3848a1,model_plain,9.08799629705755,637.8869884234749
fb73b13a,model_plain,12.392062407466401,479.4750551384492
fba7683c,model_plain,2.5466922890024426,1132.067152955183
fbd68d27,model_plain,28.496156327440755,290.8560289903569
fc03f21f,model_plain,16.883353470790787,360.36984224554186
fc0d20b2,model_plain,14.287013397048977,2015.7112779610497
fcfcc902,model_plain,8.482468022643214,1530.9008428047455
fd3b4faa,model_plain,8.494285526094897,488.7036934582905
fd710aea,model_plain,4.848779921240802,319.5400619639575
fd8f77fa,model_plain,21.195859830158046,405.4355211372632
fde20ecf,model_plain,9.353607989808118,460.5971039860524
fdfd57da,model_plain,2.584516281234778,679.7909893491068
febb4411,model_plain,10.553190778353962,516.880236515124
fef8af96,model_plain,38.501207844470336,837.8206658946208
ff0aea78,model_plain,29.86917734104173,336.07143243639024
ff8bb73a,model_plain,7.345493983542412,246.41405033004006
ffefef30,model_plain,8.318314661549532,164.29219488480655
000d7d20,model_direction,13.107340188722409,336.07143243639024
00bbac68,model_direction,8.640361479527563,573.452859178668
00e12e8b,model_direction,9.224831701965037,358.5888527271412
015fe0d2,model_direction,18.46557125069111,1013.760985637056
01869cd4,model_direction,6.753345356925534,1176.4650194970675
01982c1d,model_direction,5.674970733547083,191.99873437117506
028d7b28,model_direction,5.292340378009327,151.19408354819515
02e7fe5a,model_direction,5.207747750971168,403.9541430657916
0390d174,model_direction,3.12841431904827,795.1002175827138
03a935ae,model_direction,46.912871203621584,1140.9101816093412
044af7d1,model_direction,5.517276309417209,381.9524421964513
0498acab,model_direction,4.1866424704889775,1299.5734117390227
052d64df,model_direction,2.262897659502028,423.3095862365947
05948241,model_direction,6.977694422451862,410.300133195121
059c8f24,model_direction,8.923702550721266,14366.681664006725
05a0ee4d,model_direction,7.574630139743781,700.0830968536936
060ab2b8,model_direction,3.0162818738772157,602.3081823287225
06df5958,model_direction,4.332184263926972,399.56064871311435
071d7b45,model_direction,10.574289562790646,3327.346722961181
0849b4e2,model_direction,4.501223158601173,495.4477418458478
084d66f9,model_direction,5.91255198399255,447.8991655493628
08fecf00,model_direction,4.067909558395921,245.25083689983654
09053135,model_direction,4.305146682224629,216.6619950521545
09441b8d,model_direction,10.458464407112908,359.99967361097714
0955cd6c,model_direction,9.146456720009041,318.9706146341819
09ec2ca9,model_direction,12.341323006215141,401.262951815832
0a57a29c,model_direction,7.451173404459033,318.4850972965528
0bbf5e67,model_direction,10.54908314523511,1013.8024178800661
0be01c24,model_direction,3.5514868684663776,137.9538999087774
0c1b160c,model_direction,5.755369747298148,1291.5203184616896
0d99f8e4,model_direction,7.1090330763876715,707.8544942289337
0dc5e64d,model_direction,11.66400433436557,506.0023519709952
0dc835f3,model_direction,8.544844171166343,271.9800773953144
0dd99dc5,model_direction,5.759786588269419,212.8723302827778
0e5e560d,model_direction,4.741857547527271,1802.71316256898
109d9d70,model_direction,7.734720846518271,601.3040037286603
10a1281a,model_direction,2.895546957598562,259.82786936750915
10b89021,model_direction,15.672884755151212,143.32038654694819
10be2420,model_direction,11.672944717847757,367.80678759356687
113011eb,model_direction,3.3539120543361918,504.6530242651169
1131525f,model_direction,11.083674230503036,602.3081823287225
11d0f5ac,model_direction,25.641206479063822,527.961960940447
12203f2a,model_direction,15.28638090523267,222.64387572973524
122bd617,model_direction,7.0958537996875775,1337.2009330315439
125be846,model_direction,17.80596060934198,333.40767852599134
1285a37b,model_direction,10.737235595058456,116.65264034746481
1295a25b,model_direction,6.535975304716911,627.5345540286303
12f0cd90,model_direction,6.837155948443422,730.8351092416312
137d1e44,model_direction,18.310503999770898,376.66404885550594
13ce113d,model_direction,6.544786832738612,2924.1969866614527
13f598d9,model_direction,10.08253581042202,173.756853102472
14a53cb3,model_direction,9.8562258796859,360.1114312264891
14ab73fb,model_direction,12.716948155668046,5880.390701212142
14ad5efb,model_direction,3.9904570105773973,349.43053801881234
14fee784,model_direction,15.28081783623746,229.67763539366513
153552f5,model_direction,9.428190105681914,223.63873412288683
1550491d,model_direction,24.865465467993065,267.33501454155584
155887bb,model_direction,6.031075303810333,573.452859178668
1590af81,model_direction,5.908885962718286,486.3790458070381
15e154a1,model_direction,14.53266137340582,0.014142135801537968
1619e2ca,model_direction,8.959592758650219,2275.8459963055707
16e4a047,model_direction,7.717511337154676,359.7980878213344
173ed841,model_direction,10.949590389594446,186.19912996565864
1770d7c6,model_direction,8.534115972881834,254.13939265668066
177622d7,model_direction,8.764806575835056,144.32096590620765
18d24f7b,model_direction,10.233489050895477,368.3130539364969
19137a89,model_direction,8.636150864413171,354.9009227943209
1944513c,model_direction,4.17043862919006,267.33501454155584
197f8a5a,model_direction,21.943414928217372,641.7493299568013
19871e7f,model_direction,3.601559934145513,120.12210995466528
198a5607,model_direction,8.637283697161463,356.579276178597
19fb4f7b,model_direction,5.9163055742782955,262.43522877055324
1a518997,model_direction,9.730937020932306,290.8560289903569
1a68190b,model_direction,9.073684134788001,419.5604038751503
1a730ac2,model_direction,13.144109708580665,1299.5734117390227
1aaf1da0,model_direction,7.381177391657673,688.8492869273032
1b08ed48,model_direction,15.703060967188856,325.73973230139205
1b1c5372,model_direction,29.560345625959698,206.3415006729768
1b1eba53,model_direction,67.3274582735403,2595.8521103100265
1b6ba517,model_direction,5.629848177926095,1087.1387403638944
1b82b665,model_direction,12.047234989128935,793.5279771371753
1bcb2fcf,model_direction,4.792617064738469,241.2744074700797
1beca81d,model_direction,11.207856123794771,1109.0381692709161
1d3fbf02,model_direction,7.720923253881265,139.0037157778544
1d78281a,model_direction,7.209508260094521,306.6550519722231
1e30dedf,model_direction,8.049527597724705,187.96062406782718
1e5e3573,model_direction,7.224608738629441,318.9706146341819
1f9afacb,model_direction,3.5855431622639364,498.8241670167924
1fdbba44,model_direction,6.3466651843889474,247.7797913470171
1fee2b62,model_direction,13.024623956974754,1739.9960786447969
20096916,model_direction,6.2416192060460425,337.67082269574115
200d233d,model_direction,9.018567398899629,759.8756656848515
201661b5,model_direction,8.160128141316596,2362.543505334908
203721ab,model_direction,8.693736476227759,692.5011844756903
20402d71,model_direction,10.014117400166452,445.4000112259253
2043abc5,model_direction,16.838683859264222,1231.8828054648518
204cc64b,model_direction,9.351946205079917,186.19912996565864
206b6193,model_direction,31.327221054594272,1530.9008428047455
2075c696,model_direction,28.156781000188705,2924.1969866614527
22c5f93f,model_direction,3.769043977858188,650.4307126820967
230eaaa3,model_direction,21.8755719399855,577.4631237577566
2364716c,model_direction,16.579787124835264,787.3228853526308
23b9beb0,model_direction,4.26585242048782,4.370743643773057
24d8997e,model_direction,3.588624312911434,151.3314550910953
25050f63,model_direction,18.997369430570377,407.32922311093307
25939962,model_direction,8.07600314183124,331.77885707214205
25fd32b3,model_direction,3.77378956209075,486.70114659816613
261785ee,model_direction,23.375145362736877,505.8362284376582
264feceb,model_direction,8.244334778022619,311.6254009221986
26623a50,model_direction,24.93515117480217,3734.0527192851346
26d3a96a,model_direction,7.709297870684884,260.60118130957596
272abef3,model_direction,13.156203561467585,464.24347803702034
27300fd5,model_direction,25.45715576446641,116.65264034746481
276b012a,model_direction,27.54987928262754,173.756853102472
27c3155b,model_direction,16.634984505345724,180.5223191185996
27ebb9b9,model_direction,14.766239988770463,262.80323609141846
283269ac,model_direction,2.277166944365487,423.3095862365947
28473855,model_direction,5.2427685905646335,6920.243263910821
28f4eda9,model_direction,16.83259260054029,390.73295189910806
29b24409,model_direction,12.904860186789008,159.65818143788346
29de15c8,model_direction,2.127603032096759,307.1572178868592
2ab29395,model_direction,1.0518261529371191,849.9145147598321
2ac7cb6b,model_direction,9.801493480751665,678.8027614853322
2acc78d4,model_direction,8.655708657930566,585.503976844031
2b034622,model_direction,4.940675981920661,582.3461373615888
2b06ad65,model_direction,9.34040558298511,205.72764155580197
2b547943,model_direction,12.708444066173522,388.32822817820374
2be5c96a,model_direction,4.437350133308555,784.9777304484786
2bff06cf,model_direction,24.17975480402152,1259.987468191288
2c0c4a4e,model_direction,6.35596188734948,821.9865294515896
2cee0cba,model_direction,5.4818637852920675,1126.7924868849639
2d0c268a,model_direction,11.45270804125957,86.6451014191666
2d179ded,model_direction,6.551828983526753,884.6136264490503
2d196986,model_direction,10.558631379013145,360.1114312264891
2d2d0c6b,model_direction,2.4806592969131707,151.3314550910953
2d35f86d,model_direction,11.929193520780261,909.6962130290883
2d9f6cb9,model_direction,8.969064002757971,253.45837153278688
2ddad940,model_direction,9.967430375029592,224.3712102744123
2e29e833,model_direction,5.030480873277046,1437.3127200787326
2e43c2ea,model_direction,11.852906619399958,638.1855345428945
2e63d9de,model_direction,17.81146520625533,2832.741276043545
2ee0235b,model_direction,4.197971790871983,539.664329004501
2f19d536,model_direction,8.900508199134785,2559.9898002336113
2f8e53c3,model_direction,1.95290781882255,0.02000000001862645
2fa01aa6,model_direction,20.85956458290794,867.7874326122011
2fd68f7b,model_direction,57.77814413920329,187.96062406782718
2fe023be,model_direction,8.588270847322544,371.103479099971
30d75030,model_direction,12.55619373793445,1480.4562555173416
310c71a5,model_direction,7.058328825141417,410.755450359503
32fe84c9,model_direction,22.634798837914087,4005.033103109125
33c40295,model_direction,9.15561279335451,1045.1938894291413
3407f5bf,model_direction,10.218013674896438,121.10156563796214
3417285d,model_direction,22.471637100155306,143.32038654694819
347242c8,model_direction,3.572746291467422,3538.1399067871807
353e5502,model_direction,6.167107912157489,2151.213418166657
357c12f9,model_direction,2.789359242256868,183.8641813950703
3584a6eb,model_direction,11.590791987119331,344.01163352399607
35b30c7f,model_direction,27.02112455990865,340.66607594528057
35b3ef6a,model_direction,23.24010180959283,552.8780521053948
367456ce,model_direction,5.95763451066918,241.09196606281986
368131f9,model_direction,18.426892478712276,965.8211686436671
368fe682,model_direction,16.085076769655455,636.7910581188324
3690a146,model_direction,8.526225049275592,379.52710706896244
37344c2a,model_direction,6.317282615430892,199.3058112546897
373ef48b,model_direction,4.30490404154538,384.0562257014298
374be387,model_direction,10.144574922442672,474.7741379858165
37d36812,model_direction,17.006180163132292,155.80823919175182
38991fd4,model_direction,19.490257520559968,314.2461692689048
389ae58f,model_direction,38.71135162255865,1689.1744431230065
3932faa6,model_direction,6.227396240882185,777.7989769213452
398dce4b,model_direction,1.313766723588233,393.4816928395906
39b51819,model_direction,6.221285799510557,542.6366147803164
3a0af893,model_direction,19.721528940228367,601.3040037286603
3a223519,model_direction,10.42474978480735,164.29219488480655
3a7dd95d,model_direction,15.18092396995789,4992.86652879899
3a824aa7,model_direction,4.019524634990766,618.104678675014
3a86fe8d,model_direction,10.790883938231438,285.4294422447561
3aaa2b30,model_direction,12.37869543663386,238.40900696110396
3ac16ad0,model_direction,5.171181479340848,390.73295189910806
3b21ea64,model_direction,12.791420849450878,163.7862341591579
3bbe1f5d,model_direction,10.517782968307218,294.18448310549996
3bfee975,model_direction,5.964631284067185,452.8522793361525
3c3dbcbc,model_direction,6.25102960299842,337.67082269574115
3d96d897,model_direction,4.917437954311011,350.36325677778564
3df4b19e,model_direction,11.102989926865915,310.9024235991544
3e011332,model_direction,11.869179454947759,448.7708174559524
3e678ea7,model_direction,6.224378046287817,350.33928141164705
3ef6372a,model_direction,9.090825305250974,577.4631237577566
3ef98781,model_direction,6.008455147396901,111.95715832410396
3f603129,model_direction,23.0706761469582,80.75477571019829
404c4384,model_direction,1.0094789466481202,317.0990633855207
4121c517,model_direction,8.943305847272814,201.2050429290308
41fb0192,model_direction,3.334045003157934,456.69412356603607
42669188,model_direction,17.409430378239122,358.5888527271412
42c538a1,model_direction,29.63060240455329,6093.110687489639
43b06c70,model_direction,3.9818059947686573,452.08725540535687
43c7f85a,model_direction,12.093232846458479,478.17591334157316
43e16325,model_direction,47.60724132996951,4634.629612924814
44441e54,model_direction,2.8154161034728777,18.814688410984402
445af6c2,model_direction,38.8818236145818,286.15407108770086
4463446c,model_direction,9.674908601433913,2811.8944870673013
44a94013,model_direction,16.33144152135729,375.58581775679494
45fb3e21,model_direction,25.16382365134744,486.3790458070381
460f859e,model_direction,15.535986741069527,465.4253371916219
4630ab92,model_direction,9.622254455389408,1314.650160194832
463c38f2,model_direction,5.858601699820282,401.350880153667
4654e7de,model_direction,4.371671055568486,347.27663742304566
466fc788,model_direction,22.03220641154516,367.1681565715774
46a301e9,model_direction,4.903115110251541,3167.998034674157
46a7190b,model_direction,7.518892986053676,181.30062465412828
46d24a09,model_direction,27.26610085010689,326.94649485804183
46d41ff6,model_direction,5.783531722553768,659.9369037264493
46dfcfca,model_direction,16.865686275576916,174.694233447939
47222616,model_direction,15.668802447121017,344.01163352399607
47ee27ab,model_direction,9.907630435885839,186.4533016599304
481de5fc,model_direction,17.277976876187076,460.8259682356095
48c1f673,model_direction,11.676783333829995,166.93596676577033
4936af16,model_direction,10.089236087844958,664.8960997025933
493b5b31,model_direction,30.80265214359854,363.6254453416865
49dbc14c,model_direction,7.279148775459857,3374.523583826345
4a035ec2,model_direction,25.110655050999387,456.69412356603607
4a335117,model_direction,18.10559406288474,3374.523583826345
4a8ecc0b,model_direction,8.367747086063376,1132.067152955183
4b462989,model_direction,7.6996710802388675,406.25225968607674
4b831d20,model_direction,11.632076840469836,254.13939265668066
4c2208f5,model_direction,40.09039092371974,269.68198456704016
4c3168cf,model_direction,6.713522681883915,205.72764155580197
4c3df468,model_direction,18.558741891240793,432.51031340299613
4caa7289,model_direction,14.473184850649092,294.18448310549996
4cd1ac61,model_direction,13.856497992245524,261.0002116856136
4cecf7b3,model_direction,10.08953519138914,367.1681565715774
4ddde4c1,model_direction,2.920438806217892,205.1186788180608
4e050c92,model_direction,6.479665314368374,332.3330355231446
4ed93db6,model_direction,9.54201252366667,95.13238144822385
4f3eb9e9,model_direction,31.82538030389963,568.8299545561316
4f4ac5ce,model_direction,8.522421953058098,815.0663278531551
4f4afcc6,model_direction,10.34897067833001,352.5644532562716
4f69febf,model_direction,19.933824315575603,167.7994547071152
4fbe9c06,model_direction,15.303153652776562,286.15407108770086
504c8b08,model_direction,18.103811804738704,1001.8072977374127
511e1db0,model_direction,5.211437551963956,1907.7610486904982
512943b2,model_direction,7.131133665004423,369.96515349433054
5138a660,model_direction,11.752947899173165,173.79403355672642
516088b7,model_direction,4.566200829312001,333.40767852599134
521a7819,model_direction,31.380954735679143,342.29534907726173
5254b6db,model_direction,4.979880793088918,496.89537892804964
529e88ca,model_direction,11.618171589174375,80.75477571019829
52f1e77a,model_direction,8.181440200398294,460.5971039860524
5305524b,model_direction,8.467323197080699,400.47356829126807
53134831,model_direction,17.599722556057966,334.40003259576497
5397ceb1,model_direction,7.254892883916784,71.30908567649446
53f23031,model_direction,4.610655144102095,4.370743643773057
543198e8,model_direction,17.7762362031386,1074.5795743918054
54753541,model_direction,9.438394950901037,473.78370856353564
54a7e3c2,model_direction,11.62869329301694,356.579276178597
5542c301,model_direction,9.621280013732473,290.35748208028406
5567d551,model_direction,7.662273828711847,278.8943973981603
55efee7f,model_direction,25.77315974035338,401.350880153667
5663b2b7,model_direction,21.20339813854605,0.0
5693dde2,model_direction,13.481534810660218,3461.150792106728
56b00794,model_direction,27.467347007369224,434.2344776727978
57796579,model_direction,16.032604815602472,345.04317019744036
577eec7c,model_direction,25.41020947554525,1157.9542175750205
57f05c51,model_direction,46.43877102942673,165.33667530266277
58850d2c,model_direction,14.91387906406904,872.1740631892926
58fa8486,model_direction,10.397583153121573,409.1014319211866
591cc951,model_direction,13.080028855663732,439.41694323269655
593876b6,model_direction,2.2886448466084706,301.27238456264837
59f8b2e8,model_direction,5.434228124587127,6698.349016922087
5a1a8fd8,model_direction,14.152010497813016,352.4647954052819
5a5269a9,model_direction,7.881653158924865,494.57752172949426
5a5d1982,model_direction,7.411275436028308,159.65818143788346
5a63b5d1,model_direction,18.545995703754322,469.22546840516446
5aa03df7,model_direction,3.3949783455144553,1109.0381692709161
5aa403d0,model_direction,27.870400591725062,200.39713421101598
5aef5c6c,model_direction,6.535901820877533,4166.198230485334
5b7b6324,model_direction,17.929824624191827,6847.004798749586
5bd25f59,model_direction,7.688921438439024,206.3415006729768
5beded95,model_direction,14.434641220828384,871.4125118451667
5cb483ac,model_direction,4.5633605659009095,283.75583870615185
5cdd8dbc,model_direction,16.581068661600778,311.5685967808558
5d11dfb5,model_direction,8.012060547987726,592.4352390769471
5d7198fd,model_direction,11.595960375542331,1215.653089988869
5def1ce5,model_direction,8.07206176701729,358.9451526348613
5eae34a8,model_direction,7.745033881838962,1013.8024178800661
5f4d2a52,model_direction,47.13812531303704,730.8351092416312
5f6756c5,model_direction,10.363255860919347,1809.847220292195
5f75f796,model_direction,5.4759676094060294,376.66404885550594
5fb1c15f,model_direction,18.665495135225594,447.8991655493628
5fffa282,model_direction,5.774599247391023,600.4431018007779
60e37807,model_direction,14.858751483274254,448.7708174559524
61f27424,model_direction,3.8266647809192955,566.4375561348735
62569ae3,model_direction,4.765617502831897,531.2533649774686
62a6f539,model_direction,6.605713279284555,418.68067366398685
633774dc,model_direction,14.553565288165617,703.5663053331969
63559d57,model_direction,9.382337879329164,495.1796874875491
647f2a41,model_direction,4.962134772625075,478.99623223991324
65156b96,model_direction,2.689369318929159,2461.441495749841
653612bc,model_direction,4.342147510888207,540.0430443030305
656a067b,model_direction,13.57723737816739,441.6065018768087
65a5466a,model_direction,9.498879649580726,259.5905009816173
660d9546,model_direction,10.826472073999156,427.8675021547079
6767c111,model_direction,4.720154525513789,503.70108328257055
67847288,model_direction,14.087110216224614,269.5698621877799
67a8da4a,model_direction,8.896828415645434,398.45724111855304
684a6fc1,model_direction,16.110789585171894,0.0
698930d1,model_direction,7.447550296363763,429.3523384123422
699ea575,model_direction,11.624337664538531,359.7980878213344
69c1bdad,model_direction,16.006576014872778,530.9052617935206
69e41fa6,model_direction,10.807251840073405,245.25083689983654
6a0ff78e,model_direction,17.669423082174568,357.74696784179423
6a8fa194,model_direction,14.46327957306814,628.6807107744826
6ae68655,model_direction,4.532921949465073,783.4510814342718
6d1d74e1,model_direction,13.290131011231754,432.51031340299613
6d590e26,model_direction,8.346966764614342,178.62219626911465
6d6d93af,model_direction,29.663562407942067,5871.724446302043
6dbe4b60,model_direction,5.145056614047463,369.96515349433054
6e6d122c,model_direction,6.162542046679179,343.4850191786155
6e9ccd38,model_direction,8.6435392816839,560.9654285250222
6ea22614,model_direction,6.829361577398789,627.7407733293041
6ede926a,model_direction,6.7123480616441835,351.3815420591581
708caea9,model_direction,29.530612246002725,209.44856385289032
70925e23,model_direction,11.794057459918239,7279.67035309972
70e1788b,model_direction,6.841763673784949,823.9976516956518
71642c7d,model_direction,8.324161530520529,242.19001073545743
71ccf778,model_direction,5.628801816165068,311.9260014811653
7224331b,model_direction,4.612050075202243,1339.112089893728
722cf0d8,model_direction,13.46332061595011,333.7858416709582
7256229b,model_direction,6.067240425625457,191.99873437117506
726f3dc2,model_direction,3.494918813293523,312.5685899128737
7271dd80,model_direction,1.9835335273409795,821.9865294515896
727a3a10,model_direction,16.890142439180224,394.82556768802914
729665c0,model_direction,14.743653102429576,478.99623223991324
729e9750,model_direction,7.058143348672797,527.0661652012062
729f4217,model_direction,19.028724161267164,394.44761680104773
72dd8501,model_direction,4.124420692868243,498.8241670167924
73348914,model_direction,12.68328827935739,242.19001073545743
739a914f,model_direction,19.703664533205536,1149.239235320354
73b1447d,model_direction,11.073069750271774,314.9110549027679
74b6186b,model_direction,6.585969801396787,410.300133195121
75c20ec7,model_direction,11.231934280871322,1178.6519956287946
75cd5f11,model_direction,6.322586640627676,366.02009794546325
75d20a82,model_direction,20.8005385213843,0.0
76201745,model_direction,10.31373702522059,194.8291110179383
764072a5,model_direction,8.7237814278027,340.0234324276718
77b0d905,model_direction,8.36824480805572,452.00146559494567
77e4821c,model_direction,14.853369678044386,684.9150491118971
7850c72e,model_direction,10.715106198236063,207.99950817245553
78a4a386,model_direction,8.515610974237095,186.4533016599304
79507629,model_direction,10.10665792337503,368.26591058661705
796dbd4c,model_direction,12.94310622517189,229.67763539366513
7987f2f2,model_direction,5.294400681796501,495.1796874875491
7993a768,model_direction,5.429878822384571,403.9541430657916
7a5660b0,model_direction,16.92077136932393,556.151071652502
7acda2df,model_direction,14.458695739069835,923.3880550450896
7b2c7b3c,model_direction,2.605931179287981,950.2475270160758
7b38844c,model_direction,8.633553074036094,283.75583870615185
7bb17b96,model_direction,9.452707605347294,173.79403355672642
7c607683,model_direction,10.997696488042841,359.99967361097714
7cbbd047,model_direction,7.320478002822495,222.64387572973524
7cd4bb31,model_direction,5.620683800243473,579.5133938055994
7d50373e,model_direction,13.391501409341538,671.2082682743306
7d57c75d,model_direction,14.480380429788903,3464.860396523878
7e208414,model_direction,10.486794501718787,974.9490166158656
7e721392,model_direction,36.56163970293337,469.22546840516446
7ff89f8f,model_direction,15.130677117676061,560.9654285250222
8050c789,model_direction,7.515871545294455,759.1660957918359
807f0298,model_direction,5.424419518494368,952.7892715599598
811f52b3,model_direction,2.8141435589364283,342.1399646343355
81bf5923,model_direction,32.968504271737416,394.82556768802914
81fc01c6,model_direction,10.93036248312179,317.0990633855207
8255c867,model_direction,21.978125912810828,354.99921408365276
82aab6d2,model_direction,4.66514969577878,296.08298971749326
82fcf37c,model_direction,6.643934576448655,296.51786202518025
833af382,model_direction,13.062586685685199,374.51669468805227
8382f4b6,model_direction,38.51514941348071,207.67364252588484
84633df4,model_direction,3.070838572118241,265.5508798705091
8478df29,model_direction,15.899045412208897,265.5508798705091
84815d5a,model_direction,13.8911058224658,1153.6795122132753
84c3b497,model_direction,15.139455577404759,427.96097135179053
85380836,model_direction,16.295102294132633,386.25963547849636
8612b37f,model_direction,15.642557132862038,352.3304138163702
861e71df,model_direction,18.426089613281,95.13238144822385
86454a6f,model_direction,67.9887964946809,578.0744180468329
8648abae,model_direction,3.738375502285561,1532.5972481381498
865033f8,model_direction,4.251477784266831,258.09645968117127
87695469,model_direction,10.242685005314723,6566.412090038253
877ed19c,model_direction,7.89565549623827,111.95715832410396
87aa3730,model_direction,7.774112447969531,352.5644532562716
884ecb5f,model_direction,22.271787033255993,390.2214799314444
8902c3f6,model_direction,5.487015004801944,525.2042840649932
896d15b9,model_direction,27.80535834708178,3327.363809940173
8995c945,model_direction,12.497315222176347,209.44856385289032
89969c7a,model_direction,8.720406432353133,662.2428703275009
89f1085d,model_direction,25.151667681539962,7136.08188633635
89f36adf,model_direction,6.72881221482385,334.40003259576497
89fdb2f2,model_direction,2.8563675184738173,0.02000000001862645
8a3da6d1,model_direction,10.991161581505644,839.4689667280624
8a89da23,model_direction,24.554621625400383,719.094025354236
8a9c8932,model_direction,3.5475478457689538,634.3875403883866
8ac2f237,model_direction,15.217244910859195,494.3863794645422
8b12bab6,model_direction,21.447331033362758,650.4307126820967
8b5be31b,model_direction,13.820942859528499,367.80678759356687
8b95d6d1,model_direction,17.175225254873247,0.0
8b9d8326,model_direction,4.54558133801833,1013.760985637056
8bb9c1e6,model_direction,3.69289525653626,333.45837401362036
8bda1a11,model_direction,10.38845489946303,527.0661652012062
8bfa881d,model_direction,16.427294848740683,333.3820686540921
8c167025,model_direction,4.936965919724338,78.11375871113562
8c8348e8,model_direction,8.560130198366412,174.694233447939
8cc21f01,model_direction,6.335795550896177,139.0037157778544
8cc800b3,model_direction,20.18999816531366,2024.9547508031562
8d5d46d7,model_direction,12.005758697419326,422.99580009735627
8d92cb49,model_direction,4.958469144038988,71.30908567649446
8f201368,model_direction,33.822379652172906,386.25963547849636
90386ee4,model_direction,7.080863890106795,372.6263309269572
91abc4c7,model_direction,8.796603011500881,341.2819119146672
91b301ce,model_direction,21.938841046853657,2106.3871107896753
91db7070,model_direction,34.63416766839488,391.17125213904495
925a7cd1,model_direction,2.018746451550075,304.22541790555783
9283ae69,model_direction,10.595618005216073,334.92819827533225
9298ad5b,model_direction,6.131013626511952,1527.6750589051946
9314ff13,model_direction,4.445070303588923,311.9260014811653
93209a3d,model_direction,14.201380076689091,261.0002116856136
939d9c34,model_direction,11.42074049151091,672.0663363835546
93f5d2e6,model_direction,8.59130073712535,200.39713421101598
940a48d9,model_direction,15.57447154697623,275.6078097587988
940e709a,model_direction,9.08530500667269,334.92819827533225
9426ec1e,model_direction,18.12874169782359,1016.319384691788
94467f50,model_direction,3.8277851561366694,148.0420430147734
944f36b9,model_direction,7.610683565047034,194.8291110179383
94d813a4,model_direction,31.90081095259492,398.45724111855304
95b559e7,model_direction,19.612905938978606,427.8675021547079
95c8427f,model_direction,26.798446909612057,1372.2477919459889
96936c22,model_direction,5.89189545810508,408.27491056913027
96ae5806,model_direction,14.963707902412962,315.6761500339613
96b7eea1,model_direction,7.011854649825108,565.010595033084
9719aa04,model_direction,4.059359472872556,218.37401402174427
974802e7,model_direction,15.393438589802958,985.5009699640704
97cd5bf9,model_direction,11.177368969950821,1342.4419840350988
98177ced,model_direction,14.926696551780461,184.13129228906436
9896fc0b,model_direction,12.693347961966978,290.35748208028406
98bc6f66,model_direction,19.284860847913773,504.05569979921114
992c99e8,model_direction,17.108184400336594,310.9024235991544
992ce078,model_direction,6.857994680552305,312.89067036265453
99529c45,model_direction,19.28482201619245,1429.9593018334203
995ff498,model_direction,5.894006317038348,288.2732642821676
999daf80,model_direction,6.493139634308715,199.3058112546897
9a6b0392,model_direction,6.106054379309764,333.15894299890175
9a8ae0d6,model_direction,4.348680679784246,567.9699348558456
9a95e33f,model_direction,26.61207740103412,405.9235889920556
9ab94eeb,model_direction,5.551291086457194,542.6366147803164
9ad5410a,model_direction,5.881894358005978,360.36984224554186
9ae248be,model_direction,3.5010841057159983,201.96190556664803
9af1ffd0,model_direction,15.147788820041432,253.5314532754942
9b5b61c1,model_direction,3.6908025353046123,341.68702053184603
9b9e3b49,model_direction,8.232361557531386,289.24630611298943
9bd2bba3,model_direction,12.544183437639704,231.32171061081877
9c211c53,model_direction,8.079717461252265,985.5009699640704
9c350a6a,model_direction,10.260673670452933,2786.8320253828765
9c8375f7,model_direction,4.840124143616291,332.765438860785
9d072e4c,model_direction,8.060119669235945,803.0766202548501
9d3ec64c,model_direction,12.107461785830298,253.5314532754942
9d4272e3,model_direction,21.88995117925006,2386.662440836632
9d5e14d4,model_direction,33.64503739260623,527.961960940447
9da441ba,model_direction,11.27970175360336,349.43053801881234
9dede370,model_direction,12.994626386208024,287.648443937986
9def2eb2,model_direction,6.355808218741709,495.4081745387793
9df1b1f9,model_direction,13.756015740393657,1809.847220292195
9dfff011,model_direction,19.581835298180643,2586.2148307518487
9e3e364d,model_direction,9.992201016420161,775.0838783642216
9efc812e,model_direction,10.529093509278232,394.7112922122497
9f0c7bae,model_direction,9.202481741976134,201.96190556664803
9ffce529,model_direction,9.03424188458502,679.8420905622397
a0383629,model_direction,8.667313640223876,707.8544942289337
a056d01e,model_direction,6.906501933091169,1689.1744431230065
a08d9e63,model_direction,23.974706727551133,885.3491028968041
a0b83014,model_direction,8.837397024217914,1441.573269591275
a0e92ed6,model_direction,13.646137674203695,201.44270177897872
a15bc102,model_direction,3.2485533125489647,1436.0748560227817
a247e7cf,model_direction,5.374928426391681,309.90878222474225
a2e8e7f6,model_direction,10.019523946362236,0.0
a3518960,model_direction,3.5822598373064665,601.80359462206
a3f71395,model_direction,17.75058962806936,549.6892656766121
a4719920,model_direction,9.315230954217737,505.8362284376582
a48640d9,model_direction,25.74248126952648,789.5242732175907
a4cdbb0f,model_direction,7.160800918377682,341.50693375112417
a4f989c2,model_direction,12.171116650047184,0.0
a5aa7973,model_direction,15.702707006396098,214.30784796645327
a5e6f7dc,model_direction,7.437220423277379,1480.4562555173416
a612d5a0,model_direction,15.590520357935617,399.1596694304587
a622ce4d,model_direction,6.4995808768170535,446.84304682975136
a645da9a,model_direction,10.559475695058634,877.3133608919026
a692b17e,model_direction,15.835582932170164,326.85334341283675
a6b8ac67,model_direction,10.804737213096407,306.6550519722231
a6ed2eff,model_direction,4.667307685201315,207.67364252588484
a6f967fb,model_direction,16.382172796287865,165.33667530266277
a76db406,model_direction,1.4389614393709298,525.2042840649932
a7744f5b,model_direction,10.381616514155269,382.6329585908479
a783cc24,model_direction,23.52207280516517,9.852065773163481
a79fd2e7,model_direction,10.857289213502586,768.300719900795
a7fc3e6b,model_direction,17.860015171178347,2652.8457199957443
a85bb86f,model_direction,10.344262944046909,982.4919143687255
a85e4bc3,model_direction,3.4375613935769476,933.0985013385186
a87433c9,model_direction,13.36387911441612,679.861026975612
a8ed028a,model_direction,11.417798518957992,191.64130348127284
a959858c,model_direction,13.153722215106331,4503.085086348942
a9c9b150,model_direction,3.6798132146956926,565.010595033084
aa95015b,model_direction,12.18704182695089,1152.7920496775323
aaaf3c03,model_direction,15.550252334383723,903.0367437155622
aaeffccb,model_direction,4.745254829057077,614.6521879079755
ab112491,model_direction,23.033171255692327,2486.5238339903444
ab18d3fc,model_direction,29.703764647034376,761.5432862283768
ab3ced07,model_direction,11.589389341755234,331.77885707214205
ab6fe95d,model_direction,7.604368974853785,582.3461373615888
ab94878e,model_direction,5.46418875634739,244.43476614445458
abf460d2,model_direction,13.874557589294977,144.32096590620765
ac6f01d5,model_direction,22.423187917871434,241.2744074700797
ad2133a8,model_direction,26.189466595809968,460.8259682356095
add9c322,model_direction,11.98853098407459,336.72329084865765
ae069086,model_direction,16.050475153051234,439.41694323269655
ae0784a8,model_direction,5.774039349973679,659.9369037264493
ae35f33a,model_direction,11.828341166172981,193.5932498824423
ae8959c3,model_direction,12.993849601955576,259.5905009816173
aed44918,model_direction,11.353324636512303,4089.102558716226
aee6393a,model_direction,1.877469446069364,354.95141329492384
af7a59ce,model_direction,5.337015331203402,621.384937056236
aff4e561,model_direction,7.579566171538811,530.165870082168
b04b58a3,model_direction,14.330141877231627,124.47522042578048
b0d42b0d,model_direction,21.938696684909512,1413.5289610404207
b0f53bf4,model_direction,3.9671416153703047,388.32822817820374
b19b0395,model_direction,4.888880253780574,341.113621686398
b1efb8a4,model_direction,5.365125698025135,123.54244007625115
b32902c0,model_direction,6.487496653702783,705.6749060294605
b32e4903,model_direction,6.279150328904671,259.82786936750915
b3388334,model_direction,10.237667070815833,427.96097135179053
b37fd114,model_direction,19.181071730059312,1524.4601978733758
b38e3116,model_direction,3.1540229097787487,245.98680228801408
b4d8dd4f,model_direction,8.761142446774933,486.70114659816613
b4f37e6e,model_direction,9.573142082558576,923.3880550450896
b56bc0aa,model_direction,10.020043837232159,638.1855345428945
b585b4fa,model_direction,7.82115124311192,331.06330890023986
b5aa9634,model_direction,7.630186354682494,262.3065971340616
b7974e66,model_direction,10.271182285340048,325.73973230139205
b7cdcecb,model_direction,2.9845304431103936,308.98393809386755
b7fea9ef,model_direction,8.638953037277801,9.852065773163481
b85f7b06,model_direction,10.41279501865684,142.39125394482363
b881d27e,model_direction,18.831606283851983,372.6263309269572
b8c49c1a,model_direction,7.106552264064542,473.78370856353564
b95e7121,model_direction,5.0754443906149405,759.1430276959608
b977be4a,model_direction,21.1748158736805,603.7211795189904
ba48188d,model_direction,35.55424991010925,1262.8968054438208
bb2cdd83,model_direction,2.1496018725939128,331.06330890023986
bb337fa0,model_direction,19.763472525048424,278.8943973981603
bb682ebd,model_direction,14.60492222672384,201.2050429290308
bc4381e2,model_direction,13.552088406880095,715.3517085321561
bcebcc5f,model_direction,17.381717050317523,0.0
bd2c2f34,model_direction,5.316013875274879,474.7741379858165
bd4ae5da,model_direction,13.170989633874582,289.24630611298943
bd6f0e19,model_direction,5.619673496568887,1085.8078335047658
bd8f847e,model_direction,5.208647499381253,755.2956415206847
be063506,model_direction,4.067607526731684,679.861026975612
be35c8f2,model_direction,1.9895793987389019,790.6483423751589
be83e781,model_direction,1.5749795025113127,384.0562257014298
beda8696,model_direction,7.654014292256495,309.90878222474225
bf39bc20,model_direction,5.9383413018389755,373.9874864216263
bf70b410,model_direction,12.980360981826658,451.8079535599153
bffe3082,model_direction,9.837170514930401,672.0663363835546
c03b9305,model_direction,2.2219100133764456,788.1052134076127
c03d4aed,model_direction,10.613294333010256,695.8011150464969
c03fba65,model_direction,17.957886030809245,5893.922361789407
c07fd0cd,model_direction,10.259174500763052,453.46564588747356
c1708b88,model_direction,23.540925183892956,1693.958175693997
c1d046f4,model_direction,5.984419756486218,86.6451014191666
c2717d4f,model_direction,9.31519787834281,254.75764973810655
c2c4db09,model_direction,8.226208134332271,603.7211795189904
c2c6fc71,model_direction,15.725801291943888,223.63873412288683
c36625df,model_direction,7.633084168907466,856.2612543492522
c3957531,model_direction,10.508754052994329,256.3560789214622
c42fe306,model_direction,9.826772255496872,797.4772468855715
c43812e2,model_direction,6.096096479762264,1339.112089893728
c472c0b5,model_direction,5.66415121326016,166.93596676577033
c47e0767,model_direction,21.368759982868895,155.80823919175182
c50b42f6,model_direction,7.354820836572612,333.7858416709582
c593337f,model_direction,23.504014096029493,1739.9960786447969
c59b6c4a,model_direction,14.896071226566058,547.6276126161605
c66be2b8,model_direction,18.408735446420533,426.83193706639713
c6797dd7,model_direction,10.807987479389363,759.8756656848515
c6b782a4,model_direction,9.784852299352732,384.2316011210162
c6c96179,model_direction,11.873690630498876,707.4710977135059
c70c0e01,model_direction,10.490565121963714,504.6530242651169
c84c65be,model_direction,7.573228770068918,6457.035995137644
c8d9680c,model_direction,43.86762649525128,200.126655146364
c908edd0,model_direction,7.176880723734884,494.3863794645422
c9578d27,model_direction,9.183754508219234,333.45837401362036
c96c018a,model_direction,8.386141967766005,408.1236464602166
c99f9fae,model_direction,5.488986613934779,1084.8189618551382
c9e6734f,model_direction,9.530735109117833,244.43476614445458
c9e980e8,model_direction,13.429299809725903,642.6153034282563
c9fedcf3,model_direction,3.222318215124296,1299.3966948166617
cad13e8f,model_direction,10.69263717316563,340.131638781206
cb34231f,model_direction,6.693848384199962,184.13129228906436
cb879f40,model_direction,9.980091865743637,218.1748576258722
cbb406b5,model_direction,6.758511604783486,618.5537703383592
cbe51de1,model_direction,8.122543651971652,307.1572178868592
cbe62450,model_direction,20.660663703799006,178.62219626911465
cc08aa63,model_direction,9.582661758997169,373.9874864216263
cc8a1d57,model_direction,30.121196825249093,856.2474690180142
ccedb12b,model_direction,8.149735859265242,236.4018900094347
cd7f1687,model_direction,15.386230691744577,216.6619950521545
cda7eb37,model_direction,7.1696251300517755,429.54885752417954
cdc31d65,model_direction,10.343479445711766,220.8237444206809
cdc60a53,model_direction,7.493054153075086,275.31903257844556
ce55ba43,model_direction,11.274579716679444,283.0103620008831
ce8399b7,model_direction,1.4107571345244074,1905.5389975804796
cf50c9d1,model_direction,31.443973591951853,369.0513634982427
d00e7eb9,model_direction,9.184549669071902,872.071849906842
d011f41b,model_direction,12.714015863664994,0.0
d07aed8f,model_direction,9.667609212594297,2832.741276043545
d085e611,model_direction,8.632757164797132,0.0
d0a0e7b5,model_direction,8.228299313838754,336.72329084865765
d0a43760,model_direction,2.8760571527126597,1562.6739711146588
d0cb63ae,model_direction,33.34121445289314,891.9104346291638
d114d9c2,model_direction,7.720849957603876,308.98393809386755
d1457cc5,model_direction,6.633836691378724,884.6136264490503
d1ecf309,model_direction,8.615810191253342,401.262951815832
d1ee630d,model_direction,5.652010734071545,446.84304682975136
d217e0c5,model_direction,9.498737977154557,464.24347803702034
d24ff243,model_direction,3.4369510057836776,666.9586257031009
d273674e,model_direction,2.6767753841128985,502.27947479502006
d2f3b1ab,model_direction,16.756473709473052,692.892474847352
d3df146b,model_direction,5.904010923678762,352.1732372000718
d40f61d5,model_direction,2.8799463576605606,695.850648487151
d41beaf2,model_direction,15.318027836127445,314.2461692689048
d463e527,model_direction,5.442186699269793,601.80359462206
d4f60a28,model_direction,6.131516228408021,255.0441493152273
d50c649a,model_direction,2.9185693973139926,452.08725540535687
d543916f,model_direction,5.845102411955391,238.40900696110396
d5df0ff5,model_direction,20.741386194486793,1876.8912207424692
d60430e6,model_direction,7.699472539018192,494.57752172949426
d63196fe,model_direction,18.570870493624174,679.8420905622397
d6c320d9,model_direction,12.757459012298096,347.27663742304566
d6dd7330,model_direction,14.183945546978483,123.54244007625115
d7ba4f9d,model_direction,11.98164256872691,151.19408354819515
d7eb0be8,model_direction,37.11844510767965,191.64130348127284
d84b621b,model_direction,17.168630281956325,446.29741854502043
d90aa14c,model_direction,15.449044757003492,872.071849906842
d924e971,model_direction,15.229615628506794,688.8492869273032
d9ae59b2,model_direction,13.120875651659171,969.0103603677898
d9d6d94d,model_direction,11.182323203858044,537.9362141556397
d9eca87b,model_direction,17.081155462112015,572.4575884724273
da2d4d7c,model_direction,3.4524650293487986,501.87577845498924
da3bfe4e,model_direction,31.013419474105326,167.7994547071152
da3cf798,model_direction,12.260379760546924,1905.5389975804796
da940160,model_direction,4.042076819703495,404.8412105998619
dafc88c3,model_direction,10.00930435827556,341.113621686398
dbee6c86,model_direction,7.600667437434372,231.32171061081877
dc5fbe29,model_direction,4.991335827067692,5482.205712393514
dc7da28f,model_direction,6.9482971747552815,375.58581775679494
dc7f9757,model_direction,11.685154643456071,816.5461175587193
dd168de0,model_direction,1.6736926650990256,360.93871086377584
dd64382d,model_direction,2.4190829789787625,810.9693047826694
dd6bc5b2,model_direction,12.501969084201294,2175.5951491489654
dd7d638e,model_direction,4.710289766194598,311.5685967808558
ddc790ff,model_direction,8.619252379095308,730.3217325258304
df71d1ff,model_direction,10.652088343968982,296.51786202518025
df73b8f3,model_direction,10.776283299440056,120.12210995466528
df8290be,model_direction,17.631924132502384,326.85334341283675
e0079ed1,model_direction,6.488691148133456,396.6159382824991
e03b45fd,model_direction,7.184300972969367,356.2541088885832
e0f36d98,model_direction,16.695025105458832,285.4294422447561
e149204f,model_direction,4.70179802867115,445.4000112259253
e14d641e,model_direction,7.184359781566673,340.0234324276718
e161bd0c,model_direction,2.6747009964824855,304.22541790555783
e201fd6d,model_direction,15.894363025554096,872.1740631892926
e25f1537,model_direction,16.545037513386852,124.47522042578048
e2fc7745,model_direction,8.69374721879847,513.746736535034
e32da4ec,model_direction,11.798733891404279,201.44270177897872
e3b34f5b,model_direction,8.94681860755161,340.66607594528057
e45a2a62,model_direction,21.319170967378714,693.8848294206138
e46f4ef4,model_direction,3.7120606868951684,350.33928141164705
e4726608,model_direction,2.5376309717889316,211.403472062154
e5864244,model_direction,12.587497454274208,255.0441493152273
e5c92e59,model_direction,8.024697800400471,814.7513756354983
e5ff9fd2,model_direction,5.566751316639638,5006.475323818147
e6c55748,model_direction,7.165966116544864,288.2732642821676
e730c32b,model_direction,6.065342990126045,381.9524421964513
e737965a,model_direction,9.883206774048642,341.2819119146672
e748dd88,model_direction,3.645761296192266,1380.7103389925364
e7818f7a,model_direction,15.372987944098881,506.0023519709952
e7c36e81,model_direction,9.919970470809615,456.25658888398317
e7d0c1de,model_direction,9.324801634853948,354.47294410168126
e85074c5,model_direction,9.926907992155439,258.09645968117127
e97032ad,model_direction,7.6939682387173205,456.25658888398317
e9949a23,model_direction,8.265883655618376,409.1014319211866
ea0b99b7,model_direction,11.053206641618306,315.6761500339613
ea3a0e38,model_direction,8.869354710755015,914.6865330809674
ea41324e,model_direction,6.407616063556991,448.0654757955242
eabc711b,model_direction,12.450372653725054,696.204673641085
eac10e86,model_direction,3.622264637039498,575.3804635194074
eafb863e,model_direction,7.615519441830803,354.99921408365276
eb06a4e7,model_direction,10.886318228451884,254.75764973810655
eb640a35,model_direction,10.410502437338224,393.69012205038473
eb934281,model_direction,6.759007588512746,251.6948630784195
eba6605e,model_direction,8.311452902712146,5871.724446302043
ebe69318,model_direction,3.487457486400587,686.2642220017262
ec0d597b,model_direction,10.380369851445263,570.0749228829853
ec13af42,model_direction,8.154486679045684,220.8237444206809
ecdab904,model_direction,7.646403435890053,287.648443937986
ecdaf714,model_direction,11.80527998343052,1074.5795743918054
ed6436d6,model_direction,3.633765681632917,2486.5238339903444
ed6e6e54,model_direction,10.706241865573293,245.98680228801408
edf885a3,model_direction,7.232311269692188,759.1660957918359
ee0300f7,model_direction,19.460121950314733,2540.383977846691
ee288beb,model_direction,30.89362717901527,2345.485662671624
ee4aecac,model_direction,3.427512491764397,224.3712102744123
eeda36f5,model_direction,8.166380330107904,695.8011150464969
eeed308d,model_direction,5.693709874923214,275.31903257844556
ef04658e,model_direction,8.195011087966073,78.11375871113562
ef8e3ed0,model_direction,18.78619988622134,472.8086439566805
efde6ac3,model_direction,5.901784156607011,0.0
efe96181,model_direction,30.124415839494276,148.0420430147734
f0188a48,model_direction,3.0270138926462082,1693.958175693997
f021b650,model_direction,12.041522583153156,2977.780474279231
f03f10fe,model_direction,4.088091662298699,379.52710706896244
f053a1b9,model_direction,11.65521533862696,443.23240765999094
f074d277,model_direction,8.459037155807156,1395.6010986309716
f07d7037,model_direction,4.989610086900406,251.6948630784195
f08774c3,model_direction,10.322017722586095,1503.3841484466916
f140c2fa,model_direction,12.44507517889658,420.11684850765937
f16e25e3,model_direction,2.6983546016164017,948.480908031269
f2d4c8c9,model_direction,9.972906738756414,477.41254214785795
f321a31c,model_direction,14.427068381741408,651.5424508808836
f40cd091,model_direction,10.199803061424507,352.3304138163702
f439a621,model_direction,5.578832536056226,121.10156563796214
f49fdea3,model_direction,9.229738457147644,783.4510814342718
f4d12d23,model_direction,18.177239578931783,332.765438860785
f56d3ace,model_direction,3.957164940466072,448.0654757955242
f5859199,model_direction,10.187442145467397,4301.1156051659145
f5d8aab6,model_direction,18.581287994112756,205.1186788180608
f631da6e,model_direction,8.258260937463543,1093.8183615667167
f6824bb0,model_direction,19.299193147681866,342.29534907726173
f6bc699b,model_direction,8.906272465403466,787.3228853526308
f6d009f4,model_direction,22.25897546677463,479.4750551384492
f72b268f,model_direction,6.033129706530183,354.9009227943209
f8662c22,model_direction,12.821435545215468,574.9275491747276
f88ddb26,model_direction,56.75364191095401,1145.2715266695677
f8afa78a,model_direction,12.597855846508795,451.8079535599153
f8f59188,model_direction,6.176240830111266,488.7036934582905
f9fc81aa,model_direction,5.235635222307617,350.36325677778564
fa16d114,model_direction,22.7059989636992,500.3193192352561
fa31da94,model_direction,4.827011497800709,598.602202217775
fa667be2,model_direction,10.305171001360366,163.7862341591579
fae0c593,model_direction,9.395977264121457,241.09196606281986
fb03ae90,model_direction,35.820561756269235,405.9235889920556
fb0904bd,model_direction,4.499738180194579,1436.0748560227817
fb3848a1,model_direction,8.167378030737922,637.8869884234749
fb73b13a,model_direction,12.415902898996737,479.4750551384492
fba7683c,model_direction,2.6955940926491158,1132.067152955183
fbd68d27,model_direction,28.009682748072738,290.8560289903569
fc03f21f,model_direction,16.459210489981743,360.36984224554186
fc0d20b2,model_direction,14.835159897761796,2015.7112779610497
fcfcc902,model_direction,8.47017547194723,1530.9008428047455
fd3b4faa,model_direction,8.937504003593432,488.7036934582905
fd710aea,model_direction,4.91835558020286,319.5400619639575
fd8f77fa,model_direction,20.546969856112327,405.4355211372632
fde20ecf,model_direction,8.080835598506447,460.5971039860524
fdfd57da,model_direction,3.596148496129317,679.7909893491068
febb4411,model_direction,10.269250951954202,516.880236515124
fef8af96,model_direction,37.99957290453907,837.8206658946208
ff0aea78,model_direction,30.449232405044327,336.07143243639024
ff8bb73a,model_direction,7.52721854909868,246.41405033004006
ffefef30,model_direction,8.70031262805741,164.29219488480655
000d7d20,blend_direction_neighbor,18.37342953448471,336.07143243639024
00bbac68,blend_direction_neighbor,9.866677817402739,573.452859178668
00e12e8b,blend_direction_neighbor,12.348233752885305,358.5888527271412
015fe0d2,blend_direction_neighbor,19.721687747825374,1013.760985637056
01869cd4,blend_direction_neighbor,7.782905439389467,1176.4650194970675
01982c1d,blend_direction_neighbor,6.227952122173792,191.99873437117506
028d7b28,blend_direction_neighbor,6.146360840751301,151.19408354819515
02e7fe5a,blend_direction_neighbor,3.353219155636418,403.9541430657916
0390d174,blend_direction_neighbor,3.0874731365369206,795.1002175827138
03a935ae,blend_direction_neighbor,51.96676912853469,1140.9101816093412
044af7d1,blend_direction_neighbor,6.581273213899212,381.9524421964513
0498acab,blend_direction_neighbor,5.117994076051837,1299.5734117390227
052d64df,blend_direction_neighbor,2.478332957523881,423.3095862365947
05948241,blend_direction_neighbor,8.458509029924093,410.300133195121
059c8f24,blend_direction_neighbor,9.281968092576037,14366.681664006725
05a0ee4d,blend_direction_neighbor,6.737143055494489,700.0830968536936
060ab2b8,blend_direction_neighbor,3.669254968447891,602.3081823287225
06df5958,blend_direction_neighbor,3.3166619557476955,399.56064871311435
071d7b45,blend_direction_neighbor,13.14610011782875,3327.346722961181
0849b4e2,blend_direction_neighbor,5.058664737986951,495.4477418458478
084d66f9,blend_direction_neighbor,5.759742581328816,447.8991655493628
08fecf00,blend_direction_neighbor,3.761400836012772,245.25083689983654
09053135,blend_direction_neighbor,10.206484911711685,216.6619950521545
09441b8d,blend_direction_neighbor,7.902942597144064,359.99967361097714
0955cd6c,blend_direction_neighbor,10.911691307060474,318.9706146341819
09ec2ca9,blend_direction_neighbor,8.958134921576704,401.262951815832
0a57a29c,blend_direction_neighbor,5.081950429874197,318.4850972965528
0bbf5e67,blend_direction_neighbor,14.242132725939568,1013.8024178800661
0be01c24,blend_direction_neighbor,7.421156940641409,137.9538999087774
0c1b160c,blend_direction_neighbor,5.656916864029469,1291.5203184616896
0d99f8e4,blend_direction_neighbor,6.127787870515923,707.8544942289337
0dc5e64d,blend_direction_neighbor,13.269406860520052,506.0023519709952
0dc835f3,blend_direction_neighbor,6.8689005575439985,271.9800773953144
0dd99dc5,blend_direction_neighbor,9.930677162594838,212.8723302827778
0e5e560d,blend_direction_neighbor,4.206492112039646,1802.71316256898
109d9d70,blend_direction_neighbor,6.307186832597753,601.3040037286603
10a1281a,blend_direction_neighbor,3.0416877133868945,259.82786936750915
10b89021,blend_direction_neighbor,27.276350978524686,143.32038654694819
10be2420,blend_direction_neighbor,8.40443093391197,367.80678759356687
113011eb,blend_direction_neighbor,4.206077855939906,504.6530242651169
1131525f,blend_direction_neighbor,11.330003073282299,602.3081823287225
11d0f5ac,blend_direction_neighbor,34.3500598664074,527.961960940447
12203f2a,blend_direction_neighbor,15.742624643441893,222.64387572973524
122bd617,blend_direction_neighbor,7.389604395082528,1337.2009330315439
125be846,blend_direction_neighbor,18.986562968849526,333.40767852599134
1285a37b,blend_direction_neighbor,13.422733496012324,116.65264034746481
1295a25b,blend_direction_neighbor,6.811120285231668,627.5345540286303
12f0cd90,blend_direction_neighbor,18.20571700863958,730.8351092416312
137d1e44,blend_direction_neighbor,19.000528270713524,376.66404885550594
13ce113d,blend_direction_neighbor,2.80032849240451,2924.1969866614527
13f598d9,blend_direction_neighbor,7.168123658229753,173.756853102472
14a53cb3,blend_direction_neighbor,11.733618586736538,360.1114312264891
14ab73fb,blend_direction_neighbor,7.461366413007096,5880.390701212142
14ad5efb,blend_direction_neighbor,5.00978318356898,349.43053801881234
14fee784,blend_direction_neighbor,15.775486110698537,229.67763539366513
153552f5,blend_direction_neighbor,5.914207032765226,223.63873412288683
1550491d,blend_direction_neighbor,25.328061438437594,267.33501454155584
155887bb,blend_direction_neighbor,9.77041618799411,573.452859178668
1590af81,blend_direction_neighbor,4.453059677768152,486.3790458070381
15e154a1,blend_direction_neighbor,10.978610917453683,0.014142135801537968
1619e2ca,blend_direction_neighbor,6.582037362736132,2275.8459963055707
16e4a047,blend_direction_neighbor,11.100714825033899,359.7980878213344
173ed841,blend_direction_neighbor,13.28145315124294,186.19912996565864
1770d7c6,blend_direction_neighbor,11.522431874344557,254.13939265668066
177622d7,blend_direction_neighbor,8.12939287222384,144.32096590620765
18d24f7b,blend_direction_neighbor,10.50205519027486,368.3130539364969
19137a89,blend_direction_neighbor,9.108728370472896,354.9009227943209
1944513c,blend_direction_neighbor,9.73368244438179,267.33501454155584
197f8a5a,blend_direction_neighbor,18.231246037717746,641.7493299568013
19871e7f,blend_direction_neighbor,2.8354941678501953,120.12210995466528
198a5607,blend_direction_neighbor,10.897286508282043,356.579276178597
19fb4f7b,blend_direction_neighbor,6.5279291332805665,262.43522877055324
1a518997,blend_direction_neighbor,16.072599667548918,290.8560289903569
1a68190b,blend_direction_neighbor,7.866716149585765,419.5604038751503
1a730ac2,blend_direction_neighbor,14.545390954644613,1299.5734117390227
1aaf1da0,blend_direction_neighbor,9.635391662289079,688.8492869273032
1b08ed48,blend_direction_neighbor,14.995355530906469,325.73973230139205
1b1c5372,blend_direction_neighbor,25.395653040952272,206.3415006729768
1b1eba53,blend_direction_neighbor,70.0433362799519,2595.8521103100265
1b6ba517,blend_direction_neighbor,4.535873742958628,1087.1387403638944
1b82b665,blend_direction_neighbor,10.509587696491975,793.5279771371753
1bcb2fcf,blend_direction_neighbor,5.814837422698076,241.2744074700797
1beca81d,blend_direction_neighbor,8.851707683961191,1109.0381692709161
1d3fbf02,blend_direction_neighbor,5.5701843366015025,139.0037157778544
1d78281a,blend_direction_neighbor,7.999363300182204,306.6550519722231
1e30dedf,blend_direction_neighbor,14.529793563660608,187.96062406782718
1e5e3573,blend_direction_neighbor,8.816601823357523,318.9706146341819
1f9afacb,blend_direction_neighbor,2.3784193974262275,498.8241670167924
1fdbba44,blend_direction_neighbor,3.819422589428529,247.7797913470171
1fee2b62,blend_direction_neighbor,15.75908422282619,1739.9960786447969
20096916,blend_direction_neighbor,7.341773313624477,337.67082269574115
200d233d,blend_direction_neighbor,10.772986164938647,759.8756656848515
201661b5,blend_direction_neighbor,7.674497315782243,2362.543505334908
203721ab,blend_direction_neighbor,8.92787717686114,692.5011844756903
20402d71,blend_direction_neighbor,9.801208904157937,445.4000112259253
2043abc5,blend_direction_neighbor,17.429588646854526,1231.8828054648518
204cc64b,blend_direction_neighbor,8.130491912914938,186.19912996565864
206b6193,blend_direction_neighbor,28.881369678735258,1530.9008428047455
2075c696,blend_direction_neighbor,27.013624872488496,2924.1969866614527
22c5f93f,blend_direction_neighbor,6.185905709102414,650.4307126820967
230eaaa3,blend_direction_neighbor,23.88973969416421,577.4631237577566
2364716c,blend_direction_neighbor,16.939186543147606,787.3228853526308
23b9beb0,blend_direction_neighbor,3.718461532827625,4.370743643773057
24d8997e,blend_direction_neighbor,4.59243107987163,151.3314550910953
25050f63,blend_direction_neighbor,22.962544812619374,407.32922311093307
25939962,blend_direction_neighbor,9.062069773863438,331.77885707214205
25fd32b3,blend_direction_neighbor,6.223123947481384,486.70114659816613
261785ee,blend_direction_neighbor,27.81245824737471,505.8362284376582
264feceb,blend_direction_neighbor,9.26621994672458,311.6254009221986
26623a50,blend_direction_neighbor,25.733148786455942,3734.0527192851346
26d3a96a,blend_direction_neighbor,5.907904720523909,260.60118130957596
272abef3,blend_direction_neighbor,10.778905191658462,464.24347803702034
27300fd5,blend_direction_neighbor,23.204092210141052,116.65264034746481
276b012a,blend_direction_neighbor,21.813481356842736,173.756853102472
27c3155b,blend_direction_neighbor,13.718737926591979,180.5223191185996
27ebb9b9,blend_direction_neighbor,14.259737842378057,262.80323609141846
283269ac,blend_direction_neighbor,3.157264792864726,423.3095862365947
28473855,blend_direction_neighbor,3.9500106021966346,6920.243263910821
28f4eda9,blend_direction_neighbor,16.22780666844976,390.73295189910806
29b24409,blend_direction_neighbor,11.633022198487646,159.65818143788346
29de15c8,blend_direction_neighbor,6.071198475210506,307.1572178868592
2ab29395,blend_direction_neighbor,4.237121389550284,849.9145147598321
2ac7cb6b,blend_direction_neighbor,11.142420948947347,678.8027614853322
2acc78d4,blend_direction_neighbor,8.943617085568512,585.503976844031
2b034622,blend_direction_neighbor,6.467047317216367,582.3461373615888
2b06ad65,blend_direction_neighbor,5.527633924970945,205.72764155580197
2b547943,blend_direction_neighbor,16.51571160681364,388.32822817820374
2be5c96a,blend_direction_neighbor,3.746209033699778,784.9777304484786
2bff06cf,blend_direction_neighbor,30.473554779946408,1259.987468191288
2c0c4a4e,blend_direction_neighbor,8.67911649336887,821.9865294515896
2cee0cba,blend_direction_neighbor,5.841109922965092,1126.7924868849639
2d0c268a,blend_direction_neighbor,14.352248477869404,86.6451014191666
2d179ded,blend_direction_neighbor,6.4503930524492885,884.6136264490503
2d196986,blend_direction_neighbor,12.415412371234755,360.1114312264891
2d2d0c6b,blend_direction_neighbor,2.8924499799189682,151.3314550910953
2d35f86d,blend_direction_neighbor,11.92012605238361,909.6962130290883
2d9f6cb9,blend_direction_neighbor,9.794759086875729,253.45837153278688
2ddad940,blend_direction_neighbor,12.412540453256273,224.3712102744123
2e29e833,blend_direction_neighbor,4.376339120287117,1437.3127200787326
2e43c2ea,blend_direction_neighbor,8.802921123530755,638.1855345428945
2e63d9de,blend_direction_neighbor,17.348393371804445,2832.741276043545
2ee0235b,blend_direction_neighbor,4.135735582813281,539.664329004501
2f19d536,blend_direction_neighbor,1.2681342911775164,2559.9898002336113
2f8e53c3,blend_direction_neighbor,2.0410593284113756,0.02000000001862645
2fa01aa6,blend_direction_neighbor,17.524105101496463,867.7874326122011
2fd68f7b,blend_direction_neighbor,64.34814838911221,187.96062406782718
2fe023be,blend_direction_neighbor,12.025199081712652,371.103479099971
30d75030,blend_direction_neighbor,11.892518782583961,1480.4562555173416
310c71a5,blend_direction_neighbor,6.210935792393011,410.755450359503
32fe84c9,blend_direction_neighbor,29.367930933218425,4005.033103109125
33c40295,blend_direction_neighbor,7.6070897233141945,1045.1938894291413
3407f5bf,blend_direction_neighbor,10.593213910822563,121.10156563796214
3417285d,blend_direction_neighbor,30.38326785948456,143.32038654694819
347242c8,blend_direction_neighbor,3.3761802629405233,3538.1399067871807
353e5502,blend_direction_neighbor,5.818111867548958,2151.213418166657
357c12f9,blend_direction_neighbor,3.9700650205969126,183.8641813950703
3584a6eb,blend_direction_neighbor,14.549975529019642,344.01163352399607
35b30c7f,blend_direction_neighbor,20.72869844526937,340.66607594528057
35b3ef6a,blend_direction_neighbor,11.858338191618973,552.8780521053948
367456ce,blend_direction_neighbor,8.942600280533876,241.09196606281986
368131f9,blend_direction_neighbor,17.81842910383008,965.8211686436671
368fe682,blend_direction_neighbor,16.075135376423674,636.7910581188324
3690a146,blend_direction_neighbor,9.30700093899663,379.52710706896244
37344c2a,blend_direction_neighbor,6.451053509885436,199.3058112546897
373ef48b,blend_direction_neighbor,4.1394264116317805,384.0562257014298
374be387,blend_direction_neighbor,8.287765468397351,474.7741379858165
37d36812,blend_direction_neighbor,12.273904150961785,155.80823919175182
38991fd4,blend_direction_neighbor,15.468843005872134,314.2461692689048
389ae58f,blend_direction_neighbor,42.86324355149498,1689.1744431230065
3932faa6,blend_direction_neighbor,6.228677375115425,777.7989769213452
398dce4b,blend_direction_neighbor,2.3041806126646764,393.4816928395906
39b51819,blend_direction_neighbor,6.8401518537442,542.6366147803164
3a0af893,blend_direction_neighbor,19.261164083245642,601.3040037286603
3a223519,blend_direction_neighbor,8.180890492810052,164.29219488480655
3a7dd95d,blend_direction_neighbor,18.06718515995207,4992.86652879899
3a824aa7,blend_direction_neighbor,5.034910972014317,618.104678675014
3a86fe8d,blend_direction_neighbor,14.765952262371083,285.4294422447561
3aaa2b30,blend_direction_neighbor,13.174620866744965,238.40900696110396
3ac16ad0,blend_direction_neighbor,7.8703354081416705,390.73295189910806
3b21ea64,blend_direction_neighbor,13.107915630368046,163.7862341591579
3bbe1f5d,blend_direction_neighbor,9.447272462312208,294.18448310549996
3bfee975,blend_direction_neighbor,6.682015556876558,452.8522793361525
3c3dbcbc,blend_direction_neighbor,6.832197163275004,337.67082269574115
3d96d897,blend_direction_neighbor,5.587362273758011,350.36325677778564
3df4b19e,blend_direction_neighbor,5.119220704851676,310.9024235991544
3e011332,blend_direction_neighbor,8.891750753995828,448.7708174559524
3e678ea7,blend_direction_neighbor,7.591301315205278,350.33928141164705
3ef6372a,blend_direction_neighbor,11.157601384104359,577.4631237577566
3ef98781,blend_direction_neighbor,8.784312339777282,111.95715832410396
3f603129,blend_direction_neighbor,21.973025974184907,80.75477571019829
404c4384,blend_direction_neighbor,0.8090356807688239,317.0990633855207
4121c517,blend_direction_neighbor,8.653775576360655,201.2050429290308
41fb0192,blend_direction_neighbor,6.447825291417072,456.69412356603607
42669188,blend_direction_neighbor,18.91657719434608,358.5888527271412
42c538a1,blend_direction_neighbor,20.534782823384976,6093.110687489639
43b06c70,blend_direction_neighbor,4.782217404646294,452.08725540535687
43c7f85a,blend_direction_neighbor,12.437209367340644,478.17591334157316
43e16325,blend_direction_neighbor,46.83870199551522,4634.629612924814
44441e54,blend_direction_neighbor,2.835708058076105,18.814688410984402
445af6c2,blend_direction_neighbor,34.38438944393986,286.15407108770086
4463446c,blend_direction_neighbor,12.689717921107716,2811.8944870673013
44a94013,blend_direction_neighbor,19.94881239612716,375.58581775679494
45fb3e21,blend_direction_neighbor,23.749530594637207,486.3790458070381
460f859e,blend_direction_neighbor,14.123071949344178,465.4253371916219
4630ab92,blend_direction_neighbor,11.275720103553008,1314.650160194832
463c38f2,blend_direction_neighbor,7.411336229837977,401.350880153667
4654e7de,blend_direction_neighbor,5.248967122112746,347.27663742304566
466fc788,blend_direction_neighbor,22.4776298815023,367.1681565715774
46a301e9,blend_direction_neighbor,4.953017016209947,3167.998034674157
46a7190b,blend_direction_neighbor,9.840601449764375,181.30062465412828
46d24a09,blend_direction_neighbor,24.53435450439116,326.94649485804183
46d41ff6,blend_direction_neighbor,5.851020987176682,659.9369037264493
46dfcfca,blend_direction_neighbor,19.87324584394052,174.694233447939
47222616,blend_direction_neighbor,17.37626602408558,344.01163352399607
47ee27ab,blend_direction_neighbor,6.672580240020159,186.4533016599304
481de5fc,blend_direction_neighbor,9.884910060542664,460.8259682356095
48c1f673,blend_direction_neighbor,11.433218256565274,166.93596676577033
4936af16,blend_direction_neighbor,11.180547796825824,664.8960997025933
493b5b31,blend_direction_neighbor,29.423472976099987,363.6254453416865
49dbc14c,blend_direction_neighbor,14.459014300373523,3374.523583826345
4a035ec2,blend_direction_neighbor,25.399068278188754,456.69412356603607
4a335117,blend_direction_neighbor,22.36971750833712,3374.523583826345
4a8ecc0b,blend_direction_neighbor,7.883486709634159,1132.067152955183
4b462989,blend_direction_neighbor,7.71844614666409,406.25225968607674
4b831d20,blend_direction_neighbor,13.362237926720802,254.13939265668066
4c2208f5,blend_direction_neighbor,34.1252322590273,269.68198456704016
4c3168cf,blend_direction_neighbor,4.230399026158912,205.72764155580197
4c3df468,blend_direction_neighbor,19.161468436448335,432.51031340299613
4caa7289,blend_direction_neighbor,12.602679156804278,294.18448310549996
4cd1ac61,blend_direction_neighbor,10.678805327492752,261.0002116856136
4cecf7b3,blend_direction_neighbor,11.431373620379402,367.1681565715774
4ddde4c1,blend_direction_neighbor,5.341516399185483,205.1186788180608
4e050c92,blend_direction_neighbor,4.266009266863619,332.3330355231446
4ed93db6,blend_direction_neighbor,5.92320220039713,95.13238144822385
4f3eb9e9,blend_direction_neighbor,32.48885502804725,568.8299545561316
4f4ac5ce,blend_direction_neighbor,10.372947475626683,815.0663278531551
4f4afcc6,blend_direction_neighbor,10.90112286168453,352.5644532562716
4f69febf,blend_direction_neighbor,26.26049067668123,167.7994547071152
4fbe9c06,blend_direction_neighbor,7.451654790257322,286.15407108770086
504c8b08,blend_direction_neighbor,20.945010809462236,1001.8072977374127
511e1db0,blend_direction_neighbor,1.9937332938603771,1907.7610486904982
512943b2,blend_direction_neighbor,6.028281276616287,369.96515349433054
5138a660,blend_direction_neighbor,12.919173609842229,173.79403355672642
516088b7,blend_direction_neighbor,6.9169355169605105,333.40767852599134
521a7819,blend_direction_neighbor,22.508024091219912,342.29534907726173
5254b6db,blend_direction_neighbor,8.275317064180337,496.89537892804964
529e88ca,blend_direction_neighbor,10.090228719053489,80.75477571019829
52f1e77a,blend_direction_neighbor,8.82865078171473,460.5971039860524
5305524b,blend_direction_neighbor,13.960189481205493,400.47356829126807
53134831,blend_direction_neighbor,17.59595946017878,334.40003259576497
5397ceb1,blend_direction_neighbor,11.369057432143364,71.30908567649446
53f23031,blend_direction_neighbor,5.085087741395039,4.370743643773057
543198e8,blend_direction_neighbor,17.097908438134073,1074.5795743918054
54753541,blend_direction_neighbor,7.819872859464984,473.78370856353564
54a7e3c2,blend_direction_neighbor,12.956860650872905,356.579276178597
5542c301,blend_direction_neighbor,8.516238577003033,290.35748208028406
5567d551,blend_direction_neighbor,13.792787358950733,278.8943973981603
55efee7f,blend_direction_neighbor,25.26721364952814,401.350880153667
5663b2b7,blend_direction_neighbor,14.611274582843016,0.0
5693dde2,blend_direction_neighbor,13.271572782873974,3461.150792106728
56b00794,blend_direction_neighbor,27.659865768304535,434.2344776727978
57796579,blend_direction_neighbor,13.969785983408109,345.04317019744036
577eec7c,blend_direction_neighbor,27.544661000116378,1157.9542175750205
57f05c51,blend_direction_neighbor,44.96189757260408,165.33667530266277
58850d2c,blend_direction_neighbor,13.532248762540164,872.1740631892926
58fa8486,blend_direction_neighbor,9.907384452391073,409.1014319211866
591cc951,blend_direction_neighbor,11.103301861087674,439.41694323269655
593876b6,blend_direction_neighbor,4.87989820382609,301.27238456264837
59f8b2e8,blend_direction_neighbor,4.313336520414874,6698.349016922087
5a1a8fd8,blend_direction_neighbor,17.58950752762936,352.4647954052819
5a5269a9,blend_direction_neighbor,6.24073730350305,494.57752172949426
5a5d1982,blend_direction_neighbor,11.111809559304087,159.65818143788346
5a63b5d1,blend_direction_neighbor,9.161290709546455,469.22546840516446
5aa03df7,blend_direction_neighbor,4.405888203949691,1109.0381692709161
5aa403d0,blend_direction_neighbor,32.691946922878074,200.39713421101598
5aef5c6c,blend_direction_neighbor,10.338158182708042,4166.198230485334
5b7b6324,blend_direction_neighbor,16.45482576955477,6847.004798749586
5bd25f59,blend_direction_neighbor,4.899912202716322,206.3415006729768
5beded95,blend_direction_neighbor,16.932670970531582,871.4125118451667
5cb483ac,blend_direction_neighbor,5.674313879925711,283.75583870615185
5cdd8dbc,blend_direction_neighbor,16.295239101658606,311.5685967808558
5d11dfb5,blend_direction_neighbor,10.285007785029153,592.4352390769471
5d7198fd,blend_direction_neighbor,11.125275915201232,1215.653089988869
5def1ce5,blend_direction_neighbor,8.469007657623902,358.9451526348613
5eae34a8,blend_direction_neighbor,7.255052578287632,1013.8024178800661
5f4d2a52,blend_direction_neighbor,48.227895411598276,730.8351092416312
5f6756c5,blend_direction_neighbor,6.403359079322807,1809.847220292195
5f75f796,blend_direction_neighbor,8.69487356626154,376.66404885550594
5fb1c15f,blend_direction_neighbor,17.35910121177815,447.8991655493628
5fffa282,blend_direction_neighbor,2.541013865797682,600.4431018007779
60e37807,blend_direction_neighbor,12.738724071185482,448.7708174559524
61f27424,blend_direction_neighbor,3.509674579252792,566.4375561348735
62569ae3,blend_direction_neighbor,4.410128600513753,531.2533649774686
62a6f539,blend_direction_neighbor,6.665454706036052,418.68067366398685
633774dc,blend_direction_neighbor,12.79630034842661,703.5663053331969
63559d57,blend_direction_neighbor,8.682129532288158,495.1796874875491
647f2a41,blend_direction_neighbor,6.4498805596620485,478.99623223991324
65156b96,blend_direction_neighbor,9.11128836852678,2461.441495749841
653612bc,blend_direction_neighbor,3.7251795533162597,540.0430443030305
656a067b,blend_direction_neighbor,13.706519400749348,441.6065018768087
65a5466a,blend_direction_neighbor,11.594531341442785,259.5905009816173
660d9546,blend_direction_neighbor,12.815767069826672,427.8675021547079
6767c111,blend_direction_neighbor,7.293649355449093,503.70108328257055
67847288,blend_direction_neighbor,14.27149047170207,269.5698621877799
67a8da4a,blend_direction_neighbor,21.474270816139118,398.45724111855304
684a6fc1,blend_direction_neighbor,11.318041031609003,0.0
698930d1,blend_direction_neighbor,6.917571261112956,429.3523384123422
699ea575,blend_direction_neighbor,14.888352497946364,359.7980878213344
69c1bdad,blend_direction_neighbor,13.715991669885538,530.9052617935206
69e41fa6,blend_direction_neighbor,7.613955052781782,245.25083689983654
6a0ff78e,blend_direction_neighbor,16.381249481607835,357.74696784179423
6a8fa194,blend_direction_neighbor,12.65096427192981,628.6807107744826
6ae68655,blend_direction_neighbor,5.156656497768005,783.4510814342718
6d1d74e1,blend_direction_neighbor,15.571677336865648,432.51031340299613
6d590e26,blend_direction_neighbor,12.515629114608748,178.62219626911465
6d6d93af,blend_direction_neighbor,33.56944686437995,5871.724446302043
6dbe4b60,blend_direction_neighbor,5.542054802857273,369.96515349433054
6e6d122c,blend_direction_neighbor,4.779682635071259,343.4850191786155
6e9ccd38,blend_direction_neighbor,8.477641031120166,560.9654285250222
6ea22614,blend_direction_neighbor,6.642359641559222,627.7407733293041
6ede926a,blend_direction_neighbor,4.585521468738073,351.3815420591581
708caea9,blend_direction_neighbor,27.591356085803618,209.44856385289032
70925e23,blend_direction_neighbor,14.748690695060375,7279.67035309972
70e1788b,blend_direction_neighbor,7.154541559940334,823.9976516956518
71642c7d,blend_direction_neighbor,8.464499225715663,242.19001073545743
71ccf778,blend_direction_neighbor,3.2741598116477273,311.9260014811653
7224331b,blend_direction_neighbor,4.7986723557869615,1339.112089893728
722cf0d8,blend_direction_neighbor,11.402840309628496,333.7858416709582
7256229b,blend_direction_neighbor,4.687682223550985,191.99873437117506
726f3dc2,blend_direction_neighbor,5.144391837652992,312.5685899128737
7271dd80,blend_direction_neighbor,6.178208448289489,821.9865294515896
727a3a10,blend_direction_neighbor,8.455330873962621,394.82556768802914
729665c0,blend_direction_neighbor,15.018577115344208,478.99623223991324
729e9750,blend_direction_neighbor,10.09460995020825,527.0661652012062
729f4217,blend_direction_neighbor,14.893185331962314,394.44761680104773
72dd8501,blend_direction_neighbor,4.746826190031006,498.8241670167924
73348914,blend_direction_neighbor,9.207816551612337,242.19001073545743
739a914f,blend_direction_neighbor,6.862031836578635,1149.239235320354
73b1447d,blend_direction_neighbor,13.276472705823872,314.9110549027679
74b6186b,blend_direction_neighbor,8.9421528690986,410.300133195121
75c20ec7,blend_direction_neighbor,9.428699096854876,1178.6519956287946
75cd5f11,blend_direction_neighbor,7.1651570458023635,366.02009794546325
75d20a82,blend_direction_neighbor,14.94805347420295,0.0
76201745,blend_direction_neighbor,6.693651824394499,194.8291110179383
764072a5,blend_direction_neighbor,7.682492361782617,340.0234324276718
77b0d905,blend_direction_neighbor,13.39855222638945,452.00146559494567
77e4821c,blend_direction_neighbor,16.022674944975645,684.9150491118971
7850c72e,blend_direction_neighbor,9.864084907683308,207.99950817245553
78a4a386,blend_direction_neighbor,5.202783219452429,186.4533016599304
79507629,blend_direction_neighbor,9.761818193317419,368.26591058661705
796dbd4c,blend_direction_neighbor,9.050568742394075,229.67763539366513
7987f2f2,blend_direction_neighbor,5.146718437236591,495.1796874875491
7993a768,blend_direction_neighbor,4.526589269725464,403.9541430657916
7a5660b0,blend_direction_neighbor,14.304435581729377,556.151071652502
7acda2df,blend_direction_neighbor,10.564878353180113,923.3880550450896
7b2c7b3c,blend_direction_neighbor,3.4904595205290168,950.2475270160758
7b38844c,blend_direction_neighbor,8.898890258928567,283.75583870615185
7bb17b96,blend_direction_neighbor,10.611037425433185,173.79403355672642
7c607683,blend_direction_neighbor,10.286469647701098,359.99967361097714
7cbbd047,blend_direction_neighbor,11.231420651862102,222.64387572973524
7cd4bb31,blend_direction_neighbor,4.8554699273388335,579.5133938055994
7d50373e,blend_direction_neighbor,14.133046458590556,671.2082682743306
7d57c75d,blend_direction_neighbor,9.290445947284475,3464.860396523878
7e208414,blend_direction_neighbor,11.132752386778705,974.9490166158656
7e721392,blend_direction_neighbor,34.209760428108474,469.22546840516446
7ff89f8f,blend_direction_neighbor,13.93425731401417,560.9654285250222
8050c789,blend_direction_neighbor,8.784126429097332,759.1660957918359
807f0298,blend_direction_neighbor,2.7279961115293516,952.7892715599598
811f52b3,blend_direction_neighbor,4.1197389456182965,342.1399646343355
81bf5923,blend_direction_neighbor,24.735078307004137,394.82556768802914
81fc01c6,blend_direction_neighbor,10.013805446915475,317.0990633855207
8255c867,blend_direction_neighbor,19.457248508827433,354.99921408365276
82aab6d2,blend_direction_neighbor,15.031933479868234,296.08298971749326
82fcf37c,blend_direction_neighbor,9.364014192913242,296.51786202518025
833af382,blend_direction_neighbor,14.917714548092022,374.51669468805227
8382f4b6,blend_direction_neighbor,38.84452172014789,207.67364252588484
84633df4,blend_direction_neighbor,7.071209573773771,265.5508798705091
8478df29,blend_direction_neighbor,15.412721091212068,265.5508798705091
84815d5a,blend_direction_neighbor,10.271454573095484,1153.6795122132753
84c3b497,blend_direction_neighbor,14.765989403834825,427.96097135179053
85380836,blend_direction_neighbor,7.100649694345002,386.25963547849636
8612b37f,blend_direction_neighbor,16.23849147033457,352.3304138163702
861e71df,blend_direction_neighbor,12.092285181373338,95.13238144822385
86454a6f,blend_direction_neighbor,72.74552787614145,578.0744180468329
8648abae,blend_direction_neighbor,4.468627432883937,1532.5972481381498
865033f8,blend_direction_neighbor,4.332444561486242,258.09645968117127
87695469,blend_direction_neighbor,15.065311023224176,6566.412090038253
877ed19c,blend_direction_neighbor,2.3975023237799316,111.95715832410396
87aa3730,blend_direction_neighbor,8.306401654744272,352.5644532562716
884ecb5f,blend_direction_neighbor,21.28991770806112,390.2214799314444
8902c3f6,blend_direction_neighbor,6.456988446699777,525.2042840649932
896d15b9,blend_direction_neighbor,28.762796098382264,3327.363809940173
8995c945,blend_direction_neighbor,6.957786928724167,209.44856385289032
89969c7a,blend_direction_neighbor,6.619246680399305,662.2428703275009
89f1085d,blend_direction_neighbor,32.081880327767955,7136.08188633635
89f36adf,blend_direction_neighbor,2.4492163241141425,334.40003259576497
89fdb2f2,blend_direction_neighbor,1.9060233440662577,0.02000000001862645
8a3da6d1,blend_direction_neighbor,8.473544962979199,839.4689667280624
8a89da23,blend_direction_neighbor,24.09344821704686,719.094025354236
8a9c8932,blend_direction_neighbor,3.7654131619465327,634.3875403883866
8ac2f237,blend_direction_neighbor,12.965475616222244,494.3863794645422
8b12bab6,blend_direction_neighbor,22.52841166164837,650.4307126820967
8b5be31b,blend_direction_neighbor,11.167339293451285,367.80678759356687
8b95d6d1,blend_direction_neighbor,12.036850887760135,0.0
8b9d8326,blend_direction_neighbor,8.768109296744994,1013.760985637056
8bb9c1e6,blend_direction_neighbor,5.695521138907384,333.45837401362036
8bda1a11,blend_direction_neighbor,11.323694636969421,527.0661652012062
8bfa881d,blend_direction_neighbor,16.597940746931865,333.3820686540921
8c167025,blend_direction_neighbor,3.355553810352508,78.11375871113562
8c8348e8,blend_direction_neighbor,13.281768678492238,174.694233447939
8cc21f01,blend_direction_neighbor,5.628199617670402,139.0037157778544
8cc800b3,blend_direction_neighbor,20.506245053223576,2024.9547508031562
8d5d46d7,blend_direction_neighbor,11.531975355230074,422.99580009735627
8d92cb49,blend_direction_neighbor,6.784396056772224,71.30908567649446
8f201368,blend_direction_neighbor,28.81934480496242,386.25963547849636
90386ee4,blend_direction_neighbor,3.1700539779937795,372.6263309269572
91abc4c7,blend_direction_neighbor,6.8298646895847375,341.2819119146672
91b301ce,blend_direction_neighbor,24.11666011078332,2106.3871107896753
91db7070,blend_direction_neighbor,35.11031892225065,391.17125213904495
925a7cd1,blend_direction_neighbor,3.070407992881324,304.22541790555783
9283ae69,blend_direction_neighbor,7.880318570667757,334.92819827533225
9298ad5b,blend_direction_neighbor,8.157493604788307,1527.6750589051946
9314ff13,blend_direction_neighbor,3.8069641970584214,311.9260014811653
93209a3d,blend_direction_neighbor,10.564176438290582,261.0002116856136
939d9c34,blend_direction_neighbor,13.884350684709357,672.0663363835546
93f5d2e6,blend_direction_neighbor,13.594834458786426,200.39713421101598
940a48d9,blend_direction_neighbor,16.171657313784184,275.6078097587988
940e709a,blend_direction_neighbor,6.891921672499719,334.92819827533225
9426ec1e,blend_direction_neighbor,17.128637580006554,1016.319384691788
94467f50,blend_direction_neighbor,9.712306744575887,148.0420430147734
944f36b9,blend_direction_neighbor,2.503142365719862,194.8291110179383
94d813a4,blend_direction_neighbor,33.29995448649956,398.45724111855304
95b559e7,blend_direction_neighbor,22.328318734078756,427.8675021547079
95c8427f,blend_direction_neighbor,29.05710962296945,1372.2477919459889
96936c22,blend_direction_neighbor,4.556371573916049,408.27491056913027
96ae5806,blend_direction_neighbor,14.25102514865695,315.6761500339613
96b7eea1,blend_direction_neighbor,9.642830205470558,565.010595033084
9719aa04,blend_direction_neighbor,6.981944245155736,218.37401402174427
974802e7,blend_direction_neighbor,16.646833657449456,985.5009699640704
97cd5bf9,blend_direction_neighbor,10.605533620153794,1342.4419840350988
98177ced,blend_direction_neighbor,10.309402950858244,184.13129228906436
9896fc0b,blend_direction_neighbor,12.723512782152646,290.35748208028406
98bc6f66,blend_direction_neighbor,13.2637202450264,504.05569979921114
992c99e8,blend_direction_neighbor,14.236751484606774,310.9024235991544
992ce078,blend_direction_neighbor,3.7550554503124087,312.89067036265453
99529c45,blend_direction_neighbor,21.727738060055934,1429.9593018334203
995ff498,blend_direction_neighbor,7.790474988938405,288.2732642821676
999daf80,blend_direction_neighbor,5.969802085449307,199.3058112546897
9a6b0392,blend_direction_neighbor,20.34947064212661,333.15894299890175
9a8ae0d6,blend_direction_neighbor,4.713444495756125,567.9699348558456
9a95e33f,blend_direction_neighbor,16.14411648059144,405.9235889920556
9ab94eeb,blend_direction_neighbor,6.690405469989786,542.6366147803164
9ad5410a,blend_direction_neighbor,5.544806450403321,360.36984224554186
9ae248be,blend_direction_neighbor,7.966279987531035,201.96190556664803
9af1ffd0,blend_direction_neighbor,15.639376003294164,253.5314532754942
9b5b61c1,blend_direction_neighbor,4.358755189078237,341.68702053184603
9b9e3b49,blend_direction_neighbor,9.28644231368861,289.24630611298943
9bd2bba3,blend_direction_neighbor,15.071146757200626,231.32171061081877
9c211c53,blend_direction_neighbor,8.186416155538737,985.5009699640704
9c350a6a,blend_direction_neighbor,13.742426518952406,2786.8320253828765
9c8375f7,blend_direction_neighbor,3.0367201102592225,332.765438860785
9d072e4c,blend_direction_neighbor,7.105592688461349,803.0766202548501
9d3ec64c,blend_direction_neighbor,8.980291701298674,253.5314532754942
9d4272e3,blend_direction_neighbor,20.150497539981277,2386.662440836632
9d5e14d4,blend_direction_neighbor,40.82660308553648,527.961960940447
9da441ba,blend_direction_neighbor,12.265742604575554,349.43053801881234
9dede370,blend_direction_neighbor,11.127852448330612,287.648443937986
9def2eb2,blend_direction_neighbor,6.185078349123344,495.4081745387793
9df1b1f9,blend_direction_neighbor,10.565753664531938,1809.847220292195
9dfff011,blend_direction_neighbor,12.181636336217803,2586.2148307518487
9e3e364d,blend_direction_neighbor,9.105584539322985,775.0838783642216
9efc812e,blend_direction_neighbor,10.982973295416068,394.7112922122497
9f0c7bae,blend_direction_neighbor,11.50384381276093,201.96190556664803
9ffce529,blend_direction_neighbor,8.854807036168113,679.8420905622397
a0383629,blend_direction_neighbor,6.2240507723863825,707.8544942289337
a056d01e,blend_direction_neighbor,17.019324234329236,1689.1744431230065
a08d9e63,blend_direction_neighbor,26.521676683701504,885.3491028968041
a0b83014,blend_direction_neighbor,11.084641511866717,1441.573269591275
a0e92ed6,blend_direction_neighbor,8.383939071812938,201.44270177897872
a15bc102,blend_direction_neighbor,2.7116362500016096,1436.0748560227817
a247e7cf,blend_direction_neighbor,5.335983458054239,309.90878222474225
a2e8e7f6,blend_direction_neighbor,8.842514648544318,0.0
a3518960,blend_direction_neighbor,7.837631129508377,601.80359462206
a3f71395,blend_direction_neighbor,24.213904520444558,549.6892656766121
a4719920,blend_direction_neighbor,7.186690672749406,505.8362284376582
a48640d9,blend_direction_neighbor,19.892180714943763,789.5242732175907
a4cdbb0f,blend_direction_neighbor,6.0418738851880045,341.50693375112417
a4f989c2,blend_direction_neighbor,8.820730002394955,0.0
a5aa7973,blend_direction_neighbor,22.9053343129062,214.30784796645327
a5e6f7dc,blend_direction_neighbor,8.379436589753725,1480.4562555173416
a612d5a0,blend_direction_neighbor,17.487679949997798,399.1596694304587
a622ce4d,blend_direction_neighbor,6.296992254033289,446.84304682975136
a645da9a,blend_direction_neighbor,14.379971707285186,877.3133608919026
a692b17e,blend_direction_neighbor,12.165889607564202,326.85334341283675
a6b8ac67,blend_direction_neighbor,8.05007910843227,306.6550519722231
a6ed2eff,blend_direction_neighbor,13.411819653526704,207.67364252588484
a6f967fb,blend_direction_neighbor,23.986817590842637,165.33667530266277
a76db406,blend_direction_neighbor,2.331573519701863,525.2042840649932
a7744f5b,blend_direction_neighbor,11.672216000508229,382.6329585908479
a783cc24,blend_direction_neighbor,21.28094521516204,9.852065773163481
a79fd2e7,blend_direction_neighbor,11.710763380366387,768.300719900795
a7fc3e6b,blend_direction_neighbor,18.06072690236485,2652.8457199957443
a85bb86f,blend_direction_neighbor,8.80383202834469,982.4919143687255
a85e4bc3,blend_direction_neighbor,4.16445150459827,933.0985013385186
a87433c9,blend_direction_neighbor,8.814911510979591,679.861026975612
a8ed028a,blend_direction_neighbor,10.063584276213886,191.64130348127284
a959858c,blend_direction_neighbor,33.600048106740374,4503.085086348942
a9c9b150,blend_direction_neighbor,5.630989616843859,565.010595033084
aa95015b,blend_direction_neighbor,11.899268018776649,1152.7920496775323
aaaf3c03,blend_direction_neighbor,16.055998654324426,903.0367437155622
aaeffccb,blend_direction_neighbor,9.418567979305697,614.6521879079755
ab112491,blend_direction_neighbor,25.30280491933922,2486.5238339903444
ab18d3fc,blend_direction_neighbor,26.675655398435346,761.5432862283768
ab3ced07,blend_direction_neighbor,11.079634060702388,331.77885707214205
ab6fe95d,blend_direction_neighbor,8.633256285669106,582.3461373615888
ab94878e,blend_direction_neighbor,4.200751928738307,244.43476614445458
abf460d2,blend_direction_neighbor,11.991097064670704,144.32096590620765
ac6f01d5,blend_direction_neighbor,20.40972387885153,241.2744074700797
ad2133a8,blend_direction_neighbor,23.112425458508934,460.8259682356095
add9c322,blend_direction_neighbor,14.34069698166243,336.72329084865765
ae069086,blend_direction_neighbor,12.449576772018812,439.41694323269655
ae0784a8,blend_direction_neighbor,6.642263252211599,659.9369037264493
ae35f33a,blend_direction_neighbor,8.613718569080351,193.5932498824423
ae8959c3,blend_direction_neighbor,15.215758499526675,259.5905009816173
aed44918,blend_direction_neighbor,6.747438952514392,4089.102558716226
aee6393a,blend_direction_neighbor,3.061874615784819,354.95141329492384
af7a59ce,blend_direction_neighbor,2.8664631973649,621.384937056236
aff4e561,blend_direction_neighbor,7.1274844375260935,530.165870082168
b04b58a3,blend_direction_neighbor,13.201463057426658,124.47522042578048
b0d42b0d,blend_direction_neighbor,25.531790216666277,1413.5289610404207
b0f53bf4,blend_direction_neighbor,5.8551857359477975,388.32822817820374
b19b0395,blend_direction_neighbor,9.909751967531523,341.113621686398
b1efb8a4,blend_direction_neighbor,3.2612609396107137,123.54244007625115
b32902c0,blend_direction_neighbor,7.051903446301958,705.6749060294605
b32e4903,blend_direction_neighbor,5.41423686457502,259.82786936750915
b3388334,blend_direction_neighbor,8.46609375606418,427.96097135179053
b37fd114,blend_direction_neighbor,14.90673227115022,1524.4601978733758
b38e3116,blend_direction_neighbor,4.089236413626067,245.98680228801408
b4d8dd4f,blend_direction_neighbor,9.896776525333248,486.70114659816613
b4f37e6e,blend_direction_neighbor,8.041397440952702,923.3880550450896
b56bc0aa,blend_direction_neighbor,8.045178135051462,638.1855345428945
b585b4fa,blend_direction_neighbor,7.739667400384878,331.06330890023986
b5aa9634,blend_direction_neighbor,5.908151791391594,262.3065971340616
b7974e66,blend_direction_neighbor,14.666942726350989,325.73973230139205
b7cdcecb,blend_direction_neighbor,5.077129186113691,308.98393809386755
b7fea9ef,blend_direction_neighbor,7.128266518160549,9.852065773163481
b85f7b06,blend_direction_neighbor,3.621369730039194,142.39125394482363
b881d27e,blend_direction_neighbor,16.89701794658548,372.6263309269572
b8c49c1a,blend_direction_neighbor,5.868708294912559,473.78370856353564
b95e7121,blend_direction_neighbor,6.170939845556219,759.1430276959608
b977be4a,blend_direction_neighbor,17.981643128709877,603.7211795189904
ba48188d,blend_direction_neighbor,35.89156588696993,1262.8968054438208
bb2cdd83,blend_direction_neighbor,1.8301504080881252,331.06330890023986
bb337fa0,blend_direction_neighbor,24.51642542912849,278.8943973981603
bb682ebd,blend_direction_neighbor,15.76919407807114,201.2050429290308
bc4381e2,blend_direction_neighbor,18.59578032890397,715.3517085321561
bcebcc5f,blend_direction_neighbor,13.499679903058862,0.0
bd2c2f34,blend_direction_neighbor,4.85671752575971,474.7741379858165
bd4ae5da,blend_direction_neighbor,13.705336082012007,289.24630611298943
bd6f0e19,blend_direction_neighbor,6.871786062544537,1085.8078335047658
bd8f847e,blend_direction_neighbor,7.671129157531617,755.2956415206847
be063506,blend_direction_neighbor,4.865692932017771,679.861026975612
be35c8f2,blend_direction_neighbor,3.3658335814213136,790.6483423751589
be83e781,blend_direction_neighbor,2.0428921829123263,384.0562257014298
beda8696,blend_direction_neighbor,6.991609790914726,309.90878222474225
bf39bc20,blend_direction_neighbor,6.448135433063811,373.9874864216263
bf70b410,blend_direction_neighbor,16.19512490434983,451.8079535599153
bffe3082,blend_direction_neighbor,11.94406773020256,672.0663363835546
c03b9305,blend_direction_neighbor,6.518895514095806,788.1052134076127
c03d4aed,blend_direction_neighbor,12.609596025731152,695.8011150464969
c03fba65,blend_direction_neighbor,21.300599158614364,5893.922361789407
c07fd0cd,blend_direction_neighbor,6.026076335181137,453.46564588747356
c1708b88,blend_direction_neighbor,20.59874549252723,1693.958175693997
c1d046f4,blend_direction_neighbor,10.819621952057174,86.6451014191666
c2717d4f,blend_direction_neighbor,9.148018354849057,254.75764973810655
c2c4db09,blend_direction_neighbor,5.340439245480479,603.7211795189904
c2c6fc71,blend_direction_neighbor,14.893129955194917,223.63873412288683
c36625df,blend_direction_neighbor,4.187048826960363,856.2612543492522
c3957531,blend_direction_neighbor,10.29247127113371,256.3560789214622
c42fe306,blend_direction_neighbor,11.40236979976827,797.4772468855715
c43812e2,blend_direction_neighbor,6.082330426019329,1339.112089893728
c472c0b5,blend_direction_neighbor,3.3428817404080915,166.93596676577033
c47e0767,blend_direction_neighbor,14.913143041800733,155.80823919175182
c50b42f6,blend_direction_neighbor,7.577836142486384,333.7858416709582
c593337f,blend_direction_neighbor,23.74709748671949,1739.9960786447969
c59b6c4a,blend_direction_neighbor,18.87942999057129,547.6276126161605
c66be2b8,blend_direction_neighbor,17.85926616410818,426.83193706639713
c6797dd7,blend_direction_neighbor,10.768926804730661,759.8756656848515
c6b782a4,blend_direction_neighbor,7.820576056023621,384.2316011210162
c6c96179,blend_direction_neighbor,15.65683378660719,707.4710977135059
c70c0e01,blend_direction_neighbor,10.248731905186846,504.6530242651169
c84c65be,blend_direction_neighbor,6.936944360758354,6457.035995137644
c8d9680c,blend_direction_neighbor,39.625328065826245,200.126655146364
c908edd0,blend_direction_neighbor,4.311163510937608,494.3863794645422
c9578d27,blend_direction_neighbor,8.838003942494511,333.45837401362036
c96c018a,blend_direction_neighbor,14.83081842993914,408.1236464602166
c99f9fae,blend_direction_neighbor,4.702334573215635,1084.8189618551382
c9e6734f,blend_direction_neighbor,10.789306738567975,244.43476614445458
c9e980e8,blend_direction_neighbor,9.030315340747173,642.6153034282563
c9fedcf3,blend_direction_neighbor,2.131198939742182,1299.3966948166617
cad13e8f,blend_direction_neighbor,12.557575185423039,340.131638781206
cb34231f,blend_direction_neighbor,6.990879055493845,184.13129228906436
cb879f40,blend_direction_neighbor,13.164230568970394,218.1748576258722
cbb406b5,blend_direction_neighbor,7.922545502068838,618.5537703383592
cbe51de1,blend_direction_neighbor,10.257011401180815,307.1572178868592
cbe62450,blend_direction_neighbor,21.415372176607104,178.62219626911465
cc08aa63,blend_direction_neighbor,11.346317296381242,373.9874864216263
cc8a1d57,blend_direction_neighbor,22.71357026209271,856.2474690180142
ccedb12b,blend_direction_neighbor,7.924309937193839,236.4018900094347
cd7f1687,blend_direction_neighbor,17.94437466696803,216.6619950521545
cda7eb37,blend_direction_neighbor,7.940611974139853,429.54885752417954
cdc31d65,blend_direction_neighbor,6.300296387526905,220.8237444206809
cdc60a53,blend_direction_neighbor,6.516834424075963,275.31903257844556
ce55ba43,blend_direction_neighbor,12.90000852953376,283.0103620008831
ce8399b7,blend_direction_neighbor,5.152874385875391,1905.5389975804796
cf50c9d1,blend_direction_neighbor,27.127789362881117,369.0513634982427
d00e7eb9,blend_direction_neighbor,12.728526831105253,872.071849906842
d011f41b,blend_direction_neighbor,8.188516229242865,0.0
d07aed8f,blend_direction_neighbor,6.638800172896691,2832.741276043545
d085e611,blend_direction_neighbor,9.535609497809542,0.0
d0a0e7b5,blend_direction_neighbor,13.986962818876206,336.72329084865765
d0a43760,blend_direction_neighbor,4.492476104172915,1562.6739711146588
d0cb63ae,blend_direction_neighbor,28.183127777478827,891.9104346291638
d114d9c2,blend_direction_neighbor,10.384862662742588,308.98393809386755
d1457cc5,blend_direction_neighbor,6.262942255826464,884.6136264490503
d1ecf309,blend_direction_neighbor,9.420465752553817,401.262951815832
d1ee630d,blend_direction_neighbor,5.587292532030093,446.84304682975136
d217e0c5,blend_direction_neighbor,4.403120414680255,464.24347803702034
d24ff243,blend_direction_neighbor,3.323770786843268,666.9586257031009
d273674e,blend_direction_neighbor,4.280406788964113,502.27947479502006
d2f3b1ab,blend_direction_neighbor,15.280323857591222,692.892474847352
d3df146b,blend_direction_neighbor,9.887119111254558,352.1732372000718
d40f61d5,blend_direction_neighbor,2.2739063993035513,695.850648487151
d41beaf2,blend_direction_neighbor,11.142128312307083,314.2461692689048
d463e527,blend_direction_neighbor,5.851318286560965,601.80359462206
d4f60a28,blend_direction_neighbor,8.07796571651731,255.0441493152273
d50c649a,blend_direction_neighbor,2.197593040626052,452.08725540535687
d543916f,blend_direction_neighbor,5.899514524082473,238.40900696110396
d5df0ff5,blend_direction_neighbor,21.175760106396613,1876.8912207424692
d60430e6,blend_direction_neighbor,8.03489486254309,494.57752172949426
d63196fe,blend_direction_neighbor,18.899947421661203,679.8420905622397
d6c320d9,blend_direction_neighbor,12.588701581301086,347.27663742304566
d6dd7330,blend_direction_neighbor,11.40512705984732,123.54244007625115
d7ba4f9d,blend_direction_neighbor,9.416045795574139,151.19408354819515
d7eb0be8,blend_direction_neighbor,35.02622525137178,191.64130348127284
d84b621b,blend_direction_neighbor,20.760332367579686,446.29741854502043
d90aa14c,blend_direction_neighbor,15.65063152278351,872.071849906842
d924e971,blend_direction_neighbor,15.456036357023407,688.8492869273032
d9ae59b2,blend_direction_neighbor,9.674845585649289,969.0103603677898
d9d6d94d,blend_direction_neighbor,13.565573854476341,537.9362141556397
d9eca87b,blend_direction_neighbor,18.103681429633234,572.4575884724273
da2d4d7c,blend_direction_neighbor,2.852996627171821,501.87577845498924
da3bfe4e,blend_direction_neighbor,34.95791497485064,167.7994547071152
da3cf798,blend_direction_neighbor,16.01785120516711,1905.5389975804796
da940160,blend_direction_neighbor,4.415965104170899,404.8412105998619
dafc88c3,blend_direction_neighbor,12.53770796161595,341.113621686398
dbee6c86,blend_direction_neighbor,10.11847886310656,231.32171061081877
dc5fbe29,blend_direction_neighbor,7.107719918142869,5482.205712393514
dc7da28f,blend_direction_neighbor,10.87015263067753,375.58581775679494
dc7f9757,blend_direction_neighbor,11.548517614284284,816.5461175587193
dd168de0,blend_direction_neighbor,1.7240161499584081,360.93871086377584
dd64382d,blend_direction_neighbor,5.612166094573491,810.9693047826694
dd6bc5b2,blend_direction_neighbor,10.278722410136933,2175.5951491489654
dd7d638e,blend_direction_neighbor,5.660567081948621,311.5685967808558
ddc790ff,blend_direction_neighbor,6.5327778653164215,730.3217325258304
df71d1ff,blend_direction_neighbor,11.38148431639412,296.51786202518025
df73b8f3,blend_direction_neighbor,9.553946810117699,120.12210995466528
df8290be,blend_direction_neighbor,15.47359608407993,326.85334341283675
e0079ed1,blend_direction_neighbor,4.986305533028227,396.6159382824991
e03b45fd,blend_direction_neighbor,8.665559767178022,356.2541088885832
e0f36d98,blend_direction_neighbor,18.74348976422235,285.4294422447561
e149204f,blend_direction_neighbor,5.936093593167947,445.4000112259253
e14d641e,blend_direction_neighbor,6.8157674982037,340.0234324276718
e161bd0c,blend_direction_neighbor,3.220814793377429,304.22541790555783
e201fd6d,blend_direction_neighbor,12.705564144209148,872.1740631892926
e25f1537,blend_direction_neighbor,15.353563411989503,124.47522042578048
e2fc7745,blend_direction_neighbor,11.633962606290666,513.746736535034
e32da4ec,blend_direction_neighbor,10.79454063456428,201.44270177897872
e3b34f5b,blend_direction_neighbor,7.2135486647392835,340.66607594528057
e45a2a62,blend_direction_neighbor,18.262935091213265,693.8848294206138
e46f4ef4,blend_direction_neighbor,4.292905994695625,350.33928141164705
e4726608,blend_direction_neighbor,2.794131088208048,211.403472062154
e5864244,blend_direction_neighbor,18.868846222984057,255.0441493152273
e5c92e59,blend_direction_neighbor,11.886613876261963,814.7513756354983
e5ff9fd2,blend_direction_neighbor,5.118638769327528,5006.475323818147
e6c55748,blend_direction_neighbor,9.480959624394673,288.2732642821676
e730c32b,blend_direction_neighbor,8.227160579786897,381.9524421964513
e737965a,blend_direction_neighbor,14.024067425099824,341.2819119146672
e748dd88,blend_direction_neighbor,5.064778097992954,1380.7103389925364
e7818f7a,blend_direction_neighbor,13.68053613402352,506.0023519709952
e7c36e81,blend_direction_neighbor,6.359540157193201,456.25658888398317
e7d0c1de,blend_direction_neighbor,9.8691972426882,354.47294410168126
e85074c5,blend_direction_neighbor,10.918101831860799,258.09645968117127
e97032ad,blend_direction_neighbor,10.397698514363894,456.25658888398317
e9949a23,blend_direction_neighbor,8.29428087378684,409.1014319211866
ea0b99b7,blend_direction_neighbor,13.070529225138385,315.6761500339613
ea3a0e38,blend_direction_neighbor,13.88518028748414,914.6865330809674
ea41324e,blend_direction_neighbor,5.851730569797523,448.0654757955242
eabc711b,blend_direction_neighbor,17.83376257737078,696.204673641085
eac10e86,blend_direction_neighbor,5.445644705556128,575.3804635194074
eafb863e,blend_direction_neighbor,3.534324036379526,354.99921408365276
eb06a4e7,blend_direction_neighbor,9.506927605331057,254.75764973810655
eb640a35,blend_direction_neighbor,12.356744677966034,393.69012205038473
eb934281,blend_direction_neighbor,2.2419618235084506,251.6948630784195
eba6605e,blend_direction_neighbor,17.467029487516584,5871.724446302043
ebe69318,blend_direction_neighbor,4.643463836741327,686.2642220017262
ec0d597b,blend_direction_neighbor,8.773253702634284,570.0749228829853
ec13af42,blend_direction_neighbor,7.324372722064754,220.8237444206809
ecdab904,blend_direction_neighbor,4.946235677816048,287.648443937986
ecdaf714,blend_direction_neighbor,12.579571792344248,1074.5795743918054
ed6436d6,blend_direction_neighbor,7.543798939852113,2486.5238339903444
ed6e6e54,blend_direction_neighbor,9.294371654895077,245.98680228801408
edf885a3,blend_direction_neighbor,7.131930312275165,759.1660957918359
ee0300f7,blend_direction_neighbor,27.099850389073318,2540.383977846691
ee288beb,blend_direction_neighbor,33.484527666815744,2345.485662671624
ee4aecac,blend_direction_neighbor,8.057420577760432,224.3712102744123
eeda36f5,blend_direction_neighbor,10.363739130497386,695.8011150464969
eeed308d,blend_direction_neighbor,5.049175933380913,275.31903257844556
ef04658e,blend_direction_neighbor,7.836504672108108,78.11375871113562
ef8e3ed0,blend_direction_neighbor,18.685266762809754,472.8086439566805
efde6ac3,blend_direction_neighbor,6.022285189520371,0.0
efe96181,blend_direction_neighbor,28.353118998159424,148.0420430147734
f0188a48,blend_direction_neighbor,6.632406405516905,1693.958175693997
f021b650,blend_direction_neighbor,9.028271393762765,2977.780474279231
f03f10fe,blend_direction_neighbor,6.779409181219127,379.52710706896244
f053a1b9,blend_direction_neighbor,8.31611381726195,443.23240765999094
f074d277,blend_direction_neighbor,8.976863595847409,1395.6010986309716
f07d7037,blend_direction_neighbor,6.3718130184633415,251.6948630784195
f08774c3,blend_direction_neighbor,11.691026544244707,1503.3841484466916
f140c2fa,blend_direction_neighbor,10.269450137228237,420.11684850765937
f16e25e3,blend_direction_neighbor,2.420929533342265,948.480908031269
f2d4c8c9,blend_direction_neighbor,11.178593335358004,477.41254214785795
f321a31c,blend_direction_neighbor,14.807585888622096,651.5424508808836
f40cd091,blend_direction_neighbor,5.803476782858945,352.3304138163702
f439a621,blend_direction_neighbor,5.521276615744817,121.10156563796214
f49fdea3,blend_direction_neighbor,11.429080679917936,783.4510814342718
f4d12d23,blend_direction_neighbor,17.162407426765828,332.765438860785
f56d3ace,blend_direction_neighbor,5.1736863022164306,448.0654757955242
f5859199,blend_direction_neighbor,13.087387994976767,4301.1156051659145
f5d8aab6,blend_direction_neighbor,17.33453092374241,205.1186788180608
f631da6e,blend_direction_neighbor,6.655167262981313,1093.8183615667167
f6824bb0,blend_direction_neighbor,12.0305506314931,342.29534907726173
f6bc699b,blend_direction_neighbor,8.077094383928648,787.3228853526308
f6d009f4,blend_direction_neighbor,29.88865275158626,479.4750551384492
f72b268f,blend_direction_neighbor,5.172276382729868,354.9009227943209
f8662c22,blend_direction_neighbor,14.32936009843341,574.9275491747276
f88ddb26,blend_direction_neighbor,56.12127251389609,1145.2715266695677
f8afa78a,blend_direction_neighbor,16.117824251424494,451.8079535599153
f8f59188,blend_direction_neighbor,6.306254279728543,488.7036934582905
f9fc81aa,blend_direction_neighbor,5.012188637942003,350.36325677778564
fa16d114,blend_direction_neighbor,24.57841745135169,500.3193192352561
fa31da94,blend_direction_neighbor,5.781480118747919,598.602202217775
fa667be2,blend_direction_neighbor,8.839066142945317,163.7862341591579
fae0c593,blend_direction_neighbor,7.483746379574724,241.09196606281986
fb03ae90,blend_direction_neighbor,31.66219938581331,405.9235889920556
fb0904bd,blend_direction_neighbor,3.345589992906075,1436.0748560227817
fb3848a1,blend_direction_neighbor,10.467108149102167,637.8869884234749
fb73b13a,blend_direction_neighbor,14.48013559383221,479.4750551384492
fba7683c,blend_direction_neighbor,2.9014562034003153,1132.067152955183
fbd68d27,blend_direction_neighbor,29.652978064222644,290.8560289903569
fc03f21f,blend_direction_neighbor,14.225440934328079,360.36984224554186
fc0d20b2,blend_direction_neighbor,20.371569723458446,2015.7112779610497
fcfcc902,blend_direction_neighbor,4.468212980340371,1530.9008428047455
fd3b4faa,blend_direction_neighbor,9.21101194074291,488.7036934582905
fd710aea,blend_direction_neighbor,2.4496674888147227,319.5400619639575
fd8f77fa,blend_direction_neighbor,24.143748453036707,405.4355211372632
fde20ecf,blend_direction_neighbor,9.616087642074858,460.5971039860524
fdfd57da,blend_direction_neighbor,4.51909426467356,679.7909893491068
febb4411,blend_direction_neighbor,17.177758132398264,516.880236515124
fef8af96,blend_direction_neighbor,42.28256718757868,837.8206658946208
ff0aea78,blend_direction_neighbor,33.29019544484086,336.07143243639024
ff8bb73a,blend_direction_neighbor,9.203935676559016,246.41405033004006
ffefef30,blend_direction_neighbor,5.143937410505982,164.29219488480655
000d7d20,blend_guarded,11.81505051547584,336.07143243639024
00bbac68,blend_guarded,8.640845421838112,573.452859178668
00e12e8b,blend_guarded,9.020927561235558,358.5888527271412
015fe0d2,blend_guarded,19.265124036702236,1013.760985637056
01869cd4,blend_guarded,6.765333600736404,1176.4650194970675
01982c1d,blend_guarded,5.090450434345459,191.99873437117506
028d7b28,blend_guarded,5.264562087025155,151.19408354819515
02e7fe5a,blend_guarded,4.049803704828998,403.9541430657916
0390d174,blend_guarded,3.464223655099238,795.1002175827138
03a935ae,blend_guarded,44.208561816843726,1140.9101816093412
044af7d1,blend_guarded,6.037332330068679,381.9524421964513
0498acab,blend_guarded,3.9236428290599674,1299.5734117390227
052d64df,blend_guarded,2.286019143134097,423.3095862365947
05948241,blend_guarded,6.453680600357937,410.300133195121
059c8f24,blend_guarded,9.78081210903087,14366.681664006725
05a0ee4d,blend_guarded,7.56381603551379,700.0830968536936
060ab2b8,blend_guarded,3.4296226689169615,602.3081823287225
06df5958,blend_guarded,3.5487098873379486,399.56064871311435
071d7b45,blend_guarded,12.005721660855304,3327.346722961181
0849b4e2,blend_guarded,4.507950109354626,495.4477418458478
084d66f9,blend_guarded,6.054210631714574,447.8991655493628
08fecf00,blend_guarded,4.258586003935185,245.25083689983654
09053135,blend_guarded,5.760252834316369,216.6619950521545
09441b8d,blend_guarded,10.626091346042465,359.99967361097714
0955cd6c,blend_guarded,8.876382424926307,318.9706146341819
09ec2ca9,blend_guarded,10.793827419939598,401.262951815832
0a57a29c,blend_guarded,7.222350469231311,318.4850972965528
0bbf5e67,blend_guarded,11.661797503522799,1013.8024178800661
0be01c24,blend_guarded,12.405778122894615,137.9538999087774
0c1b160c,blend_guarded,5.858110712101931,1291.5203184616896
0d99f8e4,blend_guarded,7.019233580977205,707.8544942289337
0dc5e64d,blend_guarded,11.884266453482752,506.0023519709952
0dc835f3,blend_guarded,7.904338520553951,271.9800773953144
0dd99dc5,blend_guarded,5.3915827795402675,212.8723302827778
0e5e560d,blend_guarded,5.659634787050182,1802.71316256898
109d9d70,blend_guarded,8.073400423059121,601.3040037286603
10a1281a,blend_guarded,2.686516494197136,259.82786936750915
10b89021,blend_guarded,40.675487468556604,143.32038654694819
10be2420,blend_guarded,12.158740890782195,367.80678759356687
113011eb,blend_guarded,3.4212670821223905,504.6530242651169
1131525f,blend_guarded,11.884660605173472,602.3081823287225
11d0f5ac,blend_guarded,25.391362637256385,527.961960940447
12203f2a,blend_guarded,15.41300933760755,222.64387572973524
122bd617,blend_guarded,7.247219613451544,1337.2009330315439
125be846,blend_guarded,18.167014697509174,333.40767852599134
1285a37b,blend_guarded,17.71043839304354,116.65264034746481
1295a25b,blend_guarded,6.748100063324773,627.5345540286303
12f0cd90,blend_guarded,6.418798305833241,730.8351092416312
137d1e44,blend_guarded,18.77924632499228,376.66404885550594
13ce113d,blend_guarded,5.2431964337659105,2924.1969866614527
13f598d9,blend_guarded,11.07898577166602,173.756853102472
14a53cb3,blend_guarded,9.338106171255491,360.1114312264891
14ab73fb,blend_guarded,13.101982984931372,5880.390701212142
14ad5efb,blend_guarded,3.3911567671780007,349.43053801881234
14fee784,blend_guarded,15.387838138533768,229.67763539366513
153552f5,blend_guarded,7.658225291437015,223.63873412288683
1550491d,blend_guarded,24.30914692952342,267.33501454155584
155887bb,blend_guarded,6.579477898402022,573.452859178668
1590af81,blend_guarded,4.65773166408686,486.3790458070381
15e154a1,blend_guarded,5.7589171546894775,0.014142135801537968
1619e2ca,blend_guarded,7.562943308616623,2275.8459963055707
16e4a047,blend_guarded,8.23697841600972,359.7980878213344
173ed841,blend_guarded,11.993299639875117,186.19912996565864
1770d7c6,blend_guarded,9.163448267997435,254.13939265668066
177622d7,blend_guarded,8.549899670337526,144.32096590620765
18d24f7b,blend_guarded,10.38305555554355,368.3130539364969
19137a89,blend_guarded,9.785419827884285,354.9009227943209
1944513c,blend_guarded,4.1648746001803465,267.33501454155584
197f8a5a,blend_guarded,22.17234869120928,641.7493299568013
19871e7f,blend_guarded,7.0292068608798575,120.12210995466528
198a5607,blend_guarded,8.720868008735156,356.579276178597
19fb4f7b,blend_guarded,6.068354214690419,262.43522877055324
1a518997,blend_guarded,9.997683870227949,290.8560289903569
1a68190b,blend_guarded,9.467797026070215,419.5604038751503
1a730ac2,blend_guarded,14.217919384454339,1299.5734117390227
1aaf1da0,blend_guarded,7.893148413628662,688.8492869273032
1b08ed48,blend_guarded,15.116329849983874,325.73973230139205
1b1c5372,blend_guarded,28.000491192128,206.3415006729768
1b1eba53,blend_guarded,68.38525150074146,2595.8521103100265
1b6ba517,blend_guarded,5.761833923519041,1087.1387403638944
1b82b665,blend_guarded,10.754301862376161,793.5279771371753
1bcb2fcf,blend_guarded,5.120426308233476,241.2744074700797
1beca81d,blend_guarded,9.839666185947861,1109.0381692709161
1d3fbf02,blend_guarded,5.236426926837536,139.0037157778544
1d78281a,blend_guarded,7.682154791436732,306.6550519722231
1e30dedf,blend_guarded,6.317571067541559,187.96062406782718
1e5e3573,blend_guarded,7.460500154164584,318.9706146341819
1f9afacb,blend_guarded,3.0911286544894523,498.8241670167924
1fdbba44,blend_guarded,6.299808669620766,247.7797913470171
1fee2b62,blend_guarded,11.994612376465835,1739.9960786447969
20096916,blend_guarded,6.791765811838376,337.67082269574115
200d233d,blend_guarded,9.82840496129096,759.8756656848515
201661b5,blend_guarded,8.33894876595431,2362.543505334908
203721ab,blend_guarded,8.945464834967225,692.5011844756903
20402d71,blend_guarded,9.96003297967287,445.4000112259253
2043abc5,blend_guarded,17.00022526437315,1231.8828054648518
204cc64b,blend_guarded,8.73495691905253,186.19912996565864
206b6193,blend_guarded,31.913341180601588,1530.9008428047455
2075c696,blend_guarded,28.04339814350367,2924.1969866614527
22c5f93f,blend_guarded,3.6918600558402,650.4307126820967
230eaaa3,blend_guarded,22.327646689888308,577.4631237577566
2364716c,blend_guarded,17.551081393295128,787.3228853526308
23b9beb0,blend_guarded,4.191296978974026,4.370743643773057
24d8997e,blend_guarded,3.9010018830469435,151.3314550910953
25050f63,blend_guarded,22.976593090980096,407.32922311093307
25939962,blend_guarded,8.03026769236251,331.77885707214205
25fd32b3,blend_guarded,3.5969665796457693,486.70114659816613
261785ee,blend_guarded,24.35346433549044,505.8362284376582
264feceb,blend_guarded,8.566726483077586,311.6254009221986
26623a50,blend_guarded,24.5738999792711,3734.0527192851346
26d3a96a,blend_guarded,7.915109704348591,260.60118130957596
272abef3,blend_guarded,12.47193163636757,464.24347803702034
27300fd5,blend_guarded,22.390977461476982,116.65264034746481
276b012a,blend_guarded,27.12241284829228,173.756853102472
27c3155b,blend_guarded,16.970047299744827,180.5223191185996
27ebb9b9,blend_guarded,13.800712180663409,262.80323609141846
283269ac,blend_guarded,1.8722261396295081,423.3095862365947
28473855,blend_guarded,4.760824373824347,6920.243263910821
28f4eda9,blend_guarded,16.29384403106696,390.73295189910806
29b24409,blend_guarded,13.180301010400301,159.65818143788346
29de15c8,blend_guarded,1.6744203291971698,307.1572178868592
2ab29395,blend_guarded,1.0231146231838104,849.9145147598321
2ac7cb6b,blend_guarded,9.796958942256763,678.8027614853322
2acc78d4,blend_guarded,9.16816326254228,585.503976844031
2b034622,blend_guarded,5.462225549199578,582.3461373615888
2b06ad65,blend_guarded,8.089929381194162,205.72764155580197
2b547943,blend_guarded,13.153117629419496,388.32822817820374
2be5c96a,blend_guarded,3.598199777412809,784.9777304484786
2bff06cf,blend_guarded,25.404741589988785,1259.987468191288
2c0c4a4e,blend_guarded,6.55709655626241,821.9865294515896
2cee0cba,blend_guarded,6.382894826547477,1126.7924868849639
2d0c268a,blend_guarded,17.461313828640737,86.6451014191666
2d179ded,blend_guarded,6.770932870429147,884.6136264490503
2d196986,blend_guarded,10.611905045773566,360.1114312264891
2d2d0c6b,blend_guarded,2.2517051965828574,151.3314550910953
2d35f86d,blend_guarded,11.860806906763635,909.6962130290883
2d9f6cb9,blend_guarded,9.199502726841576,253.45837153278688
2ddad940,blend_guarded,9.80178402968568,224.3712102744123
2e29e833,blend_guarded,4.328896491533825,1437.3127200787326
2e43c2ea,blend_guarded,11.205544758051904,638.1855345428945
2e63d9de,blend_guarded,17.271929289031835,2832.741276043545
2ee0235b,blend_guarded,4.4037989796355115,539.664329004501
2f19d536,blend_guarded,8.545693984319097,2559.9898002336113
2f8e53c3,blend_guarded,2.43570036073551,0.02000000001862645
2fa01aa6,blend_guarded,20.78748620163465,867.7874326122011
2fd68f7b,blend_guarded,59.44167953666514,187.96062406782718
2fe023be,blend_guarded,10.04103002006591,371.103479099971
30d75030,blend_guarded,11.992452260138267,1480.4562555173416
310c71a5,blend_guarded,6.965109366345931,410.755450359503
32fe84c9,blend_guarded,22.14524571882922,4005.033103109125
33c40295,blend_guarded,9.167576043866903,1045.1938894291413
3407f5bf,blend_guarded,10.986449670860933,121.10156563796214
3417285d,blend_guarded,37.27380326028008,143.32038654694819
347242c8,blend_guarded,3.093618160709124,3538.1399067871807
353e5502,blend_guarded,5.814650148672709,2151.213418166657
357c12f9,blend_guarded,2.7487703618483357,183.8641813950703
3584a6eb,blend_guarded,11.237677754827576,344.01163352399607
35b30c7f,blend_guarded,25.462813815725426,340.66607594528057
35b3ef6a,blend_guarded,23.97426019090347,552.8780521053948
367456ce,blend_guarded,6.7499455895021665,241.09196606281986
368131f9,blend_guarded,18.54381637055413,965.8211686436671
368fe682,blend_guarded,16.10264272147484,636.7910581188324
3690a146,blend_guarded,8.231991595190134,379.52710706896244
37344c2a,blend_guarded,6.0045526321833025,199.3058112546897
373ef48b,blend_guarded,4.438834598162655,384.0562257014298
374be387,blend_guarded,9.347846089876043,474.7741379858165
37d36812,blend_guarded,17.508913182074732,155.80823919175182
38991fd4,blend_guarded,19.36046076890785,314.2461692689048
389ae58f,blend_guarded,40.56072905331542,1689.1744431230065
3932faa6,blend_guarded,6.086286170763974,777.7989769213452
398dce4b,blend_guarded,1.2955522052738413,393.4816928395906
39b51819,blend_guarded,5.542071248729439,542.6366147803164
3a0af893,blend_guarded,20.134326409404117,601.3040037286603
3a223519,blend_guarded,9.894789104559667,164.29219488480655
3a7dd95d,blend_guarded,15.572329894291247,4992.86652879899
3a824aa7,blend_guarded,3.9052948594601617,618.104678675014
3a86fe8d,blend_guarded,10.818737934589231,285.4294422447561
3aaa2b30,blend_guarded,13.719587102027889,238.40900696110396
3ac16ad0,blend_guarded,5.227296163836179,390.73295189910806
3b21ea64,blend_guarded,11.80668850235392,163.7862341591579
3bbe1f5d,blend_guarded,10.730478564926688,294.18448310549996
3bfee975,blend_guarded,5.992402156879195,452.8522793361525
3c3dbcbc,blend_guarded,6.385525079491804,337.67082269574115
3d96d897,blend_guarded,4.599995469629108,350.36325677778564
3df4b19e,blend_guarded,10.650150012576079,310.9024235991544
3e011332,blend_guarded,11.815099021491008,448.7708174559524
3e678ea7,blend_guarded,6.609828355207221,350.33928141164705
3ef6372a,blend_guarded,8.507111426323416,577.4631237577566
3ef98781,blend_guarded,10.692402169655947,111.95715832410396
3f603129,blend_guarded,19.132001473659777,80.75477571019829
404c4384,blend_guarded,0.649203072303262,317.0990633855207
4121c517,blend_guarded,9.386409928588778,201.2050429290308
41fb0192,blend_guarded,2.2374310748093666,456.69412356603607
42669188,blend_guarded,18.413365560053133,358.5888527271412
42c538a1,blend_guarded,30.46012289945094,6093.110687489639
43b06c70,blend_guarded,4.482253861489435,452.08725540535687
43c7f85a,blend_guarded,12.116455568117269,478.17591334157316
43e16325,blend_guarded,47.66779410672086,4634.629612924814
44441e54,blend_guarded,2.956763360746468,18.814688410984402
445af6c2,blend_guarded,37.99241470719305,286.15407108770086
4463446c,blend_guarded,10.200276135102555,2811.8944870673013
44a94013,blend_guarded,17.37945182168848,375.58581775679494
45fb3e21,blend_guarded,24.23212034352402,486.3790458070381
460f859e,blend_guarded,15.383019710317285,465.4253371916219
4630ab92,blend_guarded,9.328495081734447,1314.650160194832
463c38f2,blend_guarded,5.930313119330542,401.350880153667
4654e7de,blend_guarded,3.486834157042146,347.27663742304566
466fc788,blend_guarded,21.55747352756638,367.1681565715774
46a301e9,blend_guarded,5.6428850861579765,3167.998034674157
46a7190b,blend_guarded,8.007285941895562,181.30062465412828
46d24a09,blend_guarded,26.38246504310675,326.94649485804183
46d41ff6,blend_guarded,5.465794029051906,659.9369037264493
46dfcfca,blend_guarded,17.92753328478596,174.694233447939
47222616,blend_guarded,15.158581378858173,344.01163352399607
47ee27ab,blend_guarded,8.809505059512507,186.4533016599304
481de5fc,blend_guarded,17.06066506577433,460.8259682356095
48c1f673,blend_guarded,12.023270309842841,166.93596676577033
4936af16,blend_guarded,8.946849426945587,664.8960997025933
493b5b31,blend_guarded,28.922942195628654,363.6254453416865
49dbc14c,blend_guarded,7.046354538515934,3374.523583826345
4a035ec2,blend_guarded,24.69570019991152,456.69412356603607
4a335117,blend_guarded,19.413532115869753,3374.523583826345
4a8ecc0b,blend_guarded,8.620489007471269,1132.067152955183
4b462989,blend_guarded,7.402433611903921,406.25225968607674
4b831d20,blend_guarded,12.10407390585441,254.13939265668066
4c2208f5,blend_guarded,40.474442555399015,269.68198456704016
4c3168cf,blend_guarded,5.970942212728155,205.72764155580197
4c3df468,blend_guarded,18.88474270462596,432.51031340299613
4caa7289,blend_guarded,13.97030605691753,294.18448310549996
4cd1ac61,blend_guarded,14.185274522420546,261.0002116856136
4cecf7b3,blend_guarded,9.432610354607915,367.1681565715774
4ddde4c1,blend_guarded,2.9456786319709196,205.1186788180608
4e050c92,blend_guarded,5.692323742773321,332.3330355231446
4ed93db6,blend_guarded,2.1088265929631382,95.13238144822385
4f3eb9e9,blend_guarded,31.95325790877223,568.8299545561316
4f4ac5ce,blend_guarded,8.62295766046303,815.0663278531551
4f4afcc6,blend_guarded,10.392172483343145,352.5644532562716
4f69febf,blend_guarded,18.92790817118262,167.7994547071152
4fbe9c06,blend_guarded,15.208172140513373,286.15407108770086
504c8b08,blend_guarded,18.34760411045203,1001.8072977374127
511e1db0,blend_guarded,4.517146406081111,1907.7610486904982
512943b2,blend_guarded,6.011447503951358,369.96515349433054
5138a660,blend_guarded,10.257901339992724,173.79403355672642
516088b7,blend_guarded,4.574228529315576,333.40767852599134
521a7819,blend_guarded,30.172271256980988,342.29534907726173
5254b6db,blend_guarded,5.617830718113892,496.89537892804964
529e88ca,blend_guarded,12.445403824717143,80.75477571019829
52f1e77a,blend_guarded,8.0392465998621,460.5971039860524
5305524b,blend_guarded,9.814846343018107,400.47356829126807
53134831,blend_guarded,17.810870624153885,334.40003259576497
5397ceb1,blend_guarded,17.30868258427652,71.30908567649446
53f23031,blend_guarded,5.163608576986279,4.370743643773057
543198e8,blend_guarded,17.953074534994233,1074.5795743918054
54753541,blend_guarded,9.343296484543426,473.78370856353564
54a7e3c2,blend_guarded,11.62166240904648,356.579276178597
5542c301,blend_guarded,8.64727129066273,290.35748208028406
5567d551,blend_guarded,7.6523193398919025,278.8943973981603
55efee7f,blend_guarded,25.706569819017897,401.350880153667
5663b2b7,blend_guarded,7.2459195973932005,0.0
5693dde2,blend_guarded,12.482269666411534,3461.150792106728
56b00794,blend_guarded,28.627953205697008,434.2344776727978
57796579,blend_guarded,15.555308671583475,345.04317019744036
577eec7c,blend_guarded,25.145990557596196,1157.9542175750205
57f05c51,blend_guarded,44.32622010504075,165.33667530266277
58850d2c,blend_guarded,14.778086087484485,872.1740631892926
58fa8486,blend_guarded,10.535057336818737,409.1014319211866
591cc951,blend_guarded,13.266323647968829,439.41694323269655
593876b6,blend_guarded,4.371403292838152,301.27238456264837
59f8b2e8,blend_guarded,5.628046167085575,6698.349016922087
5a1a8fd8,blend_guarded,13.565721411097046,352.4647954052819
5a5269a9,blend_guarded,6.953694634675197,494.57752172949426
5a5d1982,blend_guarded,7.690854141658803,159.65818143788346
5a63b5d1,blend_guarded,19.26068185796801,469.22546840516446
5aa03df7,blend_guarded,3.4601002929030256,1109.0381692709161
5aa403d0,blend_guarded,28.06646571406558,200.39713421101598
5aef5c6c,blend_guarded,5.939276678336235,4166.198230485334
5b7b6324,blend_guarded,17.41615256534135,6847.004798749586
5bd25f59,blend_guarded,6.6489218042158225,206.3415006729768
5beded95,blend_guarded,15.052255385865028,871.4125118451667
5cb483ac,blend_guarded,4.577283425258881,283.75583870615185
5cdd8dbc,blend_guarded,16.561256162787405,311.5685967808558
5d11dfb5,blend_guarded,8.119865905829329,592.4352390769471
5d7198fd,blend_guarded,11.559734477671784,1215.653089988869
5def1ce5,blend_guarded,7.785655230251267,358.9451526348613
5eae34a8,blend_guarded,7.500889146621459,1013.8024178800661
5f4d2a52,blend_guarded,48.08979905326622,730.8351092416312
5f6756c5,blend_guarded,10.147045421389953,1809.847220292195
5f75f796,blend_guarded,4.328576485167984,376.66404885550594
5fb1c15f,blend_guarded,19.059866414697776,447.8991655493628
5fffa282,blend_guarded,5.676323378424731,600.4431018007779
60e37807,blend_guarded,15.234862598264954,448.7708174559524
61f27424,blend_guarded,3.3112682146882846,566.4375561348735
62569ae3,blend_guarded,4.547662864200424,531.2533649774686
62a6f539,blend_guarded,6.433554182173409,418.68067366398685
633774dc,blend_guarded,14.625438918661605,703.5663053331969
63559d57,blend_guarded,8.701171447245008,495.1796874875491
647f2a41,blend_guarded,4.795727520335694,478.99623223991324
65156b96,blend_guarded,2.5638625878222814,2461.441495749841
653612bc,blend_guarded,3.4926475071497634,540.0430443030305
656a067b,blend_guarded,13.891543636936555,441.6065018768087
65a5466a,blend_guarded,8.406598888720989,259.5905009816173
660d9546,blend_guarded,9.602655289975083,427.8675021547079
6767c111,blend_guarded,5.572274866074586,503.70108328257055
67847288,blend_guarded,13.764531672551291,269.5698621877799
67a8da4a,blend_guarded,9.038736753390104,398.45724111855304
684a6fc1,blend_guarded,7.175403613558479,0.0
698930d1,blend_guarded,7.515630087433629,429.3523384123422
699ea575,blend_guarded,11.899951763252727,359.7980878213344
69c1bdad,blend_guarded,14.839710728929647,530.9052617935206
69e41fa6,blend_guarded,9.445562189817705,245.25083689983654
6a0ff78e,blend_guarded,16.45173473954868,357.74696784179423
6a8fa194,blend_guarded,12.96061038800064,628.6807107744826
6ae68655,blend_guarded,4.637111041904286,783.4510814342718
6d1d74e1,blend_guarded,13.179049071343664,432.51031340299613
6d590e26,blend_guarded,8.022730668992295,178.62219626911465
6d6d93af,blend_guarded,30.707801915890744,5871.724446302043
6dbe4b60,blend_guarded,5.117494030170858,369.96515349433054
6e6d122c,blend_guarded,5.55217601012285,343.4850191786155
6e9ccd38,blend_guarded,9.00535498117879,560.9654285250222
6ea22614,blend_guarded,6.563522530547743,627.7407733293041
6ede926a,blend_guarded,7.344176149617142,351.3815420591581
708caea9,blend_guarded,30.64441236068648,209.44856385289032
70925e23,blend_guarded,11.685127541832914,7279.67035309972
70e1788b,blend_guarded,6.9127877447287736,823.9976516956518
71642c7d,blend_guarded,9.196959443690327,242.19001073545743
71ccf778,blend_guarded,4.157706637594516,311.9260014811653
7224331b,blend_guarded,4.319132355742309,1339.112089893728
722cf0d8,blend_guarded,13.147721374759126,333.7858416709582
7256229b,blend_guarded,5.334472785362087,191.99873437117506
726f3dc2,blend_guarded,3.6425578390969258,312.5685899128737
7271dd80,blend_guarded,2.9818357768070594,821.9865294515896
727a3a10,blend_guarded,15.671189158752826,394.82556768802914
729665c0,blend_guarded,14.204328198529916,478.99623223991324
729e9750,blend_guarded,7.323501684136594,527.0661652012062
729f4217,blend_guarded,18.86626121040227,394.44761680104773
72dd8501,blend_guarded,4.4572577466171515,498.8241670167924
73348914,blend_guarded,12.470314249361076,242.19001073545743
739a914f,blend_guarded,17.760664217589884,1149.239235320354
73b1447d,blend_guarded,11.430980449036175,314.9110549027679
74b6186b,blend_guarded,7.212551988449921,410.300133195121
75c20ec7,blend_guarded,11.10903853913133,1178.6519956287946
75cd5f11,blend_guarded,5.811088496358949,366.02009794546325
75d20a82,blend_guarded,8.344710564031434,0.0
76201745,blend_guarded,8.953880538470814,194.8291110179383
764072a5,blend_guarded,8.285931276656234,340.0234324276718
77b0d905,blend_guarded,9.324749666630845,452.00146559494567
77e4821c,blend_guarded,15.411283225074582,684.9150491118971
7850c72e,blend_guarded,10.824742818088517,207.99950817245553
78a4a386,blend_guarded,7.401628624807078,186.4533016599304
79507629,blend_guarded,10.356734311245326,368.26591058661705
796dbd4c,blend_guarded,11.036951261153858,229.67763539366513
7987f2f2,blend_guarded,5.49437186046812,495.1796874875491
7993a768,blend_guarded,6.005054776585947,403.9541430657916
7a5660b0,blend_guarded,15.967115774054008,556.151071652502
7acda2df,blend_guarded,14.215340669446928,923.3880550450896
7b2c7b3c,blend_guarded,2.484129895818621,950.2475270160758
7b38844c,blend_guarded,7.998466618035683,283.75583870615185
7bb17b96,blend_guarded,9.773872284537854,173.79403355672642
7c607683,blend_guarded,12.282709377578719,359.99967361097714
7cbbd047,blend_guarded,8.530571166806771,222.64387572973524
7cd4bb31,blend_guarded,5.526369605033965,579.5133938055994
7d50373e,blend_guarded,13.826785249526333,671.2082682743306
7d57c75d,blend_guarded,13.270958518515059,3464.860396523878
7e208414,blend_guarded,9.769745005566147,974.9490166158656
7e721392,blend_guarded,38.00115921942189,469.22546840516446
7ff89f8f,blend_guarded,14.983789316886163,560.9654285250222
8050c789,blend_guarded,6.889398846902983,759.1660957918359
807f0298,blend_guarded,4.905878955879789,952.7892715599598
811f52b3,blend_guarded,2.8599252343204578,342.1399646343355
81bf5923,blend_guarded,30.674899977544897,394.82556768802914
81fc01c6,blend_guarded,11.037718796775232,317.0990633855207
8255c867,blend_guarded,22.792565964501332,354.99921408365276
82aab6d2,blend_guarded,6.9614724214563815,296.08298971749326
82fcf37c,blend_guarded,6.766647183998825,296.51786202518025
833af382,blend_guarded,12.899586947342966,374.51669468805227
8382f4b6,blend_guarded,38.22652423927629,207.67364252588484
84633df4,blend_guarded,3.289752893250063,265.5508798705091
8478df29,blend_guarded,15.59654978107371,265.5508798705091
84815d5a,blend_guarded,14.016269781863544,1153.6795122132753
84c3b497,blend_guarded,15.027001083634307,427.96097135179053
85380836,blend_guarded,15.935367056141208,386.25963547849636
8612b37f,blend_guarded,16.132356241441737,352.3304138163702
861e71df,blend_guarded,6.9651335180122445,95.13238144822385
86454a6f,blend_guarded,69.38863910086317,578.0744180468329
8648abae,blend_guarded,3.9386169265896935,1532.5972481381498
865033f8,blend_guarded,4.392141011119432,258.09645968117127
87695469,blend_guarded,9.65661864635858,6566.412090038253
877ed19c,blend_guarded,5.656452347527569,111.95715832410396
87aa3730,blend_guarded,7.788861003463669,352.5644532562716
884ecb5f,blend_guarded,20.97928095812865,390.2214799314444
8902c3f6,blend_guarded,5.692193730461037,525.2042840649932
896d15b9,blend_guarded,27.752387445557893,3327.363809940173
8995c945,blend_guarded,13.018610568809565,209.44856385289032
89969c7a,blend_guarded,8.26670781916275,662.2428703275009
89f1085d,blend_guarded,25.398529384514177,7136.08188633635
89f36adf,blend_guarded,5.663949619156691,334.40003259576497
89fdb2f2,blend_guarded,1.5009311679155153,0.02000000001862645
8a3da6d1,blend_guarded,10.644364939955329,839.4689667280624
8a89da23,blend_guarded,24.792002095657526,719.094025354236
8a9c8932,blend_guarded,3.0993675359789634,634.3875403883866
8ac2f237,blend_guarded,14.642065327881669,494.3863794645422
8b12bab6,blend_guarded,21.383224706863352,650.4307126820967
8b5be31b,blend_guarded,13.86294497714734,367.80678759356687
8b95d6d1,blend_guarded,6.337787096879443,0.0
8b9d8326,blend_guarded,4.517882583798506,1013.760985637056
8bb9c1e6,blend_guarded,4.190802763100104,333.45837401362036
8bda1a11,blend_guarded,10.261434181948735,527.0661652012062
8bfa881d,blend_guarded,16.345614623461515,333.3820686540921
8c167025,blend_guarded,2.967489689636577,78.11375871113562
8c8348e8,blend_guarded,7.779724368651277,174.694233447939
8cc21f01,blend_guarded,5.97751705844167,139.0037157778544
8cc800b3,blend_guarded,18.914218120636672,2024.9547508031562
8d5d46d7,blend_guarded,12.37359360148953,422.99580009735627
8d92cb49,blend_guarded,10.069952301937484,71.30908567649446
8f201368,blend_guarded,33.2854270636255,386.25963547849636
90386ee4,blend_guarded,7.181619787367263,372.6263309269572
91abc4c7,blend_guarded,7.51069099964235,341.2819119146672
91b301ce,blend_guarded,22.230845540092737,2106.3871107896753
91db7070,blend_guarded,36.32356020337034,391.17125213904495
925a7cd1,blend_guarded,1.5962207417326375,304.22541790555783
9283ae69,blend_guarded,9.573840916572689,334.92819827533225
9298ad5b,blend_guarded,6.473122523236023,1527.6750589051946
9314ff13,blend_guarded,4.1382077214705815,311.9260014811653
93209a3d,blend_guarded,14.56099855628735,261.0002116856136
939d9c34,blend_guarded,11.58075943401973,672.0663363835546
93f5d2e6,blend_guarded,7.827931091866898,200.39713421101598
940a48d9,blend_guarded,14.086944241085623,275.6078097587988
940e709a,blend_guarded,8.426353900421278,334.92819827533225
9426ec1e,blend_guarded,17.86299264142087,1016.319384691788
94467f50,blend_guarded,18.644296708615077,148.0420430147734
944f36b9,blend_guarded,5.147749939710808,194.8291110179383
94d813a4,blend_guarded,30.85472230611402,398.45724111855304
95b559e7,blend_guarded,20.478802293741886,427.8675021547079
95c8427f,blend_guarded,26.704753283086177,1372.2477919459889
96936c22,blend_guarded,4.386489279448672,408.27491056913027
96ae5806,blend_guarded,13.178230743712952,315.6761500339613
96b7eea1,blend_guarded,8.203592639481663,565.010595033084
9719aa04,blend_guarded,4.198572991838687,218.37401402174427
974802e7,blend_guarded,16.247575066580303,985.5009699640704
97cd5bf9,blend_guarded,11.620304941905925,1342.4419840350988
98177ced,blend_guarded,12.700548682675462,184.13129228906436
9896fc0b,blend_guarded,12.722536972625573,290.35748208028406
98bc6f66,blend_guarded,19.163143524795387,504.05569979921114
992c99e8,blend_guarded,16.795733719229307,310.9024235991544
992ce078,blend_guarded,5.2022865007575225,312.89067036265453
99529c45,blend_guarded,19.787969504344666,1429.9593018334203
995ff498,blend_guarded,6.040181218109913,288.2732642821676
999daf80,blend_guarded,6.061753708601625,199.3058112546897
9a6b0392,blend_guarded,5.96857852789614,333.15894299890175
9a8ae0d6,blend_guarded,3.594234358159475,567.9699348558456
9a95e33f,blend_guarded,27.470652107523794,405.9235889920556
9ab94eeb,blend_guarded,5.849638418489594,542.6366147803164
9ad5410a,blend_guarded,6.398152346992943,360.36984224554186
9ae248be,blend_guarded,4.193202481354238,201.96190556664803
9af1ffd0,blend_guarded,15.600753692803675,253.5314532754942
9b5b61c1,blend_guarded,3.677650838516473,341.68702053184603
9b9e3b49,blend_guarded,8.400434363004145,289.24630611298943
9bd2bba3,blend_guarded,13.275742755642785,231.32171061081877
9c211c53,blend_guarded,7.818513549452447,985.5009699640704
9c350a6a,blend_guarded,10.839823790548452,2786.8320253828765
9c8375f7,blend_guarded,4.606220727578085,332.765438860785
9d072e4c,blend_guarded,8.743713838946384,803.0766202548501
9d3ec64c,blend_guarded,11.497656437427034,253.5314532754942
9d4272e3,blend_guarded,21.08719731899188,2386.662440836632
9d5e14d4,blend_guarded,33.73835021275352,527.961960940447
9da441ba,blend_guarded,11.87469773234214,349.43053801881234
9dede370,blend_guarded,13.416637263210019,287.648443937986
9def2eb2,blend_guarded,5.9660394449153324,495.4081745387793
9df1b1f9,blend_guarded,13.631861349687494,1809.847220292195
9dfff011,blend_guarded,16.21369291975049,2586.2148307518487
9e3e364d,blend_guarded,7.924459001939702,775.0838783642216
9efc812e,blend_guarded,9.963093638160405,394.7112922122497
9f0c7bae,blend_guarded,9.262939796694107,201.96190556664803
9ffce529,blend_guarded,9.213820612364223,679.8420905622397
a0383629,blend_guarded,8.787670054770782,707.8544942289337
a056d01e,blend_guarded,5.812861193650241,1689.1744431230065
a08d9e63,blend_guarded,23.72220912997493,885.3491028968041
a0b83014,blend_guarded,10.67717509458549,1441.573269591275
a0e92ed6,blend_guarded,11.674003116023854,201.44270177897872
a15bc102,blend_guarded,2.8731311594396933,1436.0748560227817
a247e7cf,blend_guarded,5.024232670163847,309.90878222474225
a2e8e7f6,blend_guarded,9.70139357667375,0.0
a3518960,blend_guarded,4.204138498211085,601.80359462206
a3f71395,blend_guarded,18.306439769484562,549.6892656766121
a4719920,blend_guarded,7.806138627837195,505.8362284376582
a48640d9,blend_guarded,25.180327664632628,789.5242732175907
a4cdbb0f,blend_guarded,7.21709364961173,341.50693375112417
a4f989c2,blend_guarded,5.637281527448409,0.0
a5aa7973,blend_guarded,15.870616686425786,214.30784796645327
a5e6f7dc,blend_guarded,6.884232552727488,1480.4562555173416
a612d5a0,blend_guarded,16.469175052439706,399.1596694304587
a622ce4d,blend_guarded,7.2533062677366855,446.84304682975136
a645da9a,blend_guarded,10.10812091674668,877.3133608919026
a692b17e,blend_guarded,15.051957928307873,326.85334341283675
a6b8ac67,blend_guarded,10.295724838331886,306.6550519722231
a6ed2eff,blend_guarded,4.893000857905566,207.67364252588484
a6f967fb,blend_guarded,16.502215340609467,165.33667530266277
a76db406,blend_guarded,1.5315213927029605,525.2042840649932
a7744f5b,blend_guarded,10.259492662101621,382.6329585908479
a783cc24,blend_guarded,18.05802431562604,9.852065773163481
a79fd2e7,blend_guarded,11.492562224354762,768.300719900795
a7fc3e6b,blend_guarded,18.228018977774965,2652.8457199957443
a85bb86f,blend_guarded,9.516896843387098,982.4919143687255
a85e4bc3,blend_guarded,3.540348502932719,933.0985013385186
a87433c9,blend_guarded,12.387089443040937,679.861026975612
a8ed028a,blend_guarded,12.603846906811105,191.64130348127284
a959858c,blend_guarded,20.88986092233714,4503.085086348942
a9c9b150,blend_guarded,3.0593515347984517,565.010595033084
aa95015b,blend_guarded,12.459135431953491,1152.7920496775323
aaaf3c03,blend_guarded,15.713266508429683,903.0367437155622
aaeffccb,blend_guarded,4.907208307773751,614.6521879079755
ab112491,blend_guarded,24.197827680549338,2486.5238339903444
ab18d3fc,blend_guarded,27.46013179358422,761.5432862283768
ab3ced07,blend_guarded,10.990418140136573,331.77885707214205
ab6fe95d,blend_guarded,7.225377474584573,582.3461373615888
ab94878e,blend_guarded,5.454663198769943,244.43476614445458
abf460d2,blend_guarded,11.758796587124376,144.32096590620765
ac6f01d5,blend_guarded,21.457985079513787,241.2744074700797
ad2133a8,blend_guarded,26.71435163552896,460.8259682356095
add9c322,blend_guarded,11.658346333826419,336.72329084865765
ae069086,blend_guarded,15.740266099618362,439.41694323269655
ae0784a8,blend_guarded,6.415530805688874,659.9369037264493
ae35f33a,blend_guarded,10.503916897901288,193.5932498824423
ae8959c3,blend_guarded,14.350343143808209,259.5905009816173
aed44918,blend_guarded,11.047863333676963,4089.102558716226
aee6393a,blend_guarded,2.0112167709570086,354.95141329492384
af7a59ce,blend_guarded,5.071312299784708,621.384937056236
aff4e561,blend_guarded,7.880714194815929,530.165870082168
b04b58a3,blend_guarded,12.804911797038576,124.47522042578048
b0d42b0d,blend_guarded,22.39685819962581,1413.5289610404207
b0f53bf4,blend_guarded,4.2168383903193245,388.32822817820374
b19b0395,blend_guarded,6.024911943165566,341.113621686398
b1efb8a4,blend_guarded,5.007223149410546,123.54244007625115
b32902c0,blend_guarded,5.717544106740814,705.6749060294605
b32e4903,blend_guarded,6.016331283603993,259.82786936750915
b3388334,blend_guarded,10.338520910873166,427.96097135179053
b37fd114,blend_guarded,19.92346471489298,1524.4601978733758
b38e3116,blend_guarded,3.168027213532061,245.98680228801408
b4d8dd4f,blend_guarded,9.063561618801508,486.70114659816613
b4f37e6e,blend_guarded,9.8047837167379,923.3880550450896
b56bc0aa,blend_guarded,9.652415385448494,638.1855345428945
b585b4fa,blend_guarded,7.941616893140163,331.06330890023986
b5aa9634,blend_guarded,7.649715971675037,262.3065971340616
b7974e66,blend_guarded,10.27981588526494,325.73973230139205
b7cdcecb,blend_guarded,3.4225893314191778,308.98393809386755
b7fea9ef,blend_guarded,21.488571651798118,9.852065773163481
b85f7b06,blend_guarded,2.6511161373902694,142.39125394482363
b881d27e,blend_guarded,18.916718518136445,372.6263309269572
b8c49c1a,blend_guarded,6.653968637042839,473.78370856353564
b95e7121,blend_guarded,3.892847597522643,759.1430276959608
b977be4a,blend_guarded,20.389553394152284,603.7211795189904
ba48188d,blend_guarded,35.025104496904106,1262.8968054438208
bb2cdd83,blend_guarded,2.170759173347772,331.06330890023986
bb337fa0,blend_guarded,20.89747606605107,278.8943973981603
bb682ebd,blend_guarded,15.44664693164673,201.2050429290308
bc4381e2,blend_guarded,13.636251420469328,715.3517085321561
bcebcc5f,blend_guarded,7.774017016556842,0.0
bd2c2f34,blend_guarded,4.668820250973357,474.7741379858165
bd4ae5da,blend_guarded,13.492423614821615,289.24630611298943
bd6f0e19,blend_guarded,6.516381884163098,1085.8078335047658
bd8f847e,blend_guarded,5.38298143687859,755.2956415206847
be063506,blend_guarded,5.203423863516579,679.861026975612
be35c8f2,blend_guarded,2.2905004556908386,790.6483423751589
be83e781,blend_guarded,1.7359307863266153,384.0562257014298
beda8696,blend_guarded,7.1376584765078865,309.90878222474225
bf39bc20,blend_guarded,6.040629410104066,373.9874864216263
bf70b410,blend_guarded,13.099558085713205,451.8079535599153
bffe3082,blend_guarded,10.150647279653981,672.0663363835546
c03b9305,blend_guarded,2.1753579505110388,788.1052134076127
c03d4aed,blend_guarded,11.101661812111093,695.8011150464969
c03fba65,blend_guarded,18.348399062404265,5893.922361789407
c07fd0cd,blend_guarded,8.29280059772757,453.46564588747356
c1708b88,blend_guarded,21.905235709874425,1693.958175693997
c1d046f4,blend_guarded,16.77162983439904,86.6451014191666
c2717d4f,blend_guarded,9.170684091317787,254.75764973810655
c2c4db09,blend_guarded,7.9253373965598515,603.7211795189904
c2c6fc71,blend_guarded,14.843563104393834,223.63873412288683
c36625df,blend_guarded,7.8102959410399855,856.2612543492522
c3957531,blend_guarded,10.381980141318982,256.3560789214622
c42fe306,blend_guarded,10.164369887816163,797.4772468855715
c43812e2,blend_guarded,6.203235446464653,1339.112089893728
c472c0b5,blend_guarded,6.149700345078617,166.93596676577033
c47e0767,blend_guarded,21.63846526694936,155.80823919175182
c50b42f6,blend_guarded,7.3889138168599136,333.7858416709582
c593337f,blend_guarded,23.110130532631594,1739.9960786447969
c59b6c4a,blend_guarded,15.599205150942348,547.6276126161605
c66be2b8,blend_guarded,18.726735077396903,426.83193706639713
c6797dd7,blend_guarded,9.475554905131592,759.8756656848515
c6b782a4,blend_guarded,10.420786832302804,384.2316011210162
c6c96179,blend_guarded,11.06867227569157,707.4710977135059
c70c0e01,blend_guarded,10.243196186380748,504.6530242651169
c84c65be,blend_guarded,7.609521567341328,6457.035995137644
c8d9680c,blend_guarded,44.28955287753571,200.126655146364
c908edd0,blend_guarded,7.194727490374362,494.3863794645422
c9578d27,blend_guarded,9.16256909221845,333.45837401362036
c96c018a,blend_guarded,9.517817179811484,408.1236464602166
c99f9fae,blend_guarded,5.252960794838079,1084.8189618551382
c9e6734f,blend_guarded,9.823713767655093,244.43476614445458
c9e980e8,blend_guarded,12.28567542816863,642.6153034282563
c9fedcf3,blend_guarded,1.9224804529184485,1299.3966948166617
cad13e8f,blend_guarded,11.8958632673211,340.131638781206
cb34231f,blend_guarded,6.879944336545321,184.13129228906436
cb879f40,blend_guarded,9.839517653657461,218.1748576258722
cbb406b5,blend_guarded,7.32309274172978,618.5537703383592
cbe51de1,blend_guarded,8.645181530883601,307.1572178868592
cbe62450,blend_guarded,20.61405093879915,178.62219626911465
cc08aa63,blend_guarded,9.97294579791017,373.9874864216263
cc8a1d57,blend_guarded,30.369869691667674,856.2474690180142
ccedb12b,blend_guarded,8.466333745506635,236.4018900094347
cd7f1687,blend_guarded,14.82176546536893,216.6619950521545
cda7eb37,blend_guarded,7.333835140778653,429.54885752417954
cdc31d65,blend_guarded,9.514456304695752,220.8237444206809
cdc60a53,blend_guarded,7.590397993059429,275.31903257844556
ce55ba43,blend_guarded,11.277677664615162,283.0103620008831
ce8399b7,blend_guarded,1.5285107178824835,1905.5389975804796
cf50c9d1,blend_guarded,31.57026837630906,369.0513634982427
d00e7eb9,blend_guarded,9.167689805498986,872.071849906842
d011f41b,blend_guarded,3.6976649600728586,0.0
d07aed8f,blend_guarded,8.635737666026362,2832.741276043545
d085e611,blend_guarded,12.311171121954013,0.0
d0a0e7b5,blend_guarded,9.207875133259211,336.72329084865765
d0a43760,blend_guarded,2.812877430679548,1562.6739711146588
d0cb63ae,blend_guarded,31.633952777308245,891.9104346291638
d114d9c2,blend_guarded,7.774455786469722,308.98393809386755
d1457cc5,blend_guarded,6.842913818314257,884.6136264490503
d1ecf309,blend_guarded,8.51198034775796,401.262951815832
d1ee630d,blend_guarded,6.643886666221361,446.84304682975136
d217e0c5,blend_guarded,8.800699195456232,464.24347803702034
d24ff243,blend_guarded,3.0754149674123488,666.9586257031009
d273674e,blend_guarded,2.60320845293155,502.27947479502006
d2f3b1ab,blend_guarded,16.90818331994059,692.892474847352
d3df146b,blend_guarded,6.734428211242964,352.1732372000718
d40f61d5,blend_guarded,2.7450366660891783,695.850648487151
d41beaf2,blend_guarded,15.209895273242905,314.2461692689048
d463e527,blend_guarded,5.578487224674082,601.80359462206
d4f60a28,blend_guarded,5.327776620464983,255.0441493152273
d50c649a,blend_guarded,2.2862049727192852,452.08725540535687
d543916f,blend_guarded,6.142907894550465,238.40900696110396
d5df0ff5,blend_guarded,20.1376943830111,1876.8912207424692
d60430e6,blend_guarded,7.497495664808926,494.57752172949426
d63196fe,blend_guarded,18.55150353420509,679.8420905622397
d6c320d9,blend_guarded,12.876105286325577,347.27663742304566
d6dd7330,blend_guarded,9.275632010079951,123.54244007625115
d7ba4f9d,blend_guarded,10.661651186891936,151.19408354819515
d7eb0be8,blend_guarded,37.85462672403843,191.64130348127284
d84b621b,blend_guarded,18.150756826214305,446.29741854502043
d90aa14c,blend_guarded,14.579874728700727,872.071849906842
d924e971,blend_guarded,16.01475280479249,688.8492869273032
d9ae59b2,blend_guarded,11.074041030003515,969.0103603677898
d9d6d94d,blend_guarded,10.746465923430984,537.9362141556397
d9eca87b,blend_guarded,17.25444220703593,572.4575884724273
da2d4d7c,blend_guarded,3.4342223448447267,501.87577845498924
da3bfe4e,blend_guarded,31.040416816082416,167.7994547071152
da3cf798,blend_guarded,13.327769054665888,1905.5389975804796
da940160,blend_guarded,4.698291261397706,404.8412105998619
dafc88c3,blend_guarded,9.625860043431546,341.113621686398
dbee6c86,blend_guarded,6.789521688892198,231.32171061081877
dc5fbe29,blend_guarded,5.197516065368276,5482.205712393514
dc7da28f,blend_guarded,7.283102140202517,375.58581775679494
dc7f9757,blend_guarded,11.680067045312905,816.5461175587193
dd168de0,blend_guarded,1.5485637949293716,360.93871086377584
dd64382d,blend_guarded,2.3541102400502374,810.9693047826694
dd6bc5b2,blend_guarded,12.780646340781265,2175.5951491489654
dd7d638e,blend_guarded,4.6969749135276295,311.5685967808558
ddc790ff,blend_guarded,8.265474964663825,730.3217325258304
df71d1ff,blend_guarded,10.531896238408418,296.51786202518025
df73b8f3,blend_guarded,8.373061192747382,120.12210995466528
df8290be,blend_guarded,17.425469193867325,326.85334341283675
e0079ed1,blend_guarded,6.693864313832781,396.6159382824991
e03b45fd,blend_guarded,7.357386508852709,356.2541088885832
e0f36d98,blend_guarded,16.295502538898866,285.4294422447561
e149204f,blend_guarded,4.559497379819659,445.4000112259253
e14d641e,blend_guarded,6.852572422386956,340.0234324276718
e161bd0c,blend_guarded,2.7464276921983974,304.22541790555783
e201fd6d,blend_guarded,15.775540322086648,872.1740631892926
e25f1537,blend_guarded,14.046240711338976,124.47522042578048
e2fc7745,blend_guarded,8.714623926410749,513.746736535034
e32da4ec,blend_guarded,11.346793273487048,201.44270177897872
e3b34f5b,blend_guarded,8.896131100986569,340.66607594528057
e45a2a62,blend_guarded,21.325745998331747,693.8848294206138
e46f4ef4,blend_guarded,3.689032182670876,350.33928141164705
e4726608,blend_guarded,1.8602291316610637,211.403472062154
e5864244,blend_guarded,15.29148421015449,255.0441493152273
e5c92e59,blend_guarded,7.7277657790117456,814.7513756354983
e5ff9fd2,blend_guarded,5.805085155979338,5006.475323818147
e6c55748,blend_guarded,7.330471648064199,288.2732642821676
e730c32b,blend_guarded,7.42619003150896,381.9524421964513
e737965a,blend_guarded,10.289769627501519,341.2819119146672
e748dd88,blend_guarded,3.385125682960842,1380.7103389925364
e7818f7a,blend_guarded,13.273945594759716,506.0023519709952
e7c36e81,blend_guarded,9.489566379728576,456.25658888398317
e7d0c1de,blend_guarded,8.735401243793223,354.47294410168126
e85074c5,blend_guarded,10.415983065779546,258.09645968117127
e97032ad,blend_guarded,8.348112882012478,456.25658888398317
e9949a23,blend_guarded,8.317919793758069,409.1014319211866
ea0b99b7,blend_guarded,11.178743266625892,315.6761500339613
ea3a0e38,blend_guarded,8.846722690491138,914.6865330809674
ea41324e,blend_guarded,5.746689189048689,448.0654757955242
eabc711b,blend_guarded,12.591438257538526,696.204673641085
eac10e86,blend_guarded,3.78837391154278,575.3804635194074
eafb863e,blend_guarded,8.199768934777076,354.99921408365276
eb06a4e7,blend_guarded,9.508339750732343,254.75764973810655
eb640a35,blend_guarded,9.944650772586307,393.69012205038473
eb934281,blend_guarded,5.228238364121701,251.6948630784195
eba6605e,blend_guarded,8.85574342483614,5871.724446302043
ebe69318,blend_guarded,3.5644023589218548,686.2642220017262
ec0d597b,blend_guarded,10.577810838000612,570.0749228829853
ec13af42,blend_guarded,8.492261494686975,220.8237444206809
ecdab904,blend_guarded,8.299076614919146,287.648443937986
ecdaf714,blend_guarded,11.757385895667015,1074.5795743918054
ed6436d6,blend_guarded,3.2015947017776134,2486.5238339903444
ed6e6e54,blend_guarded,10.19755219546058,245.98680228801408
edf885a3,blend_guarded,7.205886863018332,759.1660957918359
ee0300f7,blend_guarded,20.65044858252035,2540.383977846691
ee288beb,blend_guarded,30.954134676179688,2345.485662671624
ee4aecac,blend_guarded,4.699366230160265,224.3712102744123
eeda36f5,blend_guarded,7.924025247769657,695.8011150464969
eeed308d,blend_guarded,5.968772303729544,275.31903257844556
ef04658e,blend_guarded,6.910854515436834,78.11375871113562
ef8e3ed0,blend_guarded,18.07832048559417,472.8086439566805
efde6ac3,blend_guarded,6.927714456606518,0.0
efe96181,blend_guarded,27.66395438608676,148.0420430147734
f0188a48,blend_guarded,2.7650420073450324,1693.958175693997
f021b650,blend_guarded,11.098988635133855,2977.780474279231
f03f10fe,blend_guarded,4.573463577074646,379.52710706896244
f053a1b9,blend_guarded,11.293281415315219,443.23240765999094
f074d277,blend_guarded,9.199065636393012,1395.6010986309716
f07d7037,blend_guarded,5.468854769827478,251.6948630784195
f08774c3,blend_guarded,10.456527932302492,1503.3841484466916
f140c2fa,blend_guarded,12.2001013106171,420.11684850765937
f16e25e3,blend_guarded,2.7428614728925806,948.480908031269
f2d4c8c9,blend_guarded,9.065124738891372,477.41254214785795
f321a31c,blend_guarded,14.402445153880388,651.5424508808836
f40cd091,blend_guarded,9.688092265481606,352.3304138163702
f439a621,blend_guarded,6.12739129154859,121.10156563796214
f49fdea3,blend_guarded,10.02536156801979,783.4510814342718
f4d12d23,blend_guarded,17.578087299296964,332.765438860785
f56d3ace,blend_guarded,4.2961576334692895,448.0654757955242
f5859199,blend_guarded,11.143953039963321,4301.1156051659145
f5d8aab6,blend_guarded,18.41268677005124,205.1186788180608
f631da6e,blend_guarded,7.485971828422391,1093.8183615667167
f6824bb0,blend_guarded,18.791377376371287,342.29534907726173
f6bc699b,blend_guarded,9.415199608966052,787.3228853526308
f6d009f4,blend_guarded,24.36901842839408,479.4750551384492
f72b268f,blend_guarded,6.2813995376596985,354.9009227943209
f8662c22,blend_guarded,13.28590240820288,574.9275491747276
f88ddb26,blend_guarded,55.56865002229292,1145.2715266695677
f8afa78a,blend_guarded,12.743779360006666,451.8079535599153
f8f59188,blend_guarded,6.208202098911002,488.7036934582905
f9fc81aa,blend_guarded,5.068214414978025,350.36325677778564
fa16d114,blend_guarded,22.920044897980205,500.3193192352561
fa31da94,blend_guarded,4.753001611335353,598.602202217775
fa667be2,blend_guarded,9.484917166715578,163.7862341591579
fae0c593,blend_guarded,9.344262220011059,241.09196606281986
fb03ae90,blend_guarded,37.97429347928968,405.9235889920556
fb0904bd,blend_guarded,3.7573731856927077,1436.0748560227817
fb3848a1,blend_guarded,8.743312050118623,637.8869884234749
fb73b13a,blend_guarded,11.239194917900042,479.4750551384492
fba7683c,blend_guarded,2.709196254196224,1132.067152955183
fbd68d27,blend_guarded,27.02943691771419,290.8560289903569
fc03f21f,blend_guarded,16.73655729927056,360.36984224554186
fc0d20b2,blend_guarded,14.940118457222491,2015.7112779610497
fcfcc902,blend_guarded,8.452695884626854,1530.9008428047455
fd3b4faa,blend_guarded,9.16835958386991,488.7036934582905
fd710aea,blend_guarded,4.836086094580019,319.5400619639575
fd8f77fa,blend_guarded,21.886341199145683,405.4355211372632
fde20ecf,blend_guarded,9.80237051061949,460.5971039860524
fdfd57da,blend_guarded,2.4681773900269137,679.7909893491068
febb4411,blend_guarded,10.471557870621467,516.880236515124
fef8af96,blend_guarded,37.28326313157157,837.8206658946208
ff0aea78,blend_guarded,31.053526362613077,336.07143243639024
ff8bb73a,blend_guarded,7.554229654985406,246.41405033004006
ffefef30,blend_guarded,8.497681175093321,164.29219488480655
