well_id,rows,ps_x,ps_y,missing_gr_share,self_reference_coverage,prefix_selected_config,oracle_config,prefix_selected_direction,correction_correlation,cycle_skip_share,type_raw_path_cost,type_multiscale_path_cost,self_multiscale_path_cost,hybrid_multiscale_path_cost,spatial_fold,ridge_prior_rmse,type_raw_rmse,type_multiscale_rmse,self_multiscale_rmse,hybrid_multiscale_rmse,prefix_selected_rmse,oracle_config_rmse
000d7d20,3836,2983537.09,1070211.72,0.47340980187695514,0.8006134969325154,hybrid_multiscale,hybrid_multiscale,-1,0.7184569373910102,0.0,0.362746100499232,0.4417479865384137,0.5329046204968915,0.5002761648598855,2,10.403864147297613,16.288556729128675,9.132476854524954,10.256788541425928,8.732141676209112,8.732141676209112,8.732141676209112
00bbac68,6014,3010141.51,1085386.84,0.13834386431659462,0.8422131147540983,self_multiscale,self_multiscale,1,-0.3668392193094844,0.12354506152311273,0.7819156766601294,0.9219206776290545,1.1698661141701459,0.9235725472919332,1,16.654892591895276,28.677528771118894,27.288537702488448,15.855771540273428,27.35986913210356,15.855771540273428,15.855771540273428
00e12e8b,4301,2970242.14,1061624.18,0.09718670076726343,0.7784711388455539,type_raw,type_raw,-1,0.617702639391949,0.0,0.49178814801950776,1.3876798884501755,1.6542540500189837,1.3884899858407005,2,11.07426774959646,12.607852895654304,17.092295424228308,97.31292650723962,17.200156202147696,12.607852895654304,12.607852895654304
015fe0d2,4296,2999437.77,1076617.71,0.3202979515828678,0.779874213836478,hybrid_multiscale,type_multiscale,-1,-0.5522205022571267,0.436219739292365,0.5786324057254773,0.8108127860643273,0.8560420010514941,0.8541284628090038,1,19.57167906212856,21.995018425121128,16.40823944105332,20.59806942441549,28.214271326248063,28.214271326248063,16.40823944105332
01869cd4,5557,2972339.21,1067631.93,0.5112470757603023,0.7358490566037735,type_raw,type_multiscale,1,0.17855969353392037,0.0910563253554076,0.26186003739851954,0.35860571790064416,0.8966162524423666,0.36204581802915176,2,4.839364085380901,20.251742824785794,9.131563729471635,14.181505619558784,9.131563729471635,20.251742824785794,9.131563729471635
01982c1d,3941,2995920.77,1123083.74,0.15808170515097686,0.6936936936936937,self_multiscale,self_multiscale,1,0.6772343800335451,0.0,0.705574938026626,0.9880009566496877,1.6575929068224373,1.1028764755451093,4,10.360036420971548,30.729685942874305,18.720588261094125,6.422830739395851,10.479233658116554,6.422830739395851,6.422830739395851
028d7b28,6234,3006220.63,1071728.54,0.2330766762913058,0.6247191011235955,hybrid_multiscale,type_multiscale,-1,0.9402518574991464,0.0,0.5762546944454303,1.2511254921782167,2.386743064561572,1.2511254921782167,1,32.91115802563417,50.035268226103476,12.212704366631526,60.859700811918906,12.212704366631526,12.212704366631526,12.212704366631526
02e7fe5a,5108,2985944.39,1059842.88,0.6366483946750197,0.7865612648221344,self_multiscale,self_multiscale,1,0.5450545242132416,0.0,0.4407941331503115,0.43884201699045366,0.4869819753384357,0.4435097655348676,2,4.7018009330346375,33.57916216488116,10.851908455658547,9.203697129821277,11.745842103270343,9.203697129821277,9.203697129821277
0390d174,4411,3000367.13,1126868.46,0.4978462933575153,0.5920745920745921,type_raw,self_multiscale,1,-0.20537280485963122,0.46724098843799594,0.643996480465099,0.6870712921399316,1.063720436841758,0.6870712921399316,4,9.499800899056327,36.16148571671969,26.405486024283558,8.973361269269661,26.405486024283558,36.16148571671969,8.973361269269661
03a935ae,2786,3035132.17,1088446.36,0.040559942569992846,0.7980295566502463,hybrid_multiscale,type_raw,-1,0.4959088267844365,0.4519023689877961,0.4441489621542458,0.8420393305665983,0.9775638077781835,0.9284905172660516,1,25.8839545653715,12.084717128806732,29.74362745940112,34.90406255190669,34.90406255190669,34.90406255190669,12.084717128806732
044af7d1,4519,3009963.74,1109783.7,0.6589953529541934,0.713527851458886,type_multiscale,self_multiscale,1,-0.5769690509071844,0.3980969240982518,0.38072336213774594,0.5512904024189939,0.762692058853032,0.5533007354179251,4,3.7049079681811214,20.88873916171856,29.43828341133004,10.934154087217376,29.43828341133004,29.43828341133004,10.934154087217376
0498acab,4798,2990902.67,1094686.08,0.4745727386411005,0.7833333333333333,type_raw,self_multiscale,1,-0.6859765440098767,0.22446852855356397,0.4712693782421451,0.6112748618099917,0.7781431877814444,0.6112748618099917,1,1.8259257022175164,26.839984243461107,19.17414169102032,7.735871826888834,19.17414169102032,26.839984243461107,7.735871826888834
052d64df,2445,2980042.63,1098824.19,0.2752556237218814,0.8511029411764706,hybrid_multiscale,hybrid_multiscale,1,-0.6158888468820671,0.0,0.547843639854752,0.9084040609467924,0.8450343344400018,0.901803108152369,2,3.6542060371164107,28.70709726272475,31.0431726572825,8.988153537194336,7.185961669287883,7.185961669287883,7.185961669287883
05948241,3879,2958373.02,1088015.57,0.5986078886310905,0.8487394957983193,self_multiscale,self_multiscale,1,0.45228733605994104,0.0,0.25790321883932643,0.3487082215532197,0.4317087155026099,0.4090712764891589,2,6.8456285921774,17.206748025043,14.337809485607684,4.189782465415296,10.187256607644581,4.189782465415296,4.189782465415296
059c8f24,6258,2913888.22,1065892.74,0.43528283796740175,0.8807785888077859,type_raw,self_multiscale,1,0.9238013559798804,0.024928092042186004,0.3867965716668313,0.45997710260902785,0.6065289954590389,0.4584511445930216,0,29.657981581383606,16.553540292973736,8.191148451799085,7.7167805896361195,8.191148451799085,16.553540292973736,7.7167805896361195
05a0ee4d,4348,2994134.54,1101655.05,0.35970561177552896,0.8506493506493507,self_multiscale,type_raw,1,-0.19551476226703773,0.17065317387304507,0.5282959773121572,0.7439402903993219,0.8332812502655883,0.7802724772587999,1,19.442762953393625,11.850354262052942,23.806294385013228,18.68971247606283,18.13522572882714,18.68971247606283,11.850354262052942
060ab2b8,6258,2900383.33,1026721.52,0.5749440715883669,0.8616236162361623,self_multiscale,self_multiscale,1,0.749814616384071,0.0,0.510526645124126,0.616033518957732,0.7651699400908372,0.6718544839870404,3,9.516445543786908,13.28651660541282,35.077700088237734,9.495417256836777,34.72929285870763,9.495417256836777,9.495417256836777
06df5958,3509,2904418.46,1026188.34,0.18922770019948698,0.9196141479099679,self_multiscale,self_multiscale,1,0.41578415584256073,0.0,0.7236252917449546,0.6687844770548781,0.796856221311329,0.6682767245908873,3,2.832316595832781,10.35393528109335,12.642137278451912,3.5055126191876016,12.642137278451912,3.5055126191876016,3.5055126191876016
071d7b45,3211,2946099.07,1078534.33,0.15384615384615385,0.7372262773722628,self_multiscale,hybrid_multiscale,1,0.5231412395243041,0.0,0.6481283554610289,0.8094849711978794,1.121116811952321,0.8785712933108913,2,5.7668748465462665,32.60832236579623,19.140574346061527,17.22099518188495,13.437635569702929,17.22099518188495,13.437635569702929
0849b4e2,5537,3021305.33,1117926.67,0.24995484919631572,0.7853403141361257,type_raw,self_multiscale,1,-0.8784062485302788,0.2867979050027091,0.569511554453273,0.8158387828007233,0.7506152784285872,0.814901985069843,4,9.646134349852368,33.94152588992298,35.36786355543772,17.047546456961836,35.366493945852525,33.94152588992298,17.047546456961836
084d66f9,3885,2930389.08,1055817.85,0.6463320463320463,0.8529980657640233,type_raw,type_multiscale,1,-0.14622223615082736,0.08545688545688546,0.30693484264922566,0.7435042532021188,0.6382688386996014,0.70291226639431,0,10.855805301348799,17.270764279273124,13.619542207271461,15.659843831559513,16.063954900732593,17.270764279273124,13.619542207271461
08fecf00,5574,3021760.64,1118037.76,0.2823824901327593,0.829136690647482,type_raw,self_multiscale,1,0.4305371293984242,0.1392177969142447,0.5904183944749565,0.6551487785247676,0.5798432818872599,0.6552212477681498,4,8.380172400819612,24.32733593432371,45.67940911030541,5.7826147534790415,45.67940911030541,24.32733593432371,5.7826147534790415
09053135,5907,2990233.33,1088115.71,0.4218723548332487,0.8387096774193549,self_multiscale,type_raw,-1,-0.17449434044039686,0.22583375656001353,0.4747324946018894,0.9557080955846275,0.6169072173121101,0.8126509860223055,1,6.26711138462597,9.603965019731197,20.520641010932938,27.101317137848785,20.520641010932938,27.101317137848785,9.603965019731197
09441b8d,5488,2907439.61,1039438.99,0.11716472303206993,0.7325581395348837,self_multiscale,self_multiscale,1,-0.33445519696335435,0.0,0.5016029825173237,0.931853272837774,1.189793903651227,0.9390224042970515,3,10.608985660294566,15.370548952764548,25.132976410354708,11.154054697196361,20.11801292626637,11.154054697196361,11.154054697196361
0955cd6c,5195,3026965.94,1120300.64,0.6454282964388836,0.827433628318584,type_raw,self_multiscale,1,-0.37449468090709276,0.12762271414821943,0.451587074474612,0.5164125779965758,1.067952744338197,0.5164125779965758,4,1.9850012067064988,18.469335065645435,14.210347425581212,9.042856647245657,14.210347425581212,18.469335065645435,9.042856647245657
09ec2ca9,5885,3004613.51,1124323.33,0.5604078164825828,0.9084821428571429,self_multiscale,self_multiscale,1,0.5798450144853071,0.0,0.4542828525715075,0.4022667417277587,0.3686547506247341,0.4401787903574769,4,5.171920023487145,9.213922969212494,24.147474639242354,6.630424809322625,19.26019724439377,6.630424809322625,6.630424809322625
0a57a29c,5821,2903154.78,1031606.16,0.5299776670675141,0.7407407407407407,self_multiscale,self_multiscale,1,0.908001638407503,0.0,0.4965828173771345,0.5282026334953299,0.4996557360896769,0.5418630181951407,3,12.38788686573115,25.406367613050755,24.215225186222256,4.753717963721955,20.635735697706746,4.753717963721955,4.753717963721955
0bbf5e67,4298,2898465.23,1035454.15,0.5274546300604932,0.9777227722772277,type_raw,self_multiscale,1,0.2865533013423924,0.2263843648208469,0.36540879235177576,0.37906085212290697,0.38114669922335154,0.3858275177510185,3,3.3612877397690863,27.13379447703893,25.549755296329394,20.768249995944068,25.463740082469446,27.13379447703893,20.768249995944068
0be01c24,4738,3007025.59,1115594.86,0.03503588011819336,0.7629482071713147,type_raw,self_multiscale,1,-0.43911956627540916,0.27247783875052767,0.7815008711623876,0.9010892794274631,0.932584062540853,0.8983894295341902,4,5.665522461708763,35.28049788184066,19.298435179565768,8.5030281224989,19.299701991500736,35.28049788184066,8.5030281224989
0c1b160c,5054,2971493.79,1093983.63,0.5209734863474476,0.7874659400544959,type_multiscale,self_multiscale,1,-0.3740745891500428,0.0,0.45108126365640916,0.43848001072593806,0.45171364972685396,0.4550767433906467,2,7.605430910659996,13.744876795592416,11.100661274560833,8.4253597796122,8.777119547262428,11.100661274560833,8.4253597796122
0d99f8e4,5823,2894603.55,1035730.09,0.5399278722308088,0.7520435967302452,hybrid_multiscale,hybrid_multiscale,-1,0.06830537853760774,0.0,0.33840264743602866,0.3710462529263443,0.3327605777775275,0.3607539444078308,3,8.21618938294797,31.111521879847423,12.96177054741559,7.444079829385735,7.41868756772687,7.41868756772687,7.41868756772687
0dc5e64d,4879,3011768.19,1123435.16,0.011477761836441891,0.6582278481012658,self_multiscale,type_raw,-1,-0.39082779103810117,0.1451117032178725,0.48441529521207655,1.3032028784448875,1.3888571452031313,1.380051800975444,4,8.090176518263808,22.19975458485507,32.55478027122738,25.65165457379779,22.3394431705979,25.65165457379779,22.19975458485507
0dc835f3,4428,2994598.89,1122751.15,0.03342366757000903,0.42,type_multiscale,self_multiscale,1,-0.5710649004154391,0.12353206865401987,0.7013013208522124,1.4032261137775002,7.343986160210381,1.4135184842798814,4,13.505421903302176,38.552378160839304,27.524231275972053,6.651531605312926,27.52471987781471,27.524231275972053,6.651531605312926
0dd99dc5,7342,3008205.64,1075225.59,0.476436938163988,0.7,self_multiscale,type_raw,1,0.24817201877331313,0.0,0.4839477009242952,0.48387431546963294,0.6406787971516593,0.48588077540840346,1,8.00176158681288,11.737180734932357,18.451737085461204,13.503728613292617,18.454058470693287,13.503728613292617,11.737180734932357
0e5e560d,3253,3010143.81,1129475.86,0.28466031355671684,0.8652173913043478,type_raw,self_multiscale,-1,0.8995572636849171,0.19335997540731634,0.5712755960421956,0.8757625176518331,0.8386459750751535,0.9035206831605983,4,7.111108819907185,27.64427275864101,22.930044488395254,10.758777664479116,24.172041127545608,27.64427275864101,10.758777664479116
109d9d70,4215,3021163.99,1105799.28,0.41328588374851716,0.856,self_multiscale,type_multiscale,1,0.6211443464206816,0.0,0.5285201080046451,0.6977599143818111,0.6905853053809298,0.7343159627656705,4,12.694792667001119,38.933778535861194,6.250487377438371,8.499561878318774,16.686930588914095,8.499561878318774,6.250487377438371
10a1281a,5609,2903487.25,1027854.73,0.042788375824567626,0.8235294117647058,self_multiscale,self_multiscale,1,0.9429404766242034,0.0,0.8109709432026434,1.3036733796571014,1.8379281003163965,1.3635918999007948,3,9.778854381764555,29.85041325287561,58.67204985172098,20.192114319499836,58.82990626337428,20.192114319499836,20.192114319499836
10b89021,5414,2984191.74,1056901.26,0.5733284078315478,0.7549407114624506,type_raw,type_multiscale,-1,0.9121097129679471,0.18969338751385298,0.4387876728083385,0.4495334390717003,0.46509157049667416,0.46984587060802196,2,8.709418102276723,25.279017905505825,11.5316481179355,12.251875004751206,13.563889929337487,25.279017905505825,11.5316481179355
10be2420,3271,2953996.7,1085095.04,0.5166615713848977,0.8492063492063492,self_multiscale,type_multiscale,1,-0.8393104691503964,0.0,0.2664061258421756,0.619113130441683,0.7971770656013913,0.6687891512223714,2,5.355303328808098,23.922410731750915,5.866617598608408,13.959977687684761,19.321588693381063,13.959977687684761,5.866617598608408
113011eb,3272,3002880.72,1072006.81,0.5030562347188263,0.6179401993355482,type_raw,self_multiscale,1,-0.7125385578732529,0.26344743276283616,0.329453281210836,0.4249518506114275,0.5424398602581455,0.42503002751458,1,8.539072823128691,24.098220184814288,22.36032877380958,7.741014252045292,22.36032877380958,24.098220184814288,7.741014252045292
1131525f,4159,2902247.96,1025488.12,0.353931233469584,0.8461538461538461,hybrid_multiscale,type_multiscale,1,0.756301630626425,0.0,0.46115099302998486,0.46100818045083636,0.5925908400059672,0.4613400260142878,3,11.35774002358771,16.278971030503474,8.779915795457917,14.977926196325923,8.779915795457917,8.779915795457917,8.779915795457917
11d0f5ac,4883,2890869.91,1029447.1,0.4040548842924432,0.7557471264367817,self_multiscale,type_multiscale,1,-0.0414974519368517,0.0,0.6328637241379597,0.5268748044064318,0.5282550516546441,0.531452678503394,3,6.40313716818221,27.784100838244264,18.24868391395509,19.839111104800896,18.24868391395509,19.839111104800896,18.24868391395509
12203f2a,3261,3014585.75,1115197.8,0.291015026065624,0.8333333333333334,self_multiscale,type_raw,-1,0.38079800403392977,0.978227537565164,0.5628897875862249,0.7558166088208799,1.117545800509805,0.8169053245293705,4,9.659807416701495,13.740895445191898,20.031191539661975,40.905251292313885,16.093882959722503,40.905251292313885,13.740895445191898
122bd617,4570,2958527.34,1087265.31,0.30459518599562363,0.8091216216216216,self_multiscale,type_multiscale,1,0.054702226910250694,0.0774617067833698,0.4445228181904114,0.7925966339155553,1.3694875557323605,0.8009206403445971,2,12.745289248238569,21.24158206648188,14.70916729883126,17.735647198611474,14.90396478461874,17.735647198611474,14.70916729883126
125be846,6510,2983059.94,1104508.08,0.27588325652841783,0.8072625698324022,self_multiscale,type_multiscale,1,0.27048934569846295,0.0,0.4824597257381875,0.6188382514020505,0.5224552761249943,0.592673082783703,4,17.718363304735664,28.592364199883242,19.3479312254186,21.31795401629468,19.36025066962663,21.31795401629468,19.3479312254186
1285a37b,5597,3015603.5,1081530.61,0.04180811148829733,0.875,self_multiscale,self_multiscale,1,0.7706276032219481,0.0,0.8298360758132948,0.9919899683789648,1.1005588553071437,1.0582924842052754,1,2.7122064839694318,9.759697774885067,40.99848956208113,2.3235596165120924,44.13801760435797,2.3235596165120924,2.3235596165120924
1295a25b,5551,2972358.25,1066410.34,0.4455053143577734,0.8303571428571429,type_raw,self_multiscale,1,-0.25748407381378113,0.09061430372905782,0.45274884596933956,0.672275544978334,0.7040907275039326,0.7549004261874539,2,7.6784917799153805,21.030060730595867,13.800083879396025,10.341249315177791,11.630399347183122,21.030060730595867,10.341249315177791
12f0cd90,5947,2998856.82,1114735.51,0.29140743231881616,0.7793696275071633,type_multiscale,type_raw,-1,0.729411000390089,0.0,0.6216321546626504,0.7287705817312573,0.742091598521285,0.749497460512022,4,19.42964857943912,7.450265609984931,11.834331128420677,10.242004396643825,7.653980981795157,11.834331128420677,7.450265609984931
137d1e44,4554,3018128.0,1082893.85,0.48572683355292046,0.8622754491017964,self_multiscale,self_multiscale,1,-0.6113792883999514,0.38844971453667104,0.4656534655511323,0.6151666347062379,0.5874866391052792,0.6841873262632788,1,15.440596613541258,40.17736651828384,58.212899722655614,25.485343867449885,47.1746439379663,25.485343867449885,25.485343867449885
13ce113d,2966,2896618.98,1041422.05,0.19116655428186113,0.8254545454545454,hybrid_multiscale,self_multiscale,-1,-0.36013101334297065,0.0,0.242737604479294,0.6662336802194945,0.7982527602377686,0.5589662458357983,3,1.4890744913230078,11.780619157225205,8.768946419505525,4.712126563435097,13.073792452447998,13.073792452447998,4.712126563435097
13f598d9,7306,3008015.28,1075109.59,0.556118258965234,0.7248322147651006,self_multiscale,hybrid_multiscale,1,0.31728196773634537,0.0,0.40913724402494883,0.4282829015805286,0.5672382362428717,0.4282647725798331,1,3.9337747899576447,19.016708624938616,10.843447435469544,17.454896323570058,10.842009056845514,17.454896323570058,10.842009056845514
14a53cb3,6919,2913269.24,1038103.79,0.1307992484463073,0.8309572301425662,self_multiscale,self_multiscale,1,0.5032688229133405,0.0,0.660418830277842,0.7497122952832017,0.6772931637961346,0.8091491208676044,3,4.972565965171222,23.483679517603463,27.08925059774979,9.458060308455378,32.03460429860651,9.458060308455378,9.458060308455378
14ab73fb,3649,2903296.24,1018362.5,0.4097012880241162,0.8943089430894309,self_multiscale,self_multiscale,1,0.8658049605969468,0.0,0.3216544827447449,0.667198311924255,0.970465224410482,0.667198311924255,3,17.288166625546634,31.71860959179678,50.053518016207754,13.485827477445913,50.053518016207754,13.485827477445913,13.485827477445913
14ad5efb,5842,2997563.77,1114137.32,0.2038685381718589,0.7897727272727273,self_multiscale,self_multiscale,-1,0.8194114016531311,0.0,0.6267882549770948,0.7593327713254896,0.7666779806630295,0.8032735382758293,4,11.741619356160356,13.734198422158276,20.17547077228348,7.205073495863521,11.342802368010418,7.205073495863521,7.205073495863521
14fee784,4910,2991737.38,1122727.19,0.6004073319755601,0.7953890489913544,self_multiscale,hybrid_multiscale,1,-0.8261354499685044,0.395112016293279,0.3624251917315926,0.6779593254804857,0.6366128763263073,0.6312421287141389,4,17.24495165658998,25.184186530068118,23.1654134499149,26.350141260727206,18.506245708375104,26.350141260727206,18.506245708375104
153552f5,4695,3002998.13,1091122.37,0.20788072417465386,0.7231638418079096,self_multiscale,type_multiscale,1,0.7768955684125087,0.0,0.702071422048483,0.8729352364464107,1.5901157915004365,0.9943788335263026,1,7.875985973203193,19.647634468090466,3.9485860614887742,6.436892787206581,11.492975223536092,6.436892787206581,3.9485860614887742
1550491d,4563,3005693.13,1111889.31,0.037256191102344904,0.7209302325581395,type_multiscale,self_multiscale,1,0.26116397973843336,0.10278325662941047,0.7273553891144691,1.0771841441386336,1.2490353328509276,1.07944539570657,4,9.10454978940921,25.072180405960136,23.405140793890716,19.585305091330216,23.390726188843672,23.405140793890716,19.585305091330216
155887bb,5585,3009591.42,1084680.85,0.27126230975828114,0.9266917293233082,type_raw,type_raw,-1,-0.1377375109481631,0.08666069829901522,0.7183506738763693,0.8521838998980679,0.8364172470591397,0.8940622685742856,1,10.278396974482671,27.342894762985512,55.5579470081149,32.45757331028442,55.58965565600726,27.342894762985512,27.342894762985512
1590af81,3799,2990638.88,1091164.22,0.20821268754935507,0.7581699346405228,self_multiscale,self_multiscale,1,-0.5612413256279039,0.0,0.3943541657167436,0.5718080904553787,0.5089400575290582,0.5418960546315087,1,3.442844975222191,28.73049564890324,8.845524928805593,6.206855983532652,6.241435121162118,6.206855983532652,6.206855983532652
15e154a1,6068,2958704.39,1080106.34,0.48599208965062624,0.759656652360515,type_raw,self_multiscale,1,0.43366986240476696,0.21440342781806196,0.3412646368609451,0.5172392979894415,0.5354939106749157,0.5165084818790193,2,12.297951917471504,24.02539089477357,28.142849977890318,23.88246721364753,28.088335800509448,24.02539089477357,23.88246721364753
1619e2ca,4443,2994935.04,1095790.36,0.39680396128741846,0.8216867469879519,type_raw,hybrid_multiscale,1,-0.46109800855539984,0.0,0.4004929612035594,0.7215575103342847,0.798108131869092,0.7529464470413494,1,5.616942753497639,12.601728635230634,8.672130311339055,9.90599976315751,7.3698995073605245,12.601728635230634,7.3698995073605245
16e4a047,4131,3012489.44,1101044.68,0.5727426773178408,0.8447937131630648,type_raw,hybrid_multiscale,-1,0.6516504253668219,0.03558460421205519,0.38562162326666727,0.35068421999259136,0.3979361801302316,0.40193604313444425,1,17.858035023235157,11.507888129608428,8.053866668424224,14.041046322136323,4.611951937932652,11.507888129608428,4.611951937932652
173ed841,4883,3023036.12,1083329.44,0.38951464263772273,0.8275109170305677,self_multiscale,self_multiscale,1,0.1417889889537808,0.13024779848453819,0.30689174233137856,0.3826751496526902,0.41813017169933286,0.4019802994202357,1,24.95865488568994,46.57127489648898,32.22642985596648,22.999255403363815,24.37103263721553,22.999255403363815,22.999255403363815
1770d7c6,7240,3010256.46,1076193.88,0.04599447513812149,0.8126272912423625,self_multiscale,self_multiscale,1,-0.23901470191232457,0.0,0.6635434196996358,1.0465749606740338,0.9746826002733595,1.0716328749275719,1,3.902822827497684,24.282120540113254,24.813288906700887,11.679994312536538,17.92920304522799,11.679994312536538,11.679994312536538
177622d7,3154,3008060.77,1088338.57,0.5630944831959417,0.8652037617554859,self_multiscale,self_multiscale,1,0.2513272212271264,0.0,0.3764420745797661,0.37606569350682095,0.4124204667121572,0.37204830737226274,1,16.244805357822383,20.13981257378748,9.505000174290114,7.842564854304679,11.68258136932327,7.842564854304679,7.842564854304679
18d24f7b,4558,2906203.79,1038206.78,0.1309784993418166,0.7922705314009661,self_multiscale,self_multiscale,1,0.5779330412888102,0.0,0.7166359881885828,0.9371416380338248,0.9345682920218744,0.9800686409106331,3,12.156982790559153,26.355029481713842,26.30138765844852,7.735691585689439,22.507093947748974,7.735691585689439,7.735691585689439
19137a89,6267,3003990.76,1135080.09,0.057124621030796185,0.6126582278481013,self_multiscale,type_raw,-1,-0.08030361521912838,0.9725546513483325,0.6441819758801978,1.0115506408439006,1.2102823315736635,1.3159788079527726,4,4.103040256924716,6.862868305707655,34.60066621660409,45.51868072987788,45.542333450776404,45.51868072987788,6.862868305707655
1944513c,4722,3005497.6,1111736.71,0.037484116899618836,0.5446428571428571,self_multiscale,type_raw,-1,-0.03168778310586375,0.9843286742905548,0.6419944697760342,0.7539670922005735,1.1171022537291633,1.2838179966095522,4,12.207864463871081,23.5432059076319,24.725372555521282,93.84132259786512,95.37279488386724,93.84132259786512,23.5432059076319
197f8a5a,6310,2881670.72,1020922.99,0.5215530903328051,0.8373382624768947,self_multiscale,hybrid_multiscale,1,-0.337720523772452,0.17702060221870047,0.43003360041682204,0.4605255817014361,0.43963777541841476,0.4620655338350177,3,14.443941530476465,42.821411633455845,22.99859100941087,24.219561871398056,22.5981732302393,24.219561871398056,22.5981732302393
19871e7f,5293,3001033.38,1072758.46,0.1435858681277159,0.7984644913627639,self_multiscale,self_multiscale,1,0.3123312282005551,0.0,0.5866999822588215,0.8262231307624512,1.0847728172586621,0.8253974726686035,1,6.233639612841368,14.364315180822954,18.30133356865228,5.617126374723634,18.30133356865228,5.617126374723634,5.617126374723634
198a5607,6251,2971283.98,1096313.33,0.26907694768836987,0.857429718875502,self_multiscale,hybrid_multiscale,1,-0.7653476535743491,0.0,0.5293291036175164,0.7707084891357383,0.7537738468513415,0.7876366494294913,2,7.4753977014682285,19.629967547906336,15.99833476826718,15.591587845185982,10.188837164640303,15.591587845185982,10.188837164640303
19fb4f7b,5620,3015850.35,1081796.96,0.04306049822064062,0.9200652528548124,self_multiscale,self_multiscale,1,0.26767691624443385,0.07829181494661921,0.6905932138549324,0.7924147075740331,0.8164251927605211,0.8215978397256035,1,12.408982584848768,36.04811728418593,53.84480150216777,15.8319911853574,54.216517066565615,15.8319911853574,15.8319911853574
1a518997,4606,2908691.48,1038342.14,0.40664350846721664,0.8092243186582809,type_raw,type_multiscale,1,0.39679405410471064,0.0,0.4225486283387803,0.6253104371192754,0.7893286150234097,0.6246059082955178,3,4.481224159426579,8.862076187620382,7.886731196270388,12.945880169917519,7.887304314170643,8.862076187620382,7.886731196270388
1a68190b,4474,2948411.78,1013633.32,0.27559231113097904,0.8062015503875969,type_multiscale,hybrid_multiscale,1,-0.18002795353736153,0.0,0.5694903226158883,0.7151628375181488,0.6726282998486022,0.7097362149807059,3,15.345987446940928,21.117168815329958,13.748538892581305,14.373131094230905,12.028159918445168,13.748538892581305,12.028159918445168
1a730ac2,4605,2989776.65,1094037.97,0.2985884907709012,0.6510903426791277,type_raw,type_raw,1,-0.16888795389603709,0.08490770901194354,0.5757788631676921,0.7800051590765438,1.4632955552474896,0.7816301489557996,1,5.575654245340469,17.146622302809966,28.48667009716559,25.651425498779666,28.48667009716559,17.146622302809966,17.146622302809966
1aaf1da0,4804,3006274.89,1106110.77,0.2670691090757702,0.8281938325991189,self_multiscale,self_multiscale,1,0.46543953520394366,0.0,0.4882868709829105,0.5963826981478969,0.493832994572112,0.6783489019072594,4,9.943094965144768,37.961392544773624,14.787611104339765,6.292500793521623,20.047993685968763,6.292500793521623,6.292500793521623
1b08ed48,5618,2987111.68,1066386.38,0.5802776788892845,0.773936170212766,self_multiscale,self_multiscale,1,-0.2467675948241461,0.0,0.4774862320471607,0.5509928714987902,0.5067670083340181,0.5511836654416131,2,9.329686368493848,18.32309270830924,20.862820825359037,11.085859123185147,15.436920640144793,11.085859123185147,11.085859123185147
1b1c5372,4261,2999392.78,1126597.26,0.3027458343111945,0.8421052631578947,type_raw,type_multiscale,1,-0.7556068552401443,0.34616287256512557,0.5730165376324345,0.7898519496742079,0.7272600368048596,0.8219237752745423,4,22.950118448483,28.40839050511816,14.299559178563653,15.016295226925072,62.060019465265114,28.40839050511816,14.299559178563653
1b1eba53,4655,3034505.99,1097522.59,0.16305048335123518,0.771900826446281,type_multiscale,type_multiscale,1,0.8737479262078205,0.0,0.3703423964521095,0.9845529297273594,1.48579841185711,0.9842873101673271,1,59.258181062458384,43.46504858240339,14.311138254207549,70.77939748405781,14.311138254207549,14.311138254207549,14.311138254207549
1b6ba517,6597,2925282.26,1018277.24,0.42382901318781263,0.8527724665391969,self_multiscale,type_raw,1,0.9386369711377653,0.0,0.3962570632780257,0.6760491148072324,0.7118715855858734,0.7309045298902994,3,21.563588120205655,9.447361571710497,29.914607640676095,10.099207759898455,15.438535648620931,10.099207759898455,9.447361571710497
1b82b665,3806,3000048.18,1126438.35,0.06516027325275875,0.6170212765957447,type_raw,type_multiscale,1,-0.2908883743869598,0.0743562795585917,0.6043563500234872,0.9322665779609136,1.396768624592472,0.9741206085783785,4,3.935697683801888,15.75000733344829,7.183455223935236,9.995508899540898,15.055871721866628,15.75000733344829,7.183455223935236
1bcb2fcf,4524,3014445.55,1095314.05,0.06631299734748008,0.8567567567567568,self_multiscale,self_multiscale,1,0.5068277333564883,0.0,0.6733263170205601,0.836894066720331,0.9547938439511013,0.9077423204825701,1,5.398906450803909,42.376976896003264,22.404538037873976,4.977584256094963,13.496785654762636,4.977584256094963,4.977584256094963
1beca81d,5036,2976828.21,1090205.06,0.47934868943606035,0.7942708333333334,type_raw,self_multiscale,1,-0.5764671357613537,0.11775218427323272,0.29742433931479706,0.5022597316080415,0.8874063506263328,0.5022597316080415,2,10.506530430501172,18.450720388737658,11.412459724087926,7.330198796509259,11.412459724087926,18.450720388737658,7.330198796509259
1d3fbf02,2694,2965363.5,1064041.47,0.3593170007423905,0.7959866220735786,self_multiscale,self_multiscale,1,0.6598319301430012,0.0,0.6101819483304985,0.6818463506632658,0.71482023054292,0.7284448949758559,2,8.401589070678158,19.209076006912504,5.265053759584497,5.078232920188337,12.093938599717887,5.078232920188337,5.078232920188337
1d78281a,4949,2948654.91,1014060.64,0.21479086684178617,0.8037037037037037,type_raw,self_multiscale,1,-0.03270818469110914,0.1707415639523136,0.3872529959173567,0.6084124295451617,0.8127485210532753,0.6156301924673079,3,6.473673445348083,18.870456342929796,16.186767585832303,9.443112877881429,16.18774091373089,18.870456342929796,9.443112877881429
1e30dedf,4071,2996553.87,1128576.04,0.47506755097027753,0.5341246290801187,self_multiscale,type_multiscale,1,0.4063291729448612,0.0,0.23462235915218416,0.6331026286390112,1.2289589953912898,0.7446128548372574,4,2.906381511606087,15.926484790572117,8.748307851959686,9.653686220904502,17.387811005973713,9.653686220904502,8.748307851959686
1e5e3573,5480,3026639.63,1120570.7,0.5923357664233577,0.8554778554778555,type_raw,type_multiscale,1,0.1878658496420163,0.049635036496350364,0.4673182401874631,0.5214986940124473,0.570861022957843,0.5205177531166015,4,10.523766154492945,14.75902825293514,8.28616472106793,11.299598608109134,8.28616472106793,14.75902825293514,8.28616472106793
1f9afacb,5328,3008014.81,1099404.77,0.44069069069069067,0.7784431137724551,self_multiscale,type_multiscale,1,0.4038358774733488,0.0,0.4915880817950085,0.7035697383219311,0.7960432006850766,0.7035697383219311,1,2.1080553640761783,19.046115827035493,2.091416108786071,2.4300419590355236,2.091416108786071,2.4300419590355236,2.091416108786071
1fdbba44,4911,2949438.47,1016335.3,0.19894115251476274,0.7090909090909091,self_multiscale,type_multiscale,1,0.9498580765121751,0.0,0.6035080731514193,0.6923075597099797,0.8454446157255416,0.6973920941921864,3,17.989354355276113,16.47198643394367,8.482949725274688,8.615123644280049,8.717929871368996,8.615123644280049,8.482949725274688
1fee2b62,4641,2997467.19,1071445.55,0.5850032320620555,0.75049115913556,self_multiscale,self_multiscale,1,-0.22908715046518313,0.0,0.42829998613336556,0.5819011989075644,1.106456186547315,0.6860444934702526,2,5.687620566901857,25.172632117318596,43.30738747850449,9.407919493277248,13.433992854560131,9.407919493277248,9.407919493277248
20096916,5133,3001238.44,1096891.61,0.5176310150009741,0.8410041841004184,self_multiscale,type_multiscale,1,-0.29395461718900023,0.0,0.5240273811536196,0.6394296332348798,0.5288824522860976,0.6300023551453274,1,5.548587451837286,25.50677167930318,9.75983523281391,13.453044574322904,9.869351298420224,13.453044574322904,9.75983523281391
200d233d,3926,3009347.74,1103796.31,0.07819663779928676,0.8609112709832134,self_multiscale,self_multiscale,1,0.7750100560160945,0.0,0.6784476898715134,1.0601253964438437,0.8761542875969264,0.9742591335346911,1,10.402896210910725,10.190565344111304,6.223050427444465,5.113882100971743,6.385084506238629,5.113882100971743,5.113882100971743
201661b5,5955,3026612.37,1108852.64,0.0661628883291352,0.8856259659969088,self_multiscale,self_multiscale,1,0.47172322700678726,0.0,0.633898769638271,1.1520982049494228,1.5573674231928378,1.2122679164532821,4,16.17260702322182,40.59397884194146,13.897073954024508,10.891129730244167,26.89733512093504,10.891129730244167,10.891129730244167
203721ab,5730,2899923.2,1024387.64,0.20488656195462474,0.7684210526315789,type_multiscale,self_multiscale,1,0.6509889885958087,0.0,0.6926317049010843,0.9191172893296166,0.8907836643836092,0.9584324037718147,3,16.250413131001725,20.18740367285024,12.3713149338991,10.889312532687867,21.08684110407925,12.3713149338991,10.889312532687867
20402d71,6372,2884728.34,1021933.31,0.013339610797237889,0.8119047619047619,self_multiscale,type_multiscale,1,0.7684037001740187,0.0,0.7832979684479405,0.9804299324882608,0.885520496019738,1.0310303884305179,3,12.31314961473362,26.135904279332387,7.604880092684354,11.312900589266274,34.656654469625344,11.312900589266274,7.604880092684354
2043abc5,6958,2984415.4,1105174.83,0.6724633515377982,0.742296918767507,self_multiscale,hybrid_multiscale,1,0.35922633963623896,0.15176774935326243,0.23429084179325443,0.2699147067105943,0.28642583251804665,0.2729621894967692,4,10.218348896662814,17.035315920543063,12.276707709334346,18.869331145428315,10.85305244396503,18.869331145428315,10.85305244396503
204cc64b,4805,3022844.05,1083308.06,0.3573361082206036,0.7005444646098004,self_multiscale,self_multiscale,1,0.7739586122061335,0.0,0.2992003771508527,0.5424924046603455,2.6903127402826748,0.5424924046603455,1,8.931266424999388,19.182749760842476,37.17315764167821,13.486495482349188,37.17315764167821,13.486495482349188,13.486495482349188
206b6193,6535,2980688.5,1094052.51,0.0410099464422341,0.8452914798206278,self_multiscale,type_raw,1,-0.6227591545880823,0.3946442234123948,0.6765114306236774,1.2013894076331868,0.8833075535010952,1.0731164616805409,2,27.174967640329175,17.351170367269106,89.8142686286746,36.54989240012325,34.33555869652169,36.54989240012325,17.351170367269106
2075c696,3188,2901023.43,1039173.51,0.08092848180677537,0.8615384615384616,type_multiscale,type_multiscale,1,-0.1328112584138795,0.0,0.49997672034054,0.8195213166352827,1.6536961321089632,0.8390637860404364,3,15.686589877474352,13.223637899984599,13.212023232822608,16.077961359202476,13.543720442527851,13.212023232822608,13.212023232822608
22c5f93f,5172,3000934.72,1096736.19,0.5676720804331012,0.8140900195694716,self_multiscale,hybrid_multiscale,1,0.17223412443165773,0.0,0.3354712488002487,0.413985090314427,0.44341400062814407,0.4577261733366598,1,9.338155610707558,15.13701336294205,8.837764552716466,7.176548147273242,6.930600482438482,7.176548147273242,6.930600482438482
230eaaa3,4690,2981575.64,1099761.73,0.1889125799573561,0.8375912408759124,type_multiscale,type_raw,1,-0.4121430384911215,0.45245202558635395,0.6348653690561127,0.9008692043403351,1.1293518168180678,0.949444250429301,1,29.99618617365581,14.636840728945618,32.45272884863183,24.617033581352125,22.807531176774294,32.45272884863183,14.636840728945618
2364716c,4316,2953384.47,1074706.71,0.293790546802595,0.8,type_raw,type_multiscale,1,0.22465868754852764,0.013670064874884152,0.44716192003693833,0.6833985678169534,1.0056331372969711,0.6832075916191674,2,9.967663674700704,14.646244195091066,10.118139001952759,19.283599928561692,10.125401630496981,14.646244195091066,10.118139001952759
23b9beb0,7340,2984480.59,1084897.17,0.2271117166212534,0.7030812324929971,type_raw,hybrid_multiscale,-1,0.4397820121928407,0.3159400544959128,0.6554398489737995,0.6857122490772616,0.6669542749255,0.6865651628958029,2,5.504208715082092,25.33154729216643,12.406778512788698,44.01080015379321,6.25989104531233,25.33154729216643,6.25989104531233
24d8997e,3442,2917956.1,1047120.74,0.1487507263219059,0.796420581655481,self_multiscale,self_multiscale,1,0.5184294851014674,0.0,0.28720135898063237,0.8361832377950692,1.735341116534651,1.1128100516365995,0,6.700025290101897,15.838994788108797,27.72493801985028,5.482091487496454,71.95326348019483,5.482091487496454,5.482091487496454
25050f63,6124,2888670.03,1025749.42,0.04996734160679295,0.776255707762557,type_raw,hybrid_multiscale,1,-0.28666591175342593,0.028086218158066622,0.5935537087455063,0.9826890770706167,1.2897587950593439,0.9859652818709322,3,8.069694108740356,16.47785618087008,13.328877896865519,40.98237889446857,11.805898003187092,16.47785618087008,11.805898003187092
25939962,4319,3012896.69,1094892.39,0.6225978235702709,0.8675213675213675,self_multiscale,self_multiscale,1,0.08879368916744577,0.0,0.21738543099720728,0.23631714730137587,0.26624522540852674,0.24560829841432483,1,3.7062843590225008,38.545843933040466,21.351772463003705,10.561815690639069,21.363376051193445,10.561815690639069,10.561815690639069
25fd32b3,2885,2917878.45,1043865.85,0.2558058925476603,0.7557471264367817,self_multiscale,self_multiscale,1,0.8951369793433482,0.0,0.5149382895237424,0.5966083708192637,0.7208006528572782,0.6133670898313692,0,8.811037371735742,18.59065852337541,14.610745337139894,5.263481783502936,15.122334118297932,5.263481783502936,5.263481783502936
261785ee,3646,2988571.68,1090181.08,0.37602852441031265,0.7720125786163522,self_multiscale,self_multiscale,1,0.2513418269117106,0.0,0.4066714756281526,0.7654018991447408,0.9126672011808414,0.7710705276550694,1,19.949203003448915,16.464736240459835,23.80670997077253,14.276440559418981,24.87015644384695,14.276440559418981,14.276440559418981
264feceb,5665,2903003.9,1027379.12,0.04289496910856139,0.8185654008438819,self_multiscale,type_raw,1,0.6964595868261239,0.0,0.6919792590164278,0.985853275888316,1.0654555285134277,1.064137648832081,3,4.301174552064321,14.97482495451488,15.513938085352677,16.293721289768733,25.478843679986817,16.293721289768733,14.97482495451488
26623a50,5735,3001557.12,1110851.95,0.2805579773321709,0.8323108384458078,self_multiscale,self_multiscale,1,0.11849287196970525,0.0,0.649065276132948,0.796239857142979,0.9287653609481219,0.8592406846798283,4,5.475717352381148,31.347792599390388,21.70077424562609,19.88925637093205,26.531519556441616,19.88925637093205,19.88925637093205
26d3a96a,4721,3022366.03,1083203.03,0.31709383605168395,0.7485265225933202,self_multiscale,self_multiscale,1,0.4474664540800724,0.0,0.6662279633467575,0.6789876760264881,0.6714366498789733,1.02575674053723,1,7.3518702760906125,11.738250662548516,40.75683791481185,10.473257353531821,44.89945738868048,10.473257353531821,10.473257353531821
272abef3,4135,2993373.25,1094871.94,0.04667472793228533,0.7962962962962963,type_raw,type_multiscale,1,0.02702630069004237,0.15937122128174122,0.5325882427157359,0.8395804990862479,0.7820134260724773,0.8416863801683921,1,10.105595265278204,23.21154968524944,6.836825889744037,17.66944977857616,17.690864791574082,23.21154968524944,6.836825889744037
27300fd5,5467,3015469.78,1081795.13,0.036948966526431315,0.7038391224862889,self_multiscale,hybrid_multiscale,1,0.0992186534513036,1.0,0.58594987722537,1.1251380154474597,4.216121978839739,1.130050226402212,1,6.183644796154128,35.80706851609226,20.7186319404336,57.050865115332996,20.717308055632156,57.050865115332996,20.717308055632156
276b012a,4837,3009452.13,1072995.44,0.16001653917717595,0.57,type_multiscale,hybrid_multiscale,1,0.7065991524708659,0.3952863345048584,0.3948237987294638,0.9449359707808959,3.6553617090677726,0.9284761218679811,1,19.021800310919335,27.73937667391621,27.36363104131015,62.41305032993817,27.221867879024142,27.36363104131015,27.221867879024142
27c3155b,4958,3034378.15,1094346.16,0.034489713594191174,0.8121019108280255,type_raw,self_multiscale,1,-0.2697040730684514,0.3245260185558693,0.6133895945640798,0.9080321647619799,1.54975709499524,0.9047831985177451,1,12.289980073987909,41.11887536494133,80.77149058103176,16.22011927023898,80.77149058103176,41.11887536494133,16.22011927023898
27ebb9b9,5766,2923005.96,1017092.37,0.21574748525841136,0.7468123861566485,self_multiscale,self_multiscale,1,0.8744385953480013,0.0,0.7791440915668327,0.8773062692252781,0.8112154172356505,0.951554177908614,3,14.167457628015105,22.100726579653454,25.934295956251656,8.08339876569711,8.237492027590354,8.08339876569711,8.08339876569711
283269ac,2626,2979857.78,1098371.84,0.6770753998476771,0.8513011152416357,self_multiscale,self_multiscale,1,0.9587880806672322,0.0,0.19540720934541156,0.31088954279272163,0.35310470483784023,0.34658778149233116,2,3.946187462679357,28.048714021564756,31.170602917088104,3.2711755982161406,31.303759478725716,3.2711755982161406,3.2711755982161406
28473855,4290,2963363.73,1078550.12,0.03076923076923077,0.8697674418604651,self_multiscale,self_multiscale,1,0.5219296493116503,0.0,0.41080057807227993,1.016815631190866,1.3169051405546992,1.1524357982734945,2,4.283827846384751,20.566158305715636,8.465350105449794,4.883971028476084,25.997182939552197,4.883971028476084,4.883971028476084
28f4eda9,5266,2887257.03,1025652.26,0.2312951006456514,0.7044673539518901,type_multiscale,type_multiscale,-1,-0.5486464136950553,0.010444360045575389,0.7198043514615369,0.8628674632431615,0.9283466278417247,1.0522850216848572,3,2.184101384280897,23.701545784185104,19.38650638838348,25.05667288976336,24.84711160379167,19.38650638838348,19.38650638838348
29b24409,5587,2906710.49,1035526.12,0.5954895292643637,0.5652173913043478,self_multiscale,hybrid_multiscale,1,0.5519014222413059,0.0,0.41669476677020645,0.4429991872578807,0.7285484161964051,0.48469086094752023,3,7.298501111752915,36.79119118084475,35.61141042579998,16.714678156790658,11.328155246495728,16.714678156790658,11.328155246495728
29de15c8,3431,3012327.57,1116673.06,0.039930049548236646,0.76,self_multiscale,self_multiscale,1,0.33313053134276926,0.0,0.6202881965642644,0.8938917522387001,1.013649545730163,0.990016698520962,4,4.4638609979639465,29.73914068564347,22.36821427497863,5.795846229665089,21.805808755521284,5.795846229665089,5.795846229665089
2ab29395,1852,2999562.21,1088306.53,0.35853131749460043,0.6867924528301886,type_raw,self_multiscale,1,0.9165924799289483,0.1717062634989201,0.28865634379693905,0.3339836498208565,0.3637735988849644,0.3448540759969779,1,6.481654352116593,22.310626217670762,22.850327802233863,5.823208490809096,22.856280361070123,22.310626217670762,5.823208490809096
2ac7cb6b,4990,2993595.85,1122790.01,0.03967935871743489,0.7761627906976745,self_multiscale,self_multiscale,1,-0.5281803458230842,0.1625250501002004,0.6699932575423959,0.9162191822050672,1.0738316720551875,0.9142668025037995,4,9.449950292669024,29.729564781614325,40.33163971852322,19.25587673510797,40.33163971852322,19.25587673510797,19.25587673510797
2acc78d4,4266,3008597.52,1109560.23,0.6819034224097515,0.7942973523421588,type_multiscale,hybrid_multiscale,1,0.5549972126888058,0.001875293014533521,0.20059348036158692,0.31969103905674034,0.35303784297640867,0.3262509241560908,4,7.080218452521006,19.915486509415206,10.458612200068812,11.106587292861567,10.428619561286785,10.458612200068812,10.428619561286785
2b034622,5203,2859403.64,1041766.39,0.31059004420526615,0.7684478371501272,self_multiscale,hybrid_multiscale,1,0.5745781301506714,0.0,0.538322766173778,0.6584159971326499,0.562283886184757,0.6169721119644521,3,4.271094231084235,16.870894427429587,11.242305288296931,3.684471491937273,3.6726253021030675,3.684471491937273,3.6726253021030675
2b06ad65,4256,3011770.86,1116632.41,0.03923872180451127,0.6871657754010695,type_multiscale,self_multiscale,-1,-0.27946524932627476,0.48660714285714285,0.7930357387858675,0.8941880816563065,0.8086494401966884,0.9997122518924954,4,1.6248769846071467,27.48642368955168,46.37271999973567,5.914386565363072,9.568234246842058,46.37271999973567,5.914386565363072
2b547943,3480,3000196.44,1088866.72,0.3563218390804598,0.8097345132743363,hybrid_multiscale,type_raw,-1,0.6007715484445151,0.0,0.5466411748995404,0.8128830891546638,0.7748089210074308,0.9503979283267432,1,18.868409486797916,12.59068141922688,20.630557299503224,13.612984048986785,13.60439863809406,13.60439863809406,12.59068141922688
2be5c96a,4210,2997618.13,1093475.09,0.7743467933491687,0.6956521739130435,type_raw,self_multiscale,1,-0.10658497183163829,0.1178147268408551,0.3011416140988069,0.2523332338521164,0.30699505696466506,0.2523332338521164,1,4.1230694969818575,22.351635647184935,13.950785433238956,4.295302184376231,13.950785433238956,22.351635647184935,4.295302184376231
2bff06cf,7624,2924802.44,1056556.17,0.5001311647429171,0.8383233532934131,type_raw,self_multiscale,-1,0.28248888833062313,0.7709863588667366,0.34121737752864234,0.586485535286196,0.7464688936138801,0.789961482255743,0,43.24049722771586,53.5222968485313,52.160479945328184,28.55184870916178,94.50500163995845,53.5222968485313,28.55184870916178
2c0c4a4e,4790,2958023.61,1078357.8,0.04676409185803754,0.8195329087048833,type_raw,self_multiscale,1,-0.16147850681082862,0.16597077244258873,0.5925202748115684,0.7911501818666153,1.0859299041473929,0.9275733851448408,2,3.6749486810815406,20.107432551893822,11.507786616287127,10.979195824846977,21.094329200368268,20.107432551893822,10.979195824846977
2cee0cba,5500,2895071.33,1035727.4,0.46963636363636363,0.9824561403508771,type_raw,type_raw,1,0.750374599591049,0.0,0.42253943211178285,0.36084483961141955,0.3846519273220449,0.38995136366798255,3,7.375603420509645,11.664613043497937,18.10383460134129,14.592784730195065,18.10383460134129,11.664613043497937,11.664613043497937
2d0c268a,4550,3002709.62,1117796.99,0.2828571428571428,0.7865612648221344,self_multiscale,type_raw,1,0.4756441080829113,0.1920879120879121,0.38882706837792413,0.4944507902311791,1.2079441371245574,0.5534500873936158,4,6.188642570456752,15.942250445051648,22.054320585896544,22.101793687341228,22.823522544529908,22.101793687341228,15.942250445051648
2d179ded,7008,2870068.89,1026312.96,0.4634703196347032,0.87215411558669,self_multiscale,type_multiscale,1,0.46868350074527787,0.006563926940639269,0.40185571348766497,0.5204257106071807,0.5819465222877398,0.5243958923490202,3,8.635321915603637,17.18051124412753,12.847812796907743,20.72802134808926,13.788668944721469,20.72802134808926,12.847812796907743
2d196986,6474,2913512.79,1038360.82,0.012820512820512775,0.8301486199575372,self_multiscale,self_multiscale,1,0.2984665091555958,0.027494593759654,0.8219538079527295,1.3285494043437374,1.8059649159927587,1.384285144725997,3,14.130039375026987,17.71035020377751,23.35256901555381,17.628563695128,20.980208354202155,17.628563695128,17.628563695128
2d2d0c6b,5045,2919856.21,1045395.46,0.6251734390485629,0.6224066390041494,self_multiscale,self_multiscale,1,0.8672145983704761,0.0,0.5074134030911228,0.5685325616493788,0.7112035663822556,0.5706169441786617,0,10.720668336171535,12.764702633438679,12.653504582369768,6.7395094429944935,12.653504582369768,6.7395094429944935,6.7395094429944935
2d35f86d,4896,3001003.52,1103700.2,0.2534722222222222,0.7945205479452054,self_multiscale,self_multiscale,1,0.6060693121591619,0.0,0.5356352489053766,0.7439144952992387,0.8024265176088797,0.7974508476491736,4,18.455549947096387,32.65233082073877,29.11876669847194,9.771026415375573,19.668273023982554,9.771026415375573,9.771026415375573
2d9f6cb9,7338,3009562.92,1075756.41,0.03624965930771329,0.5865724381625441,self_multiscale,self_multiscale,1,0.6942804943407228,0.0,0.7215083101578379,0.9735101297834514,1.5261824604481036,0.9780917873554135,1,12.025882538873645,18.80059587612257,8.921166819974585,6.058205024541427,9.096892486795912,6.058205024541427,6.058205024541427
2ddad940,5331,2972128.94,1065288.77,0.1637591446257738,0.7660668380462725,self_multiscale,self_multiscale,-1,0.8948453197193439,0.0,0.585964933429514,0.6723876117507632,0.7650522383755717,0.6718577642547852,2,9.81329249379331,23.9999848543064,28.378161913823735,14.526260855303395,28.378161913823735,14.526260855303395,14.526260855303395
2e29e833,5428,3023273.92,1109473.03,0.044767870302137025,0.811623246492986,self_multiscale,self_multiscale,1,0.804692781372003,0.0,0.7373451504632533,0.8704465179797902,0.8096166996191883,0.9127596749131024,4,12.22815274063263,14.48789941633501,12.736507042487496,4.621561878096247,12.600678006345719,4.621561878096247,4.621561878096247
2e43c2ea,5698,2916242.3,1044380.44,0.3508248508248508,0.8199566160520607,self_multiscale,type_raw,1,0.16730655522827023,0.0,0.42373006091905907,0.6117603358151626,0.6555096396169234,0.7575562199849908,0,11.854690687122787,10.736871685165646,29.963221924704943,16.773316324014043,31.561892063726784,16.773316324014043,10.736871685165646
2e63d9de,4699,3022868.09,1096481.99,0.15556501383273036,0.8552915766738661,hybrid_multiscale,self_multiscale,1,-0.41991032387195193,0.464354117897425,0.5355045853328884,0.7657061885341805,0.9196255701038991,1.0075485028541127,1,14.352142924015464,38.10796674910646,17.112759500155263,14.534890917726628,31.709629463339187,31.709629463339187,14.534890917726628
2ee0235b,5556,2902807.43,1027089.97,0.11753059755219586,0.7974137931034483,self_multiscale,type_multiscale,1,0.7252840608328275,0.0,0.708536233223199,1.0194312220695874,0.968124032116145,1.0635155009203126,3,10.174384008422305,14.948521877346007,7.344268638840368,10.612540311398034,19.457003759632936,10.612540311398034,7.344268638840368
2f19d536,3088,3002956.1,1076754.99,0.37338082901554404,0.8492307692307692,self_multiscale,hybrid_multiscale,-1,0.946845859718559,0.08549222797927461,0.43222043661159837,0.49316889762393135,0.47738297460126017,0.5222518006773659,1,6.786242200916338,27.843666710883113,11.030412855918796,18.40476682030628,10.750339312635042,18.40476682030628,10.750339312635042
2f8e53c3,2594,3011881.36,1109328.49,0.42058596761757905,0.7146596858638743,type_multiscale,self_multiscale,1,0.789215386038285,0.3407864302235929,0.4758187534322858,0.6875341498396574,0.8481515837579556,0.7153030820133076,4,2.648857201632159,26.236515571139634,50.32124660870816,3.645445479608115,63.06516555283599,50.32124660870816,3.645445479608115
2fa01aa6,2174,3022794.35,1087200.75,0.3969641214351426,0.8386411889596603,self_multiscale,self_multiscale,1,-0.46695043423312704,0.08923643054277829,0.3077296221805127,0.813512314839736,0.5462686808648604,0.7011726261633653,1,18.91280472719393,35.04331851558993,35.73379671659421,17.685048950843797,35.734981425993354,17.685048950843797,17.685048950843797
2fd68f7b,4730,2997822.66,1126792.76,0.613953488372093,0.825503355704698,type_raw,type_raw,1,0.41311813864481345,0.0,0.1935342024901577,0.45958589054456617,0.7045782851815375,0.45964966900154053,4,29.620168071508886,16.68577481711173,24.910817650254558,59.478950355314716,25.137307677488696,16.68577481711173,16.68577481711173
2fe023be,4221,2989662.29,1090435.24,0.4482350153991945,0.8406909788867563,self_multiscale,self_multiscale,1,0.3698475759812251,0.0,0.4337319100066859,0.6351302592945154,0.7351606758599247,0.6522211629516119,1,8.91687815386743,26.829698112897102,25.312285285093314,20.34790100103877,24.69572248151808,20.34790100103877,20.34790100103877
30d75030,3404,2991947.31,1115208.92,0.1982961222091657,0.7939560439560439,self_multiscale,self_multiscale,1,-0.029965539798626657,0.04494712103407755,0.7290384116576771,0.7677595053878856,1.3055347056572644,0.7640328279705179,4,20.49108422863724,21.296930999161084,35.5246648027602,14.760615499285324,35.5246648027602,14.760615499285324,14.760615499285324
310c71a5,5245,2906419.08,1033097.57,0.16244041944709242,0.7963340122199593,self_multiscale,type_multiscale,1,-0.21466334431065934,0.08522402287893231,0.6039071243902432,0.7378931866427358,1.2073093608436816,0.9192551879893117,3,4.7006259461372215,22.74983641797898,15.355966004624403,21.318018954958532,25.01076102509366,21.318018954958532,15.355966004624403
32fe84c9,6408,2984593.38,1071600.71,0.15184144818976275,0.8148148148148148,type_multiscale,self_multiscale,1,-0.5590736896740087,0.34691011235955055,0.608786836534802,1.1942387021222276,1.2604490626631621,1.2502609737455184,2,15.625836179475469,27.817094224626338,28.319594369165568,11.84092965087103,57.180437923701845,28.319594369165568,11.84092965087103
33c40295,4169,2987600.72,1087079.17,0.0532501798992564,0.7237903225806451,self_multiscale,self_multiscale,1,0.40511965388766985,0.0,0.5562499210900438,1.204230765743381,2.132472194179063,1.4682186510998583,2,10.229974261526634,42.22140626182224,30.649673280861588,18.63613011905501,59.06764043032577,18.63613011905501,18.63613011905501
3407f5bf,3638,2929297.89,1054609.19,0.4601429356789445,0.8255208333333334,type_raw,type_raw,1,-0.8087174595258605,0.21083012644310062,0.34319675835410973,0.7646720706065522,0.6889824571747916,0.7400184114929704,0,16.568271735741764,33.87495402219007,36.86615793264427,35.572390474933584,36.74871853947507,33.87495402219007,33.87495402219007
3417285d,5449,2984010.3,1056867.65,0.09818315287208668,0.758893280632411,type_raw,type_raw,-1,0.30321277477810826,0.8436410350523031,0.7865653406952843,0.8836547295585799,0.8636652889442096,0.8872136190390669,2,22.583341617326713,41.27772756860683,44.27430787825761,59.33793458862787,59.11970023147725,41.27772756860683,41.27772756860683
347242c8,3595,3014568.89,1118316.45,0.057023643949930425,0.8453389830508474,type_raw,self_multiscale,1,0.7596698622505761,0.031988873435326845,0.8801362111891268,0.8835611004084183,0.6266780987143724,0.7673241139734902,4,9.370890789849227,15.96061936152023,8.094463442036334,2.563148413841308,3.2002503639889786,15.96061936152023,2.563148413841308
353e5502,6062,2921761.22,1047923.66,0.19844935664797092,0.9501133786848073,type_raw,self_multiscale,-1,-0.7650404309058493,0.6059056417024085,0.626237969211607,0.7907228768767106,0.820941167690993,0.8555711516075564,0,5.553447678059076,35.99675879618094,18.3127970270919,15.253082044648437,17.090125794931332,35.99675879618094,15.253082044648437
357c12f9,4079,2940244.61,1065178.36,0.1098308408923756,0.8933823529411765,self_multiscale,hybrid_multiscale,1,-0.006191030711058428,0.0,0.3409531483358949,0.827368336915517,1.5383770633729619,1.0273727143326536,0,2.09387955951598,26.130260074606355,10.71392477751604,12.571016906762903,4.87836433780876,12.571016906762903,4.87836433780876
3584a6eb,4494,3010660.56,1093768.53,0.20004450378282157,0.8282608695652174,self_multiscale,self_multiscale,1,0.8920385015358046,0.0,0.6497607769681901,0.6710421507807764,0.8984049438411714,0.6713794953533824,1,23.237436308208956,14.921658703529605,13.219866673972646,4.782551259626627,12.68608515254211,4.782551259626627,4.782551259626627
35b30c7f,9579,2950660.62,1078843.21,0.4438876709468629,0.81,type_multiscale,hybrid_multiscale,-1,0.6938740853398071,0.0,0.5724047272781548,0.6211323642788555,0.7175681769384367,0.6736608385690184,2,21.456189947736668,9.652988938581528,9.184155258878704,11.780961868773884,8.519949215097062,9.184155258878704,8.519949215097062
35b3ef6a,3904,2937587.12,1070500.77,0.3847336065573771,0.8723404255319149,self_multiscale,hybrid_multiscale,1,-0.37120281261053234,0.24795081967213115,0.45703871420516573,0.5939515448050179,0.8885196284875257,0.7475134305930459,0,19.67956234623068,34.927447531424924,15.890626002425824,22.662094757686152,11.185375399276866,22.662094757686152,11.185375399276866
367456ce,5569,2995390.98,1120561.75,0.34620219069850966,0.836027713625866,type_raw,self_multiscale,-1,0.3988629894145238,0.14868019393068774,0.6643507727623156,0.6970011542710068,0.9071925144414423,0.7096791522143671,4,4.098573632391565,28.21364403179584,28.819493738426257,7.7288869903922555,29.197579051415012,28.21364403179584,7.7288869903922555
368131f9,4991,2998861.71,1102720.2,0.6359447004608295,0.7411764705882353,self_multiscale,self_multiscale,1,0.08508790078914238,0.07192947305149269,0.4194334621666389,0.4675362161171158,0.42665317161094796,0.5005102162991496,1,11.58058883372974,31.330934672643224,31.351914470950536,15.774936955967206,30.685417852521073,15.774936955967206,15.774936955967206
368fe682,4936,2901762.38,1027250.76,0.03606158833063211,0.8459119496855346,self_multiscale,self_multiscale,1,-0.029246561547745166,0.0,0.7279307095924639,0.8860607107817474,0.98174526576113,0.9916245947957469,3,10.221656639338562,23.457890045547245,18.056158457027568,12.230951718622569,22.348058121978838,12.230951718622569,12.230951718622569
3690a146,4073,2910515.18,1039447.01,0.17677387674932488,0.8235294117647058,self_multiscale,self_multiscale,1,0.3570844953749404,0.0,0.6229548030460977,0.8640252449663693,0.8120433138299027,0.8395785295290674,3,8.49948364722054,21.445201885701188,7.673344349340703,7.613122169497119,7.673344349340703,7.613122169497119,7.613122169497119
37344c2a,5197,2918756.73,1044191.0,0.14354435251106412,0.8282352941176471,self_multiscale,type_raw,1,0.7916919512606401,0.1150663844525688,0.5511942522772184,1.0751104526161481,1.122358561779941,1.063577855668857,0,25.74883641909537,9.620628837572209,12.181226739367903,14.663483003322465,12.10477203275557,14.663483003322465,9.620628837572209
373ef48b,3509,2905064.13,1026533.71,0.45796523225990315,0.7380952380952381,hybrid_multiscale,self_multiscale,1,-0.3292382209086825,0.016813907096038756,0.30444158406651034,0.603287505332867,0.8061272650257549,0.6255978757539687,3,2.86334677644995,16.23498996442725,12.634155206085001,9.368268098450017,11.26984118555695,11.26984118555695,9.368268098450017
374be387,9965,2875511.39,1026819.43,0.6087305569493227,0.8551020408163266,self_multiscale,type_multiscale,1,0.4664124781689291,0.0,0.33665505461013484,0.4253063530715221,0.31789667290755913,0.4136504750046269,3,8.37778352840335,15.850184633473528,8.81754277517673,9.103241422448495,9.47613874419563,9.103241422448495,8.81754277517673
37d36812,4367,3009324.77,1093525.27,0.2518891687657431,0.8231292517006803,type_multiscale,self_multiscale,-1,-0.23063747804373208,0.5694985115640028,0.540645940174044,0.8842432111601983,1.0093428666887239,1.0796014262399347,1,13.50624021580172,46.929377303915764,35.13953911030745,13.2552656555007,31.260879189690055,35.13953911030745,13.2552656555007
38991fd4,4798,2934926.7,1056156.76,0.2703209670696123,0.6750524109014675,self_multiscale,hybrid_multiscale,1,0.24393771244374146,0.0,0.6627659935725796,0.766258471769341,0.8480706080054078,0.7941910266735105,0,13.256037090737907,16.835727742131034,7.536679005327586,10.540317511687434,7.4957318826687676,10.540317511687434,7.4957318826687676
389ae58f,6463,2971693.73,1070720.45,0.19542008355252982,0.8181818181818182,type_raw,type_multiscale,1,0.7049263050300782,0.37722419928825623,0.5196953094941766,0.8264539168934816,1.0958233857209159,0.8269183572791847,2,31.93744168796972,28.551307265295815,12.17936746429886,49.100472485486506,12.179724035464575,28.551307265295815,12.17936746429886
3932faa6,5452,2922003.68,1016885.54,0.3050256786500367,0.8606701940035273,self_multiscale,type_multiscale,1,0.3858410324486795,0.11482024944974321,0.425609460115206,0.8734665569472464,0.9129437905888033,0.9701170627242723,3,15.36928469438488,14.869350613120465,13.64891727408997,17.514331831315484,22.91310933909832,17.514331831315484,13.64891727408997
398dce4b,3166,2953413.2,1084588.06,0.4990524320909665,0.8459958932238193,self_multiscale,self_multiscale,-1,-0.3465025039490373,0.0,0.3389266645851786,0.5273378524274221,0.5503939425920285,0.5869969582489172,2,3.53572991879835,29.159258139560645,11.596087047246924,5.547006084395039,13.315759349828316,5.547006084395039,5.547006084395039
39b51819,4231,2921382.31,1050108.87,0.5582604585204443,0.8053691275167785,self_multiscale,self_multiscale,1,0.6087428155336105,0.0,0.39898862034494564,0.5982485310589706,0.7585789133150138,0.7766258352799984,0,3.12891149115892,20.98634211972313,10.870311629534287,6.946997443604294,45.84120605094465,6.946997443604294,6.946997443604294
3a0af893,2927,3021459.78,1106603.4,0.5175948069695935,0.7635782747603834,type_raw,self_multiscale,-1,-0.6622707661501702,0.2651178681243594,0.23621334160829977,0.4605070535090987,0.5449732855332079,0.5159734080916707,4,15.067848316028225,23.123875151196636,28.076257479489577,16.728647418373207,27.164047508450317,23.123875151196636,16.728647418373207
3a223519,4583,2945247.06,1013721.12,0.09142483089679254,0.8446428571428571,type_raw,self_multiscale,1,0.3356842812441623,0.039493781365917524,0.6758270293601947,0.9031557370447438,0.8947856090196492,0.8906024650710073,3,19.851286671921496,18.50389708969424,11.956512015495706,11.77812879510268,11.956512015495706,18.50389708969424,11.77812879510268
3a7dd95d,3072,2916821.47,1032711.52,0.4736328125,0.7056962025316456,self_multiscale,self_multiscale,1,0.28537094563628423,0.0,0.3095411445027515,0.5604200971942572,0.6446093798823513,0.5791700198409027,3,5.508464159122634,35.077657549316605,19.64816839775949,9.441472496233535,19.66617205940312,9.441472496233535,9.441472496233535
3a824aa7,4201,3012014.09,1094662.8,0.47179243037372054,0.7640449438202247,type_multiscale,hybrid_multiscale,-1,-0.31115866279607446,0.00023803856224708403,0.6060362708525657,0.7133964181848332,0.6767947595695968,0.8327634094516413,1,6.121717422147312,28.622440185471863,11.420536645538144,5.025528668271611,4.99054762798947,11.420536645538144,4.99054762798947
3a86fe8d,5118,2989049.26,1100377.35,0.47811645173896056,0.830028328611898,type_multiscale,type_multiscale,-1,0.35016480277106393,0.015044939429464634,0.42335606061172204,0.5722811493706778,0.7662434722916941,0.7559607576680858,1,10.919352052844767,24.636977011479324,7.438286768749302,9.460185468854057,11.014692454318718,7.438286768749302,7.438286768749302
3aaa2b30,4711,2991941.56,1118792.6,0.3122479303757164,0.8096590909090909,type_raw,type_multiscale,1,0.8108471237890955,0.0014858841010401188,0.6055397737029635,0.5737352393848281,0.6286098316182004,0.5820746940225127,4,6.044027036592569,10.681045704337441,8.551689347877947,16.463018188122557,10.321885682863067,10.681045704337441,8.551689347877947
3ac16ad0,5649,2889385.16,1023566.3,0.2526110816073641,0.8365180467091295,type_raw,self_multiscale,1,0.16974675249300955,0.1329438838732519,0.6557813426068598,0.761395526125304,0.7788525220111953,0.7636273000180753,3,3.777094250470482,20.6460639839163,17.17060724132758,11.994129493563712,16.08821258976603,20.6460639839163,11.994129493563712
3b21ea64,7376,3009940.81,1075868.72,0.060330802603036915,0.6830188679245283,self_multiscale,type_multiscale,1,0.5544164618187174,1.0,0.5541548265075178,1.218119684115113,5.230120392374418,1.218119684115113,1,7.242496082480807,30.377215806542534,10.299831881880815,58.88431659363624,10.299831881880815,58.88431659363624,10.299831881880815
3bbe1f5d,6918,2904315.03,1030553.43,0.4595258745302111,0.7926565874730022,type_multiscale,hybrid_multiscale,-1,0.6258565888351707,0.41543798785776237,0.39128439092135836,0.5363464364873721,0.5091849514646521,0.5552952295633727,3,6.597926423374969,25.749064590564576,28.280570280269885,15.49094560722408,15.190079812287841,28.280570280269885,15.190079812287841
3bfee975,3603,3000804.01,1089256.19,0.6072717180127671,0.6997084548104956,self_multiscale,self_multiscale,1,0.40270887795369165,0.0,0.2716262874240668,0.4187324735689263,0.4779229242776788,0.4190378512962108,1,10.807172694815282,22.467056977027223,31.069422052968967,8.306126385141866,31.092279345322773,8.306126385141866,8.306126385141866
3c3dbcbc,5069,3001558.69,1097076.3,0.5642138488853817,0.7832957110609481,self_multiscale,self_multiscale,1,-0.5824445264029053,0.0,0.5108168548130316,0.679343720701194,1.1318387084010624,0.7114318686446125,1,3.331288453096649,23.895204829194537,24.514622549437107,8.31003245696346,9.54264622222101,8.31003245696346,8.31003245696346
3d96d897,5659,2906605.31,1031120.08,0.07227425340166105,0.7593582887700535,type_raw,self_multiscale,1,0.35270800732898766,0.3497084290510691,0.7464157786222705,0.884186070504664,1.273886834091868,0.8840168550615817,3,5.597637421414716,27.562420886628257,4.906408898275784,3.5954898118475924,4.906408898275784,27.562420886628257,3.5954898118475924
3df4b19e,4988,3006037.54,1117626.82,0.2947072975140337,0.8191721132897604,type_multiscale,self_multiscale,1,0.4994350217736657,0.0,0.5970928759466734,0.6865964830335048,0.9475864675918941,0.6865964830335048,4,8.277443005703471,19.7784491289278,11.22190771887026,5.90381289983132,11.22190771887026,11.22190771887026,5.90381289983132
3e011332,2723,2985919.49,1086685.06,0.01799485861182515,0.8598726114649682,self_multiscale,type_multiscale,1,-0.21060149078475945,0.28644876973925815,0.7128965127191547,1.5395507273867681,2.223072074611147,1.53636080873895,2,16.944434623470148,47.361711990293344,14.868925537500562,24.99995808810306,14.868925537500562,24.99995808810306,14.868925537500562
3e678ea7,6858,3016835.85,1093840.1,0.3928258967629047,0.8378378378378378,self_multiscale,type_raw,-1,0.47902024422695666,0.29717118693496647,0.6003913970908903,0.6135655403837458,0.5759320875725186,0.6302152656742122,1,13.243948212431928,10.720646986626175,15.624638681553463,26.991122477448044,24.517816965639074,26.991122477448044,10.720646986626175
3ef6372a,4727,2981965.53,1100040.55,0.03469430928707429,0.8195488721804511,self_multiscale,self_multiscale,1,0.8114341647747402,0.0,0.6519956949492287,0.9573452396934986,1.055422922987474,1.004935074578708,1,5.625080577470206,15.25085821332229,6.512597881138722,6.4807851677821455,6.516041824432433,6.4807851677821455,6.4807851677821455
3ef98781,3892,3012135.31,1116543.29,0.03802672147995889,0.6789772727272727,self_multiscale,type_multiscale,-1,-0.22046018315031501,0.0,0.7818532419460518,0.8602745138926922,0.8253937396319868,0.9278181008010313,4,5.47273075911321,28.011595982396166,14.455530978611048,14.690634770979164,14.657534103205595,14.690634770979164,14.455530978611048
3f603129,5051,3005171.39,1134968.87,0.30291031478915065,0.7692307692307693,type_multiscale,type_raw,1,0.25867314283567516,0.41872896456147296,0.47329313142037926,0.7947576554127921,1.5637884661248627,0.7963472908084115,4,16.07483849729828,18.872478320371172,27.838209570954902,26.323913360121384,28.109387883951616,27.838209570954902,18.872478320371172
404c4384,911,2955689.82,1086368.05,0.33150384193194293,0.8214285714285714,type_multiscale,self_multiscale,-1,-0.45543140029776147,0.0,0.5498048089709847,0.7253945874879227,0.8000095367740849,0.8178440210011619,2,3.6198296352879624,21.72605938800887,9.26707810817457,2.1287940495450717,2.1521176613049704,9.26707810817457,2.1287940495450717
4121c517,3723,3008065.04,1130044.32,0.38651625033575077,0.8226415094339623,self_multiscale,self_multiscale,1,-0.051077770073295496,0.0,0.4569407607398198,0.7593775626817176,0.52810751666249,0.7251426311126119,4,6.2740307513285245,32.03012271325326,48.89087366931947,13.546531355469163,51.01918204120538,13.546531355469163,13.546531355469163
41fb0192,2973,3006867.53,1076466.06,0.062226707029936046,0.732484076433121,type_raw,self_multiscale,1,0.5974308044073164,0.08375378405650857,0.7727371954464525,0.7732870113600434,1.2505837985699784,0.7729144805785234,1,4.140417901686038,20.35404713349182,9.992587713714483,5.1548735606385305,9.992587713714483,20.35404713349182,5.1548735606385305
42669188,4282,2970658.04,1061622.91,0.07519850537132178,0.7537037037037037,self_multiscale,type_raw,1,0.7234453737501445,0.1207379729098552,0.7062145739145207,1.3453047015971498,1.6011107070758555,1.3911583520688824,2,12.841605584553841,8.80484987741702,20.162265886309555,20.1680871926137,31.343057856656056,20.1680871926137,8.80484987741702
42c538a1,3279,2909617.74,1022929.98,0.24306190911863368,0.8297101449275363,self_multiscale,self_multiscale,1,0.2904969669071514,0.0,0.5730839605611054,0.781904098196597,0.8760200764565002,0.8909259469345884,3,30.151039993275425,51.33171176409288,36.63877302457845,19.498490830786327,35.39720588732207,19.498490830786327,19.498490830786327
43b06c70,4846,3005957.43,1106012.47,0.16487825010317791,0.8308668076109936,self_multiscale,type_multiscale,1,0.7110120742291426,0.0,0.6780371709136779,1.008048628663423,1.3333361889601982,1.008048628663423,4,8.081543550268092,13.645711805580978,5.851523712376202,15.472223577592258,5.851523712376202,15.472223577592258,5.851523712376202
43c7f85a,5978,2886596.3,1021025.83,0.5043492806958849,0.788135593220339,type_raw,self_multiscale,-1,0.5911229450099331,0.049849447975911676,0.4848130197609243,0.3981937078876093,0.39926645297322116,0.4082278759582521,3,12.32814473307248,12.709547327711732,13.293248616579673,10.44989452180702,11.807644989329647,12.709547327711732,10.44989452180702
43e16325,3720,2928329.64,1048322.45,0.16048387096774197,0.8267326732673267,type_multiscale,type_raw,1,-0.7677461222877134,0.28736559139784945,0.5325130832566471,0.8403792339545679,2.4161465967738427,0.8438581217786143,0,21.709271614202464,8.672554666041835,25.54153429862737,56.120564476167466,25.574492208982626,25.54153429862737,8.672554666041835
44441e54,4357,3011852.79,1109523.97,0.40945604773927013,0.684887459807074,type_multiscale,self_multiscale,1,0.015123324221718562,0.8473720449850815,0.3246867536155544,0.5359569330716655,0.6082331843994458,0.539853366265334,4,1.7039499656103196,25.94787662117214,45.41016252451516,6.022652731865558,45.41016252451516,45.41016252451516,6.022652731865558
445af6c2,6041,2908182.09,1036774.27,0.1607349776527065,0.8544776119402985,type_raw,hybrid_multiscale,1,-0.6048193459568493,0.7088230425426254,0.7287564384683035,1.0953468017072527,0.9038760478345312,1.0348490517733793,3,29.955708721398526,36.04262817489874,90.60543523317128,30.19480267898822,26.692400322209544,36.04262817489874,26.692400322209544
4463446c,3256,2945855.4,1073298.35,0.1977886977886978,0.7408759124087592,type_raw,hybrid_multiscale,1,0.7646688012794961,0.0,0.613668606611505,0.7240973152298903,0.7739324372485966,0.7830484427955885,0,11.210540946571179,12.903604452338316,10.852521101136512,17.717699627724926,10.278845275446002,12.903604452338316,10.278845275446002
44a94013,4903,2890020.03,1028673.37,0.25025494595145825,0.7970149253731343,self_multiscale,type_multiscale,1,-0.09982961084152102,0.8093004283091985,0.6701034639306187,0.7399310375158685,0.7022568395249909,0.7858097722277905,3,11.016762564572188,36.19129703862448,21.23932306065927,40.43032294403741,60.817027647077566,40.43032294403741,21.23932306065927
45fb3e21,3649,2991042.52,1091486.36,0.5661825157577418,0.8809523809523809,self_multiscale,hybrid_multiscale,1,-0.3877151801162504,0.4768429706768978,0.2793739433778513,0.5218571412300355,0.4119164353811161,0.4858410300422824,1,24.245262824086947,15.215874100323122,11.305726934775443,32.81955707641765,8.97068614699747,32.81955707641765,8.97068614699747
460f859e,3336,2913836.12,1041095.72,0.6205035971223021,0.8039702233250621,type_multiscale,self_multiscale,1,-0.8354678598987892,0.09922062350119903,0.26469518991856444,0.46770398170437566,0.42437364462051075,0.4677430210154494,3,9.612550733278008,22.609700280909596,20.554590384663356,20.32521227998906,20.554590384663356,20.554590384663356,20.32521227998906
4630ab92,3373,3014000.65,1101623.53,0.2733471686925586,0.8684684684684685,self_multiscale,self_multiscale,1,0.5275170081474336,0.0,0.5172879187415698,0.9447967316104033,1.4893140761058645,1.206044486927695,1,16.263763316075515,15.9790623733515,8.848178746005223,7.426967212828762,24.099182689153785,7.426967212828762,7.426967212828762
463c38f2,4460,2936133.58,1057567.08,0.22780269058295965,0.7597402597402597,self_multiscale,self_multiscale,1,0.48765293427583717,0.0,0.5091837790024158,0.8108991497997347,0.6790382196677744,0.8083876056026166,0,5.507981207666624,23.453854693774396,27.766042834882175,14.517037962709823,26.058829446228312,14.517037962709823,14.517037962709823
4654e7de,5373,2907802.23,1031937.45,0.05025125628140703,0.7900262467191601,type_raw,type_multiscale,1,0.6665680449469322,0.0,0.6642958010483984,0.9119925996987317,0.6884798382230836,0.8006486062516455,3,4.586553527601965,8.77368548706119,5.507541720334869,5.5987268550244425,5.570372990902061,8.77368548706119,5.507541720334869
466fc788,6197,3010967.91,1099599.11,0.4797482652896563,0.8430232558139535,self_multiscale,self_multiscale,1,0.3186079630852678,0.0,0.4832618674996618,0.7337132004595972,0.7531044808521974,0.7348171769520716,1,10.274184034362769,28.73745598033126,11.868415538610288,11.333994044914933,12.054086999585495,11.333994044914933,11.333994044914933
46a301e9,8226,2971915.99,1098331.14,0.4564794553853635,0.6710280373831776,type_multiscale,type_raw,-1,0.7192302821850317,0.0,0.29464846490493557,0.44651509055282707,0.6181212919707524,0.44651509055282707,2,11.567823042477553,5.599291728246702,16.67415532051935,7.592165640645599,16.67415532051935,16.67415532051935,5.599291728246702
46a7190b,4215,3025243.5,1099042.29,0.40996441281138785,0.7557471264367817,type_multiscale,self_multiscale,1,0.7903401212212947,0.0,0.41081324715608597,0.5932445044032001,0.8766790973766424,0.6306226465253352,1,18.335037272042925,13.116640178074928,9.428459755286626,8.550943728483286,16.56649938861189,9.428459755286626,8.550943728483286
46d24a09,4449,2949583.58,1016734.84,0.2103843560350641,0.7129186602870813,self_multiscale,type_multiscale,1,0.7591377893363174,0.17532029669588672,0.4983666374501446,0.6934999729624451,1.0435197085153385,0.7159097984163897,3,23.826073303375495,20.86151201002872,11.471510835331772,25.48084682660942,18.278694571901486,25.48084682660942,11.471510835331772
46d41ff6,7901,2990727.05,1070499.5,0.33502088343247693,0.6351791530944625,type_raw,self_multiscale,-1,-0.5103650049161337,0.15339830401215035,0.5584664231122382,0.8767996418062508,0.8267818981456567,0.8811004691993084,2,3.989041339745417,28.80741252112929,26.77652865121417,15.502523120393727,15.59969298739886,28.80741252112929,15.502523120393727
46dfcfca,3606,3024893.71,1098998.35,0.5268996117581808,0.7115987460815048,type_multiscale,type_multiscale,1,0.9023170956027395,0.0,0.32142492532654426,0.45506216562729224,0.5420570595164972,0.45506216562729224,1,16.15247690406687,22.116713960521654,8.434506307098417,24.084311105016535,8.434506307098417,8.434506307098417,8.434506307098417
47222616,4406,3010300.23,1093714.39,0.18883340898774403,0.7236842105263158,type_raw,self_multiscale,-1,-0.45081166750171425,0.3949160236041761,0.7545176358474956,0.9727675869573867,1.044679522582727,1.0367612742139927,1,7.965537115273622,28.01858340906219,14.591803406210188,12.374247246439895,16.051416885178483,28.01858340906219,12.374247246439895
47ee27ab,6397,2982588.3,1104237.1,0.16726590589338752,0.6254545454545455,self_multiscale,self_multiscale,1,-0.1454427288402557,0.0,0.6954230986471446,0.8050182196105935,0.760726540698549,0.8136941682821817,4,8.61240504891227,35.24925072304188,49.36589880646029,8.149936897899114,49.34077026586113,8.149936897899114,8.149936897899114
481de5fc,5952,2924148.99,1017071.96,0.3716397849462365,0.8468085106382979,self_multiscale,type_multiscale,1,0.8145467589349296,0.0,0.4211538848021637,0.6882320462590221,0.6894032006973613,0.6863505694588108,3,18.877002153598994,24.203784163695058,11.268916555851286,14.206842937708453,20.310370678302448,14.206842937708453,11.268916555851286
48c1f673,2917,2997948.22,1129098.62,0.035995886184436054,0.7434869739478958,self_multiscale,hybrid_multiscale,1,-0.41400075340147857,0.0,0.470819513236956,0.7724171609126917,0.9732872423349599,0.8614434774060354,4,16.416604324575058,27.887390921403192,28.088142497402945,20.624662137248002,20.440457536941565,20.624662137248002,20.440457536941565
4936af16,3991,2990882.73,1118965.81,0.5590077674768228,0.7795698924731183,type_raw,self_multiscale,1,-0.7099416764452715,0.569280881984465,0.45241630078543177,0.4142257284953815,0.44607695395690955,0.41390638853647227,4,4.631932772594839,40.9030798782062,33.14111550034727,5.542754544255145,33.143201682093206,40.9030798782062,5.542754544255145
493b5b31,4671,3034455.78,1094018.45,0.047099122243630887,0.7818181818181819,type_multiscale,type_raw,1,0.4470190317732457,0.3958467137657889,0.5105559473545802,1.367981677333429,1.6016403673365645,1.455555409531247,1,20.316492744264668,13.487305039861715,26.66359153953576,18.50770743588256,55.885490826201504,26.66359153953576,13.487305039861715
49dbc14c,3872,2910896.66,1045982.68,0.6738119834710744,0.740625,type_multiscale,self_multiscale,1,0.07593693001858928,0.0,0.4170661696120722,0.3554597066418695,0.36080747082957787,0.3556576337043848,0,2.7540792510406313,25.337660190224426,15.220038042205893,6.160983703620684,15.19991046182565,15.220038042205893,6.160983703620684
4a035ec2,2588,3006670.18,1076018.28,0.08693972179289022,0.8474226804123711,type_multiscale,self_multiscale,1,-0.8419489238568251,0.01661514683153014,0.7458385217199496,0.950363774392509,0.8141282069742598,0.9229227371623064,1,14.751510754766906,29.94985121150141,19.972689026647682,18.454519307964926,19.96179326546455,19.972689026647682,18.454519307964926
4a335117,5015,2913499.51,1048106.81,0.2875373878364905,0.8562091503267973,type_raw,type_multiscale,1,-0.7083202790534034,0.2390827517447657,0.6517967934380813,1.0159934562394568,0.9018582429690271,1.0144543949215235,0,4.571319993247681,21.227794706837766,10.818722090754054,24.915881811020544,10.818722090754054,21.227794706837766,10.818722090754054
4a8ecc0b,5809,3006141.72,1098642.41,0.019969013599586805,0.8152380952380952,self_multiscale,type_multiscale,1,-0.3508429925331588,0.0,0.6116813212887066,1.1554997798927549,1.8784485629243424,1.1866680234731248,1,4.049634087763333,20.333117035349282,14.655814130550036,15.006485849757206,22.634808616262852,15.006485849757206,14.655814130550036
4b462989,3106,2928014.9,1056758.41,0.3966516419832582,0.7899543378995434,self_multiscale,self_multiscale,1,0.23023356488982133,0.0,0.5906937685003052,0.5992188597405278,0.9524592337417597,0.5996955061839617,0,4.3933896441706,38.17930331656902,9.446453434252987,5.540987490475595,9.446453434252987,5.540987490475595,5.540987490475595
4b831d20,7312,3010541.34,1076208.79,0.03884026258205686,0.8583815028901735,self_multiscale,self_multiscale,1,-0.2123732769538462,0.0,0.4992545027127992,0.9528847037718484,1.6754752968741142,0.9655853613761959,1,4.951348383618748,28.61227262132256,29.865134493962056,13.129758515322408,34.410766908623174,13.129758515322408,13.129758515322408
4c2208f5,5384,3035961.8,1089979.42,0.03770430906389299,0.7040441176470589,type_raw,self_multiscale,-1,0.6448313490210382,0.725668647845468,0.4775230591278788,0.8009066557978831,1.0240158198627993,0.9184082762733504,1,17.352910699301898,35.22250504949039,41.34979943390752,34.53664159024219,34.53677332767323,35.22250504949039,34.53664159024219
4c3168cf,4334,3011597.56,1116774.67,0.23534840793724043,0.7726218097447796,type_raw,type_multiscale,-1,0.036140948287246864,0.44993077988001845,0.6719472829606391,0.8271713470466225,0.9365964493948895,0.9121745513544134,4,4.431926393531387,32.867075876947546,21.074310031069874,25.65963416932799,29.25844641023461,32.867075876947546,21.074310031069874
4c3df468,5392,2883943.24,1019010.45,0.5070474777448071,0.7363636363636363,type_raw,hybrid_multiscale,1,-0.8559259891541128,0.22793026706231453,0.4446670790471686,0.4668852648011276,0.48297122644478974,0.46265007019058557,3,12.032654107372357,26.426984654239817,16.074429122821947,17.0071701616269,16.06777374831374,26.426984654239817,16.06777374831374
4caa7289,5396,2903379.45,1031897.68,0.6123054114158636,0.7369942196531792,self_multiscale,self_multiscale,1,0.3975015228651936,0.0,0.4688001316755813,0.35783000852272334,0.33754238859642266,0.38090937544524406,3,6.319157542605435,26.366810493646437,23.391417558589808,6.198309232562984,25.117777548595623,6.198309232562984,6.198309232562984
4cd1ac61,4489,3005175.98,1105953.17,0.11940298507462688,0.8257191201353637,self_multiscale,type_multiscale,1,0.93113901531841,0.9826241924704834,0.610468252788345,1.0973410182630294,2.2395395696465483,1.0987042970298861,4,7.330349816416894,36.25126271711707,13.391956604358638,40.483873167673615,13.391956604358638,40.483873167673615,13.391956604358638
4cecf7b3,6019,3010501.12,1099776.82,0.48297059312178103,0.844776119402985,self_multiscale,hybrid_multiscale,1,0.19337659369138677,0.0,0.2394495627799437,0.39198846107869073,0.3563798960258192,0.410465461183997,1,10.975177027895693,13.46950539653102,13.432418924718224,16.715773688296178,11.516933022881098,16.715773688296178,11.516933022881098
4ddde4c1,4472,3007238.25,1130546.54,0.07535778175313057,0.8394160583941606,self_multiscale,self_multiscale,1,0.21261735741235072,0.0,0.49559062473519844,1.1814224503957216,0.8997963894721621,1.183182776908765,4,3.669837384087916,19.05824312040111,83.76334243584228,5.6836444469602325,17.245446244364285,5.6836444469602325,5.6836444469602325
4e050c92,3705,3012405.61,1108855.54,0.19406207827260458,0.8173652694610778,type_raw,self_multiscale,1,-0.7288224357629438,0.20647773279352227,0.5653224368040767,0.6910642260404801,0.7781727074641497,0.6910391584810347,4,5.54580964262857,20.04901354572193,10.06437723338184,5.769910972586883,10.065894797963516,20.04901354572193,5.769910972586883
4ed93db6,4657,3007415.34,1117921.92,0.037363109297831265,0.8428030303030303,type_raw,type_raw,-1,0.6418767105937434,0.09018681554648916,0.6781994092708499,1.0618665610520586,1.0233908856960832,1.0683854094165386,4,6.231577788074734,18.9018455572819,71.4870507423205,33.06301382751418,33.10838736797375,18.9018455572819,18.9018455572819
4f3eb9e9,4697,3005313.3,1117963.43,0.0498190334255908,0.5339805825242718,type_multiscale,type_raw,-1,-0.8835040526355616,0.550351288056206,0.6940004902715868,1.164833993517534,1.4931116262621982,1.1690306613197856,4,31.394041611922255,43.12925933134081,71.35749598026825,47.028247357076815,51.330404153358955,71.35749598026825,43.12925933134081
4f4ac5ce,5162,2898620.75,1025492.46,0.5984114684230919,0.9070422535211268,self_multiscale,self_multiscale,1,-0.09618201177890805,0.0,0.3270496341652702,0.3369363622754801,0.3474891000397458,0.3475780663694035,3,4.631287641666541,19.785514252962173,20.841051476280352,9.292192965938442,23.969710352727486,9.292192965938442,9.292192965938442
4f4afcc6,5645,2905888.45,1030376.28,0.07263064658990259,0.7336814621409922,self_multiscale,self_multiscale,-1,0.5079317810008532,0.0,0.6782744261581352,0.8831909209388179,1.0184332897674144,0.9501139254320279,3,8.248229122285464,22.440705523913028,8.36036451839422,7.940594021236552,9.125088102514663,7.940594021236552,7.940594021236552
4f69febf,5460,2887844.93,1025930.16,0.02857142857142858,0.8721109399075501,hybrid_multiscale,hybrid_multiscale,-1,-0.6178967865276178,0.08461538461538462,0.6886455883030564,0.8777993618516672,0.9135972487493866,0.9148188309226014,3,5.094636863045534,36.58275518317568,25.715855373693866,13.254913002341256,12.733805085665024,12.733805085665024,12.733805085665024
4fbe9c06,6287,2908178.91,1037258.1,0.6146015587720693,0.44175824175824174,hybrid_multiscale,self_multiscale,-1,0.4671578769397449,0.0,0.4307521361690959,0.484446056088189,1.1762741176402132,0.5329491364090462,3,22.53898227364395,29.482479977360452,10.75296496998321,9.572630986572563,17.463977370998744,17.463977370998744,9.572630986572563
504c8b08,6367,2914197.35,1038568.95,0.18595885032197268,0.8553971486761711,self_multiscale,hybrid_multiscale,1,0.6446456104121652,0.7752473692476833,0.6368715648601226,0.7606524915475498,0.6586959370067405,0.7778778610359249,3,25.43283562729982,25.24610878708994,25.06487040422751,34.12060020497471,13.689713766635311,34.12060020497471,13.689713766635311
511e1db0,3821,2937871.52,1062196.46,0.05679141585972258,0.8368298368298368,type_raw,self_multiscale,1,-0.26614584874388597,0.09133734624443862,0.5035965173510996,0.9824376965224657,0.7948175963265998,0.9798100221047111,0,4.50974190364672,22.938892875629076,24.931569076967804,13.962938242365459,24.972991310116047,22.938892875629076,13.962938242365459
512943b2,5029,3004629.96,1115970.61,0.7713263074169815,0.7822410147991543,type_raw,self_multiscale,1,-0.6530731658535783,0.13919268244183736,0.12540865515729416,0.24028042357749374,0.7014804282211813,0.24221163147468977,4,8.841810195217215,16.357931987094535,23.775295878582302,3.9690808061582468,24.649815181594576,16.357931987094535,3.9690808061582468
5138a660,3559,3012858.36,1108695.36,0.38746838999719024,0.7992565055762082,type_raw,self_multiscale,1,-0.24562324872980945,0.355998876088789,0.735353621086866,0.7591784193839155,0.6514430875422494,0.7492098981549885,4,24.989097869237042,24.901430021981458,57.825150081614204,5.239320391808815,57.824687396893474,24.901430021981458,5.239320391808815
516088b7,6645,2983330.31,1104748.02,0.5921745673438676,0.8375286041189931,self_multiscale,hybrid_multiscale,1,0.2390652352686165,0.0,0.45737956875288227,0.5017185265359098,0.3693948178606042,0.4379856242565966,4,2.6791451917767244,13.12708737781649,7.477024965357652,7.391964125610481,7.371462238285894,7.391964125610481,7.371462238285894
521a7819,5200,2906704.99,1038713.39,0.1578846153846154,0.851145038167939,self_multiscale,self_multiscale,1,0.6124136903411819,0.0,0.5545519026606772,0.9115369568830454,1.0626095271599354,0.9134339067971049,3,26.711547745860862,21.48143954046765,92.70223633055006,15.474542049890927,92.70932327562109,15.474542049890927,15.474542049890927
5254b6db,3274,2921077.21,1014505.24,0.21991447770311545,0.8218623481781376,hybrid_multiscale,self_multiscale,-1,0.7299421241449455,0.27764202810018324,0.4990799690073477,0.6406119268353532,0.6542767829980698,0.6829949440534966,3,3.7636723741404765,23.908629278940985,25.304072809128197,9.279007792535273,26.640581690763486,26.640581690763486,9.279007792535273
529e88ca,3417,3004122.54,1137162.51,0.549897570968686,0.8638211382113821,self_multiscale,self_multiscale,1,0.5924730819155192,0.03219198127011999,0.33352859758045994,0.6101048723653939,0.8033676365488926,0.610757119209829,4,27.60695698214402,21.31249710602555,16.99835442818935,16.940550831708887,16.99835442818935,16.940550831708887,16.940550831708887
52f1e77a,4442,3023040.95,1119697.68,0.062359297613687525,0.7447447447447447,self_multiscale,hybrid_multiscale,1,-0.20015905947687637,0.2194957226474561,0.5340126540091749,1.0198278888783325,1.110219578163162,1.017617725636545,4,3.9567092232698133,13.306145551311449,11.860850369042252,23.671014086892267,11.756120087010968,23.671014086892267,11.756120087010968
5305524b,4898,2889572.66,1028283.47,0.35443037974683544,0.8150470219435737,self_multiscale,hybrid_multiscale,1,0.17598119058615405,0.061453654552878725,0.49800491244027395,0.5806039547730245,0.5866559957329733,0.5669400058470659,3,6.337246218888115,14.66933388728382,9.862406454093383,14.537598689024136,9.242356444560707,14.537598689024136,9.242356444560707
53134831,5126,3025772.7,1120246.04,0.5793991416309012,0.8745247148288974,hybrid_multiscale,self_multiscale,1,0.43367596182481066,0.7559500585251658,0.27229682646544834,0.3418874303154106,0.3124265101215329,0.3423409407140972,4,4.346198814836906,35.19027359701824,36.073551262154304,22.580144746941155,36.07435787019861,36.07435787019861,22.580144746941155
5397ceb1,5255,2990951.23,1088428.34,0.08544243577545196,0.7754569190600522,type_multiscale,self_multiscale,-1,-0.24313691874809543,0.0,0.6312572027188786,0.8592132046036056,0.9166460993513043,0.915811142369282,1,3.2013389193367554,25.13034179028736,11.147146003989327,9.323539982839634,10.371254522070164,11.147146003989327,9.323539982839634
53f23031,8550,2984482.17,1084897.79,0.04105263157894734,0.7680525164113785,type_raw,hybrid_multiscale,-1,-0.3336274628336349,0.21461988304093568,0.9256369225345557,0.9680259261010564,1.153581906073281,0.971662127556432,2,9.703571579980908,29.407085371501683,13.606327599633131,56.54458042799322,11.28789782458389,29.407085371501683,11.28789782458389
543198e8,6503,2923383.86,1056832.97,0.2755651237890204,0.7182539682539683,type_raw,type_multiscale,-1,0.3217525826022179,0.14562509610948793,0.612462140166503,0.7655017959011612,0.9456169392600785,0.7662477998452677,0,12.727508592194742,21.107692749037362,19.528945674965843,20.32194365938051,20.016426860753054,21.107692749037362,19.528945674965843
54753541,4026,2944264.69,1064890.96,0.29855936413313466,0.8121019108280255,hybrid_multiscale,type_raw,1,0.2464953710440909,0.09811227024341779,0.4810628658359372,0.7280897149247552,1.0606469088231467,0.7510096507940248,0,17.01849462889221,8.983771360841878,12.621712768445464,16.39483961028573,20.607544348575015,20.607544348575015,8.983771360841878
54a7e3c2,6155,2971526.58,1096647.88,0.34459788789601953,0.7945544554455446,self_multiscale,hybrid_multiscale,1,0.1698899774045429,0.0,0.5450924112370166,0.570635265188164,0.7842183176061696,0.6213697440215762,2,3.40246361281875,16.54708602755331,15.305935871422076,13.238292994698678,6.7242152302732805,13.238292994698678,6.7242152302732805
5542c301,3591,2928383.12,1056899.85,0.48120300751879697,0.6523364485981309,self_multiscale,type_multiscale,1,0.20492626172063128,0.0,0.4205333040996371,0.5639514373446793,0.7036327980450793,0.6955320415014772,0,4.197507319959886,23.358054498809867,5.488816596515759,15.749686072731134,5.488816596515759,15.749686072731134,5.488816596515759
5567d551,6889,2990561.54,1102624.84,0.6619248076643924,0.7534246575342466,self_multiscale,self_multiscale,1,0.6704689120743677,0.0,0.2332062827275151,0.24669097839206114,0.29781285968623633,0.254532689082852,4,10.660488369263042,10.326697654088584,25.4605505994434,7.521844523008022,29.014260748247604,7.521844523008022,7.521844523008022
55efee7f,4801,2936609.78,1057613.26,0.011039366798583639,0.8686440677966102,self_multiscale,hybrid_multiscale,1,-0.5613804848519119,0.29368881483024367,0.6689053671661267,0.9141272747560636,0.7830063567730019,0.8510618578308593,0,11.705094572481517,37.782565370689476,17.905581166468092,24.40991628667049,17.89013258146917,24.40991628667049,17.89013258146917
5663b2b7,4972,2922803.86,1017063.61,0.15667739340305709,0.8605504587155963,self_multiscale,self_multiscale,1,0.4426445309983053,0.04666130329847144,0.42813675471091106,0.828940716533396,1.3805632750687413,0.9211497652558377,3,12.330136250780791,23.538182857059923,25.06715095577132,16.97509327080998,36.67428176256065,16.97509327080998,16.97509327080998
5693dde2,3488,3020169.28,1113085.96,0.5874426605504588,0.8493150684931506,type_raw,self_multiscale,1,-0.5154765469870203,0.16743119266055045,0.2799504245007865,0.3013379782729333,0.38996696290934424,0.3345081609133775,4,7.381243529814471,20.261698304352503,7.515913442413448,7.4099999574402196,19.87712537392492,20.261698304352503,7.4099999574402196
56b00794,6065,2918298.19,1044960.66,0.4314921681780709,0.7048611111111112,type_raw,hybrid_multiscale,1,0.8546130226838452,0.01599340478153339,0.5961794448261428,0.7468405917045315,0.8541917789706672,0.776027274343608,0,31.23925905135056,19.04192989077997,38.62062529597726,29.227131876753592,9.971969510130181,19.04192989077997,9.971969510130181
57796579,5890,2938934.87,1059612.47,0.06723259762308997,0.8628230616302187,self_multiscale,self_multiscale,1,0.2592850046833495,0.0,0.7900820504668687,1.0197038149594593,1.1856990956746847,1.013271364879858,0,15.330266807141033,41.70109010633572,48.59273953029855,10.479297883838177,46.74809340055969,10.479297883838177,10.479297883838177
577eec7c,4539,2861847.41,1041704.74,0.34236615994712494,0.7777777777777778,type_raw,hybrid_multiscale,1,-0.7963324777012718,0.1220533157083058,0.3737838366092869,0.6576625621955043,0.799946887888301,0.6799650094167935,3,10.813656917974015,22.554076332185733,11.032656580077301,13.527241821348458,11.012953351802157,22.554076332185733,11.012953351802157
57f05c51,4771,3034496.3,1094478.66,0.05805910710542861,0.7453936348408711,self_multiscale,hybrid_multiscale,-1,-0.2324860854618927,0.9861664221337246,0.5328690885872188,1.1761683158823744,2.037301464987147,1.4005565492232854,1,18.058671328591284,21.028209159230677,38.438176174379926,92.47229066045482,16.274586857557875,92.47229066045482,16.274586857557875
58850d2c,4995,3026504.18,1094640.45,0.02202202202202197,0.861995753715499,self_multiscale,hybrid_multiscale,-1,0.6402986136655489,0.0,0.43364221240520984,1.02050629321996,1.0286292213385586,1.1511617543691512,1,14.626561694284266,16.453229447718215,15.21568707726462,16.22549456793134,7.082300578306433,16.22549456793134,7.082300578306433
58fa8486,4475,2921702.81,1014913.31,0.28268156424581004,0.8231578947368421,self_multiscale,self_multiscale,1,0.37648439630800995,0.0,0.5845430195625128,0.7120829469042077,1.4076195440786254,0.7781838789824859,3,17.73007366190628,25.53678289323695,16.251574310675966,12.64679147509449,23.586443651210715,12.64679147509449,12.64679147509449
591cc951,4609,2937156.16,1058334.74,0.009112605771317006,0.6766467065868264,self_multiscale,self_multiscale,1,-0.36428881672749663,0.0,0.6565698296220251,0.9820199141168,2.153313310610878,1.096681064929557,0,9.500295348587171,12.918590229136928,17.150997217490012,9.389792400447332,46.32657068253786,9.389792400447332,9.389792400447332
593876b6,4842,3006822.17,1115695.7,0.035935563816604676,0.7471910112359551,type_raw,self_multiscale,1,-0.8928051402014032,0.29615861214374223,0.7219492937478247,0.9804899285269629,1.3688967578945883,0.9803173804786416,4,10.208965418575033,32.47659096770976,13.189628313313777,12.090985788592464,13.189628313313777,32.47659096770976,12.090985788592464
59f8b2e8,3747,2900891.13,1011050.79,0.3373365358953829,0.8225806451612904,type_raw,self_multiscale,1,0.2129665201031583,0.0,0.5140650153969726,0.7267259956221157,0.7597054718308763,0.726229455751031,3,5.1241642868390915,17.932493793490767,10.075188646422774,7.6572913319115985,10.073768796940744,17.932493793490767,7.6572913319115985
5a1a8fd8,5260,3001049.86,1101173.54,0.5304182509505704,0.8155339805825242,type_multiscale,self_multiscale,1,0.7300822744560962,0.21387832699619772,0.31286639411181666,0.524911994776254,0.5452177042652029,0.5249455722454613,1,5.921876994981716,25.133866829462374,23.821387772319948,12.55862467797644,23.821387772319948,23.821387772319948,12.55862467797644
5a5269a9,6513,2993888.73,1113483.4,0.46338093044679873,0.8011204481792717,type_raw,hybrid_multiscale,-1,0.9130939569831457,0.0009212344541685859,0.5972078244986497,0.6267731721480584,0.5958612381499917,0.6685437562381291,4,14.133170844797828,8.637161427870447,14.213295899132424,7.105050646914926,7.102959370100447,8.637161427870447,7.102959370100447
5a5d1982,3894,2908096.19,1033714.94,0.2840267077555213,0.551487414187643,type_raw,self_multiscale,1,0.8503211830130657,0.0839753466872111,0.5211728095995145,0.6742346036810125,0.6425938311653995,0.6679492829524224,3,6.161074815632772,23.613259141160167,9.043908418446687,7.8905394176174255,8.68342895656764,23.613259141160167,7.8905394176174255
5a63b5d1,6217,2885700.38,1008581.04,0.546244169213447,0.832967032967033,type_multiscale,type_raw,1,0.6734121739259676,0.2021875502654013,0.47236948839840315,0.485314558109578,0.5587132607085491,0.48742193623993413,3,30.819387361680143,15.326386599138788,22.838664613655556,20.955597621121427,22.84417151461511,22.838664613655556,15.326386599138788
5aa03df7,4871,2978094.51,1090428.75,0.33196468897556974,0.8283712784588442,type_raw,type_multiscale,1,0.777434505321804,0.3438718948881133,0.5912541367165144,0.6461669328552354,0.7303078225420054,0.6636038738820196,2,9.434913907397371,25.5904777486915,6.185060276347236,6.58601427636249,6.2525391910370605,25.5904777486915,6.185060276347236
5aa403d0,3118,2927466.46,1056270.12,0.5792174470814625,0.765807962529274,self_multiscale,self_multiscale,1,0.5141239985753212,0.722578576010263,0.3436662102784149,0.4127260128153464,0.9004945083313105,0.48239796340442037,0,19.91531719405558,54.294819264793794,39.7991670158706,30.125657818214084,70.23378248316303,30.125657818214084,30.125657818214084
5aef5c6c,3121,2968559.23,1073508.29,0.6507529637936559,0.9346246973365617,type_raw,self_multiscale,1,0.2003225815645439,0.2742710669657161,0.39142413031993145,0.5443295076709914,0.6091832582228504,0.5464348758133227,2,6.641632691838731,27.923092785967203,29.42036536655894,10.433172832559242,29.420423174653813,27.923092785967203,10.433172832559242
5b7b6324,6564,2995625.01,1065076.47,0.540219378427788,0.6802168021680217,self_multiscale,type_multiscale,1,0.6896278867219225,0.0,0.4919189358276796,0.7602755706103764,0.8366207036460882,0.7626157054873187,2,22.54285276634245,41.13359197215495,12.2767764682461,12.625544920393303,12.276871150795353,12.625544920393303,12.2767764682461
5bd25f59,4210,2997933.63,1128490.15,0.02185273159144896,0.8415492957746479,self_multiscale,self_multiscale,1,0.9202115595245072,0.0,0.3188059960791401,0.844598427152703,2.3672796370409896,0.8477229403144592,4,12.453112487220718,17.534219045332097,41.94023279997267,3.2678204290160617,41.94034824517263,3.2678204290160617,3.2678204290160617
5beded95,3057,2983657.04,1101739.16,0.6234870788354596,0.7949790794979079,type_raw,self_multiscale,1,0.024978477019724683,0.671573438011122,0.32098148484646094,0.3069727830342,0.4198574796500832,0.30585207725262464,1,7.893730053681676,35.020299147374494,24.42734218281588,10.795910464656265,24.427205268013765,35.020299147374494,10.795910464656265
5cb483ac,3852,3012084.16,1109009.54,0.11941848390446519,0.7407407407407407,self_multiscale,self_multiscale,1,0.23681492172190216,0.0,0.6941587919222744,0.9042452780570701,0.9687597145986816,0.9041653872136913,4,8.798697682091008,29.12095533041751,36.94797561821916,5.829056278028143,36.94797561821916,5.829056278028143,5.829056278028143
5cdd8dbc,4010,2912738.05,1042534.73,0.41970074812967584,0.8140589569160998,type_multiscale,self_multiscale,-1,-0.7808119180612707,0.5773067331670823,0.4134555962697254,0.6299344899605117,0.5866752382396448,0.6438882096505494,3,8.920349034490675,39.41053306520733,50.88889699317582,12.510190669949997,26.20107764197884,50.88889699317582,12.510190669949997
5d11dfb5,5895,2981316.21,1053440.91,0.4958439355385921,0.7980769230769231,self_multiscale,hybrid_multiscale,1,0.184602036539897,0.0,0.35013531688253235,0.5762989748404318,0.7000367722239165,0.6751200710036867,2,14.768150648466976,21.0038524056388,13.451947619518593,9.982566386152579,9.973923801423721,9.982566386152579,9.973923801423721
5d7198fd,3368,3019813.11,1106485.7,0.041270783847980996,0.7262569832402235,self_multiscale,self_multiscale,1,-0.6116297777387477,0.0,0.7021171755067208,0.8763883547678913,1.0386410823060779,0.9705258442103649,4,9.305150638758153,24.677688216777145,24.723497434944036,14.492495641839566,15.072815346520766,14.492495641839566,14.492495641839566
5def1ce5,6443,2907040.58,1036167.45,0.027161260282477118,0.7401574803149606,type_raw,type_multiscale,1,-0.31152482591508335,0.10662734750892441,0.7165093519498981,1.0524260549464335,1.1427339828026546,1.116699103796526,3,8.016781948847223,19.87201015340069,10.875401920175078,13.99297836211074,21.76017529676948,19.87201015340069,10.875401920175078
5eae34a8,4904,2897540.31,1035482.76,0.46411092985318103,0.9496021220159151,type_raw,self_multiscale,1,-0.6754216533291912,0.0,0.40406464795669694,0.40787083886060055,0.4942448744737279,0.40787083886060055,3,3.6356967313862256,14.466818547511478,20.15128875276269,7.323013539810065,20.15128875276269,14.466818547511478,7.323013539810065
5f4d2a52,5225,2998630.55,1116925.08,0.21511961722488038,0.8385093167701864,self_multiscale,self_multiscale,1,-0.9047243671510471,0.5808612440191387,0.7295396721631154,1.3589017810831767,1.1710557466096436,1.3264004440341903,4,42.37782299698798,65.79927570768176,88.72315565131402,45.84061058675503,76.94367518531944,45.84061058675503,45.84061058675503
5f6756c5,5931,3016956.42,1106549.16,0.03237228123419322,0.9064220183486239,self_multiscale,type_multiscale,1,0.8987745517888905,0.16101837801382565,0.5729721214698886,0.8933903642700437,0.9705191561160171,1.0745592216258004,4,9.495950349168702,22.052994880670592,17.44188062191299,24.780798586548396,17.588380850843098,24.780798586548396,17.44188062191299
5f75f796,5562,3017774.68,1082759.87,0.5016181229773462,0.8752556237218814,self_multiscale,self_multiscale,1,0.42058381906493164,0.0,0.5176234493396981,0.5773722129368234,0.5858201910873735,0.6011388646047322,1,7.308799205166795,32.65843257571887,55.10767209697968,12.1673866302919,21.198079130613785,12.1673866302919,12.1673866302919
5fb1c15f,2860,2928891.37,1057550.86,0.5237762237762238,0.8445378151260504,self_multiscale,self_multiscale,1,0.043022630359457,0.0,0.27217294584295826,0.47131982888976176,0.9225797441061516,0.597314703467973,0,13.232622881092492,23.09756587844703,48.67055625337258,20.74451407218098,47.421515740258805,20.74451407218098,20.74451407218098
5fffa282,4201,2989056.77,1099476.18,0.07998095691502027,0.8428835489833642,self_multiscale,self_multiscale,1,0.9371184678649243,0.0,0.6064172508373271,1.1081388741922933,1.0201066502457776,1.1048724079189964,1,5.622884879004775,22.15502631893197,9.4663182491902,7.254869088683009,9.560266352974772,7.254869088683009,7.254869088683009
60e37807,2699,2986258.46,1086795.47,0.02593553167839946,0.8354430379746836,hybrid_multiscale,type_multiscale,-1,-0.6465700015629736,0.36087439792515746,0.7894348055973678,1.3012289371304588,1.1206858934966404,1.240608762525899,2,18.487086683215566,57.12885483145513,23.352807661525,32.7146841096053,35.58143351738777,35.58143351738777,23.352807661525
61f27424,6220,2980088.78,1053179.04,0.07652733118971056,0.7948717948717948,self_multiscale,type_multiscale,1,0.7521089325791069,0.0,0.8772161464051701,1.1592927191402818,2.2957692548451916,1.1592927191402818,2,5.880838044137255,19.937910971482342,3.5192207213429807,24.03777456013484,3.5192207213429807,24.03777456013484,3.5192207213429807
62569ae3,3588,3022204.62,1117981.13,0.3124303232998885,0.7352297592997812,type_raw,self_multiscale,1,-0.6151323201805741,0.35981047937569677,0.6867118878515285,0.6107048150886872,0.588589700705703,0.6094825240223624,4,11.93595995820057,42.72877001683534,28.337198865598676,8.546076640634709,28.299207222174253,42.72877001683534,8.546076640634709
62a6f539,3693,2917779.58,1046746.42,0.6999729217438397,0.7946210268948656,type_raw,hybrid_multiscale,-1,0.7889533318975788,0.08529650690495533,0.29459000375689054,0.32323294138355857,0.3162724085739267,0.3350568107963248,0,11.203996097237356,18.155014098996006,12.135177686227262,7.299688795580379,7.0159012248813175,18.155014098996006,7.0159012248813175
633774dc,6233,2970968.22,1096071.96,0.3641905984277234,0.8272921108742004,self_multiscale,self_multiscale,1,0.026062058932928314,0.02534894914166533,0.4621456155424092,0.5248649815980366,0.9580825230077357,0.6384745333480368,2,16.845796588854007,32.92590599964785,30.0950331059464,17.28727929748893,37.41487577699542,17.28727929748893,17.28727929748893
63559d57,4069,3013943.31,1112664.4,0.6586384861145245,0.7697674418604651,type_raw,self_multiscale,1,0.11467152356492238,0.44163185057753745,0.24906175140899284,0.38338559398197974,0.41283245828620807,0.4191463589736384,4,8.454523826428371,36.406252308182594,19.276040662504027,4.48844820777035,50.43211727060597,36.406252308182594,4.48844820777035
647f2a41,3881,2998455.47,1093563.52,0.4344241174954908,0.8393881453154876,type_raw,type_multiscale,1,-0.607269757162832,0.21978871424890492,0.4510684869896608,0.5367552416724681,0.5906076547615067,0.5599068735128233,1,3.0769469856767855,29.3189259205509,5.801546007158566,6.935210786072427,13.67220504909153,29.3189259205509,5.801546007158566
65156b96,3221,2925517.19,1057359.45,0.05029493945979513,0.8779443254817987,type_raw,type_raw,1,0.7875538574859896,0.0,0.6698247736576227,1.1853777305164641,0.9401023474998933,1.1842102535985328,0,8.09297713580582,5.293624984503395,93.44692032116446,10.142910547185448,93.4569481715172,5.293624984503395,5.293624984503395
653612bc,4605,3025097.29,1120136.81,0.03561346362649298,0.6435045317220544,self_multiscale,self_multiscale,1,0.917459199655059,0.0,0.7861061245237553,0.8723501581795183,0.7670047408965595,0.8709273594001569,4,2.6211310442110363,21.275071208307686,19.748712240483798,8.1359833692955,19.748712240483798,8.1359833692955,8.1359833692955
656a067b,3051,3008126.28,1130560.12,0.20419534578826615,0.8706365503080082,self_multiscale,type_multiscale,-1,0.9151435085155728,0.2153392330383481,0.6920333641749451,0.8129885719060991,0.8219586477354378,0.816392873516066,4,11.43654230120376,20.990226818556927,13.991053193117347,25.696754079830246,13.998760075260497,25.696754079830246,13.991053193117347
65a5466a,4683,2998673.37,1126745.47,0.27461029254751224,0.8074534161490683,type_raw,self_multiscale,1,-0.8256530409105737,0.10335255178304506,0.72105089672135,0.7418660248044265,0.9106893186333598,0.7557392655803311,4,5.267493379843112,17.9696858231923,13.919271816781956,12.039566922643825,12.393880935630795,17.9696858231923,12.039566922643825
660d9546,4732,3023980.75,1119907.97,0.20815722738799658,0.7088607594936709,self_multiscale,self_multiscale,1,-0.2042554833208919,0.0,0.6665351320141678,0.9203059538049437,1.18065259924237,0.919279951278858,4,8.056539721967905,25.91548918609977,32.59624587299387,7.008744860700864,32.59624587299387,7.008744860700864,7.008744860700864
6767c111,6783,3007327.89,1135375.68,0.4820875718708536,0.8698979591836735,type_raw,type_multiscale,-1,-0.6377250279773349,0.7408226448474127,0.43711902080688214,0.5208752797372439,0.4995823024219588,0.5674104305379853,4,52.77503922969482,74.67912926501779,30.71575016857169,36.853533442139245,39.56973710054329,74.67912926501779,30.71575016857169
67847288,7429,3008506.38,1075317.57,0.4664153991115897,0.6052104208416834,self_multiscale,self_multiscale,1,0.5654186114516659,0.0,0.43500475587986465,0.4982918828727689,0.8364659292799802,0.5111470322182329,1,20.472520806482656,33.40133274460195,23.8864917472825,8.48463399561681,32.863249341202874,8.48463399561681,8.48463399561681
67a8da4a,4911,3021878.36,1082765.97,0.18794542862960706,0.7932489451476793,self_multiscale,type_multiscale,1,0.4141007109616049,0.0,0.6395582781091964,0.9245112891784978,1.0148843426000602,1.0732289347717554,1,8.700907080346992,22.24005941726169,7.99696008217468,13.32611346574117,7.99696008217468,13.32611346574117,7.99696008217468
684a6fc1,9818,2958706.15,1080107.31,0.5022407822367081,0.7612903225806451,self_multiscale,self_multiscale,-1,0.8130174092525371,0.6859849256467713,0.35655858798688483,0.5142714008600646,0.47786259541229603,0.5617848213940471,2,23.561697291978696,40.00514502505155,33.24695319730301,32.51110756769247,34.037556498274114,32.51110756769247,32.51110756769247
698930d1,4741,3007519.94,1130073.41,0.1489137312803206,0.8928571428571429,type_multiscale,type_raw,1,-0.7847091395303261,0.08816705336426914,0.646690009573948,0.8793121628495107,0.9115157385995958,0.8957265819243897,4,5.156152986811668,4.0567149615502505,13.35569532192799,13.59798931514856,13.348011731732527,13.35569532192799,4.0567149615502505
699ea575,4120,3012773.93,1101041.8,0.4507281553398058,0.7178683385579937,self_multiscale,type_multiscale,1,0.5765496566398256,0.2070388349514563,0.7034758535083365,0.936244899576995,1.286042206084269,0.908334171756574,1,7.964183233108092,22.196029930860675,8.458247013073096,23.127126501544737,44.20374973798118,23.127126501544737,8.458247013073096
69c1bdad,2714,2979492.48,1098009.01,0.40862196020633756,0.8090128755364807,self_multiscale,self_multiscale,1,-0.5311825295946273,0.0,0.48574070080897896,0.5542437846163827,0.6896327692240816,0.6146257697932116,2,5.641483044766482,32.28469246809968,17.347336766452862,10.487596212590773,17.379099757008145,10.487596212590773,10.487596212590773
69e41fa6,5772,3021524.59,1118157.42,0.4442134442134442,0.7760252365930599,type_raw,type_multiscale,1,0.6723615370485022,0.012647262647262647,0.4802775250229173,0.6759482790635611,1.0084028927738564,0.8383475583927616,4,6.114416064908889,12.640336416793918,4.381227841345725,4.525125293556455,8.629109469241616,12.640336416793918,4.381227841345725
6a0ff78e,6465,2907247.11,1036392.53,0.04021655065738594,0.7419354838709677,type_raw,self_multiscale,1,-0.5706357824886731,0.25784996133023974,0.6405187730870144,0.882712659387934,1.0726049009817549,0.8937123048803363,3,11.488700733140687,28.613397304775813,15.9581385138112,11.349346284379225,15.650138046234579,28.613397304775813,11.349346284379225
6a8fa194,3017,2910841.73,1017218.8,0.056015909844216116,0.748898678414097,self_multiscale,hybrid_multiscale,1,0.7817706197787471,0.0,0.7933777630533092,0.9392026390454731,1.7482632529338253,0.9416849443964603,3,5.083100403127719,31.99094532827,25.0948175587218,18.729729344525964,7.733472243436864,18.729729344525964,7.733472243436864
6ae68655,4204,2990458.73,1058382.29,0.1988582302568982,0.691699604743083,self_multiscale,self_multiscale,1,0.2714679803861523,0.0,0.5600883298973668,0.6855952102097735,0.7736856401389022,0.7500294298971727,2,5.852033875605552,30.52428530471222,17.055003228765774,5.751971657577173,5.929347740597108,5.751971657577173,5.751971657577173
6d1d74e1,5830,2884309.54,1019303.89,0.307032590051458,0.73,type_raw,type_raw,-1,0.9717542001691384,0.010634648370497428,0.574145700490594,0.5542699829115593,0.6196155703150492,0.6194051130627123,3,21.400705037646677,13.27053579538826,13.708754344673896,21.695151364865644,21.569488732985942,13.27053579538826,13.27053579538826
6d590e26,6096,2995816.71,1115881.36,0.3321850393700787,0.8172484599589322,self_multiscale,self_multiscale,1,0.05247758922876494,0.0,0.5101498398860898,0.7250885233642961,0.711160933893496,0.7237845791856109,4,10.015863834174594,16.396096265654883,14.883917263067142,8.623535764295507,14.808541739420493,8.623535764295507,8.623535764295507
6d6d93af,3595,2901208.21,1011749.6,0.43560500695410287,0.8292011019283747,type_raw,hybrid_multiscale,1,-0.1642045005579787,0.7132127955493741,0.38435627429775704,0.8011764297583196,0.6789226060369299,0.8100157223956502,3,23.493557456860643,36.9513191586722,26.820411752851292,47.99779752509558,24.94567596156518,36.9513191586722,24.94567596156518
6dbe4b60,4648,3005044.7,1115563.49,0.5,0.8458244111349036,self_multiscale,type_multiscale,-1,0.8628191429876565,0.0,0.4365409943291045,0.6156001864721298,0.5241848984564885,0.5739884213923937,4,5.687858635255003,20.195302902152353,9.9208092977007,11.211971571446986,9.921376039192689,11.211971571446986,9.9208092977007
6e6d122c,5632,3008726.61,1090968.44,0.28728693181818177,0.8195718654434251,hybrid_multiscale,self_multiscale,-1,0.41598138023697584,0.28675426136363635,0.6663199547434184,0.679088848398716,0.6336211698329028,0.7190874088322305,1,6.556653774767003,36.30909583944878,27.341290233194464,8.880623677414729,25.9437521281154,25.9437521281154,8.880623677414729
6e9ccd38,8282,2871911.17,1026269.51,0.03887949770586818,0.6530612244897959,self_multiscale,self_multiscale,1,0.5480565958280023,0.0,0.6236501557989853,0.9602865950098647,0.9322651494103653,1.0201775188507236,3,14.78378997939311,22.727096781356668,19.161765460580337,13.677141329711832,19.161765460580337,13.677141329711832,13.677141329711832
6ea22614,5971,2992094.58,1120091.0,0.44615642270976386,0.8354661791590493,type_raw,self_multiscale,1,-0.5674011596418251,0.28772399933009546,0.5611773181776215,0.6177899847104555,0.8693676009393215,0.6163949519148992,4,12.233022573375552,29.826853038841204,41.79099133635006,17.474329155955665,41.80253069512846,29.826853038841204,17.474329155955665
6ede926a,4938,2903596.2,1032159.93,0.3590522478736331,0.6777251184834123,self_multiscale,self_multiscale,-1,0.10635822554273014,0.032806804374240585,0.5466202981123234,0.6406744792797873,0.5938142494018299,0.6640747629203737,3,4.263416432929614,28.12013628414107,27.302763851165718,11.240259370714764,21.96281785990843,11.240259370714764,11.240259370714764
708caea9,6548,3007633.16,1135794.05,0.21701282834453273,0.8950495049504951,type_raw,type_multiscale,-1,-0.6051938453532945,0.8422419059254734,0.6229516979635623,0.832874630171759,0.8329376242405898,0.9598730694126892,4,43.771919852168736,72.10720280089721,35.823562426263216,42.74681462570613,69.54776986945681,72.10720280089721,35.823562426263216
70925e23,5947,3025130.34,1076501.87,0.11804271061039184,0.8473413379073756,hybrid_multiscale,self_multiscale,-1,0.9320409262226597,0.1516731124936943,0.47852349974294917,0.9357795645417596,1.2077056358393312,1.160206350969593,1,15.213323475789574,18.738690577755992,16.212916681191356,7.180176108966599,22.394471536697374,22.394471536697374,7.180176108966599
70e1788b,9285,2874101.66,1026796.36,0.039633817985998965,0.8374558303886925,self_multiscale,self_multiscale,1,0.5550272358217604,0.0,0.7077739134697923,0.9820595059840239,1.1287969634365504,0.9822097662735253,3,5.657858442508004,22.087588476240466,17.58477069170984,8.729096450751646,17.584212016623127,8.729096450751646,8.729096450751646
71642c7d,4648,2944601.94,1013766.92,0.26893287435456115,0.854419410745234,type_raw,type_multiscale,1,0.0018089713828761424,0.1985800344234079,0.6439728590311413,0.8375798839307661,1.2094458791734224,1.0868611480708814,3,5.2434833387415205,20.65917439186167,13.862545731608341,24.740008960224447,21.064102363097245,20.65917439186167,13.862545731608341
71ccf778,2698,2911313.49,1017862.69,0.045959970348406265,0.7888086642599278,self_multiscale,self_multiscale,1,0.7562779191455838,0.0,0.8205044364125424,0.9364794740154344,0.910293533054849,0.9364794740154344,3,8.351099488608893,9.483662586369356,13.296686693308645,4.5028007886519426,13.296686693308645,4.5028007886519426,4.5028007886519426
7224331b,6063,2982661.95,1053576.21,0.7085601187530925,0.6818181818181818,self_multiscale,self_multiscale,1,0.3718087035567938,0.0,0.3192984787093073,0.3947849178235962,0.5592012087103203,0.3947428236910928,2,4.767538945634114,15.834510203230789,35.29366191495719,8.145828455541976,35.29366191495719,8.145828455541976,8.145828455541976
722cf0d8,5143,2888500.6,1026912.14,0.03772117441182188,0.8547579298831386,self_multiscale,type_multiscale,1,-0.6040744331385405,0.02858253937390628,0.5172761353913842,0.9409056184838032,0.7889887630396176,0.8800766660250388,3,7.764855864971576,24.00940667338728,12.942655377956681,18.693739439839202,12.942655377956681,18.693739439839202,12.942655377956681
7256229b,5415,2996427.62,1120942.78,0.6642659279778393,0.8412698412698413,hybrid_multiscale,hybrid_multiscale,-1,0.6613714484941721,0.0,0.3686321864204879,0.39944867798465244,0.516816948064087,0.4462892955653934,4,9.92643674488028,8.31481781909435,11.987278497650651,20.68627807130172,6.437170106832836,6.437170106832836,6.437170106832836
726f3dc2,6723,2982565.95,1103971.16,0.3663543061133423,0.8388998035363457,self_multiscale,self_multiscale,1,0.5250846205459022,0.0,0.4235972649869634,0.6211356171232268,0.9397815992503954,0.8291219473179133,4,6.737647498314808,11.659488887152136,18.918033850658464,11.508937088925693,16.851172163598243,11.508937088925693,11.508937088925693
7271dd80,4340,2957159.57,1078114.04,0.04216589861751152,0.8546845124282982,type_raw,type_multiscale,1,0.3459705978025244,0.10714285714285714,0.7804299844778351,0.8541704043382804,0.9070133526078107,0.9773008150229409,2,5.28680798886635,20.791808345733386,5.100211552492994,13.018962925986038,15.131483408385456,20.791808345733386,5.100211552492994
727a3a10,4397,3036077.16,1097587.84,0.32977029793040713,0.782051282051282,type_multiscale,self_multiscale,-1,0.7911402749857316,0.9695246759153968,0.7429723278555855,0.8947703446107567,1.6757020220524323,0.8005642688049279,1,15.46277211928237,11.679790273865553,40.772595578321045,8.535542929945095,61.590101418552344,40.772595578321045,8.535542929945095
729665c0,4263,2998601.16,1094076.55,0.555008210180624,0.7493540051679587,type_raw,self_multiscale,1,-0.4079676586080516,0.5280319024161388,0.28030942250664054,0.3871801537077629,0.4067278327231367,0.40646543724408807,1,4.886579198961166,32.62544686453316,19.865944815337834,11.039360702914893,28.19484537963801,32.62544686453316,11.039360702914893
729e9750,5919,2887370.71,1021825.38,0.5720560905558372,0.7713498622589532,type_raw,self_multiscale,1,-0.69315626829763,0.14782902517317115,0.4816197018425297,0.373362695196342,0.3691211689519525,0.37175968871832465,3,7.242778558978782,18.95935279321405,16.708142730485505,11.118014224400474,16.708142730485505,18.95935279321405,11.118014224400474
729f4217,6195,2908527.48,1037420.32,0.5301049233252624,0.7366771159874608,hybrid_multiscale,self_multiscale,-1,0.2760435539059885,0.0,0.5141113260324435,0.5083499741861562,0.4456189752202485,0.5074559164185715,3,13.093954692507783,27.1721481302324,15.302739180438639,9.518328834912284,15.65639358217584,15.65639358217584,9.518328834912284
72dd8501,5193,3007693.36,1099752.68,0.5470826112073945,0.8354978354978355,self_multiscale,self_multiscale,1,-0.5734488939679128,0.0,0.3400293842386421,0.542197387990391,0.8495189220447765,0.60268164213239,1,2.4034989706450682,25.411048075932555,10.170941576447788,5.573255524584101,7.285266039819059,5.573255524584101,5.573255524584101
73348914,4221,2944472.7,1013529.66,0.2250651504382848,0.5946843853820598,type_raw,self_multiscale,1,0.48992328926610906,0.457000710732054,0.409089588055616,0.7526272339687212,0.9109158622785278,0.7501101178060434,3,16.323549438133618,32.0700562882153,23.62061263837119,6.937705179867429,23.612409422280766,32.0700562882153,6.937705179867429
739a914f,5505,3008979.15,1116220.03,0.4239782016348774,0.6201117318435754,type_raw,self_multiscale,1,-0.8199707036153041,0.532061762034514,0.4433538020150731,0.6050499650149002,0.9093098480928923,0.6521148662077818,4,24.251889239534798,35.88398072864395,13.026030290253987,11.770329432520011,20.234929851707875,35.88398072864395,11.770329432520011
73b1447d,5670,3008361.98,1090835.24,0.38430335097001767,0.9278350515463918,self_multiscale,self_multiscale,-1,0.0016656118746012113,0.29065255731922396,0.39914714007074387,0.5507378186748505,0.5070928101107118,0.57267500333071,1,22.46107371797271,46.29237068187765,50.425153415023104,31.697754980854985,48.83470639235721,31.697754980854985,31.697754980854985
74b6186b,3405,2958327.85,1088594.34,0.6405286343612335,0.8191056910569106,self_multiscale,self_multiscale,1,0.5533505420068304,0.0,0.30767145009542657,0.4698349632535619,0.4650913201441313,0.46692426000809717,2,1.848462463837911,26.247471802732726,11.425583157309092,10.923187711457643,11.437547504695969,10.923187711457643,10.923187711457643
75c20ec7,5361,3004353.03,1090969.89,0.6590188397686998,0.8515625,self_multiscale,self_multiscale,1,0.4019385518490891,0.0,0.21993970876642044,0.230869843505848,0.25972001051422733,0.2590565033357365,1,8.82108775832148,26.653518335074175,12.145592246739787,8.980828993192132,13.304196459891548,8.980828993192132,8.980828993192132
75cd5f11,4946,2908744.7,1038797.0,0.27739587545491307,0.7757255936675461,type_raw,self_multiscale,1,-0.636826748595554,0.08006469874646178,0.5922068285720836,0.7408953664251127,0.697248052106812,0.7428574407182805,3,6.23309735099612,17.759047578222205,10.973423126961347,9.523649228206539,10.96814789548243,17.759047578222205,9.523649228206539
75d20a82,5067,2922803.86,1017063.61,0.1511742648509966,0.8682842287694974,type_raw,type_raw,-1,-0.2566160964886888,0.21906453522794553,0.40821861887161365,0.7902694858072591,0.8867761461252884,0.8771146780906424,3,14.700657440733526,27.699267708314483,31.499919453191236,40.49074359546106,36.7055707862127,27.699267708314483,27.699267708314483
76201745,4448,2998999.3,1126565.65,0.4930305755395683,0.5541561712846348,type_raw,self_multiscale,1,-0.6218985816089188,0.36555755395683454,0.3922457640467924,0.7076357928230818,1.296181317468109,0.7080878162716104,4,8.599572579231086,30.869967791420475,30.432930377658256,7.95296195699371,30.433953662711264,30.869967791420475,7.95296195699371
764072a5,2949,2910250.07,1041046.1,0.6398779247202442,0.7789934354485777,self_multiscale,self_multiscale,1,0.6224846667462455,0.0,0.22373036907776894,0.2650972971815864,0.3323747523464993,0.27908345344261387,3,3.0326488226298762,14.033257581374505,9.978328820474434,7.922392189189042,10.345867328056885,7.922392189189042,7.922392189189042
77b0d905,4174,3011291.6,1094408.87,0.25563009103976997,0.8145695364238411,type_raw,hybrid_multiscale,-1,-0.808260857023789,0.5134163871586008,0.5227199373093157,0.6938582876834969,0.8937029020259235,0.8833034573558346,1,5.3495974613365345,39.68667455069037,17.237775842642133,12.216012986527915,9.686296607654882,39.68667455069037,9.686296607654882
77e4821c,5393,2920047.72,1046173.56,0.632857407750788,0.7323529411764705,type_raw,type_multiscale,1,0.7756520845617576,0.0,0.32995872751012395,0.45446705855828895,0.5098997342339393,0.4550235132590987,0,22.026069959722978,8.977207355331213,7.055859668725681,19.142793394365693,7.056756115899644,8.977207355331213,7.055859668725681
7850c72e,5497,3035159.14,1094813.14,0.04748044387847916,0.9030612244897959,self_multiscale,self_multiscale,-1,0.3299607351863715,0.0,0.5810789666132129,0.9969842519058969,0.9482701781326504,1.003120284878514,1,11.255931815543432,21.092484256790915,30.693323373182444,16.19164172587671,21.247409943922378,16.19164172587671,16.19164172587671
78a4a386,5119,2982588.3,1104237.1,0.22348114866184798,0.41025641025641024,self_multiscale,self_multiscale,1,-0.03910510084315799,0.0,0.6603063960299669,0.8511905079607777,3.795289957281043,1.1427526786914364,4,6.239955891310388,23.984964092531563,31.94822361366548,8.36875194185323,15.041134783431396,8.36875194185323,8.36875194185323
79507629,5302,3000767.57,1072531.07,0.1050546963410034,0.8381410256410257,self_multiscale,self_multiscale,1,-0.21029561768505114,0.0,0.6718858876941105,0.8687435333732239,1.2681488051453205,0.8695067630744372,1,5.615202190914015,28.036915332970608,22.532617351300022,10.283460869096771,22.5343393207601,10.283460869096771,10.283460869096771
796dbd4c,6248,2992370.98,1120433.7,0.4007682458386683,0.8675623800383877,type_raw,self_multiscale,-1,0.8958016163196812,0.02560819462227913,0.5328960029327007,0.5930255394468908,0.8109692755204061,0.5937076073721023,4,18.228424602092577,8.662509628604655,16.44663598658654,4.871609244646171,16.446771935740745,8.662509628604655,4.871609244646171
7987f2f2,3705,3013648.88,1112602.85,0.46180836707152495,0.884,type_raw,self_multiscale,1,0.48496177722343575,0.1581646423751687,0.38005946007867947,0.5411705352662698,0.6477745580796581,0.5372736977159951,4,5.358266279434138,22.92859690500891,13.629518375463464,12.51506894244999,13.6297268995979,22.92859690500891,12.51506894244999
7993a768,5487,2986223.97,1059428.86,0.19938035356296702,0.7470355731225297,self_multiscale,self_multiscale,1,0.8929817931637798,0.0,0.7371457809410666,0.7301932746368697,0.6949869760883505,0.718412846013133,2,3.6383014641236007,29.40315626340848,25.053521937495706,9.253608929561091,22.091347499319934,9.253608929561091,9.253608929561091
7a5660b0,4998,3019836.25,1088485.38,0.03401360544217691,0.8536121673003803,type_raw,self_multiscale,-1,0.633558334982423,0.15466186474589835,0.8289800258425347,0.9143533904897039,0.776043981022031,0.8947687190947786,1,16.940059668844697,21.50341884186691,29.72807265871115,9.61143446885101,31.27233706041784,21.50341884186691,9.61143446885101
7acda2df,3091,2916138.99,1042656.37,0.11355548366224522,0.7292993630573248,self_multiscale,type_multiscale,1,0.15096193985615294,0.0,0.7188903408912312,0.8916711319907107,0.8772666172483058,0.9057970989454994,0,20.77397489435995,11.198804180626905,6.222195995166256,10.840499746138843,14.559665479694814,10.840499746138843,6.222195995166256
7b2c7b3c,2584,2986856.91,1087111.22,0.04024767801857587,0.7493112947658402,type_multiscale,self_multiscale,-1,-0.9337346850563975,0.2774767801857585,0.8502665706489935,1.4903850526707656,1.7514104844202725,1.5694391708375337,2,5.595461340480812,38.21452723850279,31.094516510847196,7.003773446668457,25.98642760926648,31.094516510847196,7.003773446668457
7b38844c,3749,3011719.65,1108915.77,0.1501733795678848,0.7896440129449838,type_raw,self_multiscale,1,0.19739432748010943,0.020272072552680716,0.5951825411468121,0.8307704467081704,0.8841178036067711,0.7920560132457719,4,4.3467527695078765,19.140652355811255,14.706428796032643,7.412243853857803,15.519612719214088,19.140652355811255,7.412243853857803
7bb17b96,3922,3013173.9,1108847.61,0.4474757776644569,0.7603833865814696,type_raw,self_multiscale,1,0.5242729811955207,0.09382967873533911,0.29830189911049454,0.47832403052597233,0.4798033745352139,0.4843051290895704,4,3.5880849393629397,16.004279027663372,9.774128017673243,8.712820082142455,9.690417559544482,16.004279027663372,8.712820082142455
7c607683,5328,2907852.42,1039531.2,0.36373873873873874,0.7316602316602316,type_raw,hybrid_multiscale,1,-0.29416692697363256,0.6182432432432432,0.6851350845833939,0.7332638728302031,0.7777328106957673,0.7251083179362647,3,13.641716646536283,33.950294750328176,23.473512017222284,22.484613138415977,21.871053858997254,33.950294750328176,21.871053858997254
7cbbd047,5121,3015882.39,1113185.91,0.16637375512595198,0.8236607142857143,type_raw,hybrid_multiscale,-1,0.5159296452297458,0.2032806092560047,0.7355024817319876,1.0089026046284029,1.4689372798346887,1.110326928473608,4,5.816537651507172,26.68167388278468,14.611434508454266,12.996151956281917,8.171147799188342,26.68167388278468,8.171147799188342
7cd4bb31,6439,2904136.19,1029702.61,0.33933840658487346,0.7380281690140845,type_multiscale,hybrid_multiscale,-1,0.6202515199472581,0.045038049386550705,0.5867997761968535,0.6811762875902337,0.688546663792509,0.7234480550995331,3,10.588860213111092,18.436060099841665,19.256669733982474,14.847999740310021,13.24049918263569,19.256669733982474,13.24049918263569
7d50373e,5122,2900948.15,1025326.43,0.2844591956267083,0.7774566473988439,type_multiscale,type_multiscale,1,0.6824472755884721,0.0,0.49843365334853235,0.7604612337897277,0.6434548526859318,0.7686476844493747,3,4.716879754005381,24.869937381843144,16.111853804402614,18.087694924251096,16.175734840730946,16.111853804402614,16.111853804402614
7d57c75d,4405,3003982.81,1131518.16,0.10102156640181614,0.6893939393939394,type_raw,self_multiscale,1,0.27773124434679336,0.10283768444948922,0.6699822877412214,1.3546228078895195,2.0433184718445085,1.3656174116907631,4,6.058844009056661,21.48145804948748,29.003997990100505,7.91132731365551,29.657494078704104,21.48145804948748,7.91132731365551
7e208414,4226,3010842.21,1109359.45,0.09252247988641737,0.7863777089783281,type_raw,self_multiscale,1,-0.3264836447209427,0.42214860388073827,0.7599954550920667,0.8010203443418797,0.8585662394045593,0.800838271020725,4,6.241385990484873,30.154233457106823,23.533077441376026,5.759997159202136,23.532952293715702,30.154233457106823,5.759997159202136
7e721392,6174,2885259.47,1008598.05,0.5672173631357305,0.8636363636363636,self_multiscale,hybrid_multiscale,1,0.6334249478676809,0.7265954000647878,0.35130653934497075,0.4675218459594401,0.526480068777253,0.48173247485885323,3,41.14763842401283,31.837025059289743,29.264816271355105,42.04866811812919,26.96296895585035,42.04866811812919,26.96296895585035
7ff89f8f,7337,2871231.34,1026279.98,0.21084912089409835,0.8569105691056911,self_multiscale,type_multiscale,1,-0.5328996839513676,0.130162191631457,0.6205728412887732,0.8492515070441072,0.8249739200463879,0.850115713733236,3,15.156944448131483,21.11493138827812,12.043385492808586,19.211727197705173,12.561499833078367,19.211727197705173,12.043385492808586
8050c789,3077,3007629.02,1084223.44,0.24894377640558984,0.6794871794871795,self_multiscale,type_raw,-1,0.8056378519967133,0.06759831004224895,0.6297009695364775,0.7459373736336328,0.6725889506649267,0.8159112678984364,1,14.333632436410856,16.698391074975717,37.96967327819385,20.367746184295633,27.54586011172594,20.367746184295633,16.698391074975717
807f0298,3747,3006857.03,1138105.78,0.44141980250867363,0.8622589531680441,self_multiscale,type_multiscale,1,0.6980627381546441,0.0,0.38199982455666404,0.47317286001306896,0.5470524861574696,0.5967714942806002,4,12.173287971905548,16.95990197160854,7.969908511813858,8.988428405984008,8.902391434811676,8.988428405984008,7.969908511813858
811f52b3,4836,2906167.68,1032897.9,0.06823821339950376,0.8413926499032882,self_multiscale,self_multiscale,1,0.8754859300580128,0.0,0.6965259227630715,0.9239814452700665,0.7944305790674675,0.9875740736602766,3,5.655940101857651,33.974952630197436,42.065262345739534,3.829350985509617,46.09229618580433,3.829350985509617,3.829350985509617
81bf5923,4543,3036555.91,1097988.74,0.08320493066255774,0.7246653919694073,self_multiscale,type_raw,-1,0.40991156008183155,0.43341404358353514,0.8373106204644778,0.8568686318014134,0.9771339155431236,1.0361001235035483,1,34.17390556502391,12.979681092518474,32.64793365355284,38.42026771018503,33.36100373648784,38.42026771018503,12.979681092518474
81fc01c6,5909,2955951.61,1086570.81,0.17684887459807075,0.8178217821782178,self_multiscale,self_multiscale,1,0.5798474657433454,0.10797089185987477,0.7364394377735161,0.9725696596263431,0.9950016075163451,0.9721588306636111,2,14.440266149997427,24.335449993097573,24.235689214408662,17.940778080724993,24.234060808769154,17.940778080724993,17.940778080724993
8255c867,3589,2915967.72,1040106.52,0.22986904430203403,0.8054545454545454,hybrid_multiscale,hybrid_multiscale,-1,-0.3272975167276493,0.1744218445249373,0.5855078168679995,0.9136862600201795,1.1163215125610506,0.9201892137293378,3,12.734257917330483,46.09834380979583,22.5084627464335,76.78630857220593,21.024643423067975,21.024643423067975,21.024643423067975
82aab6d2,6140,2981040.94,1053349.57,0.41905537459283393,0.752851711026616,self_multiscale,type_multiscale,1,0.8173781863818996,0.03322475570032573,0.49524082538335223,0.5769052681548666,1.951299017218921,0.8178954522948627,2,9.699697162859172,20.354981430575883,5.850321630123849,19.517501625222135,21.6279854895344,19.517501625222135,5.850321630123849
82fcf37c,6014,2883718.74,1021469.8,0.5483870967741935,0.7261146496815286,type_raw,type_multiscale,-1,0.8172955964326244,0.11107416029265048,0.3877517426375295,0.3847461694397937,0.3845747566348682,0.4066969939363739,3,7.292140459560876,18.48240200410682,10.129511671309047,17.334864372939894,17.460615177434754,18.48240200410682,10.129511671309047
833af382,3628,2916506.17,1040511.15,0.28969128996692395,0.7318087318087318,self_multiscale,self_multiscale,1,0.3425899134425319,0.0,0.527510302965159,0.6860020851197313,0.7244751400403691,0.7381589925063746,3,6.769937717663533,18.770694533852343,23.456385123280743,12.413263997456902,13.205829065473406,12.413263997456902,12.413263997456902
8382f4b6,4967,3009736.87,1117776.54,0.6559291322730019,0.8128834355828221,self_multiscale,type_raw,1,0.11646369900227109,0.6333803100463056,0.23248266510788296,0.3555639911121612,0.5893778917493571,0.49466434242300733,4,23.39574363332977,14.471744506026672,22.16719229433006,38.86979881340569,21.95251291569753,38.86979881340569,14.471744506026672
84633df4,4972,2992290.96,1122685.34,0.5679806918744972,0.8435643564356435,self_multiscale,self_multiscale,1,0.9371582211245539,0.0,0.35211338889973953,0.5719530780411315,0.744479065791638,0.5606094771118678,4,14.66479427725015,14.477482741018486,18.795391323299995,4.703823832631418,26.3444036382896,4.703823832631418,4.703823832631418
8478df29,4857,2992495.19,1122840.77,0.6660490014412188,0.8851063829787233,self_multiscale,type_multiscale,1,0.8958297313245628,0.0,0.26586149856912067,0.278532035865442,0.5406889939202714,0.3825512739291372,4,6.211326186876671,19.25600354869026,8.655890701345635,12.662171842906107,10.264806895064375,12.662171842906107,8.655890701345635
84815d5a,3647,3013914.78,1101375.2,0.27858513846997535,0.7931654676258992,type_raw,type_raw,-1,0.6793477925977429,0.3112146970112421,0.5270832755862447,0.9959229645413546,0.9978775690396428,1.0324993127834838,1,5.272626093663101,27.46167558611493,60.72352971783624,43.44456622202503,54.6704907419484,27.46167558611493,27.46167558611493
84c3b497,5312,2888264.55,1008853.38,0.1786521084337349,0.7859237536656891,self_multiscale,self_multiscale,1,-0.37470958466665216,0.14759036144578314,0.5362491072096391,0.8613677678555348,0.8153959015276812,0.8710704098579863,3,15.712484754926113,39.92534512486544,52.860848504110876,18.332808878668292,53.54677021546955,18.332808878668292,18.332808878668292
85380836,6618,2907843.7,1038488.86,0.4117558174675129,0.5422885572139303,self_multiscale,self_multiscale,1,0.7243571764625476,0.0,0.5704196836955185,0.5328824734014478,0.9873431545671457,0.7014543293172655,3,19.480932310823093,11.781384533112956,32.23417337191532,6.933200336672197,32.21980558484271,6.933200336672197,6.933200336672197
8612b37f,5165,3000312.47,1103075.57,0.5823814133591481,0.754257907542579,self_multiscale,type_raw,1,0.0957559037010149,0.22633107454017426,0.3745970712377684,0.5017002593032721,0.42990155360912696,0.5066063881142278,1,19.798494428258984,18.37739605098372,38.15539018328514,21.092797196027934,21.55068152050113,21.092797196027934,18.37739605098372
861e71df,4700,3007251.3,1115677.16,0.15170212765957447,0.8544423440453687,type_raw,type_multiscale,1,-0.5535129334800728,0.43148936170212765,0.5487410856273411,0.8328719582790997,0.9424494642200925,0.9207407454504437,4,21.54477567185994,33.380387503245316,8.890902765114555,16.982103861217748,16.851094252618548,33.380387503245316,8.890902765114555
86454a6f,7964,3001345.97,1089220.78,0.8117780010045204,0.4171779141104294,type_raw,type_raw,1,0.6058332232761919,0.8057508789552988,0.08746158846664576,0.17063042031933578,0.5772555543799842,0.17391695398049808,1,52.634720823875476,45.31826928865141,50.097756715781024,59.03476863880372,50.10307650400361,45.31826928865141,45.31826928865141
8648abae,4244,3015034.5,1108588.92,0.05018850141376063,0.8664192949907236,hybrid_multiscale,type_multiscale,-1,0.8146785125003836,0.0,0.5625581547095029,0.9031443730518228,0.8474136165042914,0.9804474460409214,4,3.266113074099177,32.683058845661094,7.62278072801089,11.470641949936171,7.749710643408047,7.749710643408047,7.62278072801089
865033f8,3557,2917170.3,1046397.32,0.6589822884453191,0.8109243697478992,self_multiscale,self_multiscale,1,0.6353727290731309,0.0,0.24851369348689645,0.34828037156208086,0.33106680303930514,0.3730902091260937,0,4.307387332763715,19.75824442179603,29.620428387763422,5.953623407976318,30.04685622007059,5.953623407976318,5.953623407976318
87695469,7003,2876594.53,1043648.81,0.44123946879908615,0.8417849898580122,self_multiscale,type_multiscale,1,0.455888447349728,0.0,0.2253260969877835,0.8730184273407873,0.9920945004333397,0.9597212005540273,3,6.103931851591621,15.860510462977535,6.603667456457999,13.445990546387014,66.93782141722657,13.445990546387014,6.603667456457999
877ed19c,3708,3012142.26,1113994.83,0.30393743257820927,0.811088295687885,self_multiscale,self_multiscale,1,0.514031510450233,0.0,0.4455024071249379,0.7465677464122088,0.8419742184904314,0.7441416498329,4,5.7910630119749955,29.166990178048533,23.309595622515946,3.601859757998452,19.912051528899063,3.601859757998452,3.601859757998452
87aa3730,5607,2905669.98,1030088.46,0.23256643481362582,0.7921052631578948,type_multiscale,hybrid_multiscale,-1,0.7576949719764517,0.4069912609238452,0.5013513561633858,0.7150852766477436,0.6417320731350138,0.7189297527349879,3,12.59154570560746,26.53622785618516,29.606317156174565,18.231020025542865,11.481648148012432,29.606317156174565,11.481648148012432
884ecb5f,6724,2907317.95,1036827.66,0.038964901844140365,0.739946380697051,type_raw,hybrid_multiscale,-1,0.42552325269085284,0.09622248661511006,0.6569645009934119,0.9784663318531622,1.1513286374999054,1.0639693318929395,3,9.542570782734575,18.895124300673412,19.003454384780568,28.88381580980411,16.02099708385759,18.895124300673412,16.02099708385759
8902c3f6,4959,2945168.52,1067958.51,0.4831619278080258,0.8126801152737753,self_multiscale,type_multiscale,1,0.7124252844091631,0.0,0.37041704393295033,0.49149386572787485,0.8374856078566232,0.48937724082871037,0,6.728802364071914,23.25016225856072,8.167390271287124,14.202737044114647,8.167390271287124,14.202737044114647,8.167390271287124
896d15b9,4279,2914082.68,1018933.38,0.6620705772376724,0.7927631578947368,type_raw,type_raw,-1,0.34032618848751733,0.6057490067772844,0.13650120205104857,0.4230169773106497,0.43432145704652036,0.4459228269946387,3,44.78273882518027,46.12051264012981,51.76697387616364,59.913234072392854,60.121971372691526,46.12051264012981,46.12051264012981
8995c945,6724,3008102.17,1135791.99,0.12120761451516959,0.8356481481481481,type_raw,hybrid_multiscale,-1,-0.956128837730641,0.7746876859012493,0.7586592439505182,1.0713614273310081,0.9513887350335397,1.05129035172901,4,44.384460387609344,72.80527723753794,76.79833359509625,70.73513324209502,59.74360826029477,72.80527723753794,59.74360826029477
89969c7a,4947,2995355.97,1122270.99,0.38164544168182735,0.87279843444227,type_multiscale,type_multiscale,1,0.09099897804181638,0.0,0.5477254901548597,0.5687474496501848,0.7723849319309566,0.5689444546681873,4,4.068683919639043,15.295582611416835,9.140577183262359,16.560675205149675,9.140577183262359,9.140577183262359,9.140577183262359
89f1085d,5994,3002851.67,1064315.8,0.3314981648314982,0.6784452296819788,type_raw,self_multiscale,1,-0.49235900344279365,0.8188188188188188,0.5001158016293004,0.659711766451235,0.7299735921169567,0.6944207566974172,2,6.527033656157441,39.50519270256914,30.534704273144236,26.912527622398308,49.91364407402115,39.50519270256914,26.912527622398308
89f36adf,5292,3025448.9,1120444.83,0.608843537414966,0.8053691275167785,type_raw,self_multiscale,1,0.7399803319678196,0.05971277399848828,0.3319056525069928,0.32226098245385393,0.3582943660609429,0.36078657037838324,4,6.571251428824294,19.664301436425603,7.207758614185376,4.595614142849882,16.323051012873027,19.664301436425603,4.595614142849882
89fdb2f2,2031,3011882.97,1109328.26,0.534711964549483,0.708994708994709,type_multiscale,self_multiscale,1,0.9115647757253278,0.15805022156573117,0.32042382526345164,0.46562130978266275,0.5133399400193666,0.46562130978266275,4,3.4109299924192684,33.661654106177785,21.697203258638538,4.222433464530094,21.697203258638538,21.697203258638538,4.222433464530094
8a3da6d1,4593,3007820.16,1105922.51,0.46026562159808404,0.8313008130081301,self_multiscale,self_multiscale,1,0.6723209796315711,0.0,0.43351750796200433,0.8139266859636798,0.8320242947644662,0.847583240987436,4,9.015359591029894,27.466293601705956,10.390371558279117,10.183026249653599,11.570100606419775,10.183026249653599,10.183026249653599
8a89da23,3935,2911113.72,1039859.49,0.14942820838627702,0.775609756097561,self_multiscale,type_multiscale,1,0.5399912468928314,0.6739517153748412,0.6235515411715671,0.9300614329845298,0.9744635660287329,0.9275261716077967,3,18.05840554269764,7.800759271356705,7.553091828029414,30.196387663574118,7.553091828029414,30.196387663574118,7.553091828029414
8a9c8932,4663,2901050.06,1026994.85,0.045249839159339444,0.8311688311688312,self_multiscale,type_multiscale,1,0.8548987793804349,0.0,0.6435567821752142,0.692884933919982,0.8119999551798976,0.7694034424435475,3,5.679721946036032,25.818941306213812,6.667746002769905,12.186482949309799,10.278377160704457,12.186482949309799,6.667746002769905
8ac2f237,5319,3008770.97,1117605.98,0.04230118443316411,0.7486338797814208,self_multiscale,type_raw,1,0.21460237768280108,0.14871216394059034,0.6879776490529823,1.2298594771649962,1.2473041096287472,1.2855447761595493,4,19.071486355270373,8.592123850025885,54.02034624702303,19.277554345934043,53.925515047985044,19.277554345934043,8.592123850025885
8b12bab6,5234,3000307.96,1096429.81,0.5827283148643485,0.8107606679035251,type_multiscale,hybrid_multiscale,-1,-0.6219553449429704,0.0,0.3289389677396534,0.43493647752369974,0.48718890434109263,0.4360336923292222,1,5.030267535810782,36.10477156561341,11.693407827923979,14.905541030769351,11.658935208634015,11.693407827923979,11.658935208634015
8b5be31b,5672,2953717.95,1084864.52,0.599083215796897,0.8633540372670807,self_multiscale,type_multiscale,1,-0.26030709827448806,0.18846967559943584,0.42996706513700694,0.5609652486921073,0.42795992409507244,0.5554259588748043,2,4.308400821172519,22.188889047482505,10.245167816736267,22.25833027962988,10.286772915761825,22.25833027962988,10.245167816736267
8b95d6d1,1731,2946005.39,1069309.77,0.537261698440208,0.8146964856230032,type_raw,type_multiscale,1,-0.566281810708627,0.5418833044482958,0.3129362928267732,0.4066154196284633,0.5479669260755601,0.42270458757281404,0,8.045441597799561,30.522549236599332,14.579062854470916,16.840818246579474,24.551754630968198,30.522549236599332,14.579062854470916
8b9d8326,6163,3000244.43,1077250.05,0.6563361999026448,0.8361858190709046,type_multiscale,self_multiscale,-1,0.7866373294537167,0.009897777056628266,0.2005448277613721,0.2884451229566188,0.2958792661322174,0.31526236540704966,1,5.3808799014821815,12.378561291060576,9.238307474198542,7.286051534106134,7.637959474830536,9.238307474198542,7.286051534106134
8bb9c1e6,4546,2905892.44,1032679.53,0.12120545534535854,0.8008213552361396,self_multiscale,self_multiscale,1,0.7600770128202698,0.0,0.6053962366164092,0.6850787726090234,1.4637110769895003,0.8472744890194138,3,6.625697328531288,29.452484876087446,7.077600321355025,3.9565511451723934,16.533183858524787,3.9565511451723934,3.9565511451723934
8bda1a11,5981,2887709.79,1022269.28,0.5472329041966226,0.7817679558011049,type_multiscale,hybrid_multiscale,-1,-0.24528091016321985,0.17839826116034108,0.4271527423689396,0.40480829598670703,0.3872460677621543,0.4236056405057015,3,6.40311241041512,30.754366031698826,18.055277336808842,22.433975753285154,15.614040505568914,18.055277336808842,15.614040505568914
8bfa881d,4089,3013106.08,1095206.66,0.45903643922719495,0.7978947368421052,hybrid_multiscale,self_multiscale,-1,-0.9250014002683766,0.3103448275862069,0.5748083866178627,1.0005020103138165,0.9182303288973324,1.0216963861038098,1,16.3542656441421,44.72518983002069,58.474201607684755,26.164351727972885,51.420269749965506,51.420269749965506,26.164351727972885
8c167025,5368,2941944.16,1063457.3,0.13282414307004475,0.7590361445783133,type_multiscale,type_multiscale,1,0.6711334803911654,0.0,0.5046698244886868,0.8966136374318855,2.7696222381706668,0.9090656631319581,0,11.651049606627721,14.004722262846325,7.688672144169995,16.801941634193412,7.838214912951069,7.688672144169995,7.688672144169995
8c8348e8,3888,3025083.96,1098781.69,0.30735596707818935,0.7326968973747017,self_multiscale,self_multiscale,1,0.9583203031635987,0.0,0.7717983475151429,0.7996847905009963,0.9114453256485773,0.7993940331188679,1,16.269279804024052,28.379427561577153,25.281901195605666,6.22518521135213,25.281901195605666,6.22518521135213,6.22518521135213
8cc21f01,4044,2965676.1,1064208.25,0.34643916913946593,0.8716356107660456,type_multiscale,type_multiscale,-1,0.48451585314050727,0.0,0.5594444617241886,0.5543998131998289,0.7411738304867732,0.687688271624376,2,5.81486840236874,20.523328661173295,4.736193879884339,12.142522144947915,20.43162029858653,4.736193879884339,4.736193879884339
8cc800b3,6576,2989821.08,1111925.45,0.03938564476885642,0.8324324324324325,type_raw,self_multiscale,-1,0.9259231361179451,0.0036496350364963502,0.722903966100098,0.9063982408459587,1.2506156544140667,0.9688695972241036,4,28.94586753753878,12.457819547095864,11.465484073758835,6.433361306322473,17.18451287026184,12.457819547095864,6.433361306322473
8d5d46d7,5755,2906777.48,1033217.55,0.28236316246741966,0.794044665012407,self_multiscale,self_multiscale,1,0.2892033596537866,0.0,0.6299144278793776,0.691209509793066,0.6363928149686848,0.6846017949615395,3,13.500193519236571,40.442821626919624,44.45636602000457,9.538829081353166,18.324902488353086,9.538829081353166,9.538829081353166
8d92cb49,3589,2990046.93,1090468.7,0.224575090554472,0.731629392971246,type_raw,self_multiscale,-1,0.876283681730065,0.07662301476734466,0.5440357433987508,0.7424588612478563,0.7626199909737377,0.8036775587215501,1,8.313905916570059,20.05632420589566,15.721948326490388,6.616140012527392,9.155824438462886,20.05632420589566,6.616140012527392
8f201368,6349,2907453.82,1038366.75,0.4947235785163018,0.5366876310272537,self_multiscale,hybrid_multiscale,1,0.5183202129486053,0.7130256733343834,0.40484337590530955,0.48743429153554163,1.1414514584117703,0.6237350566838492,3,32.76133929397986,20.346603350835025,25.65537405358937,34.513556881315345,11.089590550854517,34.513556881315345,11.089590550854517
90386ee4,3840,2905614.95,1027493.98,0.5026041666666667,0.7206703910614525,type_raw,self_multiscale,1,-0.3982611068440255,0.17786458333333333,0.33191550564806094,0.48472118704294115,0.6167100155162523,0.48400965260595724,3,2.9811199015443632,24.08458567984483,12.547926359022664,9.693112711428705,12.547926359022664,24.08458567984483,9.693112711428705
91abc4c7,5848,2899562.37,1026585.28,0.6109781121751026,0.8745098039215686,self_multiscale,self_multiscale,1,0.014173343363091442,0.0,0.483993544245672,0.5035347581975187,0.4269961616267012,0.5088438324155312,3,2.7074860276362682,16.855870332666875,38.09902686757004,7.2236776820707105,16.806318057835536,7.2236776820707105,7.2236776820707105
91b301ce,6570,2921177.73,1054562.1,0.14657534246575343,0.8582677165354331,type_raw,type_raw,-1,0.7687833768006376,0.16864535768645358,0.5998661491572355,1.0171251831157009,1.005319234511766,1.0166032917766799,0,29.535380469623217,20.117559266176404,37.572571137354814,38.50178466479749,38.510073633764726,20.117559266176404,20.117559266176404
91db7070,4073,3013574.43,1098497.1,0.3336606923643506,0.8141361256544503,self_multiscale,type_raw,-1,-0.5580896136468793,0.6543088632457648,0.4578539122115095,0.7732196596595656,0.826986134298911,0.7725296686278782,1,31.66094487168352,20.15429778726661,25.474648107854346,52.85784503884699,25.474648107854346,52.85784503884699,20.15429778726661
925a7cd1,4517,3002548.25,1091149.99,0.1746734558335178,0.7380073800738007,self_multiscale,self_multiscale,1,0.8115545661935349,0.0,0.7217968508397158,0.8103953802246507,1.5903530282981062,1.1683975136115672,1,5.523937707878355,8.556107065741717,6.850738169005081,4.265535981624923,8.426206563522074,4.265535981624923,4.265535981624923
9283ae69,3371,2926712.86,1061264.39,0.38148917235241764,0.8164556962025317,self_multiscale,hybrid_multiscale,1,-0.13618588051719424,0.0,0.5060428530483541,0.5549616757769474,0.794481326678953,0.7134169317792286,0,7.305404585154745,17.276333914553394,7.293032689380136,6.114135483805465,6.02184863812351,6.114135483805465,6.02184863812351
9298ad5b,3964,2977291.16,1093793.63,0.5025227043390514,0.8091106290672451,self_multiscale,hybrid_multiscale,1,-0.06095444211162294,0.006306760847628658,0.300909470139655,0.6169379358054309,0.6951333547170886,0.6525254190023692,2,9.309160789799956,22.29554305146307,22.09079098212533,12.855941854594743,12.067351513608104,12.855941854594743,12.067351513608104
9314ff13,2748,2911701.63,1018098.47,0.04148471615720528,0.7355769230769231,self_multiscale,hybrid_multiscale,1,0.8677747515076962,0.0,0.7141997213902479,0.7913609119373639,0.8160738688979133,0.87430218013641,3,7.762608005526608,22.396944920587764,4.256318430208303,4.335068541045494,4.104539043170923,4.335068541045494,4.104539043170923
93209a3d,4697,3004960.59,1105347.14,0.5648286140089418,0.7493540051679587,self_multiscale,type_multiscale,1,0.7350931049518291,0.0,0.2933094925396339,0.43444195815299286,0.48377019767638707,0.4349588415185718,4,9.31476546756794,13.661736381499443,11.360831113106734,13.45818499531457,11.89035683961683,13.45818499531457,11.360831113106734
939d9c34,5101,2993819.97,1100768.2,0.43481670260733185,0.831946755407654,type_multiscale,self_multiscale,1,-0.08148008859320904,0.06881003724759852,0.4135266873595663,0.6871546611265466,1.1148429312334192,0.6899986170767854,1,10.633717667616477,26.470936887574155,16.307202752028406,16.069986703554527,16.327043718834805,16.307202752028406,16.069986703554527
93f5d2e6,3691,2928959.62,1054281.9,0.33513952858303986,0.8111455108359134,type_multiscale,self_multiscale,1,-0.4016546708689672,0.22866431861284206,0.5885784329958963,0.7237255766577813,0.8639372335820709,0.7717660536859461,0,16.257600866676356,31.833851815377418,20.177259250693083,16.24732688848853,21.534500933442775,20.177259250693083,16.24732688848853
940a48d9,3963,2991292.59,1118960.46,0.16805450416351253,0.8816067653276956,self_multiscale,hybrid_multiscale,1,-0.03650489547216442,0.0,0.6492673621616503,0.7087953267266514,0.7350142398178698,0.7973778792449714,4,6.333522324980868,22.09680047755639,7.904278898506435,13.931855816257338,7.603789835252764,13.931855816257338,7.603789835252764
940e709a,3348,2926405.95,1060982.2,0.38351254480286734,0.85995085995086,type_raw,self_multiscale,-1,-0.445272469066569,0.3623058542413381,0.5599269299044861,0.7324855707575932,0.5858166547643086,0.7186281977583965,0,5.217400591834207,33.51351161476059,50.38342623094845,7.042552454005488,36.029973660430706,33.51351161476059,7.042552454005488
9426ec1e,2532,3012687.09,1107653.97,0.1520537124802528,0.7571884984025559,self_multiscale,self_multiscale,1,0.08546730686500606,0.0,0.5771439443782956,0.6947314474652768,0.8149804624274407,0.6961484320121872,4,9.163393399391627,33.0455321091605,16.804643145277474,6.777954317597333,16.80915264368585,6.777954317597333,6.777954317597333
94467f50,3035,2938360.38,1065799.09,0.2204283360790774,0.9003378378378378,type_multiscale,type_multiscale,-1,0.6898278474903212,0.0,0.5147059791714812,0.9376752526032963,0.9363647403713452,0.9704639076394767,0,8.55272797379824,20.61856853026504,8.598093628022697,15.136603274250334,14.0350170992162,8.598093628022697,8.598093628022697
944f36b9,4630,2999028.9,1126653.97,0.15831533477321813,0.8025889967637541,type_multiscale,hybrid_multiscale,-1,0.4047660133884128,0.033693304535637146,0.6669977669962913,0.6753126185091995,0.7954313056453153,0.6991368798060086,4,3.868311936211102,14.374463269160909,15.777629387613201,6.777709837987276,4.683528914029682,15.777629387613201,4.683528914029682
94d813a4,4847,3021498.42,1082695.12,0.28636269857643903,0.8467908902691511,self_multiscale,type_multiscale,1,-0.4613776122875549,0.4237672787291108,0.5788325126627794,0.6593736804596464,0.7237420350607671,0.6682700381439298,1,36.574636683916204,54.593846944509444,20.768854029770758,31.741978649457597,26.52545272474978,31.741978649457597,20.768854029770758
95b559e7,2887,3023613.55,1119972.08,0.30239002424662276,0.7465618860510805,type_multiscale,type_raw,1,0.36324994816807765,0.12157949428472463,0.3351706535536033,0.5324286183199947,0.6414473478676244,0.533393380165101,4,12.814657643813963,20.464965683734675,20.468874734731415,23.128696569151565,20.46958061915119,20.468874734731415,20.464965683734675
95c8427f,6335,2914194.2,1039170.59,0.1998421468034728,0.8467908902691511,self_multiscale,hybrid_multiscale,1,0.4865960752862909,0.35927387529597477,0.5534239792102338,0.907531819376215,0.7682950449184994,0.8899668753698854,3,23.987767275459433,25.765728248707855,24.616921744283406,27.130860398572768,20.45419130847414,27.130860398572768,20.45419130847414
96936c22,3346,3007710.62,1088074.53,0.20233114166168564,0.7108433734939759,hybrid_multiscale,type_multiscale,-1,0.591790544381388,0.0,0.5350509645024745,0.7161842100777347,1.0628034359030725,0.9255011194173474,1,4.876162595067265,7.910839764150179,4.642257782822438,7.861689717369383,9.628068227240668,9.628068227240668,4.642257782822438
96ae5806,9839,2992134.54,1071268.95,0.552393535928448,0.8179916317991632,hybrid_multiscale,self_multiscale,-1,0.7364364261245326,0.008130907612562252,0.5375548882564374,0.6607604358957097,0.5712188454329328,0.6434310478715999,2,13.3453155128872,17.067771104590857,30.707186153432225,15.664989672618379,15.702725185128308,15.702725185128308,15.664989672618379
96b7eea1,4332,2986220.19,1109179.29,0.38550323176361956,0.7976190476190477,self_multiscale,hybrid_multiscale,1,0.7339823370128944,0.0,0.3830668221670335,0.473799997077021,0.5726485428452592,0.47403440190257434,4,4.122788367459871,20.117962214083075,6.290655629234087,13.304023515078216,6.283968753614181,13.304023515078216,6.283968753614181
9719aa04,4871,3006865.88,1130587.39,0.043112297269554456,0.8228105906313645,self_multiscale,self_multiscale,1,0.3320183797960794,0.0,0.5103429710464857,1.3456541278680971,1.188190948170208,1.2454791592626537,4,7.732856924973678,19.686696976809152,26.83993858226914,17.044242322430293,28.649909930519858,17.044242322430293,17.044242322430293
974802e7,5843,2871022.21,1047494.71,0.5676878315933596,0.8025,self_multiscale,self_multiscale,1,0.10228300663386489,0.06554851959609789,0.2613214515604046,0.3690270404869786,0.5588949537820702,0.45245292135141596,3,10.348433697356537,23.59373588607339,25.165778876462674,13.61332865478361,26.232735152842604,13.61332865478361,13.61332865478361
97cd5bf9,3449,2956764.37,1087162.46,0.6332270223253117,0.8247191011235955,hybrid_multiscale,hybrid_multiscale,1,-0.4154047597151204,0.0,0.2703914776269707,0.42758397628317146,0.427409878375473,0.429304888437832,2,7.7340288353395925,22.879901692942074,14.653273261642765,20.358939784966214,9.732182375474828,9.732182375474828,9.732182375474828
98177ced,4772,3035005.33,1094645.55,0.04463537300922049,0.7627906976744186,self_multiscale,self_multiscale,-1,0.8179020186289923,0.0,0.29181960495225157,0.9817026262180422,1.1991958992132643,1.1029820441783549,1,10.916818966794859,17.75821700293174,13.043606773487092,6.3486330181117685,14.829360487935276,6.3486330181117685,6.3486330181117685
9896fc0b,3595,2929809.48,1054923.55,0.39721835883171075,0.7660668380462725,type_multiscale,self_multiscale,1,0.20470692168905155,0.11376912378303199,0.48979666702354313,0.6950195143727135,0.8143691380245968,0.6967441665260157,0,16.331379786314468,40.538084907006514,16.955358213726104,13.683198461583507,16.955358213726104,16.955358213726104,13.683198461583507
98bc6f66,6063,2882876.49,1020780.07,0.4273461982516906,0.8048245614035088,self_multiscale,type_multiscale,1,0.34144861953457956,0.0,0.5540528180276904,0.45822278418142043,0.4881898660813697,0.45871019794682083,3,6.652498354348326,26.234142884381043,14.426867123615924,20.761654313265254,14.426867123615924,20.761654313265254,14.426867123615924
992c99e8,4904,3006386.99,1117703.4,0.37867047308319735,0.8407258064516129,self_multiscale,type_raw,1,-0.1846447941650276,0.0,0.51325301115094,0.6886851411100968,0.9099865188825269,0.7855812888638664,4,13.313802603804016,9.106655945190832,11.091734638182075,11.198271203019559,23.41582726179029,11.198271203019559,9.106655945190832
992ce078,2879,2911117.91,1017510.93,0.03855505383813829,0.7949709864603481,hybrid_multiscale,self_multiscale,-1,0.8219936360782998,0.0,0.7624205705497669,0.672534407132005,0.8591895232738498,0.7913008339648312,3,5.71551567230183,16.253061153946266,7.425491728185215,3.873536340231014,7.425491728185215,7.425491728185215,3.873536340231014
99529c45,5840,2897566.71,1024083.2,0.5669520547945206,0.9495192307692307,self_multiscale,self_multiscale,1,0.4564606669895946,0.2554794520547945,0.49960272205365786,0.5203023357740358,0.5183388810068147,0.5198702146014951,3,8.428759583828558,26.84618045322388,32.466593965952,25.764477412762176,32.459918304775975,25.764477412762176,25.764477412762176
995ff498,4526,2905989.88,1035299.96,0.5627485638532921,0.7936117936117936,self_multiscale,type_multiscale,1,-0.25689789706605093,0.0,0.4195331129021666,0.43051438358382543,0.4911636908935302,0.4618654048298425,3,8.471135947567987,23.458433541480712,5.796656885038467,8.346846691456392,6.236214982574035,8.346846691456392,5.796656885038467
999daf80,3564,2916929.9,1046169.65,0.08052749719416386,0.7560975609756098,hybrid_multiscale,hybrid_multiscale,-1,0.702229002504623,0.0,0.5985235197624955,0.8558156326462923,1.0887561646829924,0.9120336139050789,0,9.783295535635569,23.705122464577375,43.93885688308165,12.003043874847197,5.805442223102796,5.805442223102796,5.805442223102796
9a6b0392,4255,2997629.91,1126438.93,0.5029377203290246,0.6403326403326404,type_multiscale,self_multiscale,1,0.46110427836059564,0.14970622796709754,0.598551957635691,0.4933083486142457,1.091518963412576,0.49533857454211844,4,9.39432976056196,29.13541892014197,22.42211654043292,9.260731402565343,22.42211654043292,22.42211654043292,9.260731402565343
9a8ae0d6,6294,3010060.79,1099348.71,0.5111217032094058,0.7432762836185819,self_multiscale,self_multiscale,1,0.7820339998709677,0.0,0.24785130526378032,0.4339825299589754,0.40563996703973115,0.42886773053093663,1,7.699033072085665,18.44087793279696,18.408634956253056,6.112856999839726,7.518077349646643,6.112856999839726,6.112856999839726
9a95e33f,6447,2887325.82,1008505.91,0.15324957344501322,0.8481973434535104,self_multiscale,type_multiscale,1,-0.19468407615065683,0.2157592678765317,0.6119145916927196,0.8170134838023616,0.9411852647279617,0.8932215723607294,3,23.797819276611342,44.18722719995858,10.386524979239823,22.928691506469487,13.485920426156218,22.928691506469487,10.386524979239823
9ab94eeb,4442,2922136.7,1050472.27,0.534894191805493,0.8349705304518664,self_multiscale,hybrid_multiscale,1,-0.128919210741746,0.0,0.5222964004956923,0.5689592525896534,0.6171863634077612,0.6146124241299128,0,9.369794552446743,17.711035960020283,6.876769591749433,8.565461024218433,6.8761348602859025,8.565461024218433,6.8761348602859025
9ad5410a,4205,3003637.37,1105414.62,0.0801426872770511,0.7735849056603774,self_multiscale,self_multiscale,1,0.5298485848872215,0.009750297265160524,0.6046572865284819,0.9569798569352279,1.0501488168789987,0.9534097707565281,4,8.927950243017916,26.912451335481606,27.581085296549787,8.624056929950934,17.093222715631597,8.624056929950934,8.624056929950934
9ae248be,5271,2949229.77,1016005.28,0.320242838171125,0.6419753086419753,self_multiscale,self_multiscale,1,0.9069466744776434,0.0,0.5535536806534576,0.6382098733059087,0.8894743171301697,0.6377278426832084,3,16.45402154060482,18.364261680162354,18.326260533385973,6.407622723743605,18.32619106991657,6.407622723743605,6.407622723743605
9af1ffd0,3525,2951924.03,1082949.03,0.05446808510638301,0.8366935483870968,self_multiscale,self_multiscale,1,-0.6835726623235499,0.0,0.9299762381899453,0.8747146435646056,1.1570102568360652,0.8779042805609747,2,14.183695878531736,26.850944431268527,31.564516200162902,13.518046623334218,31.56930800275865,13.518046623334218,13.518046623334218
9b5b61c1,5532,2972274.36,1095134.82,0.09399855386840206,0.8033126293995859,type_raw,type_multiscale,1,0.6905243227776331,0.03940708604483008,0.6614536061435698,0.8331053621774032,1.1201635444500964,0.8336985104864241,2,2.0041378372123284,16.989933106706182,5.281364165400575,6.924433809807681,5.281364165400575,16.989933106706182,5.281364165400575
9b9e3b49,5118,3008469.13,1111458.12,0.5775693630324346,0.852760736196319,self_multiscale,self_multiscale,1,0.5697296130230025,0.0,0.32782628331380176,0.34863255518736747,0.3442780653868867,0.37221882447360805,4,17.583202333132355,33.867740311715714,27.197641225467102,8.319909263304051,34.49276235695149,8.319909263304051,8.319909263304051
9bd2bba3,7439,3009115.07,1075491.66,0.03763946767038584,0.775047258979206,self_multiscale,type_multiscale,1,0.237219492595283,0.0,0.6371143481184286,0.96188947305977,1.690220947311386,0.9640898520798943,1,4.166660241226082,19.89976908842963,19.559598521625958,21.639132848294526,19.60015026889451,21.639132848294526,19.559598521625958
9c211c53,7265,2870378.06,1046725.28,0.48024776324845153,0.7954545454545454,self_multiscale,type_multiscale,1,0.5381509968605497,0.0,0.355037658888737,0.41763992126924093,0.4260156623115962,0.44587541894113825,3,4.543485259351169,14.637122947831994,6.884177774713554,14.267478031302728,14.315708061501189,14.267478031302728,6.884177774713554
9c350a6a,6052,2996871.01,1100429.8,0.44894249834765365,0.7945205479452054,type_raw,type_multiscale,1,0.7120260510091924,0.08658294778585592,0.3839579006552388,0.7372082646583196,0.8858918285512437,0.738550927226045,1,24.60987780228613,16.23962716422126,15.821210821151482,16.6403230827038,18.92247559474806,16.23962716422126,15.821210821151482
9c8375f7,3674,2916872.59,1040792.09,0.2770821992378879,0.8446601941747572,self_multiscale,self_multiscale,-1,0.6256805928963143,0.0,0.5728896130800197,0.8219725410706487,0.6176147511657737,0.7286188541064428,3,9.657362227204725,29.136106358135454,11.612590785535819,6.173619502581728,11.604170133194724,6.173619502581728,6.173619502581728
9d072e4c,5107,3000683.15,1101199.03,0.14626982572939107,0.7830985915492957,type_multiscale,self_multiscale,1,0.22162917724280842,0.3849618171137654,0.509283495035529,0.8635823475028241,0.9340790418054217,0.863162443320749,1,10.34612289526568,22.428803636465823,27.88629981918464,9.884526208719638,27.884047231982933,27.88629981918464,9.884526208719638
9d3ec64c,3480,2953275.96,1081221.75,0.20517241379310347,0.8134831460674158,type_multiscale,self_multiscale,1,-0.34503794361403733,0.3005747126436782,0.5926226397782971,0.7746503114712562,1.2849594819358234,0.7746503114712562,2,4.777827391875103,29.69784773394744,25.92446231333689,5.677419401736906,25.92446231333689,25.92446231333689,5.677419401736906
9d4272e3,4030,2999767.17,1070706.22,0.5369727047146402,0.7405189620758483,self_multiscale,self_multiscale,1,0.5944193754831562,0.5568238213399503,0.4073289521455781,0.5761499587314981,1.425729570844365,0.6464544090371951,2,8.68011317031748,34.298284760015335,58.51679142282184,31.406060182765398,58.7183962771871,31.406060182765398,31.406060182765398
9d5e14d4,5400,2890827.09,1028686.12,0.5618518518518518,0.852803738317757,self_multiscale,self_multiscale,1,-0.3842571013889027,0.46925925925925926,0.47925768857613593,0.4668177219126749,0.49732003905920275,0.46694691751519934,3,21.901194102742338,35.02849178679165,35.299929490616755,27.95031352570446,35.299603163831684,27.95031352570446,27.95031352570446
9da441ba,5783,2997927.26,1114199.71,0.20560262839356735,0.6923076923076923,type_raw,self_multiscale,-1,0.21610761510019602,0.12260072626664362,0.7354410254045485,1.0368389306415324,1.396685947005696,0.8719740963285768,4,5.10529980247003,24.869933940685925,50.567507936389156,16.747013386722706,20.928717399799865,24.869933940685925,16.747013386722706
9dede370,6297,2980835.75,1053193.95,0.4070192154994442,0.7835820895522388,self_multiscale,type_multiscale,1,0.7454456611087594,0.4848340479593457,0.4337379193626762,0.6377618454984337,1.055081471273569,0.6377618454984337,2,20.838727988174814,13.412358485357789,9.310650936807834,31.278196938887408,9.310650936807834,31.278196938887408,9.310650936807834
9def2eb2,6003,2984060.12,1084620.71,0.12377144760952852,0.8095238095238095,type_multiscale,self_multiscale,-1,0.3203976409367913,0.4765950358154256,0.7427703479185839,0.9035538838762922,0.8178775721318721,1.0737232589738184,2,8.318969611458806,24.334684221057884,31.4322564233211,7.242175732839411,13.8427499087962,31.4322564233211,7.242175732839411
9df1b1f9,4701,3015435.09,1106037.15,0.6855988087640927,0.8505747126436781,self_multiscale,self_multiscale,1,0.4231775816119322,0.0,0.21790442028736087,0.3472696992867787,0.4691392131178272,0.40864064142506357,4,5.5483294532701555,17.43229910526159,20.853998813603308,12.320117544027873,43.987300651103034,12.320117544027873,12.320117544027873
9dfff011,4319,2986089.76,1091924.87,0.3727714748784441,0.8315412186379928,hybrid_multiscale,self_multiscale,-1,0.49826080486474705,0.0,0.6693243200916179,0.7238379414826601,0.769971188358976,0.769128284471857,1,9.137179934086788,14.361371434800711,11.669559197098971,5.088164052881358,5.088164052881358,5.088164052881358,5.088164052881358
9e3e364d,4290,3013001.81,1114909.52,0.5186480186480187,0.7666666666666667,type_raw,hybrid_multiscale,1,0.760297342048604,0.003962703962703963,0.44557045565316505,0.44111002563258955,0.550437398754683,0.4898915762332949,4,5.9303430652765545,14.04534500858746,2.9775674695823215,3.585338423132724,2.539837810015211,14.04534500858746,2.539837810015211
9efc812e,4450,2941566.36,1058259.1,0.022921348314606793,0.7868852459016393,self_multiscale,self_multiscale,1,0.8473993134363319,0.016179775280898877,0.507540723495441,0.9106584876340525,1.0127621753413378,1.0089723634862349,0,22.729557251216352,37.76476014023452,9.488104824913156,7.507271989151641,31.819996033163726,7.507271989151641,7.507271989151641
9f0c7bae,2542,2950023.04,1013694.08,0.3202202989771833,0.631768953068592,type_multiscale,type_multiscale,1,0.9390651008742457,0.0,0.6039624072549036,0.6325020565713784,0.7975538971228108,0.6920871190698576,3,14.727320981778849,20.029760157695804,10.367545897969167,14.434564854860653,43.49516903548787,10.367545897969167,10.367545897969167
9ffce529,5212,2925508.5,1019640.47,0.4113584036838066,0.7824933687002652,self_multiscale,self_multiscale,1,0.7561818041292846,0.0,0.6942053747269311,0.7526197762283842,1.4951249314110506,0.7565741518641835,3,25.10030522845365,38.13390770816909,23.90651863268819,11.037528182379486,23.91018402712631,11.037528182379486,11.037528182379486
a0383629,5832,2894072.05,1035266.48,0.546639231824417,0.7955555555555556,type_raw,self_multiscale,1,0.44064998149472273,0.2436556927297668,0.3834217000737378,0.3792207411801798,0.33291689641318994,0.3810215346019516,3,10.83188302747839,23.210982672330374,15.782048083759694,5.320912995559083,15.774953686244249,23.210982672330374,5.320912995559083
a056d01e,6557,2971741.55,1069052.58,0.2696355040414824,0.827433628318584,type_raw,self_multiscale,1,-0.2932586850028534,0.23059325911239897,0.5592800677695031,0.9456539748968118,1.0067018261813439,0.9456526442214437,2,7.817503974116681,27.52479588355485,20.871708226746488,8.594450441389915,20.871708226746488,27.52479588355485,8.594450441389915
a08d9e63,3685,2928300.47,1053716.75,0.2559023066485753,0.7877984084880637,self_multiscale,type_multiscale,1,0.3880977769869958,0.04667571234735414,0.47799151725824446,0.8063991696702936,0.703788896206654,0.7516834470480576,0,17.57929116236273,18.91810227544522,11.05176346372255,19.12114115378762,20.15649873351107,19.12114115378762,11.05176346372255
a0b83014,5035,3007865.25,1121970.41,0.5511420059582919,0.8626373626373627,type_raw,hybrid_multiscale,1,0.6902156905747683,0.011916583912611719,0.5605451889492123,0.5662167522322966,0.761978767450523,0.6921144566825344,4,10.319351079154094,14.49390857976449,18.158002605180357,16.314484593974615,12.732160080590358,14.49390857976449,12.732160080590358
a0e92ed6,4897,3011067.19,1116868.15,0.4998978966714315,0.6383647798742138,self_multiscale,hybrid_multiscale,1,-0.021605678471212753,0.04043291811313049,0.3783195049234049,0.48130091245308737,0.40975240196717155,0.49461461959686914,4,11.874844188452547,25.130979921800215,31.381256186504004,13.175503026760113,7.921618490956098,13.175503026760113,7.921618490956098
a15bc102,3236,2961174.4,1085236.5,0.5633498145859086,0.8152985074626866,self_multiscale,hybrid_multiscale,-1,-0.19696881864722524,0.9561186650185414,0.4492297420946791,0.4636478343751033,0.7257239405866107,0.6850356730666647,2,3.3272695274440256,24.123339971195715,24.135489255978847,64.79530682079724,10.03154818830999,64.79530682079724,10.03154818830999
a247e7cf,5674,2888285.23,1022403.91,0.566795911173775,0.7898936170212766,self_multiscale,type_multiscale,-1,0.3578222394790477,0.0,0.7186099370526466,0.5163847420049216,0.510932327731181,0.5163847420049216,3,3.7906006920663313,23.02855473546015,6.457745833322613,17.99518231860926,6.457745833322613,17.99518231860926,6.457745833322613
a2e8e7f6,4760,2946005.39,1069309.77,0.4808823529411764,0.8146964856230032,type_raw,type_multiscale,1,0.9531177522051627,0.01995798319327731,0.44305340956771755,0.5001886534869435,0.6497364581082479,0.5372270238525628,0,13.124401250448248,16.029324692077015,10.383825554814331,12.5426290785337,18.850214684639923,16.029324692077015,10.383825554814331
a3518960,4967,3024061.06,1109908.65,0.03764847996778742,0.8522550544323484,self_multiscale,self_multiscale,1,0.2001674866397578,0.0,0.6671518612562833,1.0941931368215112,1.2207947763788014,1.160513285979811,4,4.832187512743377,17.531031092830048,21.31063670571344,6.1457902264516715,20.59722840184404,6.1457902264516715,6.1457902264516715
a3f71395,5543,2947004.36,1015746.27,0.07865776655240841,0.7157622739018088,self_multiscale,self_multiscale,1,0.7860470351978293,0.0,0.5565030497943145,1.102205961235704,1.276501784624246,1.16046971526798,3,19.94281441859297,17.610903447117707,15.677533688861748,13.052673329212945,26.319859150681303,13.052673329212945,13.052673329212945
a4719920,5884,2989116.63,1088017.2,0.6442895989123045,0.7700831024930748,type_raw,self_multiscale,1,0.6568222380719028,0.0,0.21688266054103827,0.24172632213517625,0.29014061485157866,0.24172632213517625,1,6.106950842003292,11.433107688970585,12.181353185573267,7.2257058466980055,12.181353185573267,11.433107688970585,7.2257058466980055
a48640d9,4532,3009104.44,1072201.79,0.13879082082965577,0.7595419847328244,self_multiscale,type_multiscale,1,0.9274307300308211,0.9499117387466902,0.5255226901766489,0.7535387009638334,3.4208052791488557,0.756532167285967,1,14.839361020676403,15.57271197770931,9.104396142864807,42.990562368736704,9.104396142864807,42.990562368736704,9.104396142864807
a4cdbb0f,5204,2888991.63,1027345.95,0.037855495772482706,0.7857142857142857,self_multiscale,self_multiscale,1,-0.33849476894578306,0.0,0.6820262446089791,0.9500544598838397,0.9288380710156564,0.953634194899159,3,6.606869104871606,26.927418121588538,19.398392853824106,14.899172775194106,19.398392853824106,14.899172775194106,14.899172775194106
a4f989c2,5385,2972669.7,1095266.25,0.04791086350974927,0.7957559681697612,type_multiscale,self_multiscale,-1,0.611015266372847,0.0,0.7223582706805698,0.9431768519215157,0.920524592028474,1.1297786055774635,2,6.955709243992603,25.80775183113639,10.370628672915458,10.089787531132448,21.232287591751017,10.370628672915458,10.089787531132448
a5aa7973,4616,3007782.24,1129758.98,0.40164644714038134,0.8257425742574257,self_multiscale,self_multiscale,1,0.0327083979473476,0.0,0.4893265232201646,0.7790727915225922,0.5265351930141156,0.7299548833007347,4,16.87929188364419,38.04688925776151,24.529191918932973,16.987703261135227,21.208640710126506,16.987703261135227,16.987703261135227
a5e6f7dc,5649,2991200.86,1111919.47,0.5186758718357232,0.8286384976525821,self_multiscale,type_multiscale,-1,0.9734231109224074,0.0,0.5343169813710794,0.769646024990939,0.6041193757896491,0.7303710508280956,4,27.18184047867372,26.42760584969934,6.196224052755808,6.225176676949065,6.197376949854938,6.225176676949065,6.196224052755808
a612d5a0,5329,2972096.84,1094700.63,0.04710076937511731,0.801762114537445,type_raw,type_multiscale,1,0.6294295945865432,0.0,0.6594081577731625,0.9094880784934072,1.3726202665051674,0.9101140834481677,2,15.487714081001503,13.211958678072413,10.497096614020357,28.640760301817664,10.497096614020357,13.211958678072413,10.497096614020357
a622ce4d,6298,2994573.95,1113503.79,0.4493489996824389,0.8031496062992126,hybrid_multiscale,self_multiscale,-1,0.8143592643423366,0.0,0.4909053379938581,0.4135606832714725,0.43172271236860865,0.4431954129674746,4,11.322782763222218,19.459713476425822,21.33224976660457,9.664994941163833,13.75378654052201,13.75378654052201,9.664994941163833
a645da9a,5153,3016715.44,1113132.5,0.19619639045216375,0.8370044052863436,type_raw,self_multiscale,1,-0.7314714268516874,0.45041723267999223,0.6668777449393236,0.8562984770408054,0.8283656013631662,0.830467487539258,4,21.507348181666327,37.08569490023414,14.923177104890874,8.76671886591424,14.923177104890874,37.08569490023414,8.76671886591424
a692b17e,3566,2909644.72,1040627.21,0.5975883342680874,0.8023032629558541,self_multiscale,self_multiscale,1,-0.4551580364885865,0.0,0.36282562145873626,0.5073807375687331,0.7425508164715027,0.6175166094911358,3,4.689130021001913,24.433539118340047,13.565696232545463,12.064732576964772,17.037577645283726,12.064732576964772,12.064732576964772
a6b8ac67,5453,2947716.46,1015935.7,0.07372088758481565,0.7468619246861925,self_multiscale,type_multiscale,1,0.5834138639903698,0.0,0.49836603884999353,0.817771396797417,1.7097093721248866,0.8179412177513764,3,16.711272658788168,11.516498036772832,8.155552421612398,13.970339788992927,8.155768283815073,13.970339788992927,8.155552421612398
a6ed2eff,5275,3010038.71,1117548.69,0.5624644549763034,0.7837338262476895,self_multiscale,self_multiscale,1,-0.09997885183540574,0.0,0.2220302034463901,0.35108748348772545,0.48980714454276636,0.42645934389812945,4,3.1590183343240374,14.757204474602101,27.368044712645688,8.963390645693185,27.29895040115549,8.963390645693185,8.963390645693185
a6f967fb,4670,3034743.95,1094234.9,0.041970021413276215,0.85383502170767,self_multiscale,type_raw,1,0.7910811514815221,0.0,0.3437733809185069,0.8973252372153251,1.6502688986211966,0.9006746622799607,1,8.929034458544281,19.319484754745098,26.931642701230025,21.368592444067986,27.164101002934682,21.368592444067986,19.319484754745098
a76db406,4672,2945555.9,1068295.12,0.012414383561643816,0.8877338877338877,type_multiscale,type_multiscale,1,0.961250288662863,0.0,0.6944349236474753,0.9934027608213714,1.26989916154522,1.1921942136011168,0,11.810111363847271,11.085033786967752,6.38779214140371,14.978639605615948,6.38779214140371,6.38779214140371,6.38779214140371
a7744f5b,4377,2907529.16,1033841.37,0.16860863605209042,0.7885985748218527,type_raw,type_multiscale,1,0.7955571330173254,0.17957505140507196,0.7560853644616157,0.7902567651535346,0.7661289466155705,0.790192607161457,3,10.733425268709755,23.50708825818033,4.944249597712629,13.011184651876976,5.0789315858620165,23.50708825818033,4.944249597712629
a783cc24,1889,2939095.33,1067897.53,0.11646373742721017,0.8020477815699659,self_multiscale,hybrid_multiscale,1,-0.9683747409728004,0.45950238221281103,0.6431718845597316,0.7448991045463406,0.7451737258877043,0.8055596454280961,0,13.590536636555203,39.43811592103168,32.181385453697,33.4929682908789,17.9823816664265,33.4929682908789,17.9823816664265
a79fd2e7,4404,3007982.36,1106057.79,0.5249772933696639,0.8150943396226416,self_multiscale,self_multiscale,1,0.6245994866522814,0.0,0.3187703417107483,0.5147024676153408,0.42450674957356077,0.5190894068379396,4,8.369087328496082,27.660348479408675,21.386424729089455,16.475471534658098,21.095711112960668,16.475471534658098,16.475471534658098
a7fc3e6b,4764,2950504.8,1072779.64,0.6341309823677581,0.7768052516411379,type_raw,type_multiscale,1,-0.4371119977403288,0.17296389588581024,0.24918439611562673,0.4443191277375936,0.9050098424556549,0.4443191277375936,2,15.330844155848864,21.82345578007532,18.281013315977248,23.216129421659918,18.281013315977248,21.82345578007532,18.281013315977248
a85bb86f,3099,2918621.53,1048022.93,0.14746692481445622,0.8074866310160428,hybrid_multiscale,self_multiscale,-1,0.0661867665764,0.8938367215230719,0.5917469615178655,0.8459637777746074,1.0991383134230872,0.9674623875666263,0,3.2506410422712184,34.88688029727536,22.061098479407274,10.268224307501923,52.69975405763074,52.69975405763074,10.268224307501923
a85e4bc3,4581,2860940.16,1041008.49,0.49770792403405373,0.7627118644067796,type_multiscale,type_multiscale,-1,0.5908488546467312,0.0,0.44062977986463686,0.588513192279144,0.5859850227832274,0.6136522176159395,3,7.840472554015041,16.825522346322277,9.904822023806958,14.012147133037452,13.060031630710382,9.904822023806958,9.904822023806958
a87433c9,5721,3003488.15,1102340.89,0.5813668938996679,0.9722863741339491,type_raw,self_multiscale,1,0.29870660414215333,0.029889879391714735,0.42416975943068164,0.4529618298691126,0.4706014774768533,0.46411692937933363,1,6.208592057245142,18.538986223375893,11.069975678731275,10.08874133269486,10.502342604974915,18.538986223375893,10.08874133269486
a8ed028a,5538,3035824.88,1089835.46,0.04749006861682914,0.8131634819532909,self_multiscale,type_raw,1,0.8020534931810788,0.9604550379198267,0.5432413608420523,1.007261477500647,2.2635786892070184,1.2065129615749481,1,25.466126712928194,39.151221499794595,41.49295058324994,44.98933645693938,63.83101163772651,44.98933645693938,39.151221499794595
a959858c,4404,3019269.0,1108346.82,0.6139872842870118,0.8486171761280932,type_multiscale,type_multiscale,1,0.3357204181275093,0.0,0.2250919727347845,0.45254455879667443,0.7697321596852914,0.45325618430018466,4,7.190564277882841,14.163010212178051,6.985113754903147,65.2125526913304,6.985113754903147,6.985113754903147,6.985113754903147
a9c9b150,3986,2985639.76,1109493.75,0.5474159558454591,0.8336673346693386,self_multiscale,self_multiscale,1,0.9456683332285569,0.0,0.3634462476038614,0.3817334971964938,0.5014624312276704,0.4276738255010653,4,5.78284718579732,21.95475086283322,16.01178083754481,2.4878098485312554,22.441504105626155,2.4878098485312554,2.4878098485312554
aa95015b,4300,3001120.96,1116056.91,0.3444186046511628,0.75,type_raw,self_multiscale,1,0.18859897288757643,0.23953488372093024,0.5711581499012465,0.7432301801653828,0.8557956173193091,0.7432060883275956,4,2.665142412226315,26.803100060330635,22.901279367126143,21.424667621638378,22.923369154540605,26.803100060330635,21.424667621638378
aaaf3c03,2997,2909934.46,1016744.96,0.055388722055388695,0.784,self_multiscale,type_raw,1,0.49806616739361304,0.24090757424090758,0.5984258955428894,0.977102086398262,2.0218093524167413,1.3038294885840274,3,17.49864706429199,18.140756792820916,48.74510638101126,23.307086683159902,70.07475876411709,23.307086683159902,18.140756792820916
aaeffccb,2712,3007506.23,1090154.26,0.6084070796460177,0.6143667296786389,type_raw,self_multiscale,1,0.9016026422409141,0.07116519174041298,0.35432384721682947,0.5041730354918763,0.8559605116634844,0.5123731739040145,1,7.821751897802149,16.161321190360365,27.89611829963639,4.844602137908946,28.082429346768006,16.161321190360365,4.844602137908946
ab112491,5185,2998844.96,1086547.45,0.042237222757955606,0.9142335766423357,type_raw,self_multiscale,-1,-0.11645472941519286,0.7049180327868853,0.6165087791712086,0.9408547571165411,0.9300494406203644,0.9964208813430465,1,19.150198415662746,39.28840866918642,61.47881965342864,26.91682357449356,54.60273872789096,39.28840866918642,26.91682357449356
ab18d3fc,5694,3009428.7,1091244.89,0.3138391289076221,0.8800959232613909,type_raw,self_multiscale,1,-0.4532009677326464,0.3147172462240955,0.5549875073728344,0.7395635518970208,0.614918456454508,0.7138061219246211,1,19.040794165085302,30.87830464873879,18.138270432574554,16.582895747845406,16.6437366551339,30.87830464873879,16.582895747845406
ab3ced07,4250,3012581.31,1094838.12,0.49105882352941177,0.8577586206896551,type_multiscale,type_raw,-1,-0.7003452617548754,0.0,0.26529654901808003,0.39684844333599584,0.42106680672061936,0.4349414669880385,1,9.191790975183475,13.019131691141535,14.828300164371596,21.389526873737967,15.091235637243905,14.828300164371596,13.019131691141535
ab6fe95d,5491,2858892.37,1041516.05,0.2504097614277909,0.6527777777777778,self_multiscale,hybrid_multiscale,1,0.40076171535751204,0.0,0.711834227136536,0.9125446821577681,1.058559747033577,0.9111790987463765,3,7.402025415199243,30.33151402475752,5.6310087961145845,6.416050716206568,5.630292641466882,6.416050716206568,5.630292641466882
ab94878e,6004,2939268.17,1059785.32,0.04097268487674888,0.8228105906313645,self_multiscale,self_multiscale,1,0.267955689084287,0.0,0.6370015769765778,1.0148664222582289,2.335361109733907,1.0309081124823543,0,3.9100123828690476,24.203372474868576,24.08816730500521,17.246455708164362,33.03385575788124,17.246455708164362,17.246455708164362
abf460d2,3217,3007913.55,1088232.31,0.5825303077401305,0.6727688787185355,type_multiscale,self_multiscale,-1,-0.36324801439474425,0.048803232825613926,0.3575984404670194,0.33643817943738275,0.356467766186572,0.48347857433760755,1,3.8080208174192154,14.892513201471994,13.31605438728521,6.672898164205178,6.718562254607633,13.31605438728521,6.672898164205178
ac6f01d5,5004,3015395.89,1092939.58,0.026978417266187105,0.8498942917547568,type_raw,self_multiscale,1,0.3356819255025622,0.4196642685851319,0.6110442982542332,0.9992145178300365,0.9359449333416753,0.9687990675941207,1,6.919416887086794,29.297214638111086,15.279453760335318,14.74236828470524,14.754744030408464,29.297214638111086,14.74236828470524
ad2133a8,5729,2924598.5,1017311.78,0.2871356257636586,0.8337236533957846,self_multiscale,hybrid_multiscale,1,-0.27452056455092766,0.38174201431314364,0.5006765105955386,0.6557997325526657,0.6980965333866676,0.6769099568105035,3,21.441812746496478,23.54019847031123,18.21785795463426,27.89200235693262,18.207452771083712,27.89200235693262,18.207452771083712
add9c322,3932,2990379.09,1116109.21,0.5846897253306205,0.8179551122194514,type_raw,self_multiscale,-1,0.6738432652836552,0.06637843336724314,0.32749864612688023,0.382181200594354,0.33473035255296263,0.38642367620205176,4,7.256959278969065,16.19895767733676,16.046704498255053,12.399512014361687,16.050993064513662,16.19895767733676,12.399512014361687
ae069086,4770,2936928.3,1057941.74,0.006708595387840632,0.8745519713261649,self_multiscale,self_multiscale,1,-0.6429346234635004,0.0,0.699608127318998,1.0127267684194945,0.9570238653616477,1.1465331146021647,0,10.008599480445952,19.991944333960955,39.707421991317084,12.086117211300051,33.68245154867154,12.086117211300051,12.086117211300051
ae0784a8,7823,2991332.1,1070663.9,0.574715582257446,0.646875,type_raw,hybrid_multiscale,-1,0.10434911411581017,0.18215518343346543,0.3347591974049171,0.46711228163854585,0.5492023072620873,0.5098071031344438,2,7.231596820746539,16.74786654160812,14.482284631411467,15.274612553150416,14.460178771846874,16.74786654160812,14.460178771846874
ae35f33a,4450,2944947.5,1013586.43,0.25415730337078657,0.7476038338658147,type_raw,type_multiscale,1,0.3007327913043894,0.6323595505617977,0.7191166126449404,0.7543065977629607,2.0856088381679836,0.7543065977629607,3,8.074924276026367,49.45643020183288,9.446852622535639,11.355074645384347,9.446852622535639,49.45643020183288,9.446852622535639
ae8959c3,4518,2997086.35,1128582.0,0.06905710491367867,0.9165247018739353,self_multiscale,type_raw,1,0.8625639735173986,0.38247011952191234,0.2835780283201632,1.272459754541353,1.1529370799514118,1.220881403252875,4,26.56111705895839,12.239891768683153,27.194127341055275,26.77914804279988,28.69561910194827,26.77914804279988,12.239891768683153
aed44918,2719,3001708.86,1066985.88,0.7006252298639206,0.5936395759717314,self_multiscale,self_multiscale,1,0.37072781745009953,0.0,0.18770104392950152,0.27478054562225,0.5057175280279298,0.3231989036431162,2,4.953996106381385,28.50936233438946,21.817633283739088,6.988399177204297,21.905026561780545,6.988399177204297,6.988399177204297
aee6393a,5865,2918896.59,1045379.91,0.48542199488491045,0.7099236641221374,type_raw,self_multiscale,1,0.8949436763205105,0.024893435635123615,0.35393595696153757,0.46027736722661927,0.44868691986833326,0.4610416664515534,0,15.86127201150044,9.39429958206993,9.447948261911629,7.609447028202716,9.447948261911629,9.39429958206993,7.609447028202716
af7a59ce,3024,2903649.45,1025503.64,0.2857142857142857,0.8651685393258427,self_multiscale,self_multiscale,1,0.3576519590805571,0.0,0.3511260866183079,0.48548317067318153,0.5501371737018166,0.4832026526184794,3,1.508321278533759,15.407870624419894,14.999343483207701,4.352928760005312,14.985079860291332,4.352928760005312,4.352928760005312
aff4e561,6026,2883292.13,1021140.3,0.35462993693992695,0.7982832618025751,self_multiscale,hybrid_multiscale,1,0.784250881320263,0.09624958513109858,0.6061649713155419,0.6180680894388921,0.9429586897368584,0.6824433066449251,3,4.6623285966498225,24.520790770012493,27.57493458483849,22.813811164598786,5.355138457510092,22.813811164598786,5.355138457510092
b04b58a3,3402,2943287.35,1072516.09,0.048794826572604366,0.8155844155844156,self_multiscale,self_multiscale,1,-0.6866305249394121,0.0,0.6788039320181118,1.0283506179881254,1.2332633416360201,1.0280656435798172,0,3.3728566625076124,24.94347790399502,24.833471135822435,12.561224500984762,22.084440430137246,12.561224500984762,12.561224500984762
b0d42b0d,4971,2984612.81,1107265.0,0.5608529470931403,0.6485013623978202,self_multiscale,self_multiscale,1,-0.34054423334713907,0.0,0.5015569203349718,0.6535850373223501,1.2439548058606542,0.6569931145633486,4,18.01724698348166,30.177319087126673,24.35870448707959,19.438722134070368,24.348759731507457,19.438722134070368,19.438722134070368
b0f53bf4,2755,2999040.01,1091182.41,0.27549909255898364,0.6973180076628352,self_multiscale,type_multiscale,1,0.20823232801051236,0.0,0.5017344127530888,0.7480236510663953,1.1499608331234126,0.9720666024355162,1,10.425759277755718,17.944360288698025,9.459332351173028,15.23679659064932,19.08539912176366,15.23679659064932,9.459332351173028
b19b0395,5813,2899374.49,1023958.5,0.037674178565284655,0.7521613832853026,type_multiscale,self_multiscale,1,0.44158929016440734,0.10218475830036126,0.697582511968397,1.0851822524832937,1.183157304290179,1.141368712679669,3,2.440124750126939,28.620438909307836,18.306736255945214,17.87442299206191,24.660198217071844,18.306736255945214,17.87442299206191
b1efb8a4,5998,3007027.44,1098538.37,0.05168389463154388,0.80306905370844,self_multiscale,self_multiscale,1,0.014546031108773175,0.0,0.7850580640860515,1.0455691402192777,1.1022943217511028,1.072196896420806,1,5.435355598616236,32.43145834777597,11.109483348627284,11.103867345359612,11.203815178687504,11.103867345359612,11.103867345359612
b32902c0,3808,2990021.93,1116237.36,0.5428046218487395,0.8981288981288982,hybrid_multiscale,type_multiscale,-1,0.39632525438194294,0.04254201680672269,0.2828531097573131,0.24692234486264894,0.399236305777948,0.37001158207188556,4,8.623169984774954,27.938213513344614,13.452400919304338,34.8603156511875,14.080963113948897,14.080963113948897,13.452400919304338
b32e4903,5770,2903335.28,1027511.06,0.04072790294627382,0.6413502109704642,self_multiscale,type_raw,1,0.5112280373507593,0.5315424610051993,0.6989649592483023,1.0004579019698072,2.6620585857374106,1.101268477273842,3,6.053356277813918,9.997832371815646,13.754924089587531,32.05900769521864,19.83451181822556,32.05900769521864,9.997832371815646
b3388334,6080,2887796.12,1008592.25,0.2455592105263158,0.822265625,self_multiscale,type_multiscale,1,0.3705528841895832,0.043256578947368424,0.48287356803186254,0.7942707110733871,0.847951894884245,0.8345217269283282,3,15.009222131946752,32.14729262818815,13.119164528567733,14.464161505569844,14.335649950615315,14.464161505569844,13.119164528567733
b37fd114,8161,2986073.36,1085285.86,0.08148511211861287,0.7190721649484536,self_multiscale,type_raw,-1,0.441541579676758,0.8463423600049014,0.7012196829912123,0.9881903710841673,1.0604838986086877,1.089837904663927,2,7.920065802933363,35.13595102375684,49.95233483760773,51.85999551413547,49.948034555170764,51.85999551413547,35.13595102375684
b38e3116,6211,3007361.97,1098563.48,0.05538560618257926,0.8308668076109936,self_multiscale,self_multiscale,1,0.24340229277078668,0.0,0.6600304383174902,1.1340958815269762,1.2903945832505428,1.1598010298958188,1,3.868480328943559,16.669343165759408,15.29363480751069,6.859751954444896,28.349701998668202,6.859751954444896,6.859751954444896
b4d8dd4f,4259,2915958.2,1046107.15,0.09673632308053537,0.8319148936170213,type_multiscale,type_multiscale,1,-0.6837546367178785,0.03028880018783752,0.3513316847847969,1.1520626815552948,0.988730474468516,1.160154407096225,0,8.614358703243585,38.09183808343711,21.66870976778958,50.95492127840901,21.73408260546321,21.66870976778958,21.66870976778958
b4f37e6e,2992,2916919.71,1043438.56,0.35093582887700536,0.7357954545454546,type_raw,type_raw,1,0.9641600574171417,0.0,0.38580342415450986,0.5938951077175372,1.1676883366149249,0.5941173783116306,0,13.687153847552793,6.354554340179847,10.105330496583674,14.73342333840715,10.105330496583674,6.354554340179847,6.354554340179847
b56bc0aa,5602,2915688.05,1044050.41,0.22438414851838628,0.841796875,self_multiscale,self_multiscale,1,0.720741190426181,0.0,0.6226695509692436,0.7455955272900536,0.8131401384088369,0.9248545023731828,0,10.40841490359505,42.02280676634972,37.80529040910579,4.753382536395205,37.047151311006786,4.753382536395205,4.753382536395205
b585b4fa,4294,2906020.17,1037897.67,0.11830461108523527,0.8427947598253275,self_multiscale,self_multiscale,1,-0.38280728053497876,0.0,0.7028999470060026,0.9449762692180094,0.9839453987497431,0.9569970269776358,3,4.157025447666157,33.8559252195716,34.53177577128855,9.428454855849553,50.899019798893356,9.428454855849553,9.428454855849553
b5aa9634,7326,3010036.68,1076003.86,0.042042042042042094,0.6459016393442623,self_multiscale,type_multiscale,1,-0.44043419356001545,0.0,0.5086918397347934,0.947800640604082,1.523728491614145,0.9817479293251311,1,7.204565037090471,24.61900748872144,17.069271493541454,19.03249189107808,29.964566085518594,19.03249189107808,17.069271493541454
b7974e66,5558,2987406.23,1066421.24,0.5273479668945664,0.7694444444444445,self_multiscale,self_multiscale,1,-0.4074481632092546,0.0,0.5554262943328322,0.5144601721177869,0.4793858890764102,0.518320725334582,2,3.7533398143494683,31.437446407209784,36.142009008207395,12.490202238600249,33.49183057274355,12.490202238600249,12.490202238600249
b7cdcecb,6168,2885666.91,1020382.96,0.4257457846952011,0.7727272727272727,self_multiscale,self_multiscale,-1,0.947391856776694,0.0,0.5281370068559093,0.5558833774389587,0.5396875042427421,0.5661231399711081,3,10.382684873316606,25.663166926343496,13.315076716489616,9.804696252101955,13.311980156148655,9.804696252101955,9.804696252101955
b7fea9ef,3866,2939107.28,1067881.89,0.1404552509053285,0.6674057649667405,type_raw,self_multiscale,1,0.27318027638186415,0.14433523021210554,0.6008612875709942,0.7934543822479001,1.195400442934319,1.0298288490025178,0,5.339145818544056,23.76735554063003,19.142272609920806,4.428078768837781,30.866249916551418,23.76735554063003,4.428078768837781
b85f7b06,3803,3011898.62,1114107.87,0.20168288193531425,0.803763440860215,type_raw,type_multiscale,1,0.15824173153052076,0.15566657901656586,0.6575813358512019,0.7736259200036403,0.7508526659780084,0.8513574546272406,4,4.27797146899,18.747826662017015,2.2231869383902763,8.032615349998325,2.8227314534453094,18.747826662017015,2.2231869383902763
b881d27e,4009,2905253.74,1027383.37,0.5066101272137691,0.7702020202020202,type_raw,type_raw,1,0.746858071646716,0.006235969069593414,0.405090274723244,0.4166060165988144,0.3909179417537303,0.47091357893579666,3,6.6293726337544925,9.567092273893866,12.786988873850168,10.195316930020555,10.064127949771454,9.567092273893866,9.567092273893866
b8c49c1a,4319,2943779.75,1064669.42,0.2275989812456587,0.8979206049149339,type_raw,self_multiscale,1,0.7506508372969247,0.06645056726094004,0.5264475422586661,0.9350434852384473,1.03192306166944,0.9757922491415509,0,6.605333243074679,12.911575914305537,10.789391847075107,8.14730274814454,10.402863018034116,12.911575914305537,8.14730274814454
b95e7121,6306,2998461.02,1114910.65,0.06660323501427212,0.7217391304347827,type_multiscale,type_raw,-1,0.8816032220002624,0.6328893117665715,0.8209948536349969,1.1552143521954208,1.0880274189471277,1.1731986275992274,4,29.32801829935577,13.212907373680629,28.74666553147629,14.574698507489243,28.905175047816005,28.74666553147629,13.212907373680629
b977be4a,5917,2995711.98,1113466.72,0.24674666215987828,0.770949720670391,type_raw,type_raw,-1,0.7556303410021835,0.13909075545039717,0.6204269259089088,0.7027029316871088,0.9293849551698743,0.796303927220125,4,33.33809846231301,17.20613753968655,18.668465734445036,23.856146484652157,20.150666818487057,17.20613753968655,17.20613753968655
ba48188d,4166,3011079.55,1086134.77,0.1769083053288526,0.8250825082508251,self_multiscale,self_multiscale,1,-0.9271339337135056,0.4877580412866059,0.5911341903854525,1.138580993116324,1.1666045326284291,1.1543743025815296,1,45.40428151732524,61.21047284285337,52.94241421850456,47.13626865185213,54.58796157373704,47.13626865185213,47.13626865185213
bb2cdd83,3825,2905708.66,1037755.53,0.14431372549019605,0.8346613545816733,type_multiscale,self_multiscale,-1,0.1304614312693345,0.8128104575163398,0.6451199164095099,0.6732421731674537,0.7502591159876375,0.7917305719002502,3,6.384870391900584,27.746616881450937,38.42147598155643,2.9944964114471397,13.204292751178558,38.42147598155643,2.9944964114471397
bb337fa0,6873,2990341.95,1102461.3,0.6688491197439255,0.7506925207756233,self_multiscale,type_multiscale,1,0.5175253109479793,0.571366215626364,0.29634410678446715,0.4065296914812129,0.4996337216182727,0.40664548923122235,1,15.08369632867927,34.763357384115686,10.83207568744478,32.086003311366554,10.83235423750478,32.086003311366554,10.83207568744478
bb682ebd,4139,3007918.46,1129923.18,0.28799226866392846,0.8770161290322581,self_multiscale,type_multiscale,1,-0.1573772099448318,0.1369896110171539,0.6186917427446065,0.6588012981930167,0.8765885581500722,0.6588012981930167,4,16.14258676707329,42.42347771420313,11.179065170725517,20.72764730481852,11.179065170725517,20.72764730481852,11.179065170725517
bc4381e2,4955,2984774.74,1057331.9,0.5814328960645812,0.6956521739130435,hybrid_multiscale,type_multiscale,-1,0.8547004318556526,0.7089808274470232,0.3191549612939501,0.42100220504909763,0.5045411789486929,0.4680834274935072,2,13.913489293354596,31.15555886375695,16.243582431591577,31.251900990494732,31.32248784311597,31.32248784311597,16.243582431591577
bcebcc5f,6258,2958706.15,1080107.31,0.4852988175135826,0.7591397849462366,type_raw,type_raw,1,0.7145302407298405,0.03211888782358581,0.3537586674763216,0.4968845746857002,0.482322026701967,0.4961610096986241,2,16.050611877498238,15.764736694867073,27.75197056160229,24.826884585591433,27.707091111418578,15.764736694867073,15.764736694867073
bd2c2f34,9823,2874982.67,1026864.01,0.6298483151786622,0.8177676537585421,self_multiscale,type_multiscale,1,0.30975976209749484,0.0,0.29149325082343597,0.267780272724158,0.2773774198481042,0.3898296859859294,3,5.348933481209605,18.15948310249856,5.737202909154277,11.296982744007025,16.798005743727472,11.296982744007025,5.737202909154277
bd4ae5da,5006,3008142.57,1111581.25,0.6709948062325211,0.8309090909090909,self_multiscale,self_multiscale,1,0.11536720102805689,0.0,0.36157020225825726,0.5993007153383602,0.6458495423179804,0.5993007153383602,4,4.258117393820927,29.31508785402052,24.498829041215902,14.318292919389695,24.498829041215902,14.318292919389695,14.318292919389695
bd6f0e19,5140,3005848.59,1121940.17,0.2519455252918288,0.7966457023060797,type_raw,self_multiscale,1,0.4260927742634696,0.1178988326848249,0.6215411040732295,0.8601949483533735,1.2647823281912052,0.8662992117941707,4,8.098701650966701,14.959300244314116,30.901282899116076,4.899170149295708,30.90273639530678,14.959300244314116,4.899170149295708
bd8f847e,4961,2945717.14,1014123.98,0.198548679701673,0.7241379310344828,hybrid_multiscale,type_raw,-1,0.28133317335049873,0.5734730901028019,0.6480051094819781,0.7319947233329239,0.8224184503412738,0.9207243968701493,3,11.890740788489012,24.04606563254707,25.86385208487744,37.64862664384609,34.81277581995255,34.81277581995255,24.04606563254707
be063506,4500,3001990.46,1104435.03,0.25,0.8354898336414048,self_multiscale,hybrid_multiscale,1,0.8305574479796379,0.0,0.646862824781209,0.9339851416814641,1.051468451882922,0.999422392459916,4,5.3420900228951576,28.516785001060583,30.48789987811204,10.006796927866224,3.549100399318787,10.006796927866224,3.549100399318787
be35c8f2,4226,3015245.6,1095865.16,0.3757690487458589,0.8703703703703703,self_multiscale,self_multiscale,1,0.9209476822315368,0.0,0.5033119603228067,0.6546734730460697,0.6789940841129645,0.6676048028042466,1,11.249936781810298,19.603487550942717,29.686615050899952,5.9840393547774715,35.10544226668056,5.9840393547774715,5.9840393547774715
be83e781,3221,2904883.62,1026207.28,0.5209562247749147,0.741424802110818,type_multiscale,type_multiscale,1,-0.1793279551693323,0.0,0.3491868434235423,0.5482464235254259,1.4219860504821087,0.5754472915213638,3,6.766840831376776,32.214479876158066,12.250770712438552,19.26439896853151,31.874561437163965,12.250770712438552,12.250770712438552
beda8696,5912,2886483.08,1023998.67,0.5267253044654939,0.8241308793456033,type_multiscale,hybrid_multiscale,-1,0.8428454652540557,0.0,0.4342874291038334,0.4696154042265754,0.46111485770467314,0.4677735615403984,3,17.690851546255363,22.692140163939953,9.66070006579049,10.438662290547747,8.417592123341446,9.66070006579049,8.417592123341446
bf39bc20,3303,2913521.39,1040745.66,0.6164093248561913,0.7970660146699267,self_multiscale,self_multiscale,1,-0.08545860168497017,0.0,0.3035746922989521,0.40386560997833515,0.4220350056352387,0.3997348949852052,3,7.979184417568008,25.16709905072731,12.811048664246211,8.324102115051126,12.623619223780134,8.324102115051126,8.324102115051126
bf70b410,6347,2885888.12,1022967.11,0.41988340948479597,0.8329411764705882,self_multiscale,type_raw,1,0.8622311191190836,0.04049157082086025,0.5326583051616959,0.5549073430301793,0.6158519738002305,0.580308202381279,3,24.89204861190027,8.112508121233848,16.082408092109116,14.51086251007147,16.04180822688438,14.51086251007147,8.112508121233848
bffe3082,5723,2994727.28,1099595.67,0.3110256858291106,0.773841961852861,type_raw,type_multiscale,1,0.7463604024482234,0.0,0.5663786071029032,0.743055703645924,0.8258908642546803,0.7778773397062133,1,23.430578508774474,10.971913843768125,8.049103267495028,21.736094331030007,15.121494612588275,10.971913843768125,8.049103267495028
c03b9305,4255,2938670.72,1070962.14,0.5163337250293771,0.9209401709401709,self_multiscale,type_raw,1,0.5594140969950359,0.0,0.5903305242456335,0.6718194323100004,0.825624304624876,1.0575219032648502,0,13.936494755565167,5.958835647982721,27.438087358785616,21.864259103785226,36.39165247674606,21.864259103785226,5.958835647982721
c03d4aed,4641,2947312.15,1013821.06,0.18444300797241975,0.7816593886462883,type_raw,type_multiscale,1,0.0014049148785645611,0.11139840551605258,0.5608772804380003,0.9283403807537829,1.074883195543411,0.9286881175123436,3,5.043925344932297,19.406087869851813,16.0078371212265,20.309480420680107,16.008030329667356,19.406087869851813,16.0078371212265
c03fba65,3699,2961431.11,1092364.96,0.5114895917815625,0.872072072072072,hybrid_multiscale,type_raw,-1,-0.4731251499907507,0.0,0.49225700862826965,0.45064441174850983,0.4277446698760401,0.49756862149082265,2,16.577212781572744,9.09727451765824,16.379754489935976,27.06726433075384,16.417994508693187,16.417994508693187,9.09727451765824
c07fd0cd,4191,3022223.57,1086256.61,0.48484848484848486,0.6945392491467577,type_raw,self_multiscale,1,0.6655984839479299,0.5151515151515151,0.32518148074708336,0.47278119736092017,0.5936477212412176,0.480861442301033,1,9.65450652632979,31.097231205019867,14.774041478976589,3.990205979700658,14.774041478976589,31.097231205019867,3.990205979700658
c1708b88,6315,2980629.42,1084892.45,0.6406967537608868,0.8195329087048833,type_raw,type_raw,-1,0.7739449119542108,0.10261282660332542,0.3913592911043579,0.5430019855094185,0.510517499108432,0.6513759575199595,2,22.403345895515283,17.593355251636634,23.694119842752755,18.06296320942342,23.04315144814012,17.593355251636634,17.593355251636634
c1d046f4,5513,3002698.37,1115445.6,0.014511155450752766,0.7827586206896552,type_multiscale,type_multiscale,-1,0.5973523799328018,0.0,0.8082387148403836,1.0472638174689446,1.1217905755946198,1.1506627655414798,4,6.7349009291632145,17.91038764307239,6.194527379390455,22.44516477477337,9.193989414655249,6.194527379390455,6.194527379390455
c2717d4f,4721,3005845.03,1111724.32,0.032408388053378534,0.6153846153846154,self_multiscale,type_raw,1,0.4515589871042935,0.6341876721033679,0.5903941508941215,0.8016567905137414,1.839190832631525,0.9572338749320785,4,15.52120844626195,30.494802370158208,32.52002570395121,32.41649274824502,32.521520806843064,32.41649274824502,30.494802370158208
c2c4db09,6039,2996052.6,1113830.67,0.23381354528895515,0.8065268065268065,self_multiscale,hybrid_multiscale,-1,0.8297734136140444,0.0,0.49453632986231494,0.7932538532538316,0.7967697356405794,0.7935456528698469,4,20.67152571234992,16.390076368384825,8.468330018185616,12.602002640772712,8.468201351418555,12.602002640772712,8.468201351418555
c2c6fc71,7119,3004830.05,1089139.43,0.3833403567916842,0.5996168582375478,hybrid_multiscale,hybrid_multiscale,-1,0.2458926813702833,0.0,0.390295522641059,0.5659441759210121,1.2476926527496257,0.5695158218952419,1,8.178858668821722,13.544504132819503,10.58680100471416,13.2662319898848,8.651120087079093,8.651120087079093,8.651120087079093
c36625df,4742,3007419.47,1111630.22,0.7692956558414171,0.8084677419354839,self_multiscale,self_multiscale,1,0.5230279603885756,0.0,0.13916249090714866,0.2021661051488453,0.42697637609047573,0.26151573587164056,4,3.1510369986774216,20.946916676741253,10.131789351434037,9.603281624897814,13.388290577544895,9.603281624897814,9.603281624897814
c3957531,5316,3020424.23,1088389.95,0.03781038374717838,0.8108581436077058,hybrid_multiscale,self_multiscale,-1,-0.6163386515443166,0.08897667419112114,0.7174408987730916,0.9556046608158851,1.4068021704809066,1.175416466351746,1,4.1969370679049085,25.563558063119967,12.736336033148776,11.685249254152701,16.37268756611736,16.37268756611736,11.685249254152701
c42fe306,5095,2898828.54,1025783.79,0.5952894995093229,0.8928571428571429,type_multiscale,hybrid_multiscale,-1,-0.4195741324848693,0.05927379784102061,0.26653682316411453,0.3383576997530179,0.3211332757121183,0.3498148366696878,3,9.439020488053227,39.696162843955904,16.727895128990873,22.314398764646988,9.562697813895518,16.727895128990873,9.562697813895518
c43812e2,5527,2983815.92,1054053.43,0.6205898317351185,0.781651376146789,self_multiscale,self_multiscale,1,0.2530682131334367,0.0,0.40117724911431524,0.505693562231267,0.7439881998711471,0.5072807706954362,2,10.229337409177315,13.130795661144585,22.541779305888173,6.705597734776467,22.62993015116566,6.705597734776467,6.705597734776467
c472c0b5,3054,2997776.8,1129046.69,0.03110674525212831,0.6467289719626168,self_multiscale,type_multiscale,1,0.1662504332883858,0.0,0.17255431533150395,0.9397609780030359,0.8723913010173957,1.0659832534896825,4,8.782303821211778,34.334320656609684,8.396520350404879,12.08958898070298,11.386938568983668,12.08958898070298,8.396520350404879
c47e0767,4356,3009072.43,1093507.35,0.14830119375573925,0.7713097713097713,self_multiscale,self_multiscale,-1,-0.5243829148818928,0.21694214876033058,0.7211212715788419,0.9136827921824829,0.8818697663904933,1.0195122113560504,1,20.56708186902993,38.617070540386926,83.16532539661088,38.562485199494795,73.25290366678485,38.562485199494795,38.562485199494795
c50b42f6,6014,2890404.13,1025090.1,0.1840705021616229,0.8530534351145038,type_raw,self_multiscale,1,0.6531698488009954,0.006318589956767542,0.5872876055387328,0.9023746775536328,0.7881190902856607,0.898263334723765,3,15.963805538972963,9.817182235426106,12.379110871386379,8.719892181336968,12.22067731241022,9.817182235426106,8.719892181336968
c593337f,5208,2995685.9,1072062.06,0.3091397849462365,0.8,self_multiscale,self_multiscale,1,-0.2784726020006752,0.38863287250384027,0.6661100361554136,0.6886841953786454,0.5915328679926493,0.6760816882775768,2,18.182437869804843,37.175468108550476,24.15862712836446,21.765509939936283,22.837488729180745,21.765509939936283,21.765509939936283
c59b6c4a,5499,2887033.73,1025104.17,0.149118021458447,0.8384201077199281,self_multiscale,type_multiscale,1,0.7245479624139194,0.17257683215130024,0.7141375081846282,0.8234477416864898,0.742102010047251,0.8034612572162405,3,22.827576285634407,12.027664399669268,8.684627547942375,20.641778730302043,9.236014855596581,20.641778730302043,8.684627547942375
c66be2b8,4154,2995987.76,1116271.5,0.29537794896485314,0.8423005565862709,self_multiscale,type_raw,1,-0.21632960609563084,0.3885411651420318,0.5070424732671422,0.9094157879648658,0.7788012533541433,0.9265682312074401,4,19.995772901353273,16.701327038077736,48.94875895097493,29.08506960000583,48.96211107671033,29.08506960000583,16.701327038077736
c6797dd7,4664,3009038.4,1103564.61,0.149442538593482,0.6051282051282051,type_multiscale,type_multiscale,1,0.7585983498066361,0.0,0.6762250670956632,0.9942566880974588,1.2174672909273532,1.108135360109146,1,2.7891987275963297,21.10380924955995,12.141554259527606,12.145727292614284,12.141554259527606,12.141554259527606,12.141554259527606
c6b782a4,4877,2935230.29,1056306.97,0.2731187205249128,0.6805555555555556,self_multiscale,hybrid_multiscale,1,0.32124157949665205,0.0,0.47279504814533607,0.6753364629732151,0.636969571954712,0.6822118371521289,0,11.501453554008858,17.885261129136403,26.822354504568647,11.306537741239426,7.656865830141112,11.306537741239426,7.656865830141112
c6c96179,4004,2909496.8,1038217.22,0.3821178821178821,0.76007326007326,type_raw,self_multiscale,1,-0.001999954194121717,0.21653346653346653,0.514182878629765,0.7008217811857538,0.7139029210847312,0.7150932867703929,3,4.168760595055071,25.774128560163746,33.43981848619401,17.954288244974265,38.62815484207712,25.774128560163746,17.954288244974265
c70c0e01,4312,3002625.76,1071462.63,0.7003710575139146,0.8099352051835853,type_raw,self_multiscale,1,-0.7211960877098438,0.19503710575139147,0.26165588070100354,0.30778468353032895,0.49844123964464826,0.3067638425766635,1,9.442221247523332,27.046459369049828,20.802307355275115,9.050744166505353,20.801207119982646,27.046459369049828,9.050744166505353
c84c65be,8496,2876115.28,1043419.62,0.4393832391713748,0.8004115226337448,self_multiscale,self_multiscale,1,0.42217308031960443,0.0,0.5786804886818023,0.7075675850945009,0.8050219394739931,0.707654276058634,3,11.955418934821845,17.623605013512883,11.79764999820828,10.48256346593368,11.79764999820828,10.48256346593368,10.48256346593368
c8d9680c,6281,2995481.62,1115707.33,0.3856073873587008,0.7630057803468208,self_multiscale,hybrid_multiscale,1,-0.09338056162384771,0.7002069734118771,0.5260961961355615,0.5537678503217839,0.5850179526324399,0.5966213528105521,4,38.72502031443989,23.854240059717366,23.49902685590742,32.531402792509134,16.293285426092577,32.531402792509134,16.293285426092577
c908edd0,5293,3008268.71,1117653.57,0.04836576610617793,0.729050279329609,self_multiscale,hybrid_multiscale,1,-0.45296304888135147,0.0,0.8349867671054415,0.9545805401374783,1.270786977201852,1.0345803716741864,4,6.833211715856752,17.990720505725626,48.63898749184667,16.7085507449171,16.515879829675296,16.7085507449171,16.515879829675296
c9578d27,4487,2905630.36,1032515.43,0.5741029641185648,0.8062953995157385,self_multiscale,self_multiscale,1,0.4129489099881415,0.0,0.44852377859661197,0.5047808637544688,0.4808111349173769,0.48961546129327865,3,15.130475500622593,40.98689103081313,38.341653377054726,11.04321199758186,13.908786072129013,11.04321199758186,11.04321199758186
c96c018a,6236,3002317.14,1115857.37,0.07456703014753052,0.7518610421836228,hybrid_multiscale,hybrid_multiscale,-1,0.33710574748677496,0.2190506735086594,0.7603694182258353,1.068788304237488,1.2174375293130373,1.1695826472522273,4,4.192480048067259,28.109754093988606,65.39811052480722,48.906024642776465,26.68110176128948,26.68110176128948,26.68110176128948
c99f9fae,6361,3017968.33,1113132.67,0.03820154063826442,0.8710801393728222,type_raw,type_multiscale,-1,0.8772814471956324,0.03568621285961327,0.7402855422331592,0.9659317524408076,1.1646436928085941,1.0874003354494983,4,22.149776253031035,9.362420941837476,7.617937606003684,43.1400651352209,9.417091029536303,9.362420941837476,7.617937606003684
c9e6734f,4735,2941116.49,1057848.89,0.05237592397043289,0.8350785340314136,self_multiscale,type_raw,1,0.8771882244448114,0.0,0.7450693164849213,1.0943434036872242,1.566635491927732,1.3383762510414874,0,32.15725169118158,10.029627822384162,12.307040242697388,10.667199389196274,22.79452552517005,10.667199389196274,10.029627822384162
c9e980e8,4359,3008074.15,1115350.8,0.14888735948612064,0.8627450980392157,type_raw,type_multiscale,1,-0.8194047315069294,0.1913282863041982,0.774793175127715,0.8523586058742625,1.2253126623410242,1.0786361043644468,4,5.850315504155204,24.35349626191145,6.980850364064534,7.94632268601831,7.058110074601406,24.35349626191145,6.980850364064534
c9fedcf3,3517,2990104.17,1069681.88,0.060562979812340045,0.8140043763676149,type_multiscale,type_multiscale,1,0.7992797972550519,0.0,0.8052143826679881,1.06095978692331,0.8707805993786913,1.0594294275584475,2,5.311310602135588,13.99501058421635,7.0699563263599625,15.142844385865201,7.0699563263599625,7.0699563263599625,7.0699563263599625
cad13e8f,4848,3034858.9,1094610.52,0.04785478547854782,0.8188854489164087,self_multiscale,self_multiscale,1,0.8472528280240641,0.0,0.8082532000016814,0.955961850706519,0.8186540448808441,0.9543956789011618,1,7.818814330349044,47.49530692004121,82.3747207075949,16.05053123960162,82.37097491042502,16.05053123960162,16.05053123960162
cb34231f,5609,3035047.2,1094879.94,0.1071492244606882,0.8064516129032258,type_raw,self_multiscale,1,0.10521583166043055,0.09395614191477981,0.5086713412193183,0.9333318624015738,2.056074271542504,0.9336773633077065,1,9.282073647902024,21.180573990472322,59.98741703203312,14.867801093637269,59.98741703203312,21.180573990472322,14.867801093637269
cb879f40,6315,2995407.38,1115577.69,0.3805225653206651,0.7430025445292621,self_multiscale,self_multiscale,1,0.4621613133998387,0.11322248614410134,0.5566936431461147,0.8857985568589478,0.93415610649342,0.8869115474516661,4,12.814462592595302,24.33373499901674,71.50695149902606,19.696680227172838,71.50715140733206,19.696680227172838,19.696680227172838
cbb406b5,6328,3005796.02,1123470.07,0.5109039190897597,0.8661417322834646,self_multiscale,self_multiscale,1,0.2868614887034191,0.0,0.3267559482069146,0.37247209236446904,0.31830775854428217,0.37229872909442596,4,8.482236757379294,28.67709720959128,21.49322476623742,12.22521954995171,12.354399672041936,12.22521954995171,12.22521954995171
cbe51de1,3963,3012415.66,1114558.9,0.04642947262175123,0.8047493403693932,type_raw,self_multiscale,1,-0.7252731778424447,0.2959878879636639,0.6562573694392497,1.123953420155828,1.471208913572573,1.14848751487317,4,4.435098754761938,30.96330279149419,21.726275180231955,14.713873395550237,22.26251860630179,30.96330279149419,14.713873395550237
cbe62450,6258,2995678.41,1115745.23,0.3803131991051454,0.7456359102244389,self_multiscale,self_multiscale,1,0.39508108059074887,0.0,0.511687219654711,0.851221639288217,0.8029291268356451,0.9001922591980407,4,32.799468805806825,18.549878917716406,22.237827409912928,11.270996167956506,17.266090744962867,11.270996167956506,11.270996167956506
cc08aa63,3274,2912198.91,1042380.95,0.47251069028711057,0.8054298642533937,self_multiscale,self_multiscale,1,-0.4478380082338346,0.0,0.42392227316537573,0.5204862562180179,0.5481700738634474,0.5347608509130979,3,7.611887916874085,38.54524925703708,34.78986064935051,12.328907019259924,15.849761099429315,12.328907019259924,12.328907019259924
cc8a1d57,6638,2925357.45,1017113.57,0.17414884001205178,0.8142857142857143,self_multiscale,self_multiscale,1,0.35521492028802626,0.45088882193431756,0.659751121373301,0.930123307106893,1.060070854466293,0.939655613505715,3,15.871086929805713,31.831595767575163,40.55687528618226,28.673220651942458,40.55687528618226,28.673220651942458,28.673220651942458
ccedb12b,4401,3022477.66,1083457.02,0.45557827766416725,0.7879377431906615,self_multiscale,type_multiscale,1,0.2141839753568259,0.0,0.5336259881179389,0.6037221304555048,1.194203771447661,0.6037221304555048,1,11.973963631772618,10.619789181884387,8.892319471350014,15.05187571320606,8.892319471350014,15.05187571320606,8.892319471350014
cd7f1687,4232,2989262.48,1090260.67,0.7001417769376181,0.8434959349593496,self_multiscale,self_multiscale,1,0.3641997139548511,0.0,0.30573328228930335,0.35306389935097365,0.32968974566877435,0.37465895052418785,1,6.448668986890805,25.412392393192007,27.845233765911676,12.659186947734455,21.781541304230682,12.659186947734455,12.659186947734455
cda7eb37,5973,2923330.74,1016997.86,0.1736145990289637,0.8157894736842105,self_multiscale,self_multiscale,1,0.8201266293832413,0.0,0.7490538757828674,1.0264582038523073,1.258262034408509,1.1038318219087544,3,17.20269593244613,23.405263054290852,37.866413329576815,10.175200553060142,18.091158369958418,10.175200553060142,10.175200553060142
cdc31d65,4840,3008301.7,1090558.13,0.4493801652892562,0.5197934595524957,type_multiscale,hybrid_multiscale,1,0.18955478389649705,0.0,0.5004989744726599,0.5489972307926111,2.004552077749844,0.568412857275289,1,5.91722264491789,37.587120531231776,10.83113180501873,15.7909739511675,6.991835591460688,10.83113180501873,6.991835591460688
cdc60a53,5878,2907027.07,1035697.97,0.5529091527730521,0.558091286307054,self_multiscale,self_multiscale,1,0.056973705136783376,0.0,0.5169296866669675,0.47405800178406604,0.5328522367982449,0.5470501841633322,3,7.6254758775812155,20.17142072673677,26.06825865004877,8.32725504945821,33.54653195520745,8.32725504945821,8.32725504945821
ce55ba43,4104,2990794.52,1102908.2,0.6410818713450293,0.7469135802469136,type_multiscale,type_multiscale,-1,-0.5017933622426265,0.28606237816764135,0.2148207274815438,0.35219605163696904,0.36485931915290026,0.36881363965443675,4,5.982455955002248,33.669946343785305,26.202593640688175,27.856234008712597,28.022933003574327,26.202593640688175,26.202593640688175
ce8399b7,1615,2937871.49,1062196.45,0.037151702786377694,0.872072072072072,self_multiscale,self_multiscale,-1,0.8743565946319071,0.0,0.3839381887022907,1.2727496566274499,1.1710585182369944,1.2580383379603925,0,7.850406095952217,23.671482290047738,26.978578685019162,8.439107996529618,26.854737089545303,8.439107996529618,8.439107996529618
cf50c9d1,4858,2934445.9,1055653.04,0.16117743927542194,0.609704641350211,self_multiscale,type_multiscale,1,0.29903496279279407,0.47324001646768216,0.5065746356826335,0.7972495142805103,1.067422230207897,0.8887400002498984,0,18.830707515478505,18.314088962561378,15.797963538890688,29.958464499413363,24.655145781846237,29.958464499413363,15.797963538890688
d00e7eb9,5704,2890771.59,1033602.09,0.486851332398317,0.9455445544554455,type_raw,self_multiscale,1,-0.07268740500275453,0.13359046283309958,0.42600841817405255,0.5498257978559166,0.6658801350703454,0.5500165405116446,3,17.723112613095807,22.361491410213564,32.336284543667844,7.003029752813798,32.336284543667844,22.361491410213564,7.003029752813798
d011f41b,2267,2972669.7,1095266.25,0.04499338332598146,0.7957559681697612,self_multiscale,type_multiscale,1,-0.47508576231914523,0.0,0.6447369118231389,0.8997247857432208,1.2213433683709582,0.9589765654527056,2,8.88184804478086,20.894358999483746,10.489168843852449,11.053319886028095,22.50562218734894,11.053319886028095,10.489168843852449
d07aed8f,2957,3022771.93,1093511.49,0.3304024349002367,0.5761467889908257,type_multiscale,self_multiscale,1,0.9169371859892818,0.0,0.6813522212165154,0.6096030749682549,0.5349853887672413,0.6357272875669508,1,12.894701881633285,12.931346155445297,6.643606222891102,4.781546243372795,4.787806364813402,6.643606222891102,4.781546243372795
d085e611,6191,2994860.75,1121040.97,0.48118236149248905,0.8581907090464548,type_raw,type_multiscale,-1,0.3954751882334166,0.26490066225165565,0.5400972120054794,0.5444153414231642,0.7367651143901262,0.744458912931517,4,6.668801141706056,22.813269899165494,10.529891443427665,13.372171662815548,37.46483433836705,22.813269899165494,10.529891443427665
d0a0e7b5,3816,2990725.79,1116235.17,0.13915094339622647,0.8126888217522659,type_multiscale,hybrid_multiscale,-1,0.28806974946083724,0.0,0.699138671745523,0.6708949132198033,0.9266576329442155,0.8094559061886735,4,3.4804863324276814,32.44909044895352,9.93605922139933,6.297009231536464,5.4452546320981305,9.93605922139933,5.4452546320981305
d0a43760,4041,2942392.88,1059018.44,0.012620638455827726,0.7811634349030471,self_multiscale,self_multiscale,1,0.9685339043974734,0.0,0.44175514065016996,0.9584687533128102,0.9525352170201201,0.9635539953124768,0,22.915917719417784,19.23230247398557,26.643767569721042,4.563575856482793,26.69116245741975,4.563575856482793,4.563575856482793
d0cb63ae,5223,3007481.18,1136924.31,0.3635841470419299,0.8941441441441441,type_raw,self_multiscale,-1,-0.6901074268939815,0.20907524411257897,0.489096663786225,0.8372801512017419,0.8277805100853554,0.9344904429516621,4,12.47021515509417,32.62298431548067,24.991044219353036,17.809776988643538,26.900303470135366,32.62298431548067,17.809776988643538
d114d9c2,6206,2884195.87,1021762.16,0.46664518208185624,0.7530864197530864,self_multiscale,self_multiscale,1,0.8621958474464102,0.0,0.4167777946044449,0.42451425879274,0.5478415194331129,0.4521258236964309,3,15.491577372335222,13.502521740818096,9.967424248465107,7.851892909914835,15.616685257356345,7.851892909914835,7.851892909914835
d1457cc5,6920,2869607.39,1025771.16,0.2878612716763006,0.8581818181818182,self_multiscale,self_multiscale,1,0.1600611521609919,0.0,0.5606704502247998,0.8100794261085282,0.8874851690604851,1.1320363566546994,3,7.506461525532941,23.46811286674847,21.232609003847355,8.058481601551447,10.257037094880022,8.058481601551447,8.058481601551447
d1ecf309,6168,3004922.78,1123702.5,0.5358300907911803,0.9053254437869822,self_multiscale,self_multiscale,1,-0.3489945389906254,0.0,0.49697609796768005,0.5158549751036317,0.5709095299720794,0.5551802253434572,4,10.568938762955527,10.751877277794549,18.38675742984748,10.095127814613697,18.320109471312144,10.095127814613697,10.095127814613697
d1ee630d,6290,2994891.08,1113613.29,0.4271860095389507,0.7536231884057971,type_multiscale,type_raw,-1,0.8194804770384968,0.20969793322734498,0.34536087988066794,0.49336958324572994,0.6035188189176863,0.5921248603832401,4,10.803768063557081,16.892614537477552,25.05911453487268,64.03766281239335,24.860249695298048,25.05911453487268,16.892614537477552
d217e0c5,3838,2993047.62,1094414.93,0.13210005211047415,0.8313253012048193,self_multiscale,self_multiscale,1,0.17765806496621767,0.0,0.6831547282749566,0.9269222780622406,0.8360832977461472,0.9285064010705515,1,2.755410447184864,17.232124083144225,11.413830842321541,7.8501802005981585,8.185753679825662,7.8501802005981585,7.8501802005981585
d24ff243,5641,2900476.35,1024830.28,0.26360574366247125,0.7800511508951407,type_raw,type_multiscale,1,0.9202818258009857,0.0203864563020741,0.5532674544166327,0.6983874144233357,0.9634391762178995,0.7061135364781349,3,13.999608757990416,13.893127578753264,6.472219179947361,19.979879955379698,8.214287395036703,13.893127578753264,6.472219179947361
d273674e,3899,3013272.31,1101186.53,0.20671967171069505,0.83125,type_multiscale,self_multiscale,-1,0.6159450077985102,0.6583739420364196,0.6130192023034305,1.0727518863191579,1.2250928680362663,1.1594518354702552,1,8.510122631014568,26.70475984077331,48.700527312368024,3.378663214832343,3.378663214832343,48.700527312368024,3.378663214832343
d2f3b1ab,5581,2906917.93,1031334.39,0.238846084931016,0.7047872340425532,type_raw,type_multiscale,1,-0.5410942037633693,0.23472495968464432,0.5712629156671243,0.7800628199169638,1.0631311906194627,0.7800628199169638,3,11.402741788987257,24.5374556723512,18.30769592211716,23.63263692905965,18.30769592211716,24.5374556723512,18.30769592211716
d3df146b,5787,3027331.38,1120799.54,0.29428028339381374,0.8252688172043011,type_multiscale,self_multiscale,-1,0.2994141807576444,0.3314325211681355,0.4938004927880498,0.6026652016459396,0.8076692412372825,0.726531107025846,4,11.5595264679433,34.333891311958794,30.731796673264956,16.56606407588324,29.890597673390786,30.731796673264956,16.56606407588324
d40f61d5,4039,2910058.52,1038925.01,0.1542461005199307,0.814968814968815,hybrid_multiscale,type_multiscale,1,0.2534228070482206,0.0,0.590284062417014,0.8415497005417015,1.0704745381597205,0.9632604568720551,3,4.081178798571104,19.82775072746823,7.145877289957349,7.452634952789374,15.370395784620548,15.370395784620548,7.145877289957349
d41beaf2,4753,2934621.59,1055966.45,0.28529349884283606,0.6946236559139785,self_multiscale,hybrid_multiscale,1,-0.11906229891152594,0.0,0.6718357851324804,0.7694035732512607,0.7416262827456805,0.7725393199186779,0,10.065239478502116,25.121189433055438,10.026508642208594,16.52318965072887,7.913744226038175,16.52318965072887,7.913744226038175
d463e527,4767,3024652.02,1110119.69,0.05747849800713234,0.9030206677265501,self_multiscale,self_multiscale,1,0.46342452790370153,0.0,0.6863076614170464,1.1226392639005596,1.0891166564527064,1.1218557642582836,4,10.143614971123469,32.77208179127363,14.0622354278591,8.155157845491656,14.046685978630657,8.155157845491656,8.155157845491656
d4f60a28,4501,3021710.04,1086378.97,0.3732503888024883,0.6301775147928994,hybrid_multiscale,self_multiscale,-1,0.7528452660293183,0.0,0.40807500256833573,0.632246550127904,1.1424308649618498,0.6706617490404639,1,11.968514954312894,36.89329232674886,12.208987107261986,6.458448861561217,10.075026915129728,10.075026915129728,6.458448861561217
d50c649a,4873,3005670.47,1105653.77,0.3318284424379232,0.8136482939632546,self_multiscale,type_raw,1,0.8411119155834642,0.0,0.7049970992188732,0.6508850434528411,0.6491059846711567,0.6582023279393493,4,8.629643735657831,10.455515437206488,24.065261082110453,12.168916259994111,12.190507540795794,12.168916259994111,10.455515437206488
d543916f,4799,2992181.48,1119017.99,0.5219837466138779,0.7821229050279329,type_raw,type_raw,1,0.555722178560709,0.08626797249426964,0.508271660253854,0.5701538616616708,0.862839708234046,0.5702355097809243,4,13.253409598594006,15.008491635440048,21.579847894095856,19.601538136379627,21.579847894095856,15.008491635440048,15.008491635440048
d5df0ff5,4032,3017295.3,1115833.17,0.035218253968253954,0.7676056338028169,self_multiscale,hybrid_multiscale,1,0.3759039276238587,0.0,0.7813531509772893,0.9407503782513625,0.9104201216964898,0.9504952737626362,4,6.3556624157083075,25.041787928555216,9.837100761346779,10.547198990614364,8.836375531839103,10.547198990614364,8.836375531839103
d60430e6,2511,2993526.96,1115422.9,0.405416168857029,0.9512195121951219,hybrid_multiscale,hybrid_multiscale,-1,0.8714108885738593,0.0,0.4043294741731493,0.6658470695911634,0.718120546670669,0.7060511053407398,4,5.256567956104321,24.48245799144913,12.945782038971663,12.709517086493959,10.614906215814036,10.614906215814036,10.614906215814036
d63196fe,4510,2925702.38,1020216.55,0.1807095343680709,0.7958115183246073,self_multiscale,hybrid_multiscale,1,0.8140802432533747,0.025942350332594236,0.6589662679533198,0.6598679391827397,0.7335852288761582,0.6894350392241466,3,25.867007699084045,16.145747300011493,9.956536911633993,20.480392423874946,5.992904618377314,20.480392423874946,5.992904618377314
d6c320d9,5452,2908005.48,1032266.79,0.036867204695524625,0.7203166226912929,type_raw,hybrid_multiscale,1,0.34070403807468064,0.10858400586940573,0.7282493201363893,0.8621929874506459,0.9318204692504993,0.8617561187670689,3,10.679839528053467,12.592328014903394,4.824314179246002,9.164250414335164,4.776722411786872,12.592328014903394,4.776722411786872
d6dd7330,6193,3007224.8,1098521.68,0.06830292265461002,0.7279596977329975,self_multiscale,self_multiscale,1,-0.32065959034803143,0.0,0.6393017305360166,1.0148073748584283,1.1408337362291248,1.0990251419716426,1,11.529850625650088,23.898556207982505,47.96213271614498,8.975190231408586,53.45077593500649,8.975190231408586,8.975190231408586
d7ba4f9d,6023,3006124.18,1071572.06,0.3270795284741823,0.7305825242718447,self_multiscale,self_multiscale,-1,0.9055070575805774,0.028059106757429852,0.7076226999681184,0.7257403811931303,0.6649264459466965,0.6943077245694236,1,25.924895893922457,22.27913593904111,9.935497122517647,8.74339467768611,9.76697725647712,8.74339467768611,8.74339467768611
d7eb0be8,5401,3035751.46,1089692.39,0.04813923347528237,0.7409523809523809,type_multiscale,type_raw,-1,0.4678743189918911,0.9722273653027217,0.505782810062519,1.3399101719928075,2.561688163331931,1.468475035678848,1,27.31019055817507,36.99965725657805,82.94463117842952,64.94089379227503,71.26586989315078,82.94463117842952,36.99965725657805
d84b621b,3994,2903748.57,1028650.92,0.32073109664496746,0.84,type_raw,type_multiscale,-1,0.7671729153984855,0.022533800701051578,0.42818505065214335,0.5046662406047031,0.49141026718303976,0.5398537616439747,3,7.612328574978119,14.407144427881995,10.589974229490592,16.50654130060438,17.70916117251622,14.407144427881995,10.589974229490592
d90aa14c,10018,2889500.69,1034914.94,0.3864044719504891,0.9399538106235565,type_raw,self_multiscale,-1,0.38098228148035224,0.12287881812737073,0.6262095459053141,0.6673191099252203,0.735007656916749,0.7529748404819361,3,7.203829143990818,21.69278483188305,10.545511352824688,9.152893050560122,10.17700456865469,21.69278483188305,9.152893050560122
d924e971,3184,3006751.16,1106791.51,0.06469849246231152,0.671957671957672,self_multiscale,self_multiscale,1,-0.2557477550862933,0.4805276381909548,0.6412569410591628,1.0352653162576892,1.4939725646395285,1.261738538175707,4,26.044063672118007,46.93989431427102,50.446061358909844,37.215203451458194,50.19077966029519,37.215203451458194,37.215203451458194
d9ae59b2,3648,3011230.74,1122530.76,0.4314692982456141,0.8733509234828496,type_raw,self_multiscale,1,-0.40733374314950227,0.17324561403508773,0.7149363813250941,0.7532991146732685,1.3050264505308449,1.026904891946142,4,9.092697507315297,29.87883712649795,16.13515711399182,4.4048138445890315,68.25490519713861,29.87883712649795,4.4048138445890315
d9d6d94d,4919,3021314.38,1082540.5,0.16243138849359628,0.7021276595744681,self_multiscale,self_multiscale,1,-0.26101294848720097,0.0,0.6894156157975233,0.8399817670322458,1.0086503173320764,0.9981156983994399,1,9.094211843306828,14.940408995044912,31.446077382084944,12.856883565280606,28.867805165551527,12.856883565280606,12.856883565280606
d9eca87b,6373,2886379.19,1023292.65,0.5873215126314137,0.8371559633027523,self_multiscale,type_raw,1,0.7513887410612926,0.17715361682096345,0.404870799602797,0.44741558968271683,0.44467989628738613,0.43500863177118804,3,31.073136771035937,12.759948214639891,19.588754024848892,24.064057598740124,19.42146020128824,24.064057598740124,12.759948214639891
da2d4d7c,2114,2999828.18,1088630.3,0.32024597918637654,0.7816901408450704,self_multiscale,self_multiscale,-1,0.3069904209981694,0.0,0.3910949852602816,0.5235755564683292,0.4421417432597996,0.5167360686271747,1,12.781231933607577,23.3684838797112,16.691683046456497,5.823884616353449,16.4072926954777,5.823884616353449,5.823884616353449
da3bfe4e,5549,2889809.59,1023874.08,0.5846098396107406,0.8171091445427728,type_multiscale,type_multiscale,1,-0.2908037193092139,0.10884844116056948,0.37798272909698066,0.6069948973949357,0.4621151932132728,0.543191868436647,3,17.222223023218987,35.51016309004445,20.018719097156517,26.752935219084666,26.60387786377231,20.018719097156517,20.018719097156517
da3cf798,5844,2934819.81,1065412.63,0.5174537987679672,0.87527352297593,self_multiscale,hybrid_multiscale,1,0.8006349908951013,0.0,0.30484962990982417,0.3572204283634739,0.617645799435356,0.44893186195305396,0,14.750857556072315,8.820586958644215,18.07712805007137,20.239066965630943,7.570460579879812,20.239066965630943,7.570460579879812
da940160,5132,3007038.64,1117511.24,0.37587685113016367,0.8237547892720306,type_raw,type_multiscale,-1,0.5916357251089973,0.37918939984411537,0.5221407958243701,0.8272328102741809,0.8160026036358798,0.8387728843664595,4,7.546013684647366,36.583530902325165,28.068186430152444,41.804205716512264,41.86981434998576,36.583530902325165,28.068186430152444
dafc88c3,5572,2899313.31,1023541.96,0.0497128499641063,0.7253731343283583,type_raw,type_multiscale,1,0.9036861730818613,0.038765254845656856,0.7611635751073236,1.0147941465025068,1.0933460142514786,1.0165346822527273,3,24.309538666154715,16.501709335201753,8.684202327479884,10.501873982430943,8.687816617170304,16.501709335201753,8.684202327479884
dbee6c86,7369,3009323.6,1075641.36,0.050617451485954645,0.8323586744639376,self_multiscale,type_multiscale,1,0.6780287799868733,0.008006513773917763,0.8077433382820914,0.9243001555445253,1.1342828946572996,0.9243001555445253,1,5.455051139765117,19.775455965007776,12.785779539019364,18.20146125089419,12.785779539019364,18.20146125089419,12.785779539019364
dc5fbe29,5203,2922911.5,1022456.42,0.36863348068422064,0.8208955223880597,type_raw,self_multiscale,1,0.40777701123730964,0.10647703248126081,0.349485611472679,0.6676174599488208,0.8801853660333144,0.6667821494948237,3,7.408463150552131,16.666993176377538,23.588255082148013,7.087265746945422,23.74745531751282,16.666993176377538,7.087265746945422
dc7da28f,4774,2891909.83,1026444.23,0.06116464180980308,0.8667992047713717,type_multiscale,type_raw,1,0.8974969043970231,0.0,0.6960555892604673,0.9935293957602391,1.3784107900801996,0.9937436640365714,3,22.80058968385633,7.8495745283739256,13.244054637555669,28.502294050491418,13.244054637555669,13.244054637555669,7.8495745283739256
dc7f9757,4360,3003792.51,1124236.26,0.5995412844036697,0.9204301075268817,type_raw,type_raw,-1,0.8813226872325991,0.0,0.37933132437346856,0.5130240002075525,0.470075777057637,0.5332427486201123,4,5.758102793255071,8.488888456374735,15.746159126109918,13.294174024909694,14.588751406194671,8.488888456374735,8.488888456374735
dd168de0,3304,2926061.1,1060813.16,0.0847457627118644,0.8390022675736961,type_multiscale,type_raw,-1,-0.04957235309952061,0.07203389830508475,0.4878635570213201,0.7943532935813775,0.8906149170977177,0.9817795598691056,0,5.747734547545122,23.18425724159617,24.257898638753655,25.504359094255317,33.71087596717988,24.257898638753655,23.18425724159617
dd64382d,3124,2953059.95,1084362.87,0.6264404609475032,0.8525252525252526,type_multiscale,type_multiscale,-1,-0.6874821219632333,0.016645326504481434,0.3508692908489284,0.359540982619814,0.3966811460019076,0.40276922068587767,2,3.0738994935556043,25.536513311680995,8.780646857534773,17.00710192710354,13.093821052760156,8.780646857534773,8.780646857534773
dd6bc5b2,3602,2975336.8,1095162.06,0.11910049972237646,0.8640625,self_multiscale,self_multiscale,1,0.03524791490925762,0.0,0.599464876174237,1.0048548211916775,1.12037601022646,1.073985600590093,2,6.080013720006634,20.018308246382674,19.61499236446662,7.77246909411613,8.288818413290631,7.77246909411613,7.77246909411613
dd7d638e,4301,2912967.69,1042953.19,0.3717740060451058,0.8212765957446808,self_multiscale,self_multiscale,1,-0.6050708894187071,0.0,0.46367643668283753,0.5164441339277581,0.5902223804153853,0.5351322307031429,3,2.402338756474081,26.822326056395067,33.194718298972816,6.433853840297891,33.45003021335155,6.433853840297891,6.433853840297891
ddc790ff,4726,3010441.49,1117799.95,0.4134574693186627,0.7890070921985816,type_raw,self_multiscale,-1,0.6705128116595321,0.09183241641980533,0.547840706139718,0.6271321968080533,0.6385694665049992,0.8631555174819874,4,2.6256574674795443,19.339785993671224,19.04595554382183,18.50127836452013,18.91997057960111,19.339785993671224,18.50127836452013
df71d1ff,6228,2885181.87,1019972.66,0.5716120745022479,0.7947494033412887,type_raw,type_multiscale,-1,0.6296054419795517,0.04431599229287091,0.501687903623064,0.48915543172179,0.49924560096730464,0.47116842336634857,3,32.220232347023185,14.967750614630928,11.070181556216038,14.184633886268536,29.473089818656028,14.967750614630928,11.070181556216038
df73b8f3,5311,3002695.98,1070536.2,0.6558086989267558,0.7963340122199593,type_raw,self_multiscale,1,-0.730547482404247,0.17887403502165317,0.3008179185675649,0.39108275816000104,0.40437890442061325,0.4041810426917828,1,17.639014088000444,23.837845164332712,25.83384335212829,19.429660479898917,25.851677537456897,23.837845164332712,19.429660479898917
df8290be,3972,2909439.98,1040391.4,0.6382175226586102,0.823394495412844,type_multiscale,self_multiscale,-1,-0.8437222681822838,0.3418932527693857,0.28721590826570265,0.477103358697787,0.5085668084190677,0.5062725281172316,3,11.840120758196944,34.47570762601119,24.51585005106059,14.182337227148937,25.527708745529477,24.51585005106059,14.182337227148937
e0079ed1,3471,2956936.15,1084295.65,0.3197925669835783,0.7562814070351759,type_multiscale,self_multiscale,1,-0.22958248117142283,0.07058484586574475,0.5515475640881828,0.7212270163116451,0.9453213010342599,0.7212270163116451,2,7.250735962200023,30.40404294400361,15.42329684210496,8.216010514923468,15.42329684210496,15.42329684210496,8.216010514923468
e03b45fd,5342,2948879.4,1015956.88,0.44646199925121677,0.7918367346938775,self_multiscale,type_multiscale,1,0.18273920646945674,0.09659303631598652,0.39157267030894666,0.5943797806212239,0.9025841040562775,0.5926047314167129,3,9.510732702076472,25.898561123189655,15.913909601177789,16.639296742016768,15.913909601177789,16.639296742016768,15.913909601177789
e0f36d98,4976,2988674.58,1100063.89,0.4935691318327974,0.7224669603524229,type_raw,self_multiscale,1,-0.1621879988102797,0.37962218649517687,0.40034170692776316,0.4270596707433534,0.6874317502741503,0.4300727254364575,1,7.861989356434105,31.83824729371149,19.00848392146938,9.204812825906266,19.10048981028392,31.83824729371149,9.204812825906266
e149204f,6097,2886102.61,1020694.62,0.5999671969821223,0.7626112759643917,type_raw,type_multiscale,-1,0.7038810848952323,0.12940790552730852,0.4190570407099548,0.4005111507649651,0.42171190221172367,0.4078677771158334,3,5.621766154978968,18.517007637464065,10.761752214852223,25.194479303246816,15.81285864513924,18.517007637464065,10.761752214852223
e14d641e,3184,2909940.91,1040905.96,0.6557788944723618,0.8397435897435898,self_multiscale,self_multiscale,-1,0.7374434827491225,0.0,0.25146008549838494,0.29062602196214965,0.2277097229223794,0.2826902552012391,3,5.464766174687516,27.447815081530024,17.23322106506799,8.50314884772898,12.638246873883611,8.50314884772898,8.50314884772898
e161bd0c,2949,3003986.26,1088932.16,0.5395049169209902,0.783303730017762,type_raw,self_multiscale,1,0.8685138159457682,0.00339097999321804,0.3035025697371101,0.6350675152791215,0.8272551976719857,0.7895607475523279,1,4.952517123885906,14.769424834284095,20.668502806782733,6.787839604551614,6.816178254363243,14.769424834284095,6.787839604551614
e201fd6d,5070,3024822.84,1094752.96,0.27593688362919133,0.8508403361344538,self_multiscale,type_multiscale,1,-0.2037610700315184,0.22978303747534518,0.5690349137606165,0.7192427890074807,1.0686416339942428,0.917114592055683,1,11.015708194058739,29.46760083606291,15.618947958343451,20.672963735408572,25.229059729844572,20.672963735408572,15.618947958343451
e25f1537,3177,2941428.78,1074676.23,0.24394082467736855,0.8820960698689956,self_multiscale,hybrid_multiscale,1,-0.896321144685907,0.0,0.5412146760154075,0.7842798562835468,0.8404314890142874,0.9479918723894489,0,8.841439440821176,16.729832690126177,13.437961458210378,13.275117924214241,4.121559910294842,13.275117924214241,4.121559910294842
e2fc7745,3692,3014255.07,1115378.84,0.06256771397616467,0.7872763419483101,type_raw,hybrid_multiscale,-1,0.7609555169265875,0.18066088840736727,0.7109571841331032,1.1948943437112314,1.3564119011786957,1.2733175568594703,4,5.529210026788077,26.49407145912166,40.335078936271394,20.866218276629247,20.791643905277493,26.49407145912166,20.791643905277493
e32da4ec,4689,3011231.18,1116815.7,0.34250373213904883,0.7017543859649122,self_multiscale,self_multiscale,1,0.325162551217402,0.0,0.5900058510803083,0.7636416267763286,0.8396195194135151,0.7512166873929966,4,6.2797138245970805,39.078748653607754,23.232411079068292,9.720034629186264,30.362029226771664,9.720034629186264,9.720034629186264
e3b34f5b,5455,2950600.14,1078415.72,0.2729605866177819,0.7772397094430993,type_raw,self_multiscale,1,-0.7198336541260679,0.38111824014665446,0.6475254211440776,0.6720141837027432,0.8203842484214522,0.6694237670926783,2,9.066648178884765,30.91001834455114,20.602737182998496,10.971465296050322,20.56231754013742,30.91001834455114,10.971465296050322
e45a2a62,5007,2905115.23,1032031.83,0.6425004993009786,0.7980535279805353,self_multiscale,self_multiscale,1,0.19637175600143775,0.04054323946474935,0.35865612940302355,0.5114794678406295,0.47480797418524157,0.5141551743644243,3,20.501751267646394,38.67455152022581,37.71967778323549,16.119378117927816,28.70839003980989,16.119378117927816,16.119378117927816
e46f4ef4,7195,3017123.28,1094195.7,0.3879082696316887,0.8091106290672451,type_multiscale,type_multiscale,1,0.8952435139660807,0.0,0.5708167734927901,0.6087119570357717,1.0333468364918987,0.608751412671789,1,16.22297174328596,18.025031811726606,9.796202297725106,20.169072768590258,9.796202297725106,9.796202297725106,9.796202297725106
e4726608,4733,3011391.21,1116558.03,0.35453200929642936,0.7039800995024875,self_multiscale,self_multiscale,1,0.42686508415537117,0.0,0.6234493902909416,0.6497032875874013,0.6762501817478841,0.6653933293688853,4,4.002935731504965,21.292618636229765,20.593752324387815,7.855122803454066,12.190096378403501,7.855122803454066,7.855122803454066
e5864244,4469,3021422.33,1086671.9,0.36294473036473485,0.814317673378076,type_raw,self_multiscale,1,-0.2487777894226821,0.45916312374132917,0.7980012172665223,0.9039029065488416,0.8056123292210626,0.9036729887910511,1,6.761969328979785,45.66384684473758,33.68051939686636,26.449904002658265,33.68051939686636,45.66384684473758,26.449904002658265
e5c92e59,4295,3020859.36,1105772.34,0.38556461001164144,0.8333333333333334,self_multiscale,self_multiscale,1,0.6218627836084956,0.0,0.5021392289644352,0.9673726101701794,1.5947209769914847,0.9673726101701794,4,11.244751443164395,25.938967377121852,27.899622676148702,7.150562468005312,27.899622676148702,7.150562468005312,7.150562468005312
e5ff9fd2,2354,2979157.04,1057996.2,0.5951571792693289,0.8992094861660079,type_raw,self_multiscale,-1,-0.1594459306336106,0.356839422259983,0.3400136416754578,0.2888581603011682,0.32671241328210743,0.36376090588492566,2,5.963661024912052,33.2396209391649,18.555224523892786,12.853148403183523,18.536888808043674,33.2396209391649,12.853148403183523
e6c55748,4472,2907206.5,1033649.91,0.13416815742397137,0.799492385786802,type_raw,type_multiscale,1,0.7058301530388188,0.0,0.6048186268210671,0.8240034649501088,0.6847853266914727,0.7637892605701984,3,10.603659074464918,15.737019091277864,6.719261869880377,9.88624176016502,6.895625361626516,15.737019091277864,6.719261869880377
e730c32b,4728,3009872.84,1111853.84,0.6298646362098139,0.8412408759124088,self_multiscale,self_multiscale,1,0.7891588786382278,0.0,0.20052425717742556,0.41575128188399074,0.4240004550069698,0.4562012932496319,4,13.366884261271608,26.578959210827847,38.297113280752086,5.331462247794799,37.89079905441746,5.331462247794799,5.331462247794799
e737965a,5955,2899353.8,1026289.58,0.6228379513014274,0.8103448275862069,self_multiscale,self_multiscale,1,-0.3897071881207654,0.0,0.4045335896040483,0.5595650747634932,0.5700115943334838,0.6684437644495936,3,12.363049914868265,27.3329734226063,15.29453075610829,10.998361698470354,14.763013613946825,10.998361698470354,10.998361698470354
e748dd88,4812,3010428.35,1104024.8,0.034289276807979996,0.7948717948717948,self_multiscale,self_multiscale,1,0.9688750142963009,0.0,0.7205767635496603,0.9371032073768729,0.9384964884861186,0.9370152312382747,1,6.355236539094729,18.342363837270728,23.0848024680205,5.047097822075864,23.0848024680205,5.047097822075864,5.047097822075864
e7818f7a,5371,3011300.81,1123652.44,0.2850493390430088,0.8511749347258486,type_raw,self_multiscale,-1,0.665262987053923,0.05511078011543474,0.5356294662206539,0.5599803163752345,0.6903489645266413,0.5906258576517528,4,13.633099411873042,18.02922621560194,10.939614555230657,4.4733247286243785,10.665995990578914,18.02922621560194,4.4733247286243785
e7c36e81,3531,2917460.86,1046644.41,0.6374964599263664,0.8446428571428571,type_raw,hybrid_multiscale,-1,0.8447348459551587,0.1880487114131974,0.2757347438255485,0.35993270575898023,0.5415572146209129,0.48217517988295056,0,11.830721925563328,20.326499553140813,26.66042162288838,38.85235213741938,10.890480728137916,20.326499553140813,10.890480728137916
e7d0c1de,4711,3006627.16,1115566.58,0.03672256421142006,0.7690763052208835,type_raw,self_multiscale,1,-0.7504816153074743,0.212481426448737,0.7763236371956721,0.8724624407040049,1.3681578683389195,0.8721492891552218,4,6.983763834478576,26.657377794780345,32.76408121417987,4.069136619671013,32.76408121417987,26.657377794780345,4.069136619671013
e85074c5,5675,2918809.66,1044982.25,0.44370044052863433,0.783641160949868,hybrid_multiscale,self_multiscale,1,0.905323106210822,0.0012334801762114538,0.3974429413909605,0.5358220786963637,0.5055546992510381,0.5305479750085872,0,14.05899064844682,14.565108900600144,12.759791310626719,8.060264997119566,9.013886268219123,9.013886268219123,8.060264997119566
e97032ad,3530,2917460.86,1046644.41,0.5464589235127479,0.8460176991150442,self_multiscale,type_multiscale,-1,0.13367938898740583,0.9815864022662889,0.4492481770735191,0.4592248011866045,0.6266390061028676,0.5701050537279647,0,3.7381310336816345,37.55862202307166,34.394451754627895,46.397559143819855,46.41630709954443,46.397559143819855,34.394451754627895
e9949a23,4559,2921639.2,1015423.45,0.4093002851502523,0.8455743879472694,self_multiscale,self_multiscale,1,0.1554197220307332,0.0,0.3156613588713285,0.5372257761603734,1.2195680745065651,0.6122766229014718,3,13.305009593894125,23.813245674973917,20.403106796918077,12.76888624482639,32.57344026106079,12.76888624482639,12.76888624482639
ea0b99b7,9239,2991900.27,1071164.19,0.5112025110942743,0.7396061269146609,type_raw,hybrid_multiscale,-1,0.057885811783340915,0.07782227513800195,0.5522504228907386,0.7069871299204489,0.7111156236170818,0.7381904510730444,2,6.749080199453207,20.439634907160315,6.910363074875698,12.360690915172393,6.324857059254573,20.439634907160315,6.324857059254573
ea3a0e38,10052,2958130.48,1079509.07,0.5691404695582969,0.8126361655773421,type_multiscale,type_multiscale,-1,0.30977881054059886,0.0,0.3403706118710499,0.42421956364195595,0.5114484788999107,0.4709114497773101,2,11.441874262391837,19.728946414382367,11.64121046362863,17.494596730511763,17.297863161565047,11.64121046362863,11.64121046362863
ea41324e,5025,3003845.67,1115644.13,0.3434825870646766,0.7777777777777778,type_raw,self_multiscale,1,-0.2664495332136547,0.056517412935323384,0.6079761870085655,1.0395516857204554,1.1467182737266954,1.0403443243991297,4,8.040747866504004,14.584441251106002,30.45220138829088,5.214927697060791,30.449826217184008,14.584441251106002,5.214927697060791
eabc711b,5348,2999742.62,1096616.42,0.43324607329842935,0.827027027027027,type_raw,type_multiscale,-1,0.7834450030375097,0.060209424083769635,0.49142982191738677,0.7066582801154366,0.7005257698499029,0.7521785028329594,1,14.591614762335192,13.82493413408692,11.104001317960106,12.553188294960526,15.237003370207216,13.82493413408692,11.104001317960106
eac10e86,6067,2890081.29,1024855.37,0.26850173067413874,0.7582417582417582,self_multiscale,self_multiscale,1,0.8451153801376317,0.0,0.6663676322639431,0.828294863705818,0.853089244832221,0.8334746509831957,3,6.325335853201958,16.754928025135765,7.12144300872554,7.066692447392484,7.120855516997675,7.066692447392484,7.066692447392484
eafb863e,3568,2916191.98,1040331.25,0.33548206278026904,0.6417910447761194,self_multiscale,type_raw,1,-0.3605406500627263,0.027466367713004484,0.5268330514355237,0.5437197906637122,0.5816123676073558,0.6567211768964075,3,7.20514102476649,13.038097751944727,40.8685944760752,13.13710390744915,18.566690730458642,13.13710390744915,13.038097751944727
eb06a4e7,4535,3006067.75,1111878.21,0.033958103638368264,0.8361266294227188,self_multiscale,self_multiscale,1,-0.10698414004444783,0.0,0.6975798916293606,1.1054559538466755,1.426504166902941,1.1053467667206023,4,8.11204458905278,16.809118166612567,17.815792176971797,9.712640246156928,17.815792176971797,9.712640246156928,9.712640246156928
eb640a35,6037,2992902.93,1120367.6,0.5042239522941858,0.8093126385809313,type_raw,self_multiscale,-1,0.6253504364203616,0.14593341063442106,0.5259986533777216,0.6045915497677121,0.8125813156859489,0.6035738393225553,4,13.013358099063622,25.242369068496018,41.98265699139314,17.917011595746583,41.98265699139314,25.242369068496018,17.917011595746583
eb934281,5971,2986990.0,1066059.19,0.17300284709428904,0.7086206896551724,self_multiscale,type_raw,1,0.8126819826934288,1.0,0.8387856124894085,1.2665885727761532,3.0711113303348827,1.2665885727761532,2,2.349658316134881,19.967513420024783,23.157792598760814,44.967154739237195,23.157792598760814,44.967154739237195,19.967513420024783
eba6605e,4410,2903319.57,1017998.36,0.22630385487528348,0.8726415094339622,type_raw,self_multiscale,1,-0.0881818314941668,0.61859410430839,0.4854192659920037,0.7239996867281769,0.868617930223695,0.7219759483316456,3,11.434990441949441,31.48026136343527,44.288220975652166,16.017237149261902,44.288220975652166,31.48026136343527,16.017237149261902
ebe69318,4976,2901265.08,1025502.62,0.235128617363344,0.8143382352941176,type_multiscale,type_multiscale,1,0.7502383885846076,0.0,0.5736040412982293,0.6693391104950321,0.7012826914954152,0.6736550114279345,3,5.9877993389182524,8.446870567698928,5.9563309188182085,6.603513585968115,6.692449148323409,5.9563309188182085,5.9563309188182085
ec0d597b,4616,2893180.09,1027641.42,0.06737435008665515,0.8508064516129032,hybrid_multiscale,type_raw,1,0.8784243447610115,0.1035528596187175,0.7190846132181116,1.2156676704646219,1.0093077512399522,1.1754203460295871,3,18.54644700483658,13.240808131618566,27.740801853947794,17.097760071378037,15.664019113210632,15.664019113210632,13.240808131618566
ec13af42,5462,3008094.39,1090323.07,0.5510801904064445,0.5544354838709677,type_multiscale,self_multiscale,1,-0.015113841340608659,0.31050897107286707,0.4107430417334991,0.469127895261928,0.7445126246746843,0.46785505863860877,1,9.328707299609857,24.490272748969684,24.130156568564313,15.655349323197743,24.130156568564313,24.130156568564313,15.655349323197743
ecdab904,6147,2980578.86,1053234.35,0.07027818448023426,0.8221343873517787,self_multiscale,self_multiscale,1,0.646723665600393,0.0,0.654546467785791,0.8109968790021972,0.7685907183463012,0.8846066283193327,2,11.261336880305805,15.008428871854894,38.07918679659071,9.879301586514947,39.16638375275549,9.879301586514947,9.879301586514947
ecdaf714,6592,2922607.32,1055999.23,0.04323422330097082,0.8604651162790697,self_multiscale,self_multiscale,1,0.7318150223906,0.0,0.7157199502654045,0.8999608761231204,0.8541751633459246,1.0509475590391877,0,24.497863588262447,14.601031749686113,45.741391095425506,14.29382227037578,14.836674830442137,14.29382227037578,14.29382227037578
ed6436d6,2945,3001273.55,1087274.53,0.03395585738539897,0.8660714285714286,type_multiscale,self_multiscale,-1,0.7843595185062794,0.0050933786078098476,0.5731796363583431,0.9447928731824344,1.1891226564564952,1.0224179923842371,1,9.885654600353892,11.218588989414563,6.5886765058297785,2.3966926914783993,3.9950007851493208,6.5886765058297785,2.3966926914783993
ed6e6e54,6048,3007486.88,1098775.59,0.08349867724867721,0.6504854368932039,self_multiscale,self_multiscale,1,-0.2426275696146067,0.0,0.6942477791421039,1.0560888524846137,1.0895432834489736,1.1244686810936633,1,7.0348417510818235,18.94903246472522,48.95689670300164,10.736841399010823,10.75811278713605,10.736841399010823,10.736841399010823
edf885a3,3117,3008378.01,1084487.51,0.12062880975296764,0.8542600896860987,self_multiscale,type_multiscale,1,-0.5738222797170079,0.0,0.593509811982583,0.8930514499447709,0.7500968937212301,0.8906762815661746,1,7.101637297319885,24.59988396138555,9.87456399625516,15.369149535972975,9.903162355484106,15.369149535972975,9.87456399625516
ee0300f7,4544,3017221.02,1091351.52,0.3686179577464789,0.8574338085539714,type_raw,type_raw,1,0.9285229341084881,0.0,0.4281024439302706,0.6431687928088047,0.5759192866145864,0.6839738769276628,1,19.229127589196825,14.856197276329079,31.89700909274266,28.930065562731023,24.305009604594012,14.856197276329079,14.856197276329079
ee288beb,4638,2995174.59,1126387.45,0.326218197498922,0.8571428571428571,type_raw,type_raw,1,0.6860610308589173,0.0,0.4651642978381383,0.5085702766808476,0.6133486526795716,0.587021357476267,4,31.416335869396736,12.808205893337409,22.727364882207702,30.737987577854863,20.17103677716657,12.808205893337409,12.808205893337409
ee4aecac,5265,2971963.08,1065245.3,0.1783475783475783,0.7678571428571429,self_multiscale,type_multiscale,-1,0.5125411468117739,0.03836657169990503,0.6611964941101499,0.6634172781373171,0.781116487171647,0.7623935954589401,2,13.840915000657702,13.426210940839498,7.632247789792199,11.649647931292998,9.379536932462525,11.649647931292998,7.632247789792199
eeda36f5,4797,2946594.9,1013966.8,0.03731498853450077,0.7619047619047619,type_multiscale,type_multiscale,-1,0.8587278471349304,0.0,0.7274143239443092,0.9839538226162672,0.9828872529063323,1.0164558993249062,3,13.791353784434067,33.70911222887212,5.490962387259048,29.13116341131756,5.494288544324521,5.490962387259048,5.490962387259048
eeed308d,3899,2908328.85,1033973.46,0.565016670941267,0.5300925925925926,type_raw,self_multiscale,1,0.3618391245940337,0.05001282380097461,0.3617737888620236,0.4768371678124723,0.49269787892287825,0.4759496263706664,3,5.394235613518766,20.219827663743043,13.493745746658025,9.574995789573626,9.94745614155313,20.219827663743043,9.574995789573626
ef04658e,4104,2940437.6,1065336.4,0.16959064327485385,0.8725701943844493,self_multiscale,type_multiscale,1,-0.8641624130869725,0.28533138401559455,0.3538006373436118,0.8261406666299185,1.4662064376984236,0.8329956540884013,0,4.614113009179651,22.03675903865813,13.101332960471387,25.788087379297224,13.103542160576255,25.788087379297224,13.101332960471387
ef8e3ed0,5224,2987746.27,1066678.39,0.4971286370597243,0.7402985074626866,self_multiscale,self_multiscale,1,-0.2796455533619478,0.0,0.36786947660205566,0.48808040527426605,0.49766932150324067,0.47335008268345286,2,5.801780355390095,15.94971895833408,22.63063633674591,9.439190428507866,10.474946173164685,9.439190428507866,9.439190428507866
efde6ac3,4559,2994860.75,1121040.97,0.40732616801930244,0.8602941176470589,type_multiscale,type_multiscale,-1,0.7454885731935286,0.0,0.6114354380292109,0.5839271285065936,0.7602334870660842,0.815836715487949,4,10.56111895062482,24.271379150910455,6.388177938366248,19.232127024656293,8.165232783534035,6.388177938366248,6.388177938366248
efe96181,4012,2939771.13,1064059.25,0.17198404785643073,0.9078156312625251,type_multiscale,type_multiscale,1,0.7492165962877259,0.10767696909272183,0.6071486706271411,0.9327893644072185,0.7941222964285398,0.9662212211460299,0,20.572228791192153,36.484247398367906,27.548280416177125,37.76554687222622,39.740332159527064,27.548280416177125,27.548280416177125
f0188a48,4170,2981798.28,1083323.25,0.01342925659472427,0.597678916827853,type_raw,type_multiscale,1,-0.32505316650293803,0.0973621103117506,0.6439163210875719,1.3361209518376636,4.100033799544277,1.4193595824354404,2,12.467407359900314,19.480508481439607,11.973874985077893,28.071816304747536,23.99938511702327,19.480508481439607,11.973874985077893
f021b650,3739,2986330.41,1052559.64,0.39449050548274944,0.7035573122529645,self_multiscale,self_multiscale,1,0.5087729986811119,0.0,0.37590897148833324,0.5414816667340921,0.5348559961594859,0.541121586650997,2,4.300890229964781,23.79866108370055,16.58455116394298,7.9714405005231885,8.018122329533236,7.9714405005231885,7.9714405005231885
f03f10fe,4145,2910244.36,1039257.44,0.2287092882991556,0.8121827411167513,self_multiscale,type_multiscale,1,0.791497939270697,0.0,0.6109353173901801,0.9740391059025595,0.8631051845800444,0.9287972256650778,3,8.77307669614511,19.602949052530004,8.868991506919906,11.00013907029085,14.918344419442963,11.00013907029085,8.868991506919906
f053a1b9,4108,3010823.27,1094301.02,0.2336903602726388,0.8862144420131292,self_multiscale,self_multiscale,1,0.4786179340557743,0.0,0.6069075510372404,0.617848697326221,0.5860734543884872,0.6781969644655125,1,12.456781515266204,17.020175094014416,24.084151360138872,6.228047804466612,15.332388000931354,6.228047804466612,6.228047804466612
f074d277,2453,3021608.58,1106994.37,0.2743579290664493,0.7762430939226519,type_multiscale,type_multiscale,-1,0.007708214477880654,0.0,0.6748008131431569,0.9937186634873394,0.927081925302557,0.9931659419166328,4,3.4848683857152674,32.447200811180146,10.970512782610216,12.628718359161747,11.011413448384811,10.970512782610216,10.970512782610216
f07d7037,5563,2986782.49,1066417.1,0.043321948588890935,0.8517857142857143,type_raw,self_multiscale,-1,-0.8629220036725269,0.20600395470070107,0.7525293071375565,0.8716586051675324,0.74144396080661,0.9105590380057677,2,5.9599775681564635,27.968802383993815,48.99895042935259,24.17965889499421,48.773086069786665,27.968802383993815,24.17965889499421
f08774c3,3900,2919950.14,1014628.28,0.07589743589743592,0.8346456692913385,type_multiscale,hybrid_multiscale,-1,-0.8476316625073425,0.3169230769230769,0.7445029676866509,0.8100661276277618,0.8929787634207156,0.9326978925745723,3,10.324357133179008,32.415746791905455,27.67354589930661,15.778955737927923,14.662994239817607,27.67354589930661,14.662994239817607
f140c2fa,4082,2921500.41,1014568.74,0.21362077413032832,0.849906191369606,self_multiscale,self_multiscale,1,0.7392700630693414,0.0,0.5396679135743325,0.6860778452828044,0.8146228954709858,0.7509846680242946,3,14.377505599383523,11.12748822704473,12.458193238203302,6.6148179407316094,18.911147321570233,6.6148179407316094,6.6148179407316094
f16e25e3,4651,2989773.94,1121449.86,0.4435605246183616,0.8441558441558441,self_multiscale,type_multiscale,-1,0.24998382538740802,0.0,0.44063909511201466,0.7180153761082275,0.5001958090710482,0.6267589797906944,4,4.661634991215781,30.481242580613916,2.9552221997404504,3.5097254136237246,3.2352770961118917,3.5097254136237246,2.9552221997404504
f2d4c8c9,6249,2884989.86,1022370.41,0.5621699471915507,0.7558441558441559,self_multiscale,self_multiscale,1,0.7495716199292657,0.0,0.4400048968723956,0.4000307727409077,0.42184550843977014,0.4362644743704297,3,6.51544688674292,21.023044209963057,11.61868374997515,4.804160324659143,5.255144652552615,4.804160324659143,4.804160324659143
f321a31c,5141,3005643.28,1071218.17,0.039291966543474,0.685131195335277,type_raw,type_multiscale,-1,0.8469454634094579,0.14705310250923945,0.5719100332144479,0.9849442183790219,1.6901750939253641,1.005458559442039,1,15.418716274782488,22.416784609119045,10.795657251106553,23.43827692242755,27.137714184888495,22.416784609119045,10.795657251106553
f40cd091,5166,2999540.97,1102787.74,0.6624080526519551,0.7802197802197802,self_multiscale,self_multiscale,1,0.6403874821206265,0.0,0.3158418215440484,0.35863622051370303,0.7820524941333623,0.40538833635920163,1,7.653107352140223,26.687852689291393,12.099197969375176,5.698447664745486,8.966820628489582,5.698447664745486,5.698447664745486
f439a621,2821,2927602.65,1056666.17,0.4984048209854661,0.8514150943396226,type_raw,type_raw,-1,-0.782650013616365,0.3831974477135767,0.3335095419203653,0.5194476364615875,0.6612958515629997,0.667367258377457,0,4.9500289694086606,29.84650099583603,36.24422620130816,46.77271531392695,41.623892562389976,29.84650099583603,29.84650099583603
f49fdea3,5391,2991293.54,1058563.7,0.05639028009645708,0.6442687747035574,self_multiscale,self_multiscale,1,0.9521171627254733,0.0,0.4170777732254306,0.923762417315108,1.0221381796353393,0.9222056883576509,2,19.28725823563613,14.434543565706901,18.68448220959168,9.53591127668639,18.685770783455546,9.53591127668639,9.53591127668639
f4d12d23,3701,2917140.49,1040984.68,0.2877600648473385,0.8517034068136272,self_multiscale,self_multiscale,-1,0.5798411258330463,0.0,0.3657520589535583,0.6592943851890521,0.5550182527327089,0.6842737973813862,3,15.60415493981342,17.659818280708524,22.214826136393736,10.084149663672118,24.660353148885115,10.084149663672118,10.084149663672118
f56d3ace,5432,3003280.11,1115732.68,0.3959867452135494,0.782051282051282,type_raw,type_raw,1,0.4468231267837617,0.0,0.3856612236418076,0.5239375391703244,0.5135029008818225,0.5239375391703244,4,12.03565380225591,7.208252394118816,16.073091764373636,11.879060508787354,16.073091764373636,7.208252394118816,7.208252394118816
f5859199,5790,2988071.94,1053101.21,0.6721934369602763,0.8298755186721992,self_multiscale,self_multiscale,1,0.604982164726827,0.0,0.19429264690990705,0.30036636661443644,0.3284142621269522,0.3668323117732119,2,24.170886412565533,17.81954448785088,20.076320142490463,10.306202780427785,12.515004502023292,10.306202780427785,10.306202780427785
f5d8aab6,4444,3006989.9,1130729.41,0.15864086408640865,0.9176029962546817,self_multiscale,hybrid_multiscale,1,-0.25280001758470483,0.0,0.5633504567200729,0.7163738102433271,0.6836497115864756,0.8607875673475517,4,9.699665241109551,10.409946949891188,10.615783470185777,13.492334057079493,8.039643113107529,13.492334057079493,8.039643113107529
f631da6e,4093,2984693.3,1108711.66,0.5665770828243342,0.7967914438502673,self_multiscale,hybrid_multiscale,1,-0.25473162693862905,0.0,0.5035699617733618,0.4783395787210445,0.5624355519549714,0.5347427559469682,4,6.989139314334638,20.86617774794762,9.266381457263087,7.888010103697908,6.250931677443104,7.888010103697908,6.250931677443104
f6824bb0,5015,2906569.17,1038367.78,0.15154536390827522,0.8528864059590316,self_multiscale,self_multiscale,1,0.25947046150874015,0.0,0.5906932980371181,0.883460808335021,1.245075449644413,0.9441804405135484,3,25.80072492181095,15.69829510273654,27.851273060790003,15.250581713894091,25.081593480984623,15.250581713894091,15.250581713894091
f6bc699b,3752,2952721.32,1074269.35,0.3382196162046909,0.8131868131868132,type_multiscale,hybrid_multiscale,1,0.5834759427850337,0.0,0.45877916646955413,0.6255505740058624,1.06649087772062,0.6750804101261894,2,4.881762873338804,15.750614387109705,12.331178939603214,12.47642701137435,8.131630943525755,12.331178939603214,8.131630943525755
f6d009f4,6715,3008986.13,1136057.99,0.32315711094564403,0.8778761061946903,type_raw,type_multiscale,-1,-0.7509271795454512,0.8305286671630677,0.4987771907591081,1.0359369602513384,0.884303440284409,0.9697724466297143,4,45.54084776596711,75.02812330490985,57.93033659341,68.1586551526032,68.16069252614807,75.02812330490985,57.93033659341
f72b268f,6404,3004328.55,1135192.39,0.04684572142410992,0.7107438016528925,type_multiscale,type_raw,-1,0.3949979644682356,0.0947845096814491,0.7689518625061185,0.8546788607841083,0.8427188412539991,1.0316249434346392,4,12.831478747709053,11.001070163291445,21.252581959097927,12.88051058217768,24.757157768817827,21.252581959097927,11.001070163291445
f8662c22,5429,2972447.21,1065710.5,0.5074599373733653,0.752112676056338,type_raw,self_multiscale,1,0.22536797299226732,0.05157487566771044,0.251788639982361,0.3836869518969634,0.5117199780004899,0.3869447130670809,2,8.383006075854864,13.587522010766873,14.305781899759644,11.786980320056202,14.308528420457257,13.587522010766873,11.786980320056202
f88ddb26,4990,2985656.06,1063756.07,0.037274549098196386,0.8300395256916996,type_multiscale,self_multiscale,1,-0.7676297630523524,0.7396793587174348,0.7121813383885259,1.0522985339883757,0.9497448650093645,1.0057732415427767,2,16.213819647632956,56.864494694084925,49.55632217017377,47.50127992474483,47.56202413248564,49.55632217017377,47.50127992474483
f8afa78a,6032,2886944.17,1021497.91,0.49237400530503983,0.7665615141955836,type_multiscale,type_multiscale,-1,0.3605897294774056,0.2408819628647215,0.5187809465690403,0.5249173285750177,0.543892026602132,0.562300645123904,3,9.78044888292476,32.47183112297161,28.314828390740587,40.21639627494626,36.51530661982447,28.314828390740587,28.314828390740587
f8f59188,4807,3006437.69,1123588.1,0.6432286249219887,0.7869127516778524,self_multiscale,type_raw,1,0.38319655049436024,0.09714998959850218,0.4359899457425263,0.39334903080451966,0.7366004773499082,0.4216457521699301,4,5.437210931658554,18.93198643997252,22.140741117805646,22.338019756187894,22.140741117805646,22.338019756187894,18.93198643997252
f9fc81aa,5598,2906393.8,1030860.86,0.06555912826009291,0.7375328083989501,type_multiscale,self_multiscale,-1,0.2148914777291191,0.0,0.7152647109575364,0.8300126947747747,0.88351112972801,0.9399133185042563,3,7.883490366360185,15.327881593499496,9.394549202381736,8.763251276596051,9.68940437884933,9.394549202381736,8.763251276596051
fa16d114,5686,2888994.09,1023194.15,0.511607456911713,0.6557377049180327,type_raw,type_multiscale,1,-0.4331933613379143,0.398698557861414,0.3661384247785938,0.5386798068514889,0.5736951611755458,0.5649538367626842,3,16.208487567051076,33.824629289476576,19.87246747094445,22.058098443983543,19.935217618007297,33.824629289476576,19.87246747094445
fa31da94,5027,3014081.2,1113349.32,0.695046747563159,0.8533916849015317,type_multiscale,hybrid_multiscale,-1,0.6474954842799088,0.0,0.2982578764096794,0.34805391077863973,0.45458034605116143,0.42288104671437443,4,14.659568318431868,8.382424042697911,6.412601907074739,12.421225569475551,6.367402563502428,6.412601907074739,6.367402563502428
fa667be2,7296,3009802.92,1075938.24,0.12541118421052633,0.7463556851311953,self_multiscale,self_multiscale,1,0.5677354854292506,0.0,0.7250088661423372,0.770023459280779,0.7545554525347237,0.7690627698343684,1,6.4305459268786365,23.321301074619385,20.173074524889316,5.761248716517479,15.3015013108415,5.761248716517479,5.761248716517479
fae0c593,4403,2994355.51,1122829.27,0.032023620258914365,0.8491735537190083,self_multiscale,self_multiscale,1,0.16219352211369856,0.148762207585737,0.729016622181732,0.9629522422581356,1.189354052098062,0.9633696938990258,4,11.436052764626154,31.151996922578977,36.95985145717624,18.666577225473173,36.95985145717624,18.666577225473173,18.666577225473173
fb03ae90,6431,2886923.16,1008484.42,0.16902503498678279,0.8373493975903614,type_multiscale,type_raw,-1,-0.48082264814701386,0.7600684185974188,0.6612147416203613,0.7294423096295658,0.7361571688914051,0.7964292620747923,3,33.73689157573086,23.90170253251273,35.735184814293326,40.50240362565846,40.80113886524456,35.735184814293326,23.90170253251273
fb0904bd,3181,2960054.04,1084334.62,0.5422823011631562,0.8174603174603174,self_multiscale,self_multiscale,-1,0.9374495154854544,0.0,0.2773815584499598,0.5927693762124481,0.6385526427789835,0.6298685901455104,2,9.301950675376396,10.390477148453016,6.2300695336582885,5.6686700790629985,10.328613650906803,5.6686700790629985,5.6686700790629985
fb3848a1,5919,2899863.22,1026745.77,0.6058455820239905,0.857685009487666,self_multiscale,self_multiscale,1,0.6108193640645445,0.0,0.3302926231576662,0.34095342363918085,0.3396322283963539,0.40189183370136516,3,6.209244402952072,21.67655658866237,23.807946486017386,9.424332417226822,16.3322571010212,9.424332417226822,9.424332417226822
fb73b13a,5640,3008276.88,1136813.71,0.401595744680851,0.6925858951175407,self_multiscale,type_raw,1,0.6841967076727007,0.0,0.5018219765216316,0.6793538256505743,1.6247937123937193,0.6793538256505743,4,17.483764717002174,9.284192929722916,19.77491693471181,9.856795102800032,19.77491693471181,9.856795102800032,9.284192929722916
fba7683c,407,3006048.51,1098702.15,0.017199017199017175,0.8106617647058824,self_multiscale,self_multiscale,1,0.9833739115500694,0.0,0.4806415421717373,1.0603503469331075,1.547193681597687,1.0605736585989394,1,16.57717927374026,27.64711376798111,9.969898697764005,2.271527860414363,9.970662638907699,2.271527860414363,2.271527860414363
fbd68d27,6829,2908404.83,1038117.22,0.2525992092546493,0.8120300751879699,self_multiscale,type_multiscale,-1,0.6798905015281693,0.0,0.5263630090556831,0.7639665910930756,0.6432009650411483,0.7118248447399821,3,29.34956974958958,27.727790487073758,10.349157919568281,12.3105278225659,12.368842123227207,12.3105278225659,10.349157919568281
fc03f21f,4803,3003525.93,1104733.15,0.07287112221528214,0.8374291115311909,self_multiscale,self_multiscale,1,0.3864224069944479,0.07932542161149282,0.6340321037706484,1.0080644189888028,1.060470768619993,1.0395414959322904,4,8.548533770338832,37.5091389172165,16.304024617813983,16.267874697022414,16.318628674223813,16.267874697022414,16.267874697022414
fc0d20b2,3954,2933842.69,1067115.76,0.4777440566514921,0.8199233716475096,self_multiscale,self_multiscale,1,-0.4472332085657967,0.0,0.3443957861188933,0.4706211791006785,0.7064676313623447,0.5050227546575433,0,7.446161385204836,18.403890877157092,13.629855081576176,10.597722034316595,16.834106172506374,10.597722034316595,10.597722034316595
fcfcc902,2791,2983827.71,1092035.62,0.04693658187029737,0.8313008130081301,self_multiscale,self_multiscale,-1,0.9423895411505089,0.0,0.7473238093380726,0.9697562272619695,0.9638241076665853,0.9761252731913136,2,6.609639719982421,39.67149738857812,12.055028146743267,6.45185595688756,6.799360329893883,6.45185595688756,6.45185595688756
fd3b4faa,5022,3006921.13,1123594.78,0.5503783353245719,0.8073394495412844,self_multiscale,self_multiscale,1,0.4475342699911013,0.0,0.3451636104221858,0.3666810557717375,0.8189898137214113,0.5775619450601162,4,2.621716386156979,31.920573758815852,34.85479489568459,9.142523784978794,55.75687197664952,9.142523784978794,9.142523784978794
fd710aea,4217,3009495.99,1093708.53,0.25752904908702867,0.7740585774058577,self_multiscale,self_multiscale,1,-0.10326642001302738,0.0,0.653870425372466,0.8776795571413671,0.8660030863885252,0.8998688893217529,1,5.762681643845509,18.866875833108992,73.99671296671956,15.102398563675273,69.72437766154191,15.102398563675273,15.102398563675273
fd8f77fa,5272,3004252.07,1116098.4,0.5058801213960546,0.8427184466019417,type_raw,hybrid_multiscale,1,-0.4085228332614013,0.2507587253414264,0.2768258624592736,0.4477864992172099,0.4679159138179192,0.48752330098705243,4,11.735164202046558,21.130202124110642,22.089648859189953,18.708561215299003,16.92397681169876,21.130202124110642,16.92397681169876
fde20ecf,4667,3023386.81,1119689.17,0.298907220912792,0.8297029702970297,type_raw,type_multiscale,1,0.5517976413074056,0.029997857295907437,0.5488218020453308,0.7121040394161329,0.5557490576488231,0.6711419079679607,4,12.530657798300457,12.416645951254631,7.6562588789450885,15.766772501246662,15.314691533723147,12.416645951254631,7.6562588789450885
fdfd57da,5236,3001901.32,1114876.75,0.5544308632543926,0.841025641025641,type_raw,self_multiscale,1,0.6188897807526154,0.04583651642475172,0.5720699144185588,0.7486997526511077,0.8874987288491103,0.7471051148490089,4,7.513418391357108,14.753808750006788,16.114722929410505,8.596617571507007,16.114722929410505,14.753808750006788,8.596617571507007
febb4411,4247,3022095.2,1086684.66,0.035083588415351974,0.7692307692307693,type_raw,self_multiscale,1,0.04085509572709739,0.4285377913821521,0.6632247386956897,0.753881618296706,1.2585432925670363,0.7522004087949635,1,20.28400613325422,37.38563969152861,66.78992952667684,8.367675764063149,66.78992952667684,37.38563969152861,8.367675764063149
fef8af96,3826,2931080.7,1056366.08,0.34892838473601673,0.8217522658610272,type_multiscale,type_multiscale,1,-0.7164944228158885,0.36670151594354417,0.45710814451824255,0.7722111046463273,0.716524383957629,0.7625900050043076,0,26.093218191756105,45.95228486504035,41.023950576578535,42.65032333714706,42.64715202445726,41.023950576578535,41.023950576578535
ff0aea78,3261,2983818.13,1070266.61,0.4563017479300828,0.8424507658643327,type_multiscale,hybrid_multiscale,-1,-0.5780973711499824,0.7672493100275989,0.4729710168363996,0.5042828801244105,0.7895510294278892,0.6500731333716542,2,14.93710384878928,33.27441060352486,31.471653039153722,33.3282899360029,30.19505759437929,31.471653039153722,30.19505759437929
ff8bb73a,5927,2939446.09,1060050.58,0.052303020077610896,0.8618556701030928,self_multiscale,type_multiscale,1,-0.07926594229769254,0.0,0.710083376241605,1.092631570696874,1.0176121839541348,1.0547684095554175,0,9.13160934770263,14.621422177320747,9.365894271341078,9.365894271341078,9.371930661606779,9.365894271341078,9.365894271341078
ffefef30,4570,2945081.32,1013708.73,0.28687089715536107,0.7683168316831683,hybrid_multiscale,self_multiscale,1,-0.01564249084154466,0.45951859956236324,0.37317766921436535,0.5627527311285074,0.9601458516814414,0.5630945703189558,3,14.36410213227348,28.298595422149717,36.00244507917788,11.720845352482383,36.00244507917788,36.00244507917788,11.720845352482383
