split,well_id,rows,MD_min,MD_max,MD_missing,X_min,X_max,X_missing,Y_min,Y_max,Y_missing,Z_min,Z_max,Z_missing,GR_min,GR_max,GR_missing,TVT_min,TVT_max,TVT_missing,TVT_input_min,TVT_input_max,TVT_input_missing,known_tvt_input_rows,prediction_rows,prediction_share,first_prediction_idx
train,000d7d20,5278,11467.0,16744.0,0,2983468.41,2983578.28,0,1069022.09,1074040.56,0,-9755.61,-9258.57,0,31.76582704015229,217.3522568926329,2258,11236.02,11756.12,0.0,11236.02,11756.12,3836,1442,3836,0.726790450928382,1442
train,00bbac68,7559,11578.0,19136.0,0,3005789.15,3010760.08,0,1084504.44,1089521.36,0,-10182.58,-9436.36,0,37.13214788804356,219.8067877795647,942,11406.63,12240.01,0.0,11406.63,12225.05,6014,1545,6014,0.7956078846408255,1545
train,00e12e8b,6384,10456.0,16839.0,0,2967726.49,2971071.98,0,1060431.23,1065106.5,0,-9338.34,-8356.04,0,21.89286554145276,184.36097298065485,584,10606.18,11616.64,0.0,10606.18,11604.820000000002,4301,2083,4301,0.6737155388471178,2083
train,015fe0d2,5950,11834.0,17783.0,0,2998620.5,3002003.09,0,1073179.45,1077773.53,0,-10231.85,-9537.66,0,27.806823494035783,201.04133587081228,1513,11747.26,12271.53,0.0,11747.26,12241.19,4296,1654,4296,0.7220168067226891,1654
train,01869cd4,6850,11256.0,18105.0,0,2971669.4,2975650.09,0,1063180.31,1068509.12,0,-9643.35,-8961.39,0,31.33716145689128,182.48201681380303,3268,11358.27,11767.75,0.0,11358.27,11745.94,5557,1293,5557,0.8112408759124088,1293
train,01982c1d,5587,10021.0,15607.0,0,2994734.18,2996249.89,0,1121978.97,1126836.24,0,-8630.69,-7911.91,0,33.161583148109386,154.2267836360113,846,9927.92,10700.87,0.0,9927.92,10695.87,3941,1646,3941,0.70538750671201,1646
train,028d7b28,7761,11897.0,19657.0,0,3005520.61,3009836.04,0,1066661.73,1072695.03,0,-10472.41,-9632.68,0,26.039098859112173,264.5619904062687,1691,11874.64,12437.08,0.0,11874.64,12427.92,6234,1527,6234,0.8032470042520293,1527
train,02e7fe5a,6888,11475.0,18362.0,0,2985890.9,2985960.87,0,1058610.08,1064948.05,0,-10035.68,-9229.89,0,28.21377653233004,161.32519302547877,3994,11356.13,12199.39,0.0,11356.13,12178.98,5108,1780,5108,0.7415795586527294,1780
train,0390d174,6101,10358.0,16458.0,0,2999862.38,3001908.43,0,1122743.7,1128190.32,0,-8839.7,-8105.309999999999,0,18.185797918904893,176.64293419759824,2926,10114.85,10639.09,0.0,10114.85,10620.96,4411,1690,4411,0.7229962301262088,1690
train,03a935ae,4430,12308.0,16737.0,0,3032648.63,3036280.49,0,1087844.62,1089694.83,0,-10780.86,-10154.55,0,30.86908794963826,171.08169225100724,175,12192.18,12837.98,0.0,12192.18,12837.98,2786,1644,2786,0.6288939051918736,1644
train,044af7d1,6067,11440.0,17506.0,0,3009755.45,3010003.63,0,1105274.94,1111006.23,0,-9929.66,-9182.07,0,40.68231247775441,233.0810315956116,3676,11313.18,11870.04,0.0,11313.18,11850.28,4519,1548,4519,0.7448491841107632,1548
train,0498acab,6432,10910.0,17341.0,0,2990506.76,2992765.47,0,1090272.49,1095706.71,0,-9535.32,-8611.0,0,33.33351307704766,152.11868398696885,2944,10650.9,11416.25,0.0,10650.9,11400.71,4798,1634,4798,0.7459577114427861,1634
train,052d64df,4590,10395.0,14984.0,0,2978492.02,2981035.84,0,1097598.24,1100711.09,0,-9068.01,-8172.25,0,27.56662106611638,239.3447748912154,1164,10522.89,11456.35,0.0,10522.89,11445.25,2445,2145,2445,0.5326797385620915,2145
train,05948241,5428,10222.0,15649.0,0,2955879.14,2959047.81,0,1087249.09,1090976.43,0,-8696.47,-7940.34,0,34.14324665712602,183.84683461601355,2973,10026.56,10841.42,0.0,10026.56,10838.61,3879,1549,3879,0.7146278555637435,1549
train,059c8f24,7998,9831.0,17828.0,0,2913069.21,2918081.05,0,1061262.71,1066811.04,0,-8599.38,-7543.459999999999,0,31.461969996062344,218.11449566509827,3261,9556.52,10326.13,0.0,9556.52,10306.23,6258,1740,6258,0.7824456114028507,1740
train,05a0ee4d,6098,10970.0,17067.0,0,2992517.01,2994585.45,0,1100501.81,1105683.34,0,-9482.16,-8728.84,0,40.44849138444008,225.8746556178055,1956,11142.98,11929.08,0.0,11142.98,11927.5,4348,1750,4348,0.7130206625122991,1750
train,060ab2b8,7818,10388.0,18205.0,0,2896319.2,2901028.92,0,1025943.05,1031472.81,0,-9202.74,-8346.62,0,30.72935037798057,178.7563744908731,4436,10009.16,10970.71,0.0,10009.16,10950.59,6258,1560,6258,0.8004604758250192,1560
train,06df5958,5039,10772.0,15810.0,0,2903605.04,2906775.06,0,1023595.71,1027075.94,0,-9472.13,-8731.06,0,29.799292023577618,233.02676184897027,790,10768.09,11343.09,0.0,10768.09,11338.8,3509,1530,3509,0.6963683270490176,1530
train,071d7b45,4720,10383.0,15102.0,0,2944000.39,2947003.8,0,1077503.74,1080957.59,0,-8561.95,-8188.559999999999,0,31.049196049904182,140.02981794691885,734,10128.63,10553.96,0.0,10128.63,10530.11,3211,1509,3211,0.6802966101694915,1509
train,0849b4e2,7436,11082.0,18517.0,0,3021164.43,3021865.8,0,1112421.72,1119203.61,0,-9972.42,-8911.6,0,30.973752972516746,170.9171538296304,1696,11050.65,11951.15,0.0,11050.65,11948.09,5537,1899,5537,0.7446207638515331,1899
train,084d66f9,5632,10225.0,15856.0,0,2929601.31,2932964.64,0,1052915.76,1056686.42,0,-9059.5,-8085.25,0,25.64463262122345,169.5840678606058,3381,10128.06,11028.1,0.0,10128.06,11007.1,3885,1747,3885,0.6898082386363636,1747
train,08fecf00,7405,11154.0,18558.0,0,3021653.52,3022185.74,0,1112483.96,1119258.26,0,-10002.14,-8939.09,0,29.27872880093749,194.89032652366592,1800,11229.55,12155.05,0.0,11229.55,12149.94,5574,1831,5574,0.7527346387575962,1831
train,09053135,7715,10982.0,18696.0,0,2989779.85,2992322.2,0,1082598.81,1089333.48,0,-9726.56,-8737.92,0,17.980071492760537,144.13041726437493,2868,10676.97,11486.67,0.0,10676.97,11462.56,5907,1808,5907,0.765651328580687,1808
train,09441b8d,7395,10387.0,17781.0,0,2903888.74,2908308.81,0,1038444.9,1043612.09,0,-9084.04,-8216.46,0,30.420613496904117,179.7086391354425,980,10351.68,11219.51,0.0,10351.68,11219.51,5488,1907,5488,0.7421230561189993,1907
train,0955cd6c,7125,11444.0,18568.0,0,3026919.29,3026971.01,0,1115112.86,1121768.96,0,-10153.8,-9253.19,0,25.4146607603965,248.7291156009136,4138,11438.21,12190.06,0.0,11438.21,12185.47,5195,1930,5195,0.7291228070175438,1930
train,09ec2ca9,7824,10470.0,18293.0,0,3004554.56,3004835.07,0,1122895.6,1130196.55,0,-9129.28,-8350.77,0,49.52314286062023,246.2108024488992,4017,10243.31,11059.02,0.0,10243.31,11056.25,5885,1939,5885,0.7521728016359919,1939
train,0a57a29c,7194,10712.0,17905.0,0,2899359.54,2903864.38,0,1030782.87,1036013.26,0,-9163.22,-8669.51,0,31.568809830853404,192.18205282993208,3569,10681.71,11210.09,0.0,10681.71,11200.06,5821,1373,5821,0.8091465109813734,1373
train,0bbf5e67,6031,10220.0,16250.0,0,2897725.21,2901254.56,0,1032191.64,1036367.41,0,-9088.65,-8187.030000000001,0,31.547354682722972,187.10160670319348,3016,10180.13,10972.06,0.0,10180.13,10972.06,4298,1733,4298,0.7126513016083568,1733
train,0be01c24,6385,10794.0,17178.0,0,3006483.95,3007171.91,0,1110893.28,1116759.59,0,-9568.39,-8650.31,0,37.271414531621474,178.62762128282296,245,10548.98,11322.65,0.0,10548.98,11311.85,4738,1647,4738,0.742051683633516,1647
train,0c1b160c,6714,10442.0,17155.0,0,2970655.7,2974809.23,0,1090177.05,1094893.7,0,-9040.79,-8236.55,0,42.315661529881424,244.5733388863631,3442,10592.33,11180.9,0.0,10592.33,11169.47,5054,1660,5054,0.752755436401549,1660
train,0d99f8e4,7522,10434.0,17955.0,0,2893691.37,2898357.99,0,1031287.87,1036798.5,0,-9018.87,-8275.47,0,33.26355178550091,199.82211026412364,3805,10649.92,11203.73,0.0,10649.92,11200.01,5823,1699,5823,0.7741292209518745,1699
train,0dc5e64d,6191,10792.0,16982.0,0,3011083.23,3015095.45,0,1119880.25,1124184.88,0,-9535.45,-8694.01,0,37.6001261825488,230.71170320890428,69,10348.58,10915.05,0.0,10348.58,10865.14,4879,1312,4879,0.7880794701986755,1312
train,0dc835f3,5279,10658.0,15936.0,0,2993184.97,2994854.75,0,1121984.78,1126934.8,0,-8580.67,-8368.09,0,26.07371052610368,138.05641659497294,190,10437.3,10694.58,0.0,10437.3,10687.83,4428,851,4428,0.8387952263686305,851
train,0dd99dc5,9182,11875.0,21056.0,0,3004595.84,3008856.68,0,1074084.5,1081607.67,0,-10384.41,-9588.95,0,30.098211507377453,234.4825675234047,4323,11765.77,12601.48,0.0,11765.77,12581.48,7342,1840,7342,0.7996079285558702,1840
train,0e5e560d,4896,10565.0,15460.0,0,3010092.88,3010144.97,0,1128343.29,1132722.58,0,-9169.82,-8401.38,0,44.5083299279316,231.2016414355904,1207,10218.990000000002,11029.34,0.0,10218.990000000002,11012.59,3253,1643,3253,0.6644199346405228,1643
train,109d9d70,5851,12006.0,17856.0,0,3018415.45,3022021.13,0,1104837.17,1108984.08,0,-10339.06,-9734.32,0,31.180011966459965,162.940707695694,2175,11590.81,12250.89,0.0,11590.81,12229.89,4215,1636,4215,0.7203896769782943,1636
train,10a1281a,7353,10597.0,17949.0,0,2899861.89,2904336.64,0,1026905.39,1032123.51,0,-9266.04,-8553.16,0,40.60029470223723,212.1948560517228,350,10431.22,11265.570000000002,0.0,10431.22,11264.570000000002,5609,1744,5609,0.7628178974568204,1744
train,10b89021,7166,11424.0,18589.0,0,2983557.41,2984522.56,0,1055772.0,1062243.77,0,-10055.35,-9234.76,0,31.74688324901837,157.17278752562612,3626,11311.08,12161.18,0.0,11311.08,12161.18,5414,1752,5414,0.7555121406642479,1752
train,10be2420,5203,9986.0,15188.0,0,2951819.58,2954845.63,0,1083945.85,1087527.03,0,-8621.78,-7821.02,0,33.67269784457575,182.7579249426974,2439,9970.88,10824.63,0.0,9970.88,10824.63,3271,1932,3271,0.628675763982318,1932
train,113011eb,4561,12094.0,16654.0,0,3002206.61,3004824.0,0,1069380.49,1072892.35,0,-10356.2,-9808.91,0,26.60220422983041,130.30416227942712,2180,12163.79,12548.58,0.0,12163.79,12534.990000000002,3272,1289,3272,0.7173865380399035,1289
train,1131525f,5548,10716.0,16263.0,0,2901513.56,2905062.8,0,1022434.37,1026300.68,0,-9362.26,-8678.08,0,34.81224938239028,223.644660673168,1750,10764.52,11313.4,0.0,10764.52,11290.35,4159,1389,4159,0.7496395097332372,1389
train,11d0f5ac,6378,10437.0,16814.0,0,2887424.28,2891720.37,0,1028545.97,1032898.39,0,-8855.08,-8357.87,0,39.174994257437454,178.23127158345594,2380,10396.33,10945.1,0.0,10396.33,10919.21,4883,1495,4883,0.7656005017246785,1495
train,12203f2a,4991,11124.0,16114.0,0,3013788.78,3014909.2,0,1114046.56,1118354.92,0,-9772.58,-9000.59,0,22.82313826228976,139.06416818317123,1294,11224.52,12032.5,0.0,11224.52,12032.5,3261,1730,3261,0.6533760769384893,1730
train,122bd617,6408,9947.0,16354.0,0,2955566.98,2959345.81,0,1086328.08,1090736.67,0,-8684.18,-7781.26,0,33.24948636079758,182.51465362566844,1880,9795.14,10835.84,0.0,9795.14,10813.01,4570,1838,4570,0.7131710362047441,1838
train,125be846,8033,10704.0,18736.0,0,2978794.65,2983834.67,0,1103635.58,1109414.62,0,-9051.8,-8481.69,0,27.30372658267397,220.820235799595,1938,10894.61,11470.87,0.0,10894.61,11470.87,6510,1523,6510,0.8104070708328146,1523
train,1285a37b,7403,12006.0,19408.0,0,3013034.56,3016347.95,0,1080454.45,1086497.92,0,-10532.78,-9736.58,0,30.788394959696465,213.9240169874047,284,11880.83,12760.31,0.0,11880.83,12760.31,5597,1806,5597,0.7560448466837768,1806
train,1295a25b,7037,11062.0,18098.0,0,2971697.45,2975680.97,0,1061972.63,1067333.01,0,-9662.57,-8886.31,0,33.86520784747078,142.2023876690624,2887,11216.43,11771.84,0.0,11216.43,11771.75,5551,1486,5551,0.7888304675287765,1486
train,12f0cd90,7431,10810.0,18240.0,0,2998510.38,3000573.77,0,1109057.27,1115872.3,0,-9494.82,-8583.85,0,31.39884035535191,183.33719971423696,1932,10854.83,11406.14,0.0,10854.83,11396.76,5947,1484,5947,0.8002960570582694,1484
train,137d1e44,6313,11891.0,18203.0,0,3015325.94,3018843.68,0,1081989.32,1086478.6,0,-10572.18,-9744.64,0,26.65328794042184,145.74244682315768,2756,11887.070000000002,12792.81,0.0,11887.070000000002,12754.28,4554,1759,4554,0.7213686044669729,1759
train,13ce113d,4875,9996.0,14870.0,0,2895642.16,2897457.13,0,1040432.6,1044216.44,0,-8779.08,-7814.49,0,33.315332907141354,149.06669846643717,921,10284.0,11195.79,0.0,10284.0,11190.53,2966,1909,2966,0.6084102564102564,1909
train,13f598d9,8934,11993.0,20926.0,0,3004289.01,3008608.53,0,1074027.45,1081378.22,0,-10327.16,-9687.12,0,33.29034917767862,207.6395381579682,4772,11871.070000000002,12544.53,0.0,11871.070000000002,12518.61,7306,1628,7306,0.817774792925901,1628
train,14a53cb3,8780,10427.0,19206.0,0,2908789.74,2914119.55,0,1037110.6,1043367.15,0,-9166.8,-8369.78,0,40.89584938003743,209.4665456050698,1136,10384.42,11200.97,0.0,10384.42,11197.08,6919,1861,6919,0.7880410022779043,1861
train,14ab73fb,5279,10680.0,15958.0,0,2902322.15,2906129.56,0,1017574.9,1020657.3,0,-9364.32,-8701.57,0,34.40470319656167,194.86944608789355,2114,10652.3,11312.62,0.0,10652.3,11312.62,3649,1630,3649,0.6912293995074825,1630
train,14ad5efb,7352,10854.0,18205.0,0,2997226.5,2999323.97,0,1108584.07,1115279.51,0,-9486.89,-8571.63,0,31.17944470058387,184.1115754159062,1274,10850.09,11413.59,0.0,10850.09,11404.28,5842,1510,5842,0.794613710554951,1510
train,14fee784,6406,10317.0,16722.0,0,2990101.06,2992131.0,0,1121564.3,1127350.22,0,-8708.81,-8182.950000000001,0,31.61733741718304,170.64392747855524,3536,10343.29,10897.9,0.0,10343.29,10893.45,4910,1496,4910,0.7664689353730877,1496
train,153552f5,6498,11249.0,17746.0,0,3000232.74,3003739.07,0,1090107.02,1094910.92,0,-9794.63,-9007.35,0,22.66653186362385,182.5829548844879,1219,11322.13,12091.11,0.0,11322.13,12087.59,4695,1803,4695,0.7225300092336103,1803
train,1550491d,5929,11446.0,17374.0,0,3005612.31,3005938.83,0,1110679.76,1116436.5,0,-9577.31,-9200.99,0,37.87747271923104,161.36197461742046,226,10952.23,11383.94,0.0,10952.23,11383.7,4563,1366,4563,0.7696070163602631,1366
train,155887bb,7062,11485.0,18546.0,0,3005466.7,3010275.0,0,1084199.15,1088406.43,0,-10254.95,-9323.54,0,36.24524347098557,194.32708571628245,1761,11318.79,12321.1,0.0,11318.79,12304.29,5585,1477,5585,0.7908524497309544,1477
train,1590af81,5231,11319.0,16549.0,0,2989276.03,2991057.51,0,1090016.23,1094703.45,0,-9521.82,-9074.82,0,30.696641066355497,159.5809579589542,905,10995.25,11457.62,0.0,10995.25,11457.62,3799,1432,3799,0.7262473714394954,1432
train,15e154a1,7699,10322.0,18020.0,0,2958132.84,2962665.78,0,1075520.01,1081100.61,0,-9015.9,-8093.110000000001,0,35.189563151217534,204.3181584774365,3681,10222.41,10965.7,0.0,10222.41,10928.69,6068,1631,6068,0.788154305753994,1631
train,1619e2ca,6002,11119.0,17120.0,0,2994528.14,2996561.58,0,1091661.66,1096783.6,0,-9723.61,-8887.33,0,30.46419617314284,181.5095360700685,2166,10777.41,11473.490000000002,0.0,10777.41,11457.43,4443,1559,4443,0.7402532489170277,1559
train,16e4a047,5684,11356.0,17039.0,0,3010854.87,3012881.07,0,1100048.37,1104829.56,0,-10079.97,-9266.61,0,32.67252377481046,186.2766728463056,3138,11154.66,12018.4,0.0,11154.66,12018.4,4131,1553,4131,0.7267769176636172,1553
train,173ed841,6530,12206.0,18735.0,0,3020183.5,3023696.19,0,1082413.52,1087282.95,0,-10705.08,-9987.16,0,36.51449737805572,144.03576551949877,2354,11972.59,12763.96,0.0,11972.59,12727.42,4883,1647,4883,0.7477794793261868,1647
train,1770d7c6,9121,11974.0,21094.0,0,3007650.82,3010792.14,0,1074817.44,1082940.77,0,-10418.84,-9686.26,0,26.288826111272435,160.60702845373422,410,11784.08,12599.15,0.0,11784.08,12579.06,7240,1881,7240,0.7937726126521215,1881
train,177622d7,4699,11782.0,16480.0,0,3005929.84,3008880.18,0,1087429.8,1090659.26,0,-10151.61,-9589.25,0,30.96712463488756,158.61156478473512,2224,11745.83,12296.02,0.0,11745.83,12296.02,3154,1545,3154,0.6712066397105767,1545
train,18d24f7b,6260,10632.0,16891.0,0,2903234.94,2907112.12,0,1037221.38,1041651.68,0,-9104.14,-8449.59,0,32.18540992507041,182.5124742457585,759,10554.77,11213.23,0.0,10554.77,11207.8,4558,1702,4558,0.728115015974441,1702
train,19137a89,7958,10057.0,18014.0,0,3003732.7,3004117.7,0,1128863.24,1136260.65,0,-9003.44,-8010.82,0,49.48235497486967,293.9843039608783,650,10349.41,11082.56,0.0,10349.41,11044.66,6267,1691,6267,0.7875094244785122,1691
train,1944513c,6599,10860.0,17458.0,0,3005424.58,3005734.86,0,1110489.44,1116446.87,0,-9536.27,-8622.35,0,39.89150677245237,175.35098751071845,503,10433.02,11333.2,0.0,10433.02,11333.2,4722,1877,4722,0.7155629640854675,1877
train,197f8a5a,8248,10059.0,18306.0,0,2877826.12,2882522.67,0,1019912.96,1025886.28,0,-8954.0,-8065.51,0,47.23062046644173,362.70232205527,4272,10045.1,10996.44,0.0,10045.1,10949.52,6310,1938,6310,0.7650339476236664,1938
train,19871e7f,7152,11738.0,18889.0,0,2997882.19,3001911.72,0,1071594.08,1077001.84,0,-10175.51,-9434.48,0,25.84477311864148,144.7593927987198,1009,11723.09,12563.17,0.0,11723.09,12553.16,5293,1859,5293,0.7400727069351231,1859
train,198a5607,8094,10291.0,18384.0,0,2967217.81,2972178.77,0,1095445.9,1101050.99,0,-8882.3,-8020.32,0,44.39472625021139,259.75380883756094,2020,10330.96,11182.62,0.0,10330.96,11182.62,6251,1843,6251,0.7723004694835681,1843
train,19fb4f7b,7923,11696.0,19618.0,0,3013125.52,3016609.01,0,1080489.82,1086704.58,0,-10562.67,-9448.43,0,27.515510371118,190.854988335005,300,11663.9,12789.34,0.0,11663.9,12789.34,5620,2303,5620,0.7093272750220876,2303
train,1a518997,6544,10378.0,16921.0,0,2907745.09,2911796.42,0,1034945.19,1039359.82,0,-9245.61,-8264.65,0,27.215641914358297,177.22957174350188,2398,10429.25,11215.37,0.0,10429.25,11200.63,4606,1938,4606,0.7038508557457213,1938
train,1a68190b,6502,12104.0,18605.0,0,2948035.37,2949518.9,0,1009305.93,1015035.07,0,-10975.85,-9933.03,0,35.19630368569369,164.69769952897232,1537,11965.5,12823.96,0.0,11965.5,12796.820000000002,4474,2028,4474,0.6880959704706244,2028
train,1a730ac2,6049,11255.0,17303.0,0,2989303.18,2991464.9,0,1089762.94,1095213.07,0,-9518.48,-8902.12,0,34.90434820856126,191.59859957495183,1797,10969.14,11417.12,0.0,10969.14,11387.92,4605,1444,4605,0.7612828566705241,1444
train,1aaf1da0,6321,11370.0,17690.0,0,3004739.06,3006648.29,0,1105139.94,1110654.64,0,-9844.86,-9127.82,0,29.874029521858606,213.1510206021241,1498,11158.88,11913.53,0.0,11158.88,11907.18,4804,1517,4804,0.7600063281126404,1517
train,1b08ed48,7175,11578.0,18752.0,0,2986992.11,2987147.55,0,1065138.72,1071997.59,0,-9951.54,-9396.76,0,35.43250805436065,160.16951865263593,3936,11543.46,12125.36,0.0,11543.46,12123.65,5618,1557,5618,0.7829965156794425,1557
train,1b1c5372,5792,10387.0,16178.0,0,2998972.69,3000801.42,0,1122582.11,1127767.79,0,-9046.39,-8305.77,0,26.03821735015512,125.51483547156408,1489,10327.61,10881.58,0.0,10327.61,10870.68,4261,1531,4261,0.7356698895027625,1531
train,1b1eba53,6710,11820.0,18529.0,0,3033334.8,3037883.27,0,1094329.82,1098329.1,0,-10742.93,-9720.69,0,30.885478915995648,191.00230382260463,941,11793.02,12825.070000000002,0.0,11793.02,12726.15,4655,2055,4655,0.6937406855439643,2055
train,1b6ba517,8611,11390.0,20000.0,0,2921424.35,2926065.5,0,1017159.79,1023619.3,0,-10230.61,-9304.04,0,32.508410789095656,189.7305027366317,3618,11172.71,12066.7,0.0,11172.71,12063.35,6597,2014,6597,0.7661131111369179,2014
train,1b82b665,5364,10203.0,15566.0,0,2999681.82,3001369.92,0,1122874.22,1127416.16,0,-9042.31,-8131.34,0,30.396595382524456,156.26352500889234,539,10126.72,10853.320000000002,0.0,10126.72,10847.28,3806,1558,3806,0.709545115585384,1558
train,1bcb2fcf,6202,11737.0,17938.0,0,3012776.3,3014787.98,0,1094173.79,1099511.44,0,-10300.08,-9600.38,0,31.35184662960264,170.81175987357943,450,11929.01,12568.8,0.0,11929.01,12562.490000000002,4524,1678,4524,0.7294421154466301,1678
train,1beca81d,6650,10633.0,17282.0,0,2976240.94,2979325.3,0,1085842.09,1091156.35,0,-9233.7,-8354.19,0,36.833010671427935,156.41389839269826,2975,10759.05,11377.0,0.0,10759.05,11368.71,5036,1614,5036,0.7572932330827068,1614
train,1d3fbf02,4252,10940.0,15191.0,0,2965322.46,2965395.77,0,1061349.49,1065404.81,0,-9335.87,-8785.26,0,32.69461880033916,154.73959993859148,1406,11288.85,11767.08,0.0,11288.85,11763.2,2694,1558,2694,0.6335841956726247,1558
train,1d78281a,6810,11939.0,18748.0,0,2948383.48,2949769.97,0,1009246.34,1015271.12,0,-10954.13,-9870.91,0,43.555810384244175,164.3075493056963,1311,11918.4,12805.9,0.0,11918.4,12783.53,4949,1861,4949,0.7267254038179148,1861
train,1e30dedf,5474,10325.0,15798.0,0,2993563.11,2997516.11,0,1127688.92,1131320.64,0,-8493.21,-8191.23,0,18.4506705671711,110.37518197191616,2466,10298.16,10655.44,0.0,10298.16,10655.44,4071,1403,4071,0.7436974789915967,1403
train,1e5e3573,7126,11442.0,18567.0,0,3026564.36,3026652.46,0,1115099.95,1121774.41,0,-10180.11,-9281.28,0,26.84613438139357,143.88453511478602,4017,11483.7,12237.97,0.0,11483.7,12215.14,5480,1646,5480,0.7690148751052484,1646
train,1f9afacb,7054,11341.0,18394.0,0,3006129.96,3008473.15,0,1098234.28,1104381.25,0,-9918.79,-9192.42,0,31.01506536951325,191.3770510868829,2741,11172.070000000002,11958.08,0.0,11172.070000000002,11952.77,5328,1726,5328,0.755316132690672,1726
train,1fdbba44,6333,12425.0,18757.0,0,2947150.93,2949996.87,0,1015277.19,1020667.1,0,-10752.61,-10306.4,0,36.96528401153648,139.52797232865055,1226,12337.28,12816.12,0.0,12337.28,12803.78,4911,1422,4911,0.7754618664140218,1422
train,1fee2b62,6323,11571.0,17893.0,0,2995782.19,2997954.23,0,1070342.66,1075763.08,0,-10049.42,-9336.69,0,35.24368462277601,171.6365269614427,3507,11747.1,12524.86,0.0,11747.1,12510.64,4641,1682,4641,0.7339870314724023,1682
train,20096916,6880,11253.0,18132.0,0,2999593.04,3001648.84,0,1095686.1,1101746.3,0,-9834.25,-9086.9,0,41.42379018592528,195.32484448505727,3328,11111.23,11917.42,0.0,11111.23,11917.42,5133,1747,5133,0.7460755813953488,1747
train,200d233d,5896,11374.0,17269.0,0,3008624.11,3011307.13,0,1100400.01,1105082.54,0,-10085.87,-9225.92,0,32.89439002237964,139.2614994806584,388,11340.43,12059.31,0.0,11340.43,12056.38,3926,1970,3926,0.6658751696065129,1970
train,201661b5,8136,11665.0,19800.0,0,3026601.18,3026670.07,0,1107329.54,1114795.96,0,-10361.52,-9339.14,0,28.19947851671165,186.4100045603439,478,11048.2,12213.54,0.0,11048.2,12192.490000000002,5955,2181,5955,0.7319321533923304,2181
train,203721ab,7235,10575.0,17809.0,0,2899176.89,2903775.7,0,1020153.1,1025220.58,0,-9284.39,-8566.52,0,36.250356046606655,135.11368115581524,1449,10622.67,11209.59,0.0,10622.67,11203.14,5730,1505,5730,0.7919834139599171,1505
train,20402d71,7930,10359.0,18288.0,0,2880464.49,2885490.98,0,1021144.23,1026660.95,0,-8878.77,-8218.35,0,48.837822492983065,246.8132868433699,101,10286.45,10967.51,0.0,10286.45,10966.39,6372,1558,6372,0.803530895334174,1558
train,2043abc5,8513,10860.0,19372.0,0,2979821.17,2985275.91,0,1104167.95,1110387.27,0,-9059.35,-8550.01,0,31.963105068357468,186.58624845589745,5611,10897.61,11452.23,0.0,10897.61,11425.44,6958,1555,6958,0.8173381886526488,1555
train,204cc64b,6454,12018.0,18471.0,0,3020078.62,3023528.33,0,1082332.94,1087230.43,0,-10528.6,-9801.13,0,30.71345356068297,169.80477850840478,2118,11787.23,12569.320000000002,0.0,11787.23,12558.35,4805,1649,4805,0.7444995351719864,1649
train,206b6193,8568,10658.0,19225.0,0,2976356.37,2981701.01,0,1092917.8,1098929.02,0,-9178.77,-8438.59,0,38.44772725888605,156.4517001201028,317,10719.490000000002,11472.14,0.0,10719.490000000002,11472.14,6535,2033,6535,0.7627217553688141,2033
train,2075c696,5580,9733.0,15312.0,0,2900375.11,2902346.85,0,1036279.5,1040623.18,0,-9055.9,-7697.57,0,29.350022886273983,182.83197612579468,459,10082.98,11222.56,0.0,10082.98,11199.27,3188,2392,3188,0.571326164874552,2392
train,22c5f93f,6919,11158.0,18076.0,0,2999191.74,3001336.77,0,1095570.73,1101595.7,0,-9775.58,-8977.74,0,36.919506017909896,262.90490092793806,3805,11045.070000000002,11878.490000000002,0.0,11045.070000000002,11875.55,5172,1747,5172,0.747506865153924,1747
train,230eaaa3,6451,10388.0,16838.0,0,2980760.72,2984669.51,0,1096255.23,1100601.55,0,-9217.36,-8160.15,0,35.217611131468615,192.25567522538333,1177,10515.75,11484.240000000002,0.0,10515.75,11432.88,4690,1761,4690,0.7270190668113471,1761
train,2364716c,6093,10189.0,16281.0,0,2952570.09,2956215.85,0,1071457.83,1075623.55,0,-9016.36,-8002.030000000001,0,34.57245438712769,182.05547035592963,1690,10204.01,10995.46,0.0,10204.01,10967.56,4316,1777,4316,0.7083538486788118,1777
train,23b9beb0,8790,11101.0,19890.0,0,2984089.55,2987474.73,0,1078222.11,1085981.27,0,-9613.32,-8824.81,0,27.521842544202155,150.73698343042096,1856,10893.58,11403.740000000002,0.0,10893.58,11393.75,7340,1450,7340,0.8350398179749715,1450
train,24d8997e,5188,10365.0,15552.0,0,2915749.09,2918728.59,0,1046207.99,1049755.13,0,-9045.78,-8305.07,0,52.499802316143885,203.36550198610928,636,10473.35,11190.25,0.0,10473.35,11183.39,3442,1746,3442,0.6634541249036238,1746
train,25050f63,7155,10268.0,17422.0,0,2884459.11,2889118.39,0,1025198.87,1030183.4,0,-8856.38,-8189.700000000001,0,47.33528847986435,255.23984308312592,327,10252.06,10977.59,0.0,10252.06,10929.05,6124,1031,6124,0.8559049615653389,1031
train,25939962,6071,11619.0,17689.0,0,3011414.26,3013310.54,0,1093760.9,1098940.55,0,-10226.4,-9413.64,0,28.988158890777196,219.5691078211087,3520,11448.27,12274.45,0.0,11448.27,12257.51,4319,1752,4319,0.7114149234063581,1752
train,25fd32b3,4546,10551.0,15096.0,0,2916966.99,2919713.86,0,1041646.39,1044883.92,0,-9159.32,-8514.9,0,39.91829880195673,210.04954146988533,1039,10672.33,11196.52,0.0,10672.33,11196.52,2885,1661,2885,0.6346238451385834,1661
train,261785ee,5512,10633.0,16144.0,0,2987249.34,2989015.37,0,1089028.54,1093572.87,0,-9292.3,-8380.38,0,29.786621422917445,181.88851805058096,1824,10336.13,11320.17,0.0,10336.13,11319.490000000002,3646,1866,3646,0.6614658925979681,1866
train,264feceb,7408,10597.0,18004.0,0,2899336.93,2903911.6,0,1026541.57,1031684.72,0,-9281.51,-8554.56,0,38.12014944631884,149.2320980933282,308,10435.77,11209.35,0.0,10435.77,11209.35,5665,1743,5665,0.7647138228941684,1743
train,26623a50,7479,10868.0,18346.0,0,3000364.0,3001787.98,0,1109641.92,1116451.43,0,-9474.82,-8702.67,0,37.99449906243844,198.5409876823563,1973,10575.12,11387.02,0.0,10575.12,11387.02,5735,1744,5735,0.7668137451530953,1744
train,26d3a96a,6465,12018.0,18482.0,0,3019706.06,3023065.81,0,1082151.35,1087095.97,0,-10581.0,-9844.56,0,34.69986604370775,206.95149439714143,2059,11871.68,12647.26,0.0,11871.68,12631.820000000002,4721,1744,4721,0.7302397525135345,1744
train,272abef3,5682,11125.0,16806.0,0,2992920.17,2994859.38,0,1091024.12,1095948.9,0,-9667.57,-8888.86,0,39.55757158373585,175.34056900950335,262,10855.88,11455.98,0.0,10855.88,11455.98,4135,1547,4135,0.7277367124252024,1547
train,27300fd5,7386,11899.0,19284.0,0,3012822.02,3016355.47,0,1080567.67,1086570.78,0,-10334.09,-9589.9,0,26.68033180895021,289.1177774206242,249,11794.58,12587.45,0.0,11794.58,12561.35,5467,1919,5467,0.74018413214189,1919
train,276b012a,6291,12075.0,18365.0,0,3008735.44,3012385.11,0,1069160.18,1073909.23,0,-10467.97,-9781.6,0,26.906884321477097,236.72835515386905,928,11965.77,12454.93,0.0,11965.77,12419.46,4837,1454,4837,0.7688761723096487,1454
train,27c3155b,6941,11689.0,18629.0,0,3033444.8,3037952.91,0,1090915.36,1095230.2,0,-10674.71,-9586.68,0,30.759426229082926,196.3069718371006,232,11737.42,12757.37,0.0,11737.42,12756.28,4958,1983,4958,0.7143062959227777,1983
train,27ebb9b9,7651,11445.0,19095.0,0,2919547.59,2923871.54,0,1015993.27,1021697.84,0,-10098.42,-9324.3,0,30.01742240712077,219.7910304136776,1475,11120.89,11955.02,0.0,11120.89,11938.34,5766,1885,5766,0.7536269768657692,1885
train,283269ac,4567,10416.0,14982.0,0,2978108.85,2980724.04,0,1097313.3,1100326.37,0,-9066.58,-8186.16,0,29.34779465416925,206.4451798849015,2676,10534.55,11452.75,0.0,10534.55,11452.21,2626,1941,2626,0.5749945259470112,1941
train,28473855,6620,10161.0,16780.0,0,2960546.4,2964437.47,0,1077322.16,1081766.93,0,-9029.52,-7963.15,0,38.62905556927015,216.334649088166,201,9864.490000000002,10998.22,0.0,9864.490000000002,10984.14,4290,2330,4290,0.648036253776435,2330
train,28f4eda9,6824,10580.0,17403.0,0,2883640.47,2888231.99,0,1024634.36,1029475.07,0,-8838.5,-8455.17,0,39.56740542222804,297.4562544006028,1508,10544.87,10953.31,0.0,10544.87,10953.31,5266,1558,5266,0.7716881594372802,1558
train,29b24409,7417,10530.0,17946.0,0,2903080.61,2907562.98,0,1034502.73,1039766.9,0,-9174.08,-8458.45,0,35.864081638176785,233.01166491236492,4164,10464.39,11221.92,0.0,10464.39,11202.39,5587,1830,5587,0.75326951597681,1830
train,29de15c8,5164,11087.0,16250.0,0,3012246.63,3012497.55,0,1115393.79,1120098.71,0,-9631.3,-8914.07,0,36.81115073148671,173.29907460452822,213,11348.15,11992.54,0.0,11348.15,11992.54,3431,1733,3431,0.6644074360960496,1733
train,2ab29395,3325,11626.0,14950.0,0,2998997.85,3000355.26,0,1086634.95,1089519.07,0,-9875.8,-9387.97,0,36.03854744239686,163.49777155945222,992,11853.56,12216.21,0.0,11853.56,12216.21,1852,1473,1852,0.5569924812030075,1473
train,2ac7cb6b,6451,10424.0,16874.0,0,2992034.11,2993987.4,0,1121640.59,1127513.52,0,-8765.09,-8267.8,0,32.623186870132045,163.9593466275509,268,10349.29,10899.91,0.0,10349.29,10881.41,4990,1461,4990,0.7735234847310495,1461
train,2acc78d4,6109,11146.0,17254.0,0,3008478.21,3008599.72,0,1105301.76,1110844.86,0,-9895.99,-8931.99,0,40.366470567187065,226.97003619893871,3655,11085.6,11890.83,0.0,11085.6,11866.41,4266,1843,4266,0.6983139630054018,1843
train,2b034622,6761,9491.0,16251.0,0,2856110.7,2860169.11,0,1040863.59,1045783.52,0,-7971.66,-7344.709999999999,0,32.524577472364335,154.30055426031768,1846,9467.05,10072.18,0.0,9467.05,10072.18,5203,1558,5203,0.7695607158704334,1558
train,2b06ad65,5706,11275.0,16980.0,0,3011674.7,3011810.14,0,1115425.28,1120883.2,0,-9569.82,-9082.98,0,36.014731624727574,147.29790925122984,234,11448.94,11960.62,0.0,11448.94,11960.62,4256,1450,4256,0.745881528215913,1450
train,2b547943,5131,11261.0,16391.0,0,2999756.7,3001521.58,0,1085652.77,1089901.19,0,-9928.2,-9049.61,0,33.80967852854409,165.46464702671977,1628,11478.63,12226.18,0.0,11478.63,12209.740000000002,3480,1651,3480,0.678230364451374,1651
train,2be5c96a,5753,11253.0,17005.0,0,2996847.6,3000621.97,0,1090530.93,1094335.43,0,-9769.89,-8953.7,0,37.98260691206025,198.81503863532305,4198,11192.78,11808.570000000002,0.0,11192.78,11797.61,4210,1543,4210,0.7317921084651486,1543
train,2bff06cf,9174,10086.0,19259.0,0,2919715.34,2925488.57,0,1055780.31,1062194.26,0,-8806.13,-8004.33,0,31.58474390403956,154.01976670224505,4364,10160.0,11048.66,0.0,10160.0,11004.13,7624,1550,7624,0.8310442555046872,1550
train,2c0c4a4e,6719,10256.0,16974.0,0,2957057.92,2961080.3,0,1074677.86,1079435.66,0,-9038.77,-8079.33,0,28.44619000428359,202.3865661950188,351,10211.19,10981.41,0.0,10211.19,10981.41,4790,1929,4790,0.7129037059086174,1929
train,2cee0cba,7335,10202.0,17536.0,0,2894211.7,2898629.66,0,1031543.31,1036726.17,0,-9073.99,-8097.360000000001,0,40.654167470536336,185.11383405536083,3135,10463.67,11246.740000000002,0.0,10463.67,11246.740000000002,5500,1835,5500,0.7498295841854125,1835
train,2d0c268a,6289,10670.0,16958.0,0,3002585.67,3002839.16,0,1116598.81,1122339.16,0,-9228.32,-8446.57,0,37.5135824089296,176.2149744201674,1639,10541.83,11335.92,0.0,10541.83,11335.92,4550,1739,4550,0.7234854507870886,1739
train,2d179ded,9225,9695.0,18919.0,0,2865423.05,2871089.88,0,1025151.28,1031552.1,0,-8584.63,-7574.709999999999,0,32.23205437667198,182.93868700273285,3872,9719.41,10715.19,0.0,9719.41,10715.19,7008,2217,7008,0.7596747967479675,2217
train,2d196986,8316,10447.0,18762.0,0,2909330.74,2914375.53,0,1037361.9,1043292.13,0,-9168.42,-8405.72,0,41.87696158525051,305.390825491414,100,10426.18,11209.96,0.0,10426.18,11205.81,6474,1842,6474,0.7784992784992785,1842
train,2d2d0c6b,6967,10308.0,17274.0,0,2918851.98,2923656.06,0,1042085.96,1046294.61,0,-9194.99,-8244.3,0,44.170816753161525,215.25596420939087,4217,10404.27,11199.26,0.0,10404.27,11193.320000000002,5045,1922,5045,0.7241280321515717,1922
train,2d35f86d,6628,11159.0,17786.0,0,2999153.43,3001504.99,0,1102458.94,1108224.45,0,-9676.23,-9001.9,0,47.507998764044906,257.00334933481355,1604,11191.34,11893.88,0.0,11191.34,11885.35,4896,1732,4896,0.7386843693421846,1732
train,2d9f6cb9,8627,12362.0,20988.0,0,3006881.16,3010015.09,0,1074649.75,1082579.04,0,-10358.54,-10061.63,0,37.996888523167314,193.22173181510405,331,12200.01,12540.86,0.0,12200.01,12529.17,7338,1289,7338,0.8505853715080561,1289
train,2ddad940,6812,10925.0,17736.0,0,2971493.74,2975319.09,0,1061029.08,1066172.97,0,-9590.77,-8772.27,0,46.02497310556818,249.62015981273225,1060,11108.76,11713.52,0.0,11108.76,11701.37,5331,1481,5331,0.7825895478567234,1481
train,2e29e833,7254,11598.0,18851.0,0,3023272.78,3023305.99,0,1108114.97,1114895.81,0,-10161.79,-9377.21,0,27.527654233210907,149.94676618256278,312,11343.75,12159.46,0.0,11343.75,12151.46,5428,1826,5428,0.7482768127929418,1826
train,2e43c2ea,7349,10438.0,17786.0,0,2912606.04,2916948.48,0,1043528.2,1048757.87,0,-9103.12,-8357.43,0,47.70627676224028,210.0574804033721,2457,10445.94,11203.31,0.0,10445.94,11203.31,5698,1651,5698,0.7753435841611104,1651
train,2e63d9de,6505,11770.0,18274.0,0,3022118.98,3025635.42,0,1092690.38,1097499.9,0,-10644.51,-9704.14,0,36.06731084476103,215.61220040186384,964,11743.54,12554.21,0.0,11743.54,12533.92,4699,1806,4699,0.7223674096848578,1806
train,2ee0235b,7256,10641.0,17896.0,0,2899201.99,2903580.22,0,1026115.55,1031309.04,0,-9260.12,-8571.28,0,36.74026378636587,180.1233197374536,818,10454.83,11193.43,0.0,10454.83,11191.42,5556,1700,5556,0.7657111356119074,1700
train,2f19d536,4744,11964.0,16707.0,0,3001149.9,3003835.25,0,1075591.32,1079255.9,0,-10193.8,-9710.61,0,37.170847862538295,170.50469916038676,1454,11732.93,12282.29,0.0,11732.93,12282.29,3088,1656,3088,0.6509274873524452,1656
train,2f8e53c3,4133,11532.0,15664.0,0,3011769.76,3011950.74,0,1106739.53,1110561.29,0,-9885.11,-9244.35,0,32.913165208007364,183.19716062943093,1455,11409.78,11956.2,0.0,11409.78,11953.43,2594,1539,2594,0.6276312605855311,1539
train,2fa01aa6,3860,12059.0,15918.0,0,3022072.71,3024142.09,0,1085497.61,1088136.67,0,-10705.04,-9919.41,0,36.72560519718991,197.1705137250996,1031,11948.71,12736.570000000002,0.0,11948.71,12736.570000000002,2174,1686,2174,0.5632124352331607,1686
train,2fd68f7b,6381,10074.0,16454.0,0,2997402.82,2999343.73,0,1122326.53,1127840.23,0,-9018.9,-7986.83,0,27.041657976332125,158.32806764838182,3590,10078.54,10885.76,0.0,10078.54,10813.26,4730,1651,4730,0.7412631249020529,1651
train,2fe023be,6060,10960.0,17019.0,0,2987910.93,2990180.32,0,1089270.56,1094267.95,0,-9480.28,-8682.28,0,34.753799624947554,152.5834627369273,2501,10566.3,11461.96,0.0,10566.3,11444.45,4221,1839,4221,0.6965346534653465,1839
train,30d75030,5009,10578.0,15586.0,0,2991714.42,2992012.21,0,1113862.7,1118597.6,0,-8936.25,-8418.21,0,32.25228442868501,225.54508494306432,874,10310.21,10893.27,0.0,10310.21,10885.83,3404,1605,3404,0.6795767618287083,1605
train,310c71a5,6988,10515.0,17502.0,0,2903040.49,2907298.67,0,1032190.02,1037097.29,0,-9225.52,-8494.87,0,39.424238267856886,220.2378328793722,942,10401.06,11202.23,0.0,10401.06,11182.06,5245,1743,5245,0.7505724098454494,1743
train,32fe84c9,8163,11264.0,19426.0,0,2984564.94,2984699.76,0,1065198.4,1072864.37,0,-9883.78,-9013.84,0,42.80915618695687,142.4230332316625,1203,11430.93,12133.01,0.0,11430.93,12133.01,6408,1755,6408,0.7850055126791621,1755
train,33c40295,5989,10880.0,16868.0,0,2986136.8,2988243.43,0,1085979.99,1090972.78,0,-9465.64,-8674.84,0,34.95897059777193,168.26917847727557,445,10616.48,11417.740000000002,0.0,10616.48,11417.740000000002,4169,1820,4169,0.6961095341459342,1820
train,3407f5bf,5309,10413.0,15721.0,0,2928499.02,2931661.08,0,1051855.18,1055640.54,0,-9057.91,-8302.12,0,29.93932905119812,139.05555842454064,2162,10393.87,11025.52,0.0,10393.87,11025.52,3638,1671,3638,0.6852514597852702,1671
train,3417285d,7458,11261.0,18718.0,0,2983218.97,2984463.62,0,1055635.84,1062205.24,0,-10050.89,-9066.18,0,26.160549463269803,126.25308654012818,599,11137.85,12210.62,0.0,11137.85,12164.85,5449,2009,5449,0.7306248323947439,2009
train,347242c8,5437,10912.0,16348.0,0,3014077.15,3015982.19,0,1115018.08,1119483.85,0,-9815.79,-8789.87,0,13.880160918435658,145.02585744526516,263,11252.85,12047.18,0.0,11252.85,12047.18,3595,1842,3595,0.6612102262276991,1842
train,353e5502,7901,10432.0,18332.0,0,2917845.23,2922588.29,0,1046947.04,1052536.17,0,-9109.14,-8273.85,0,46.38196895629675,224.11287586210625,1218,10353.06,11201.09,0.0,10353.06,11189.8,6062,1839,6062,0.7672446525756234,1839
train,357c12f9,5770,10137.0,15906.0,0,2937744.89,2940925.94,0,1064281.12,1068394.91,0,-8809.38,-8025.25,0,34.70297130726113,166.10781910700848,640,9808.64,10797.95,0.0,9808.64,10784.73,4079,1691,4079,0.7069324090121317,1691
train,3584a6eb,6150,11549.0,17698.0,0,3009035.05,3011046.23,0,1092692.4,1097952.74,0,-10112.65,-9356.53,0,28.90474083491074,175.49306935481522,1080,11463.46,12224.01,0.0,11463.46,12224.01,4494,1656,4494,0.7307317073170732,1656
train,35b30c7f,11270,10093.0,21362.0,0,2949953.63,2956979.61,0,1071659.92,1079680.74,0,-9037.71,-7866.5,0,34.9754637102754,195.2318916942422,4797,10354.33,11005.45,0.0,10354.33,11003.070000000002,9579,1691,9579,0.8499556344276841,1691
train,35b3ef6a,5736,10181.0,15916.0,0,2935036.59,2938546.84,0,1069371.8,1073440.72,0,-8606.65,-7992.85,0,37.1677450938789,142.13221040529615,2047,10145.51,10799.36,0.0,10145.51,10799.36,3904,1832,3904,0.6806136680613668,1832
train,367456ce,7312,10301.0,17612.0,0,2994968.11,2997282.57,0,1115337.45,1121737.55,0,-9099.96,-8126.299999999999,0,36.594129274653966,188.42505588575213,2520,10171.46,10893.35,0.0,10171.46,10893.35,5569,1743,5569,0.7616247264770241,1743
train,368131f9,6568,11411.0,17978.0,0,2997074.55,2999315.4,0,1101522.38,1107371.67,0,-9641.37,-9152.38,0,49.21175705726555,226.77533735586957,3989,11387.7,11914.56,0.0,11387.7,11890.45,4991,1577,4991,0.7598964677222899,1577
train,368fe682,6416,10730.0,17145.0,0,2898541.35,2902555.72,0,1026383.45,1030979.52,0,-9217.75,-8701.21,0,34.69568442752105,269.98235676586825,234,10753.59,11304.63,0.0,10753.59,11289.44,4936,1480,4936,0.7693266832917706,1480
train,3690a146,5761,10326.0,16086.0,0,2909752.96,2913248.84,0,1036434.0,1040261.61,0,-9191.81,-8257.96,0,27.539316496101424,142.18282597422686,960,10396.56,11209.41,0.0,10396.56,11208.570000000002,4073,1688,4073,0.7069953133136608,1688
train,37344c2a,6943,10313.0,17255.0,0,2917876.6,2922406.04,0,1040502.88,1044965.73,0,-9203.77,-8279.97,0,28.63494886672831,124.43041847380547,977,10311.97,11052.94,0.0,10311.97,11016.71,5197,1746,5197,0.748523692928129,1746
train,373ef48b,4992,10797.0,15788.0,0,2904213.89,2907411.44,0,1023936.49,1027398.68,0,-9431.66,-8735.7,0,28.32489775935501,243.14514382248987,1949,10628.490000000002,11194.17,0.0,10628.490000000002,11183.44,3509,1483,3509,0.7029246794871795,1483
train,374be387,11802,10080.0,21881.0,0,2868947.04,2876358.29,0,1025825.95,1034303.06,0,-8699.55,-7901.719999999999,0,33.72332348040078,178.23594487685529,6974,9880.94,10721.320000000002,0.0,9880.94,10715.35,9965,1837,9965,0.8443484155227927,1837
train,37d36812,6017,11654.0,17670.0,0,3007076.5,3009944.31,0,1092539.58,1097262.72,0,-10102.49,-9383.82,0,38.86443551880669,155.56768390130546,1368,11502.47,12243.55,0.0,11502.47,12225.44,4367,1650,4367,0.7257769652650823,1650
train,38991fd4,6545,10437.0,16981.0,0,2931653.11,2935712.43,0,1055232.09,1059653.53,0,-9050.94,-8277.31,0,29.370303675240397,211.0848718545098,1684,10392.78,11221.52,0.0,10392.78,11221.48,4798,1747,4798,0.7330786860198625,1747
train,389ae58f,8201,10817.0,19017.0,0,2970934.82,2975611.92,0,1065587.65,1071695.54,0,-9557.65,-8598.93,0,25.39679533074358,159.0528114357585,1530,10898.46,11775.87,0.0,10898.46,11707.31,6463,1738,6463,0.7880746250457261,1738
train,3932faa6,7388,11492.0,18879.0,0,2918601.21,2922884.32,0,1015790.87,1021135.79,0,-10194.2,-9383.87,0,33.55738442804858,212.4038101459225,2149,11084.64,12058.92,0.0,11084.64,12058.92,5452,1936,5452,0.7379534380075798,1936
train,398dce4b,5005,10065.0,15069.0,0,2951327.89,2954283.36,0,1083611.06,1086961.39,0,-8629.42,-7832.59,0,30.924454036872344,210.76879666265475,2215,10004.59,10834.02,0.0,10004.59,10829.13,3166,1839,3166,0.6325674325674325,1839
train,39b51819,6382,10351.0,16732.0,0,2918643.15,2922613.13,0,1049091.49,1053323.53,0,-9012.63,-8263.97,0,29.736321320549507,159.3066898348269,3382,10266.91,10991.990000000002,0.0,10266.91,10991.990000000002,4231,2151,4231,0.6629583202757756,2151
train,3a0af893,4580,11968.0,16547.0,0,3019518.64,3022261.73,0,1105388.24,1108789.35,0,-10276.7,-9844.44,0,29.62426708877185,154.18084462110804,2242,11716.0,12216.83,0.0,11716.0,12191.56,2927,1653,2927,0.6390829694323145,1653
train,3a223519,6581,11859.0,18439.0,0,2944909.41,2946391.01,0,1009287.73,1015039.07,0,-10976.67,-9815.06,0,34.78333587622619,154.2181471914013,807,11877.58,12822.85,0.0,11877.58,12822.85,4583,1998,4583,0.6963987235982374,1998
train,3a7dd95d,4320,11008.0,15327.0,0,2914673.66,2917570.67,0,1030517.86,1033504.45,0,-9442.24,-8983.19,0,32.31830522405341,158.59512696042103,1853,11452.31,11901.73,0.0,11452.31,11896.11,3072,1248,3072,0.7111111111111111,1248
train,3a824aa7,5678,11895.0,17572.0,0,3010566.68,3012400.71,0,1093533.45,1098599.86,0,-10166.04,-9634.49,0,32.22217065364611,230.0263560908298,2653,11671.45,12214.67,0.0,11671.45,12213.02,4201,1477,4201,0.7398731947868968,1477
train,3a86fe8d,6572,10976.0,17547.0,0,2988684.38,2990786.26,0,1095570.24,1101380.8,0,-9435.67,-8712.39,0,28.76904339036789,169.93391468471964,2961,10905.0,11487.2,0.0,10905.0,11487.2,5118,1454,5118,0.7787583688374924,1454
train,3aaa2b30,6396,10419.0,16814.0,0,2991484.33,2992608.53,0,1114139.04,1120062.5,0,-9018.91,-8209.56,0,28.757019536183886,178.59009443815708,1788,10333.81,10915.86,0.0,10333.81,10902.34,4711,1685,4711,0.7365540963101939,1685
train,3ac16ad0,7412,10152.0,17563.0,0,2888529.56,2893355.05,0,1019555.49,1024390.62,0,-9042.82,-8105.34,0,42.49865633447549,237.07081786580895,1847,10184.63,10985.26,0.0,10184.63,10972.7,5649,1763,5649,0.7621424716675661,1763
train,3b21ea64,9103,11864.0,20966.0,0,3007304.6,3010422.66,0,1074651.56,1082748.3,0,-10252.5,-9560.44,0,24.59203856455947,183.8489070063065,499,11704.75,12439.7,0.0,11704.75,12425.93,7376,1727,7376,0.8102823245084039,1727
train,3bbe1f5d,8184,10478.0,18661.0,0,2903833.27,2908904.61,0,1025390.2,1031100.01,0,-9457.14,-8448.39,0,29.15878652918935,189.3529243660877,3316,10457.75,11210.68,0.0,10457.75,11197.52,6918,1266,6918,0.8453079178885631,1266
train,3bfee975,5088,11592.0,16679.0,0,3000380.78,3002069.7,0,1085886.68,1090364.59,0,-9900.35,-9264.13,0,36.45489582791467,201.60856087068512,2941,11697.41,12178.58,0.0,11697.41,12176.31,3603,1485,3603,0.7081367924528302,1485
train,3c3dbcbc,6911,11158.0,18068.0,0,2999952.72,3001962.13,0,1095812.08,1101879.87,0,-9785.5,-8979.84,0,38.5722057786887,200.5488768643761,3680,11051.240000000002,11877.65,0.0,11051.240000000002,11860.06,5069,1842,5069,0.7334683837360729,1842
train,3d96d897,7147,10716.0,17862.0,0,2905870.8,2910383.72,0,1026922.95,1031971.77,0,-9474.12,-8678.46,0,37.43505416480402,210.17521412835987,478,10635.15,11207.28,0.0,10635.15,11202.66,5659,1488,5659,0.7918007555617742,1488
train,3df4b19e,6658,10850.0,17507.0,0,3006017.64,3006162.05,0,1116433.37,1122606.65,0,-9386.97,-8695.57,0,33.17604942184535,189.2461743902038,1868,10634.740000000002,11388.27,0.0,10634.740000000002,11383.990000000002,4988,1670,4988,0.7491739261039351,1670
train,3e011332,4842,10558.0,15399.0,0,2984883.78,2986389.99,0,1085379.07,1089198.28,0,-9437.47,-8377.16,0,36.38798157619414,165.9868481340554,92,10352.31,11463.240000000002,0.0,10352.31,11429.740000000002,2723,2119,2723,0.5623709211069806,2119
train,3e678ea7,8737,11934.0,20670.0,0,3016370.56,3019244.78,0,1087425.53,1095175.26,0,-10526.74,-9630.9,0,33.33451925039544,175.43359169599137,3371,11854.46,12551.13,0.0,11854.46,12533.05,6858,1879,6858,0.7849376216092481,1879
train,3ef6372a,6666,10353.0,17018.0,0,2981085.74,2985109.22,0,1096526.76,1101078.55,0,-9156.85,-8119.27,0,37.35222902474263,195.33937566779852,259,10548.11,11425.18,0.0,10548.11,11417.01,4727,1939,4727,0.7091209120912091,1939
train,3ef98781,5343,11275.0,16617.0,0,3012051.55,3012168.31,0,1115377.46,1120431.45,0,-9596.8,-9111.28,0,35.58526719328013,140.60266532359498,210,11493.91,11969.85,0.0,11493.91,11969.85,3892,1451,3892,0.728429721130451,1451
train,3f603129,6599,10323.0,16921.0,0,3005052.48,3006354.92,0,1130105.94,1136223.41,0,-8963.95,-8191.110000000001,0,48.49342791245832,210.5590221553822,1986,10462.52,11018.37,0.0,10462.52,10980.38,5051,1548,5051,0.7654190028792242,1548
train,404c4384,2612,10243.0,12854.0,0,2955073.23,2956494.76,0,1085438.49,1087037.95,0,-8656.85,-7939.4,0,36.27904408052175,168.515591116969,515,10083.09,10819.35,0.0,10083.09,10817.41,911,1701,911,0.3487748851454824,1701
train,4121c517,5471,10267.0,15737.0,0,3007147.16,3008373.68,0,1128825.33,1133647.57,0,-9006.32,-8218.1,0,47.46542462385536,258.42286739654577,1794,10078.56,10968.04,0.0,10078.56,10947.09,3723,1748,3723,0.6804971668799122,1748
train,41fb0192,4381,12056.0,16436.0,0,3006235.14,3008491.68,0,1073979.64,1077399.65,0,-10424.18,-9793.65,0,32.754403973693535,153.92937796912858,257,12136.78,12601.66,0.0,12136.78,12593.8,2973,1408,2973,0.6786121889979456,1408
train,42669188,6080,10647.0,16726.0,0,2968183.09,2971388.45,0,1060599.85,1065108.51,0,-9362.83,-8525.96,0,25.44793674503736,167.62634101679896,454,10807.0,11624.16,0.0,10807.0,11624.16,4282,1798,4282,0.7042763157894737,1798
train,42c538a1,4762,11009.0,15770.0,0,2907458.31,2910486.94,0,1020466.86,1023850.36,0,-9519.51,-9039.39,0,32.32899274783305,198.489752299394,1072,10836.87,11318.81,0.0,10836.87,11292.97,3279,1483,3279,0.6885762284754305,1483
train,43b06c70,6590,11280.0,17869.0,0,3004283.6,3006368.81,0,1104860.43,1110549.04,0,-9836.37,-9082.32,0,29.90442348075918,196.8897243533723,1012,11120.93,11919.85,0.0,11120.93,11903.54,4846,1744,4846,0.7353566009104704,1744
train,43c7f85a,7484,10429.0,17912.0,0,2885816.29,2890532.64,0,1016535.84,1021929.64,0,-9121.5,-8337.75,0,47.89834908359114,186.7664309228399,3650,10419.02,10978.5,0.0,10419.02,10976.96,5978,1506,5978,0.7987707108498129,1506
train,43e16325,5845,10270.0,16114.0,0,2927209.0,2931178.75,0,1047305.97,1050708.5,0,-9252.16,-8192.86,0,25.765246239431782,153.5974478748842,1034,9949.65,11036.23,0.0,9949.65,10952.65,3720,2125,3720,0.6364414029084687,2125
train,44441e54,5568,11670.0,17237.0,0,3011706.44,3011950.34,0,1105173.51,1110542.48,0,-9943.26,-9380.62,0,31.241591778250825,163.68809838346573,2002,11550.85,11976.91,0.0,11550.85,11973.59,4357,1211,4357,0.782507183908046,1211
train,445af6c2,7998,10297.0,18294.0,0,2907266.44,2912184.29,0,1032261.93,1037843.06,0,-9325.37,-8216.56,0,36.557356743323616,152.06066179124795,1167,10310.51,11225.990000000002,0.0,10310.51,11223.73,6041,1957,6041,0.7553138284571143,1957
train,4463446c,4729,10423.0,15151.0,0,2945047.59,2947983.86,0,1070843.52,1074311.96,0,-8825.71,-8233.15,0,31.241702797543148,157.87791795399667,891,10125.76,10542.53,0.0,10125.76,10529.79,3256,1473,3256,0.6885176570099387,1473
train,44a94013,6492,10465.0,16956.0,0,2886505.26,2891012.98,0,1027725.15,1032077.88,0,-8884.55,-8384.79,0,37.25403297196005,189.83121212917877,1573,10422.66,10953.08,0.0,10422.66,10953.08,4903,1589,4903,0.7552372150338879,1589
train,45fb3e21,5626,10866.0,16491.0,0,2989709.53,2991519.58,0,1090197.16,1094878.76,0,-9551.38,-8618.46,0,31.381376379174128,161.22541992970193,2685,10516.240000000002,11477.1,0.0,10516.240000000002,11477.1,3649,1977,3649,0.6485958051901884,1977
train,460f859e,4982,10460.0,15441.0,0,2913098.0,2915980.42,0,1038543.8,1041975.13,0,-9165.05,-8381.22,0,48.52189709717632,233.16414223584528,2850,10560.39,11244.820000000002,0.0,10560.39,11214.37,3336,1646,3336,0.6696105981533521,1646
train,4630ab92,5307,11351.0,16657.0,0,3012797.22,3014485.79,0,1100359.79,1104767.78,0,-10145.49,-9254.8,0,29.40105550763051,190.4733669825803,1304,11064.4,12027.45,0.0,11064.4,12026.48,3373,1934,3373,0.635575654795553,1934
train,463c38f2,6048,10775.0,16822.0,0,2933165.07,2937098.11,0,1056519.16,1060880.8,0,-9027.78,-8616.0,0,32.961965085313416,160.02587196123451,1246,10730.92,11195.45,0.0,10730.92,11195.45,4460,1588,4460,0.7374338624338624,1588
train,4654e7de,7010,10732.0,17741.0,0,2906951.58,2911431.08,0,1027983.86,1032888.39,0,-9488.79,-8676.44,0,38.54378757181375,200.3253544950564,346,10620.98,11234.02,0.0,10620.98,11220.92,5373,1637,5373,0.7664764621968616,1637
train,466fc788,7767,11424.0,19190.0,0,3007804.65,3011428.41,0,1098687.0,1104919.55,0,-10052.76,-9242.97,0,31.44620327093497,183.75687837954564,3535,11141.52,12024.490000000002,0.0,11141.52,12009.14,6197,1570,6197,0.7978627526715592,1570
train,46a301e9,9962,10125.0,20086.0,0,2971114.38,2977166.29,0,1092007.46,1099255.8,0,-8869.38,-7834.799999999999,0,28.98666674167866,229.8857067371266,4381,10257.71,10974.4,0.0,10257.71,10973.64,8226,1736,8226,0.8257378036538847,1736
train,46a7190b,5646,12141.0,17786.0,0,3025095.03,3025715.58,0,1094858.17,1100150.84,0,-10594.96,-9989.85,0,32.624938948862216,233.2746361469518,2003,11973.95,12517.06,0.0,11973.95,12500.95,4215,1431,4215,0.7465462274176408,1431
train,46d24a09,6123,12269.0,18391.0,0,2947526.24,2950215.96,0,1015519.87,1020663.56,0,-10689.81,-10120.64,0,38.2466410042884,175.71912352390413,1230,12162.28,12779.66,0.0,12162.28,12756.59,4449,1674,4449,0.7266046055854973,1674
train,46d41ff6,9226,11665.0,20890.0,0,2990320.35,2993580.25,0,1063143.59,1071536.43,0,-10160.27,-9468.27,0,36.24134229429249,156.6938967946555,2834,11682.29,12078.86,0.0,11682.29,12070.71,7901,1325,7901,0.8563841318014307,1325
train,46dfcfca,4921,12164.0,17084.0,0,3024765.93,3025275.46,0,1095418.04,1100029.49,0,-10603.14,-10014.58,0,32.93249211348133,196.28609722509572,2266,12030.06,12526.15,0.0,12030.06,12482.81,3606,1315,3606,0.7327778906726276,1315
train,47222616,5835,11867.0,17701.0,0,3008705.72,3010739.45,0,1092537.74,1097815.06,0,-10099.46,-9672.29,0,30.47275677348539,148.8117447343213,969,11775.81,12224.91,0.0,11775.81,12214.75,4406,1429,4406,0.7550985432733505,1429
train,47ee27ab,8274,10367.0,18640.0,0,2978421.19,2983420.07,0,1103283.37,1109081.94,0,-8960.96,-8108.26,0,23.321152778764056,197.5770758530249,1450,10512.36,11383.6,0.0,10512.36,11383.6,6397,1877,6397,0.7731447909112884,1877
train,481de5fc,7694,11566.0,19259.0,0,2920703.32,2924898.3,0,1016103.77,1021914.49,0,-10256.24,-9510.38,0,41.219163579807386,179.64172784035458,2641,11278.79,12074.04,0.0,11278.79,12073.69,5952,1742,5952,0.7735898102417468,1742
train,48c1f673,4666,10021.0,14686.0,0,2995808.6,2998825.85,0,1128297.54,1131072.0,0,-8747.97,-7917.42,0,31.97082278490045,139.8157236411715,364,9975.04,10881.91,0.0,9975.04,10854.48,2917,1749,2917,0.6251607372481783,1749
train,4936af16,5559,10410.0,15968.0,0,2990817.72,2991103.46,0,1114984.91,1120179.45,0,-8890.57,-8150.94,0,29.79293090754321,234.2224296064678,2856,10294.1,10873.35,0.0,10294.1,10871.0,3991,1568,3991,0.717934880374168,1568
train,493b5b31,6884,11631.0,18514.0,0,3033318.15,3037821.26,0,1090786.59,1095096.57,0,-10621.62,-9516.59,0,27.354795385191192,217.70317213685803,290,11672.990000000002,12720.46,0.0,11672.990000000002,12702.37,4671,2213,4671,0.6785299244625218,2213
train,49dbc14c,5198,10506.0,15703.0,0,2910241.17,2913367.87,0,1043006.64,1046790.51,0,-9057.23,-8407.23,0,48.88375480925106,235.9094309362385,3170,10727.95,11208.09,0.0,10727.95,11199.1,3872,1326,3872,0.7449018853405156,1326
train,4a035ec2,4522,11719.0,16240.0,0,3005821.28,3008106.63,0,1073867.72,1077206.43,0,-10401.41,-9466.86,0,32.235095849847305,157.8985681500427,401,11795.22,12615.11,0.0,11795.22,12615.11,2588,1934,2588,0.572313135780628,1934
train,4a335117,6727,10196.0,16922.0,0,2912761.4,2916708.23,0,1044265.41,1049034.58,0,-9122.86,-8103.65,0,45.172196658681216,290.0012874137419,1801,10144.21,11237.240000000002,0.0,10144.21,11189.89,5015,1712,5015,0.7455031960755166,1712
train,4a8ecc0b,7374,11237.0,18610.0,0,3004017.47,3006401.04,0,1097635.87,1104041.7,0,-9904.94,-9117.61,0,41.407369853936544,219.2576869986105,135,11016.75,11889.01,0.0,11016.75,11869.86,5809,1565,5809,0.7877678329264985,1565
train,4b462989,4738,10352.0,15089.0,0,2925934.36,2928846.44,0,1055851.94,1059054.77,0,-8846.01,-8202.61,0,30.54249603405916,126.69897695184122,1742,10285.43,10982.94,0.0,10285.43,10976.77,3106,1632,3106,0.6555508653440271,1632
train,4b831d20,9433,11652.0,21084.0,0,3007914.33,3011029.44,0,1074908.41,1083023.74,0,-10410.51,-9357.99,0,27.407930802506023,170.0529252447651,349,11380.6,12565.66,0.0,11380.6,12565.66,7312,2121,7312,0.7751510654086717,2121
train,4c2208f5,7248,12073.0,19320.0,0,3032035.15,3037030.09,0,1089075.48,1093657.63,0,-10649.82,-9898.92,0,29.41329367023445,221.97419934420316,274,11914.89,12722.77,0.0,11914.89,12678.2,5384,1864,5384,0.7428256070640177,1864
train,4c3168cf,5959,11177.0,17135.0,0,3011505.86,3011625.84,0,1115512.99,1121099.01,0,-9595.0,-8982.47,0,30.47877880771486,174.86945197076426,1264,11335.04,12010.69,0.0,11335.04,12002.04,4334,1625,4334,0.7273032387984562,1625
train,4c3df468,6903,10533.0,17435.0,0,2883163.42,2887336.32,0,1014834.06,1019948.76,0,-9257.13,-8440.4,0,54.31884526924413,252.43448819670544,3344,10466.61,10978.56,0.0,10466.61,10950.44,5392,1511,5392,0.7811096624655947,1511
train,4caa7289,6854,10721.0,17574.0,0,2899848.2,2904113.99,0,1031006.27,1035971.39,0,-9177.27,-8680.91,0,30.847507416798127,182.02072257196772,3853,10692.01,11208.25,0.0,10692.01,11200.7,5396,1458,5396,0.787277502188503,1458
train,4cd1ac61,6709,11005.0,17713.0,0,3003572.88,3005791.63,0,1104489.14,1110131.12,0,-9754.0,-8799.95,0,24.676150367082663,230.7553520813676,729,10886.34,11876.44,0.0,10886.34,11859.88,4489,2220,4489,0.6691012073334327,2220
train,4cecf7b3,7676,11712.0,19387.0,0,3007404.2,3011081.15,0,1098578.47,1104927.05,0,-10117.62,-9557.22,0,31.39997739224142,135.8399679676413,3496,11504.09,12068.56,0.0,11504.09,12068.56,6019,1657,6019,0.7841323606044815,1657
train,4ddde4c1,6417,10165.0,16581.0,0,3006196.57,3007538.56,0,1129247.78,1134890.29,0,-8962.24,-8093.67,0,52.4533055655759,215.3596907184175,442,10042.84,10967.34,0.0,10042.84,10960.240000000002,4472,1945,4472,0.6968988623967586,1945
train,4e050c92,5236,11582.0,16817.0,0,3012274.35,3012460.86,0,1105156.37,1110051.88,0,-10052.21,-9356.81,0,38.1357475728915,164.65162878646154,906,11504.78,12051.3,0.0,11504.78,12049.0,3705,1531,3705,0.7076012223071046,1531
train,4ed93db6,6496,10710.0,17205.0,0,3007331.58,3007503.19,0,1116661.89,1122574.2,0,-9403.37,-8576.03,0,38.80266218517047,218.75982493407344,256,10496.88,11384.63,0.0,10496.88,11384.63,4657,1839,4657,0.7169027093596059,1839
train,4f3eb9e9,5911,11359.0,17269.0,0,3005270.06,3005464.36,0,1116796.89,1122654.12,0,-9312.89,-9115.05,0,32.86558737982425,192.46598587045855,331,11140.42,11404.12,0.0,11140.42,11357.320000000002,4697,1214,4697,0.7946201996278126,1214
train,4f4ac5ce,6899,10572.0,17470.0,0,2895265.97,2899543.05,0,1024491.72,1029406.54,0,-9164.15,-8526.39,0,38.10955703430923,212.54688806598705,3875,10556.01,11211.33,0.0,10556.01,11198.17,5162,1737,5162,0.7482243803449775,1737
train,4f4afcc6,7184,10665.0,17848.0,0,2905065.79,2909669.98,0,1026194.49,1031276.6,0,-9424.33,-8642.84,0,36.91538852246061,135.63358866446595,480,10617.93,11198.09,0.0,10617.93,11178.62,5645,1539,5645,0.7857739420935412,1539
train,4f69febf,7599,9828.0,17426.0,0,2883996.43,2888828.01,0,1024908.07,1029791.63,0,-8854.31,-7769.66,0,43.9198704035951,286.6764508583339,246,9828.42,10963.63,0.0,9828.42,10957.58,5460,2139,5460,0.718515594157126,2139
train,4fbe9c06,7938,10439.0,18376.0,0,2907446.64,2912415.48,0,1032622.49,1038066.46,0,-9332.72,-8352.62,0,35.658195618845674,168.5458811549165,4749,10473.18,11213.45,0.0,10473.18,11208.65,6287,1651,6287,0.7920131015369111,1651
train,504c8b08,8012,10468.0,18479.0,0,2910075.7,2914904.32,0,1037730.82,1043411.65,0,-9175.05,-8406.44,0,42.24191780064004,282.4060607892555,1479,10386.37,11225.47,0.0,10386.37,11225.47,6367,1645,6367,0.794682975536695,1645
train,511e1db0,5645,10141.0,15785.0,0,2936969.97,2940448.98,0,1059387.46,1063161.18,0,-9025.53,-7991.85,0,26.629557114899185,177.3222560523181,358,10488.73,11203.89,0.0,10488.73,11203.89,3821,1824,3821,0.6768821966341896,1824
train,512943b2,6681,10786.0,17466.0,0,3004500.45,3004782.61,0,1110949.95,1117089.66,0,-9510.04,-8608.9,0,37.29223209926201,199.41724332772216,4867,10607.19,11365.15,0.0,10607.19,11360.3,5029,1652,5029,0.7527316270019458,1652
train,5138a660,4829,11683.0,16511.0,0,3012680.87,3013461.2,0,1105196.78,1109802.8,0,-10095.71,-9498.3,0,31.48777843451773,152.6629454026761,1859,11635.18,12067.51,0.0,11635.18,12064.62,3559,1270,3559,0.7370055912197142,1270
train,516088b7,8300,10565.0,18864.0,0,2978966.35,2984083.91,0,1103857.03,1109745.98,0,-9053.44,-8333.68,0,30.11992472718127,183.9237956744899,4530,10736.7,11478.56,0.0,10736.7,11468.81,6645,1655,6645,0.8006024096385542,1655
train,521a7819,7224,10375.0,17598.0,0,2903303.06,2907622.96,0,1037643.45,1042630.0,0,-9092.9,-8222.05,0,30.34532560299932,181.8548912030961,1052,10335.77,11229.79,0.0,10335.77,11225.79,5200,2024,5200,0.7198228128460686,2024
train,5254b6db,5115,11477.0,16591.0,0,2918638.18,2922137.02,0,1013673.41,1016684.59,0,-10220.57,-9463.11,0,33.45756032911371,212.9600268567397,1089,11232.21,12052.36,0.0,11232.21,12042.06,3274,1841,3274,0.640078201368524,1841
train,529e88ca,5253,10004.0,15256.0,0,3001642.18,3005037.59,0,1136302.14,1139490.14,0,-8679.24,-7858.139999999999,0,49.2211303650221,266.8921034262338,2627,10155.92,11032.5,0.0,10155.92,11004.46,3417,1836,3417,0.6504854368932039,1836
train,52f1e77a,6053,11557.0,17609.0,0,3022970.91,3023063.96,0,1115260.63,1121071.1,0,-10075.72,-9429.28,0,31.13802271377953,122.99627015047405,367,11530.53,12047.25,0.0,11530.53,12024.5,4442,1611,4442,0.7338509829836445,1611
train,5305524b,6457,10527.0,16983.0,0,2886101.29,2890576.08,0,1027357.89,1031726.29,0,-8911.49,-8428.52,0,34.2632388082881,171.8721575826042,2103,10455.29,10975.83,0.0,10455.29,10975.83,4898,1559,4898,0.7585566052346291,1559
train,53134831,7214,11189.0,18402.0,0,3025582.38,3025817.26,0,1115129.86,1121711.44,0,-10095.37,-9068.96,0,24.692978309542603,191.0407955152369,3865,11290.4,12212.46,0.0,11290.4,12212.46,5126,2088,5126,0.7105627945661215,2088
train,5397ceb1,6811,11170.0,17980.0,0,2990460.75,2992846.0,0,1083535.32,1089508.6,0,-9727.93,-8936.65,0,29.67557623632542,165.45516154371126,542,10842.46,11433.070000000002,0.0,10842.46,11433.070000000002,5255,1556,5255,0.7715460284833358,1556
train,53f23031,10200,10901.0,21100.0,0,2984086.4,2988130.01,0,1077204.32,1085981.27,0,-9640.2,-8624.86,0,29.665284403863087,170.22578300029076,357,10693.22,11413.39,0.0,10693.22,11393.77,8550,1650,8550,0.8382352941176471,1650
train,543198e8,8311,10080.0,18390.0,0,2919016.26,2924232.47,0,1055879.32,1061631.07,0,-8747.94,-7961.48,0,30.153907537471344,140.7669983162246,2243,10152.62,11020.64,0.0,10152.62,10978.35,6503,1808,6503,0.782456984719047,1808
train,54753541,5679,10469.0,16147.0,0,2943312.1,2946936.2,0,1061891.72,1065913.58,0,-9020.26,-8323.37,0,32.89397581187819,147.46805300722738,1519,10269.13,10826.28,0.0,10269.13,10777.98,4026,1653,4026,0.7089276281035394,1653
train,54a7e3c2,7893,10480.0,18372.0,0,2967524.27,2972461.75,0,1095660.51,1101312.98,0,-8838.85,-8201.64,0,44.82627653920039,297.4465121784899,2444,10519.92,11176.88,0.0,10519.92,11159.12,6155,1738,6155,0.7798048904092234,1738
train,5542c301,5433,10124.0,15556.0,0,2925959.29,2929211.21,0,1056030.78,1059538.11,0,-8872.11,-8000.01,0,33.15052450022419,155.51768783898882,2487,10090.83,10996.4,0.0,10090.83,10996.4,3591,1842,3591,0.6609607951408062,1842
train,5567d551,8390,11038.0,19427.0,0,2986980.34,2991203.87,0,1101645.93,1108497.08,0,-9297.48,-8763.0,0,31.82908919250158,142.43213790105048,5358,10881.86,11429.83,0.0,10881.86,11429.83,6889,1501,6889,0.8210965435041716,1501
train,55efee7f,6577,10432.0,17008.0,0,2933488.85,2937490.0,0,1056605.37,1061250.96,0,-9045.37,-8292.08,0,29.36136264727675,279.462568431579,377,10403.5,11245.03,0.0,10403.5,11228.11,4801,1776,4801,0.7299680705488825,1776
train,5663b2b7,6907,11394.0,18300.0,0,2919787.58,2923616.01,0,1016054.38,1021007.29,0,-10233.66,-9299.47,0,34.52167273905775,201.5421000306802,1007,11130.5,12071.36,0.0,11130.5,12065.21,4972,1935,4972,0.7198494281164036,1935
train,5693dde2,4846,11655.0,16500.0,0,3019461.92,3022463.89,0,1110468.74,1113877.4,0,-10214.77,-9501.43,0,37.550512262305055,171.5690014656024,2524,11757.19,12251.38,0.0,11757.19,12251.38,3488,1358,3488,0.7197688815517953,1358
train,56b00794,7293,10688.0,17980.0,0,2917598.87,2922689.25,0,1040784.27,1045653.1,0,-9216.1,-8641.4,0,28.43437630273702,142.363358795185,3229,10585.55,11032.27,0.0,10585.55,10989.23,6065,1228,6065,0.8316193610311258,1228
train,57796579,7622,10428.0,18049.0,0,2935117.1,2939731.33,0,1058678.45,1064085.03,0,-9031.42,-8293.29,0,38.237781063195904,166.83963258895156,493,10342.23,11214.97,0.0,10342.23,11207.070000000002,5890,1732,5890,0.7727630543164524,1732
train,577eec7c,6085,9397.0,15481.0,0,2861125.39,2864795.39,0,1038265.66,1042585.59,0,-8197.02,-7313.68,0,34.19105682188815,194.99989986088167,1876,9425.83,10094.35,0.0,9425.83,10070.820000000002,4539,1546,4539,0.7459326211996713,1546
train,57f05c51,6478,11755.0,18232.0,0,3033690.27,3037914.21,0,1091162.32,1095270.65,0,-10621.82,-9665.19,0,33.45770784794291,221.22586193268444,382,11799.51,12727.97,0.0,11799.51,12687.240000000002,4771,1707,4771,0.7364927446742822,1707
train,58850d2c,6918,11873.0,18790.0,0,3026094.24,3026567.88,0,1093245.4,1099615.44,0,-10635.27,-9803.83,0,39.62357679101139,269.6177244212401,140,11727.36,12537.14,0.0,11727.36,12537.14,4995,1923,4995,0.7220294882914137,1923
train,58fa8486,6126,11573.0,17698.0,0,2918614.32,2922444.62,0,1014063.65,1018144.11,0,-10262.28,-9553.23,0,34.04089368786012,219.6088515631055,1630,11268.94,12058.92,0.0,11268.94,12054.65,4475,1651,4475,0.7304929807378387,1651
train,591cc951,6669,10346.0,17014.0,0,2934143.98,2938151.92,0,1057201.19,1061810.8,0,-9050.85,-8232.82,0,31.873791377598245,148.3914448226296,255,10344.490000000002,11220.12,0.0,10344.490000000002,11220.12,4609,2060,4609,0.6911081121607437,2060
train,593876b6,6366,11009.0,17374.0,0,3006319.58,3006913.25,0,1110884.86,1116908.12,0,-9605.23,-8852.85,0,41.52598426540855,200.13711902194373,259,10840.83,11385.9,0.0,10840.83,11369.77,4842,1524,4842,0.760603204524034,1524
train,59f8b2e8,5668,10832.0,16499.0,0,2899425.27,2904471.8,0,1009969.84,1011535.42,0,-9697.29,-8804.33,0,30.801484891968624,205.16046638514388,1836,10800.33,11521.1,0.0,10800.33,11512.21,3747,1921,3747,0.6610797459421313,1921
train,5a1a8fd8,6814,11231.0,18044.0,0,3000635.47,3002892.36,0,1096255.18,1102190.54,0,-9835.99,-9008.32,0,35.67336005080851,259.72015225580714,3348,11349.13,12027.14,0.0,11349.13,12020.75,5260,1554,5260,0.771940123275609,1554
train,5a5269a9,8053,10688.0,18740.0,0,2993447.96,2996266.03,0,1107435.84,1114598.23,0,-9402.12,-8455.57,0,38.18987556310888,200.5048007209488,3612,10838.75,11416.28,0.0,10838.75,11407.18,6513,1540,6513,0.8087669191605613,1540
train,5a5d1982,5446,10543.0,15988.0,0,2907404.18,2910703.12,0,1030828.76,1034470.67,0,-9365.49,-8497.15,0,27.06248156074369,223.7717437896868,1555,10509.58,11213.88,0.0,10509.58,11202.990000000002,3894,1552,3894,0.7150201983106867,1552
train,5a63b5d1,8052,10670.0,18721.0,0,2885373.33,2887165.81,0,1007280.17,1014618.89,0,-9348.06,-8605.86,0,30.437472874330467,204.07856261996025,4290,10757.03,11513.25,0.0,10757.03,11513.11,6217,1835,6217,0.7721063089915549,1835
train,5aa03df7,6752,10408.0,17159.0,0,2977327.43,2980496.35,0,1086199.96,1091391.04,0,-9270.52,-8154.459999999999,0,34.383673210421165,168.69489668862886,1899,10385.42,11358.92,0.0,10385.42,11330.19,4871,1881,4871,0.7214158767772512,1881
train,5aa403d0,4702,10397.0,15098.0,0,2925377.44,2928293.68,0,1055361.95,1058573.53,0,-8836.35,-8236.7,0,31.156321818792684,139.45084093024298,2525,10307.01,10991.01,0.0,10307.01,10960.64,3118,1584,3118,0.6631220757124627,1584
train,5aef5c6c,4853,10608.0,15460.0,0,2967828.04,2970349.74,0,1070956.29,1074473.8,0,-9237.49,-8388.14,0,39.0553833433866,195.4772007340785,3000,10553.83,11335.21,0.0,10553.83,11323.15,3121,1732,3121,0.6431073562744694,1732
train,5b7b6324,8197,12023.0,20219.0,0,2993251.57,2996115.52,0,1063747.16,1071186.92,0,-10182.53,-9709.33,0,32.53067546385521,245.6877864636776,4338,12026.58,12555.81,0.0,12026.58,12526.45,6564,1633,6564,0.8007807734537026,1633
train,5bd25f59,6120,9863.0,15982.0,0,2994828.06,2998878.44,0,1127584.36,1131317.12,0,-8710.68,-7806.23,0,28.37827804899398,144.34880954259663,166,9836.96,10805.7,0.0,9836.96,10803.98,4210,1910,4210,0.6879084967320261,1910
train,5beded95,4779,10603.0,15381.0,0,2982846.96,2985668.24,0,1099441.67,1102630.72,0,-9153.5,-8278.6,0,31.8586187073885,211.2053255393967,2598,10654.67,11412.89,0.0,10654.67,11412.820000000002,3057,1722,3057,0.6396735718769617,1722
train,5cb483ac,5206,11570.0,16775.0,0,3011891.49,3012092.11,0,1105168.12,1110083.71,0,-9995.3,-9374.44,0,36.109243196315326,141.4527378103592,568,11524.570000000002,12010.59,0.0,11524.570000000002,12001.48,3852,1354,3852,0.7399154821359969,1354
train,5cdd8dbc,5751,10502.0,16252.0,0,2910171.02,2913703.26,0,1041861.43,1045610.03,0,-9090.56,-8302.38,0,42.60118392426247,242.4585899887037,2143,10484.9,11226.44,0.0,10484.9,11202.41,4010,1741,4010,0.6972700399930447,1741
train,5d11dfb5,7643,11414.0,19056.0,0,2980788.14,2981463.46,0,1052218.79,1059300.45,0,-10046.07,-9259.47,0,34.22401457687676,210.8774699109,3315,11395.990000000002,12241.4,0.0,11395.990000000002,12223.13,5895,1748,5895,0.7712939945047756,1748
train,5d7198fd,4797,12260.0,17056.0,0,3017586.28,3020596.45,0,1105366.85,1108998.16,0,-10281.76,-10055.83,0,30.802318815892495,168.2938269622006,202,11984.38,12248.28,0.0,11984.38,12241.42,3368,1429,3368,0.7021054825932874,1429
train,5def1ce5,7997,10610.0,18606.0,0,2906204.16,2911263.45,0,1031315.27,1036973.65,0,-9355.34,-8507.11,0,37.53316939573768,169.23072770013556,224,10621.05,11200.01,0.0,10621.05,11183.3,6443,1554,6443,0.8056771289233463,1554
train,5eae34a8,6652,10299.0,16950.0,0,2896712.74,2900700.95,0,1031738.76,1036414.83,0,-9092.66,-8194.07,0,31.709480610316863,173.6094063414848,3030,10182.15,10911.08,0.0,10182.15,10896.98,4904,1748,4904,0.7372218881539386,1748
train,5f4d2a52,7112,10505.0,17616.0,0,2996890.04,2999189.75,0,1115602.9,1121844.61,0,-9085.54,-8336.64,0,30.542160290022277,206.17385399516905,1298,10070.48,10959.12,0.0,10070.48,10879.95,5225,1887,5225,0.734673790776153,1887
train,5f6756c5,8064,11403.0,19466.0,0,3013507.95,3017743.46,0,1105291.45,1111362.92,0,-10171.87,-9260.63,0,30.61345192557255,176.04748311364767,274,11252.23,12238.22,0.0,11252.23,12238.22,5931,2133,5931,0.7354910714285714,2133
train,5f75f796,7324,11889.0,19212.0,0,3014382.59,3018497.41,0,1081845.38,1087160.48,0,-10571.66,-9760.8,0,32.78673747181868,151.08439340419508,3227,11912.48,12791.35,0.0,11912.48,12769.39,5562,1762,5562,0.7594210813762972,1762
train,5fb1c15f,4857,10245.0,15101.0,0,2926894.21,2929972.52,0,1056429.02,1059585.44,0,-8876.18,-8110.48,0,33.079923625848856,184.7621180233376,2282,10209.59,11035.320000000002,0.0,10209.59,11012.490000000002,2860,1997,2860,0.588840848260243,1997
train,5fffa282,6223,10555.0,16777.0,0,2988560.5,2990480.08,0,1095527.68,1100795.96,0,-9396.55,-8348.3,0,30.06302232753011,184.9171696241036,568,10528.54,11438.39,0.0,10528.54,11438.39,4201,2022,4201,0.6750763297444963,2022
train,60e37807,4641,10758.0,15398.0,0,2985250.19,2986769.94,0,1085566.53,1089295.24,0,-9434.63,-8559.2,0,36.67183566855398,167.0371537266337,108,10502.29,11465.15,0.0,10502.29,11424.490000000002,2699,1942,2699,0.5815556992027581,1942
train,61f27424,8341,11051.0,19391.0,0,2980013.07,2980121.07,0,1051773.74,1059392.82,0,-9932.05,-8863.46,0,31.192757259870145,167.4882040061993,688,11031.88,12151.05,0.0,11031.88,12146.66,6220,2121,6220,0.7457139431722815,2121
train,62569ae3,5242,11425.0,16666.0,0,3022173.3,3022273.14,0,1114396.04,1119292.71,0,-9961.04,-9194.94,0,26.408241329376047,183.90317455878736,1412,11282.65,11957.06,0.0,11282.65,11952.04,3588,1654,3588,0.6844715757344525,1654
train,62a6f539,5253,10452.0,15704.0,0,2915403.3,2918488.01,0,1045923.03,1049567.22,0,-9048.99,-8382.08,0,48.58625264765482,236.85798165731725,3280,10549.13,11204.73,0.0,10549.13,11200.51,3693,1560,3693,0.703026841804683,1560
train,633774dc,7972,10384.0,18355.0,0,2966928.48,2971901.19,0,1095235.43,1100808.48,0,-8852.52,-8111.82,0,39.40905886962516,258.9930957904475,2667,10388.67,11184.86,0.0,10388.67,11164.2,6233,1739,6233,0.7818615153035625,1739
train,63559d57,5810,11137.0,16946.0,0,3013166.05,3016444.49,0,1109463.83,1113647.71,0,-9966.38,-9022.67,0,31.72922699160426,155.00299274002666,3321,11481.820000000002,12149.61,0.0,11481.820000000002,12142.48,4069,1741,4069,0.7003442340791738,1741
train,647f2a41,5836,11124.0,16959.0,0,2997581.2,3001070.46,0,1090704.3,1094613.13,0,-9882.46,-8854.33,0,41.29118200368133,217.04905131277704,1806,11021.570000000002,11901.86,0.0,11021.570000000002,11897.48,3881,1955,3881,0.6650102810143934,1955
train,65156b96,5046,10051.0,15096.0,0,2924647.7,2927659.3,0,1054963.37,1058309.76,0,-8992.0,-7955.959999999999,0,34.519983600142126,152.55325366621605,245,10227.04,11056.320000000002,0.0,10227.04,11046.56,3221,1825,3221,0.6383273880301229,1825
train,653612bc,5946,11679.0,17624.0,0,3024954.93,3025134.31,0,1115536.91,1121264.4,0,-10033.2,-9482.55,0,34.47096557849189,149.5935599150187,230,11535.66,11965.28,0.0,11535.66,11960.2,4605,1341,4605,0.7744702320887992,1341
train,656a067b,4896,10362.0,15257.0,0,3007354.97,3008450.52,0,1129260.2,1133501.35,0,-9064.8,-8283.11,0,47.302740221225854,247.00651518397916,939,10165.1,11041.2,0.0,10165.1,11020.21,3051,1845,3051,0.6231617647058824,1845
train,65a5466a,6117,10402.0,16518.0,0,2998300.91,3000204.77,0,1122330.38,1127805.88,0,-9040.48,-8274.13,0,24.86140804825322,150.8094653224073,1511,10328.45,10871.77,0.0,10328.45,10846.09,4683,1434,4683,0.7655713585090731,1434
train,660d9546,6140,11611.0,17750.0,0,3023927.62,3024009.23,0,1115182.42,1121059.07,0,-10083.73,-9468.36,0,32.160316596677724,131.91290293635282,1148,11566.15,12012.79,0.0,11566.15,12012.35,4732,1408,4732,0.7706840390879479,1408
train,6767c111,8354,10256.0,18609.0,0,3002407.61,3008157.56,0,1134666.58,1140013.85,0,-8889.34,-8222.65,0,48.76104446087247,241.03770356469124,4061,10354.84,11079.820000000002,0.0,10354.84,11039.61,6783,1571,6783,0.8119463729949725,1571
train,67847288,9174,11878.0,21051.0,0,3005013.03,3009099.27,0,1074202.05,1081857.63,0,-10337.68,-9605.93,0,28.10688929332057,184.92020119227683,4270,11768.42,12542.05,0.0,11768.42,12542.05,7429,1745,7429,0.8097885328101155,1745
train,67a8da4a,6645,12127.0,18771.0,0,3019244.84,3022553.42,0,1081744.28,1086904.59,0,-10642.13,-9916.0,0,37.57818637729728,172.73809934282437,1153,11941.87,12692.63,0.0,11941.87,12692.63,4911,1734,4911,0.7390519187358916,1734
train,684a6fc1,11449,10322.0,21770.0,0,2958132.82,2965127.3,0,1072697.28,1081100.57,0,-9078.82,-8093.110000000001,0,34.84583436731162,202.32239536319855,5663,10222.76,10967.05,0.0,10222.76,10929.02,9818,1631,9818,0.8575421434186392,1631
train,698930d1,6498,10359.0,16856.0,0,3006433.67,3007805.49,0,1128914.97,1134681.34,0,-9052.76,-8257.82,0,52.29767672027376,193.45290766464416,767,10188.19,11059.85,0.0,10188.19,11035.240000000002,4741,1757,4741,0.7296091104955371,1757
train,699ea575,5474,11744.0,17217.0,0,3011171.72,3013231.3,0,1099966.33,1104831.78,0,-10069.61,-9645.12,0,32.56834088359126,172.53749735557193,2320,11536.42,12010.77,0.0,11536.42,11991.84,4120,1354,4120,0.752648885641213,1354
train,69c1bdad,4645,10576.0,15220.0,0,2977709.05,2980474.08,0,1096844.78,1100049.03,0,-9047.76,-8326.11,0,29.06889293890596,219.52026046966915,1719,10679.47,11435.45,0.0,10679.47,11435.45,2714,1931,2714,0.5842841765339074,1931
train,69e41fa6,7167,11615.0,18781.0,0,3021345.73,3022042.65,0,1112414.88,1119221.09,0,-10076.31,-9438.34,0,34.77578743742807,249.10799559114568,2899,11563.78,12055.75,0.0,11563.78,12053.15,5772,1395,5772,0.8053578903306823,1395
train,6a0ff78e,7890,10645.0,18534.0,0,2906424.06,2911497.95,0,1031529.23,1037169.13,0,-9347.56,-8594.48,0,38.43475614172357,159.10647180863123,330,10701.34,11231.58,0.0,10701.34,11206.01,6465,1425,6465,0.8193916349809885,1425
train,6a8fa194,4657,10988.0,15644.0,0,2908070.84,2911992.72,0,1016721.12,1018398.08,0,-9672.13,-9004.19,0,42.970672353004666,212.8159591965619,283,11311.15,12004.7,0.0,11311.15,11990.05,3017,1640,3017,0.6478419583422804,1640
train,6ae68655,5948,11830.0,17777.0,0,2987516.22,2991346.88,0,1057496.34,1061374.33,0,-10224.23,-9500.12,0,31.077962425217237,115.85615044509164,1122,11387.98,12133.59,0.0,11387.98,12130.23,4204,1744,4204,0.7067921990585071,1744
train,6d1d74e1,7316,10559.0,17874.0,0,2883492.86,2888081.38,0,1014869.78,1020229.0,0,-9241.51,-8478.17,0,59.82294121530821,265.71662233057145,2147,10528.14,10978.17,0.0,10528.14,10963.89,5830,1486,5830,0.7968835429196283,1486
train,6d590e26,7842,10461.0,18302.0,0,2993783.44,2996118.79,0,1114709.61,1121613.16,0,-9052.58,-8274.8,0,34.23627322897508,236.6464167777388,2361,10579.070000000002,11395.89,0.0,10579.070000000002,11374.69,6096,1746,6096,0.7773527161438408,1746
train,6d6d93af,5305,10886.0,16190.0,0,2899935.32,2904650.78,0,1010729.9,1012201.14,0,-9632.32,-8875.52,0,34.49948006512651,164.33623299839832,2143,10941.95,11542.75,0.0,10941.95,11542.75,3595,1710,3595,0.6776625824693685,1710
train,6dbe4b60,6673,10789.0,17461.0,0,3004845.89,3005151.23,0,1110927.87,1117057.91,0,-9578.9,-8601.44,0,32.55847056552547,164.58854611132713,3128,10619.070000000002,11413.19,0.0,10619.070000000002,11408.83,4648,2025,4648,0.6965382886258055,2025
train,6e6d122c,7083,11774.0,18856.0,0,3007976.14,3012435.5,0,1086739.51,1091813.01,0,-10292.81,-9575.18,0,28.46000933138503,197.44703753742408,1828,11729.03,12285.7,0.0,11729.03,12264.320000000002,5632,1451,5632,0.795143300861217,1451
train,6e9ccd38,9619,10466.0,20084.0,0,2866429.8,2872727.41,0,1025341.24,1032469.43,0,-8603.57,-8291.34,0,28.74100545460461,166.37345808433196,378,10372.05,10714.42,0.0,10372.05,10690.94,8282,1337,8282,0.8610042623973386,1337
train,6ea22614,7894,9953.0,17846.0,0,2991586.3,2994445.86,0,1114612.31,1121251.89,0,-8975.9,-7787.049999999999,0,36.871307364017554,191.25996537745775,3391,9943.52,10877.59,0.0,9943.52,10869.39,5971,1923,5971,0.7563972637446161,1923
train,6ede926a,6621,10591.0,17211.0,0,2900385.61,2904372.36,0,1031243.17,1035903.08,0,-9199.71,-8525.96,0,35.41133132149299,162.98010254177828,2296,10540.38,11220.31,0.0,10540.38,11220.31,4938,1683,4938,0.7458087902129588,1683
train,708caea9,8482,10061.0,18542.0,0,3002896.48,3008603.65,0,1134904.4,1140283.98,0,-8894.49,-8008.84,0,34.10688745063446,245.38184530997745,1677,10130.12,11064.740000000002,0.0,10130.12,11032.23,6548,1934,6548,0.771987738740863,1934
train,70925e23,8072,11861.0,19932.0,0,3021920.66,3025904.39,0,1075285.94,1081492.11,0,-10733.66,-9725.62,0,39.965404938760734,159.84204326474716,847,11723.79,12710.42,0.0,11723.79,12710.42,5947,2125,5947,0.7367443012884044,2125
train,70e1788b,11338,9859.0,21196.0,0,2868000.16,2875075.63,0,1025655.78,1033781.97,0,-8614.99,-7719.93,0,29.893675823903177,177.97873292479258,460,9729.56,10687.4,0.0,9729.56,10675.34,9285,2053,9285,0.8189275004409949,2053
train,71642c7d,6657,11796.0,18452.0,0,2944258.4,2945753.43,0,1009269.93,1015029.42,0,-11012.83,-9767.25,0,31.16719603596252,168.23758697946258,1492,11842.8,12846.06,0.0,11842.8,12826.62,4648,2009,4648,0.6982124079915878,2009
train,71ccf778,4623,10893.0,15515.0,0,2909059.01,2912467.41,0,1017132.32,1019338.48,0,-9716.51,-8865.29,0,41.54469431322636,200.19553732138348,209,11110.77,11989.7,0.0,11110.77,11989.7,2698,1925,2698,0.5836037205277959,1925
train,7224331b,7566,11785.0,19350.0,0,2981349.37,2983035.6,0,1052400.37,1059481.96,0,-10065.79,-9554.73,0,37.09900670291355,176.0495808877523,5219,11644.240000000002,12182.2,0.0,11644.240000000002,12182.2,6063,1503,6063,0.8013481363996828,1503
train,722cf0d8,7275,10026.0,17300.0,0,2884875.22,2889590.54,0,1025829.33,1030546.48,0,-8895.07,-7902.379999999999,0,51.32338076193628,225.0570391052898,282,9929.03,10954.29,0.0,9929.03,10952.08,5143,2132,5143,0.7069415807560138,2132
train,7256229b,6972,10283.0,17254.0,0,2996059.03,2998282.87,0,1115868.16,1121960.69,0,-9124.71,-8159.709999999999,0,35.53266068684567,172.0247416836482,4506,10155.56,10911.490000000002,0.0,10155.56,10896.59,5415,1557,5415,0.7766781411359724,1557
train,726f3dc2,8619,10415.0,19033.0,0,2978156.63,2983412.22,0,1102970.9,1109028.87,0,-9024.33,-8184.549999999999,0,32.29864014333515,218.12643274882504,3065,10594.28,11446.19,0.0,10594.28,11446.19,6723,1896,6723,0.7800208840932823,1896
train,7271dd80,5765,10157.0,15921.0,0,2956592.53,2959956.22,0,1074805.07,1078760.57,0,-9022.98,-8005.719999999999,0,32.376035649022434,171.79879305106635,253,10108.45,11000.93,0.0,10108.45,11000.93,4340,1425,4340,0.7528187337380746,1425
train,727a3a10,6342,11925.0,18266.0,0,3033210.38,3037168.57,0,1096721.5,1100908.82,0,-10650.9,-9808.15,0,34.782965349121866,160.16644767369957,1735,11911.73,12763.92,0.0,11911.73,12763.92,4397,1945,4397,0.6933144118574582,1945
train,729665c0,5775,11379.0,17153.0,0,2997883.18,3001308.33,0,1090792.92,1094984.96,0,-9856.3,-9082.92,0,42.53411677253546,236.6659819761307,2421,11293.51,11873.51,0.0,11293.51,11872.42,4263,1512,4263,0.7381818181818182,1512
train,729e9750,7427,10444.0,17870.0,0,2886575.03,2891381.39,0,1017485.27,1022717.07,0,-9122.32,-8320.62,0,44.543362618821824,250.5809430142532,4165,10401.990000000002,10975.55,0.0,10401.990000000002,10959.53,5919,1508,5919,0.796957048606436,1508
train,729f4217,7592,10695.0,18286.0,0,2907786.14,2912689.62,0,1032840.56,1038267.28,0,-9318.98,-8621.33,0,29.521768933190017,124.87158163666086,3796,10745.91,11224.85,0.0,10745.91,11224.85,6195,1397,6195,0.8159905163329821,1397
train,72dd8501,6928,11349.0,18276.0,0,3005903.02,3008112.5,0,1098578.42,1104620.47,0,-9976.34,-9221.46,0,33.493064857528786,202.7119527502789,3365,11250.13,12026.64,0.0,11250.13,12020.95,5193,1735,5193,0.749566974595843,1735
train,73348914,5686,12426.0,18111.0,0,2944164.78,2945541.53,0,1009454.03,1014802.4,0,-10921.8,-10317.3,0,34.883383461239994,124.60862310158016,1147,12396.4,12762.13,0.0,12396.4,12751.08,4221,1465,4221,0.7423496306718256,1465
train,739a914f,7319,10672.0,17990.0,0,3008766.85,3009262.83,0,1110726.78,1117338.28,0,-9729.97,-8574.53,0,32.62873186560365,221.93308409692088,2964,10480.320000000002,11392.97,0.0,10480.320000000002,11388.740000000002,5505,1814,5505,0.7521519333242246,1814
train,73b1447d,7522,11466.0,18987.0,0,3007650.48,3012088.38,0,1086574.5,1091707.09,0,-10340.78,-9236.6,0,34.979321850990296,227.0181153243079,2601,11412.63,12321.54,0.0,11412.63,12314.41,5670,1852,5670,0.7537888859345918,1852
train,74b6186b,5148,10216.0,15363.0,0,2956094.92,2959131.28,0,1087650.81,1091158.92,0,-8653.25,-7908.540000000001,0,34.84209432483393,190.00440920499685,3162,9994.59,10811.6,0.0,9994.59,10800.5,3405,1743,3405,0.6614219114219114,1743
train,75c20ec7,7205,11425.0,18629.0,0,3001094.95,3005130.42,0,1090013.45,1095217.29,0,-9985.77,-9139.65,0,35.142709106460174,226.6578324743996,4527,11359.35,12238.48,0.0,11359.35,12238.48,5361,1844,5361,0.7440666204024983,1844
train,75cd5f11,6410,10568.0,16977.0,0,2908027.9,2912086.94,0,1035157.0,1039593.46,0,-9237.71,-8473.42,0,31.96835819891997,180.3982177398134,1614,10625.05,11224.55,0.0,10625.05,11215.04,4946,1464,4946,0.771606864274571,1464
train,75d20a82,7002,11394.0,18395.0,0,2919755.29,2923616.01,0,1016054.38,1021103.43,0,-10233.66,-9299.47,0,35.844214993444965,209.26327696620385,994,11065.12,12071.73,0.0,11065.12,12065.28,5067,1935,5067,0.7236503856041131,1935
train,76201745,5858,10165.0,16022.0,0,2998491.96,3000501.43,0,1122388.7,1127558.41,0,-8815.64,-8081.5,0,20.392430079244644,148.45432589135643,2761,10179.65,10630.38,0.0,10179.65,10618.98,4448,1410,4448,0.7593035165585524,1410
train,764072a5,4594,10492.0,15085.0,0,2908332.71,2911067.73,0,1040134.45,1043281.51,0,-9061.37,-8375.16,0,31.457444715004097,149.75940037463943,2614,10470.22,11190.4,0.0,10470.22,11182.97,2949,1645,2949,0.6419242490204615,1645
train,77b0d905,5923,11595.0,17517.0,0,3009868.63,3011711.57,0,1093225.79,1098326.92,0,-10143.44,-9409.44,0,38.11840175102964,154.81935480418193,1349,11478.3,12225.55,0.0,11478.3,12213.98,4174,1749,4174,0.7047104507850751,1749
train,77e4821c,6540,10609.0,17148.0,0,2919369.19,2924166.87,0,1042709.27,1046743.23,0,-9205.26,-8528.92,0,46.09964087099617,225.3787372134628,3839,10687.02,11224.14,0.0,10687.02,11184.66,5393,1147,5393,0.8246177370030581,1147
train,7850c72e,7712,11772.0,19483.0,0,3034053.52,3039107.26,0,1090997.75,1095834.91,0,-10883.04,-9653.94,0,31.72640485273465,236.45106996317529,344,11817.75,12893.89,0.0,11817.75,12877.3,5497,2215,5497,0.7127852697095436,2215
train,78a4a386,6246,11117.0,17362.0,0,2979238.18,2983284.08,0,1103410.93,1108100.93,0,-8960.96,-8754.34,0,23.422756737284683,183.59245656411224,1297,11221.54,11380.47,0.0,11221.54,11380.47,5119,1127,5119,0.8195645212936279,1127
train,79507629,7320,11484.0,18803.0,0,2997631.16,3001572.69,0,1071449.65,1076796.91,0,-10180.1,-9193.33,0,29.26368202692658,163.32823689372552,937,11516.81,12560.5,0.0,11516.81,12560.5,5302,2018,5302,0.7243169398907103,2018
train,796dbd4c,8069,10055.0,18123.0,0,2991897.02,2994761.79,0,1114671.89,1121551.31,0,-9051.63,-7906.41,0,27.74130998921602,192.84936124289143,3001,9995.66,10907.17,0.0,9995.66,10897.98,6248,1821,6248,0.7743214772586442,1821
train,7987f2f2,5714,10958.0,16671.0,0,3012683.52,3015868.77,0,1109649.38,1113545.41,0,-10014.16,-8835.96,0,31.17006533905359,187.50202555988295,2564,11340.93,12235.41,0.0,11340.93,12224.38,3705,2009,3705,0.6484074203710185,2009
train,7993a768,7047,11616.0,18662.0,0,2986212.05,2986248.63,0,1058361.24,1064912.78,0,-10047.76,-9340.22,0,34.57232272128812,120.6080542742277,1210,11439.17,12172.3,0.0,11439.17,12157.98,5487,1560,5487,0.7786292039165602,1560
train,7a5660b0,6936,11804.0,18739.0,0,3018066.64,3020325.34,0,1087212.4,1093155.7,0,-10557.38,-9675.04,0,34.00279703913538,173.9527256151662,258,11839.68,12735.01,0.0,11839.68,12735.01,4998,1938,4998,0.7205882352941176,1938
train,7acda2df,4552,10650.0,15201.0,0,2915564.92,2918148.07,0,1040310.49,1043659.96,0,-9181.35,-8628.87,0,43.75470219596448,189.654431586049,541,10739.79,11210.77,0.0,10739.79,11195.44,3091,1461,3091,0.6790421792618629,1461
train,7b2c7b3c,4231,11149.0,15379.0,0,2985904.46,2987261.03,0,1085783.71,1089507.66,0,-9485.3,-8965.02,0,35.71370266676476,176.10936980734084,153,10882.28,11429.41,0.0,10882.28,11423.73,2584,1647,2584,0.61073032380052,1647
train,7b38844c,5197,11570.0,16766.0,0,3011521.83,3011808.43,0,1105178.29,1110077.24,0,-10037.06,-9383.99,0,38.95250316010683,147.56654321037223,618,11554.68,12054.47,0.0,11554.68,12040.34,3749,1448,3749,0.7213777179141813,1448
train,7bb17b96,5295,11580.0,16874.0,0,3012842.82,3014451.39,0,1105152.35,1109865.86,0,-10082.61,-9416.01,0,33.95490972277067,207.31988991937564,2223,11548.43,12040.35,0.0,11548.43,12022.79,3922,1373,3922,0.7406987724268177,1373
train,7c607683,7001,10341.0,17341.0,0,2904399.46,2908573.41,0,1038688.21,1043579.5,0,-9073.71,-8211.37,0,23.75484531667643,141.6525093422476,2344,10348.44,11226.97,0.0,10348.44,11226.97,5328,1673,5328,0.7610341379802885,1673
train,7cbbd047,6790,11186.0,17975.0,0,3015125.45,3019139.04,0,1109248.52,1114081.26,0,-10101.58,-9072.64,0,23.673495268334964,227.7658461996052,1030,11277.63,12036.96,0.0,11277.63,12014.6,5121,1669,5121,0.7541973490427099,1669
train,7cd4bb31,7959,10702.0,18660.0,0,2903308.28,2908431.83,0,1024916.47,1030619.81,0,-9441.56,-8653.73,0,29.82240122510172,219.2539549160248,2477,10673.67,11206.92,0.0,10673.67,11196.89,6439,1520,6439,0.8090212338233447,1520
train,7d50373e,6494,10753.0,17246.0,0,2900198.34,2904406.87,0,1021552.76,1026121.53,0,-9324.94,-8718.24,0,36.3957632395468,170.45519989315633,1643,10690.63,11226.8,0.0,10690.63,11226.8,5122,1372,5122,0.7887280566676933,1372
train,7d57c75d,6147,10045.0,16191.0,0,3003840.94,3004005.64,0,1127121.4,1132791.73,0,-8801.25,-7891.120000000001,0,47.85060813365895,251.8159191164549,532,10083.46,10832.71,0.0,10083.46,10810.75,4405,1742,4405,0.716609728322759,1742
train,7e208414,5732,11484.0,17215.0,0,3010641.31,3010880.12,0,1105141.06,1110568.92,0,-9978.4,-9313.27,0,36.91864350734685,185.9596709646334,478,11526.62,12034.5,0.0,11526.62,12032.94,4226,1506,4226,0.7372644801116539,1506
train,7e721392,8301,10457.0,18757.0,0,2884915.98,2886808.17,0,1007175.5,1014569.71,0,-9335.47,-8398.16,0,33.94799157317759,201.7443621352577,4458,10567.14,11516.37,0.0,10567.14,11516.37,6174,2127,6174,0.7437658113480303,2127
train,7ff89f8f,9539,9692.0,19230.0,0,2866377.25,2872190.63,0,1025178.3,1031774.66,0,-8595.53,-7525.450000000001,0,28.525329974133864,203.8084291581563,1941,9631.19,10709.4,0.0,9631.19,10683.92,7337,2202,7337,0.7691581926826712,2202
train,8050c789,4940,11559.0,16498.0,0,3005484.22,3008531.99,0,1083287.85,1086425.58,0,-10205.49,-9368.08,0,29.38789107529897,181.2954999573601,1241,11448.16,12295.98,0.0,11448.16,12291.17,3077,1863,3077,0.6228744939271255,1863
train,807f0298,5499,10281.0,15779.0,0,3004615.24,3007692.44,0,1136946.69,1141093.56,0,-8748.26,-8177.889999999999,0,41.73945868319052,207.0715299700051,2106,10413.4,11061.4,0.0,10413.4,11038.490000000002,3747,1752,3747,0.6813966175668303,1752
train,811f52b3,6674,10448.0,17121.0,0,2903018.88,2906987.63,0,1031921.75,1036560.71,0,-9264.21,-8438.89,0,42.18678593440833,229.54494024193505,416,10349.39,11228.17,0.0,10349.39,11217.66,4836,1838,4836,0.7246029367695535,1838
train,81bf5923,6386,11928.0,18313.0,0,3033716.13,3037463.83,0,1097033.22,1101472.45,0,-10676.1,-9829.3,0,33.23551950214559,172.46418052164228,484,11957.64,12788.35,0.0,11957.64,12788.35,4543,1843,4543,0.7113999373629816,1843
train,81fc01c6,7655,10109.0,17763.0,0,2952019.95,2956717.84,0,1085664.3,1090960.41,0,-8634.17,-7832.43,0,38.98798428488754,187.5519809240767,1259,9969.61,10834.36,0.0,9969.61,10794.89,5909,1746,5909,0.7719137818419334,1746
train,8255c867,5338,10396.0,15733.0,0,2913658.98,2916734.34,0,1039133.61,1042844.65,0,-9127.89,-8325.67,0,52.69254926737793,242.0011299730588,1166,10267.36,11193.2,0.0,10267.36,11151.14,3589,1749,3589,0.672349194454852,1749
train,82aab6d2,7889,11416.0,19304.0,0,2980636.14,2981190.46,0,1052102.88,1059467.38,0,-9999.14,-9247.05,0,32.480292409211096,177.42697127690937,2797,11383.03,12173.55,0.0,11383.03,12173.55,6140,1749,6140,0.778298897198631,1749
train,82fcf37c,7397,10552.0,17948.0,0,2879696.56,2884500.23,0,1020608.8,1025935.16,0,-8869.69,-8444.86,0,52.27605461171222,233.4658749649284,3860,10498.93,10968.62,0.0,10498.93,10955.63,6014,1383,6014,0.8130323103961066,1383
train,833af382,5377,10491.0,15867.0,0,2914178.54,2917311.73,0,1039576.98,1043282.05,0,-9145.46,-8383.26,0,58.17238215914362,298.77866579997243,1445,10404.69,11176.0,0.0,10404.69,11176.0,3628,1749,3628,0.6747256834666171,1749
train,8382f4b6,6680,11159.0,17838.0,0,3009712.77,3009934.92,0,1116305.11,1122728.93,0,-9570.97,-9038.01,0,37.07338632211807,200.9196692871862,4021,10900.71,11427.89,0.0,10900.71,11427.89,4967,1713,4967,0.743562874251497,1713
train,84633df4,6719,10064.0,16782.0,0,2990647.07,2992667.37,0,1121587.12,1127370.37,0,-8730.84,-7898.219999999999,0,31.818075133846072,189.7801502664152,3532,10026.76,10883.27,0.0,10026.76,10878.570000000002,4972,1747,4972,0.7399910700997172,1747
train,8478df29,6698,10161.0,16858.0,0,2990904.63,2992926.83,0,1121638.28,1127415.17,0,-8787.56,-7981.07,0,34.39434530325252,183.93497705652436,4091,10096.72,10928.93,0.0,10096.72,10928.93,4857,1841,4857,0.7251418333830995,1841
train,84815d5a,5286,11362.0,16647.0,0,3012573.8,3014337.43,0,1100294.13,1104763.28,0,-10067.38,-9264.98,0,27.55401178743057,191.8512249298737,1291,11061.2,11976.68,0.0,11061.2,11942.31,3647,1639,3647,0.6899356791524782,1639
train,84c3b497,6887,11023.0,17909.0,0,2887919.47,2889583.68,0,1007547.92,1013991.92,0,-9464.77,-8951.58,0,21.46633247865862,265.7195662261629,1196,10984.68,11564.05,0.0,10984.68,11518.75,5312,1575,5312,0.7713082619427908,1575
train,85380836,8175,10535.0,18709.0,0,2903524.23,2908570.58,0,1037635.38,1043495.19,0,-9108.67,-8484.22,0,34.6547656834115,137.97332175817868,3400,10580.45,11218.02,0.0,10580.45,11216.96,6618,1557,6618,0.8095412844036697,1557
train,8612b37f,6807,11346.0,18152.0,0,2998358.75,3000589.23,0,1101841.18,1107846.1,0,-9672.18,-9048.71,0,52.6832008122436,216.19805560793796,3854,11245.64,11919.36,0.0,11245.64,11881.570000000002,5165,1642,5165,0.7587777288085794,1642
train,861e71df,6284,10773.0,17056.0,0,3006738.67,3007349.27,0,1111019.96,1116754.23,0,-9618.87,-8616.76,0,28.65889565175419,170.12721611976588,829,10495.53,11398.37,0.0,10495.53,11398.37,4700,1584,4700,0.7479312539783577,1584
train,86454a6f,9100,11965.0,21064.0,0,3000944.96,3004461.28,0,1081912.82,1090238.61,0,-10156.09,-9680.3,0,35.237273575210416,130.74980957471874,7289,12057.48,12274.63,0.0,12057.48,12193.11,7964,1136,7964,0.8751648351648351,1136
train,8648abae,6086,11243.0,17328.0,0,3014357.27,3017283.65,0,1104997.38,1109632.17,0,-10181.56,-9067.9,0,29.50588439308193,168.34152674158844,287,11095.58,12028.46,0.0,11095.58,12028.46,4244,1842,4244,0.6973381531383503,1842
train,865033f8,5303,10363.0,15665.0,0,2914852.21,2917984.7,0,1045478.8,1049090.72,0,-9054.06,-8304.5,0,40.68277136553642,258.5915493817341,3036,10414.46,11202.15,0.0,10414.46,11194.25,3557,1746,3557,0.6707524042994532,1746
train,87695469,8654,9601.0,18254.0,0,2872094.63,2877330.19,0,1042781.55,1048999.98,0,-8324.29,-7564.969999999999,0,36.87561697162119,118.77202952249974,3701,9267.54,10109.36,0.0,9267.54,10096.98,7003,1651,7003,0.8092211694014328,1651
train,877ed19c,5631,10988.0,16618.0,0,3012065.98,3012343.76,0,1110299.2,1115336.05,0,-9860.35,-8818.46,0,37.121970852903374,154.53283862257746,1560,10578.88,11367.01,0.0,10578.88,11367.01,3708,1923,3708,0.6584976025572722,1923
train,87aa3730,7293,10679.0,17971.0,0,2904793.91,2909405.73,0,1025919.82,1031050.56,0,-9478.3,-8640.64,0,34.931964415426314,125.53314439883609,1572,10624.09,11224.7,0.0,10624.09,11224.7,5607,1686,5607,0.7688194158782394,1686
train,884ecb5f,8054,10554.0,18607.0,0,2906668.49,2911748.16,0,1031785.36,1037477.02,0,-9329.54,-8510.75,0,36.393835823036135,141.12179550500437,332,10636.75,11213.88,0.0,10636.75,11186.35,6724,1330,6724,0.8348646635212317,1330
train,8902c3f6,6533,10405.0,16937.0,0,2944354.53,2948410.92,0,1064212.52,1068912.11,0,-8949.99,-8196.77,0,32.75126020131258,161.88652372066844,3012,10203.31,10784.39,0.0,10203.31,10766.36,4959,1574,4959,0.7590693402724629,1574
train,896d15b9,5698,11409.0,17106.0,0,2910845.31,2914994.54,0,1016146.78,1019750.66,0,-9892.12,-9423.32,0,33.224607819136935,270.69240680726216,3454,11475.54,11990.84,0.0,11475.54,11956.08,4279,1419,4279,0.750965250965251,1419
train,8995c945,8198,10254.0,18451.0,0,3003243.56,3008769.6,0,1135030.04,1140413.42,0,-8856.76,-8170.44,0,52.82226625204572,296.1673688085354,908,10274.87,11016.75,0.0,10274.87,10994.94,6724,1474,6724,0.8202000487923884,1474
train,89969c7a,6317,10202.0,16518.0,0,2993854.73,2995594.69,0,1121493.57,1126975.56,0,-8838.39,-7999.16,0,32.4253218039422,197.59180474277275,2269,10014.97,10922.1,0.0,10014.97,10906.21,4947,1370,4947,0.78312490106063,1370
train,89f1085d,7497,12332.0,19828.0,0,2999227.05,3003665.61,0,1063250.79,1069075.39,0,-10465.65,-10086.47,0,38.75162678870502,153.0192442425788,2382,12440.71,12823.52,0.0,12440.71,12823.52,5994,1503,5994,0.7995198079231692,1503
train,89f36adf,7041,11338.0,18378.0,0,3025274.34,3025475.87,0,1115161.87,1121683.25,0,-10124.15,-9207.85,0,27.06294188704138,222.96047873825023,3913,11446.98,12242.12,0.0,11446.98,12229.33,5292,1749,5292,0.7515977844056242,1749
train,89fdb2f2,3570,11532.0,15101.0,0,3011786.85,3011950.72,0,1107301.8,1110561.29,0,-9877.64,-9244.35,0,33.36675683007228,183.97542908459303,1578,11417.56,11956.73,0.0,11417.56,11952.06,2031,1539,2031,0.5689075630252101,1539
train,8a3da6d1,6334,11188.0,17521.0,0,3007719.12,3007826.92,0,1104751.75,1110505.68,0,-9859.46,-9050.6,0,28.421717069166515,259.0246039322151,2574,11190.25,12020.75,0.0,11190.25,12007.81,4593,1741,4593,0.7251341964003789,1741
train,8a89da23,5575,10552.0,16126.0,0,2910246.93,2913749.47,0,1036945.0,1040782.71,0,-9200.96,-8416.22,0,29.32510033609396,148.92806511426676,838,10562.97,11232.81,0.0,10562.97,11196.62,3935,1640,3935,0.705829596412556,1640
train,8a9c8932,6344,10717.0,17060.0,0,2898030.1,2902061.81,0,1025981.51,1030539.42,0,-9220.74,-8693.76,0,34.69858036665401,198.07706198931223,282,10773.47,11287.01,0.0,10773.47,11284.4,4663,1681,4663,0.7350252206809584,1681
train,8ac2f237,6775,11042.0,17816.0,0,3008748.9,3008808.47,0,1116484.72,1122920.8,0,-9459.96,-8924.14,0,43.13903575484617,152.33428359140888,307,10821.26,11370.320000000002,0.0,10821.26,11370.320000000002,5319,1456,5319,0.7850922509225092,1456
train,8b12bab6,6980,11159.0,18138.0,0,2998462.33,3000728.65,0,1095339.97,1101320.32,0,-9741.48,-8918.14,0,38.26729797156042,306.48868416426853,3844,10990.06,11885.23,0.0,10990.06,11862.09,5234,1746,5234,0.7498567335243553,1746
train,8b5be31b,7439,10042.0,17480.0,0,2949993.37,2954469.21,0,1083957.88,1089128.24,0,-8657.7,-7839.559999999999,0,33.59566385044795,227.16008471064475,4236,10014.08,10856.1,0.0,10014.08,10856.1,5672,1767,5672,0.7624680736658153,1767
train,8b95d6d1,2783,10482.0,13264.0,0,2945499.17,2947174.08,0,1068034.67,1069891.92,0,-8840.21,-8279.33,0,29.63448304246212,165.84266597054884,1120,10271.92,10780.38,0.0,10271.92,10780.38,1731,1052,1731,0.6219906575637801,1052
train,8b9d8326,7832,11724.0,19555.0,0,2999507.23,3003929.84,0,1072321.45,1078262.65,0,-10249.56,-9375.65,0,28.67783816944649,167.59663474289815,4751,11565.53,12255.22,0.0,11565.53,12247.81,6163,1669,6163,0.7868998978549541,1669
train,8bb9c1e6,6382,10519.0,16900.0,0,2902952.02,2906762.93,0,1031662.33,1036138.46,0,-9235.02,-8498.03,0,38.2631759680391,211.5728553526868,752,10410.240000000002,11187.68,0.0,10410.240000000002,11187.68,4546,1836,4546,0.7123158884362268,1836
train,8bda1a11,7438,10446.0,17883.0,0,2886927.71,2891779.01,0,1017895.92,1023108.87,0,-9100.08,-8308.63,0,45.05978794870127,260.4336642673836,3923,10403.95,10988.76,0.0,10403.95,10968.740000000002,5981,1457,5981,0.8041140091422425,1457
train,8bfa881d,5843,11614.0,17456.0,0,3011690.42,3013530.08,0,1094011.34,1099040.43,0,-10169.84,-9435.81,0,32.52059880546003,202.84551360175172,2466,11432.56,12235.0,0.0,11432.56,12189.42,4089,1754,4089,0.699811740544241,1754
train,8c167025,7113,10266.0,17378.0,0,2941140.47,2945482.99,0,1059430.14,1064412.07,0,-9004.81,-8111.530000000001,0,24.400727335109664,150.0567021786521,945,10066.55,10791.33,0.0,10066.55,10771.61,5368,1745,5368,0.7546745395754253,1745
train,8c8348e8,5581,11962.0,17542.0,0,3024933.0,3025497.73,0,1094918.42,1100073.85,0,-10528.1,-9813.64,0,31.792149966263008,192.11168757695805,1474,11832.05,12451.21,0.0,11832.05,12446.69,3888,1693,3888,0.6966493459953413,1693
train,8cc21f01,5806,10564.0,16369.0,0,2965427.54,2967990.55,0,1060907.59,1065314.22,0,-9366.68,-8406.48,0,37.90052371690719,193.15568111146675,1865,10920.820000000002,11762.95,0.0,10920.820000000002,11762.95,4044,1762,4044,0.6965208405098174,1762
train,8cc800b3,8091,10511.0,18601.0,0,2989321.27,2992582.45,0,1105970.89,1112967.68,0,-9296.6,-8329.22,0,37.896223838394505,178.9535512304895,336,10297.13,10911.96,0.0,10297.13,10911.96,6576,1515,6576,0.8127549128661475,1515
train,8d5d46d7,7282,10709.0,17990.0,0,2903087.45,2907615.19,0,1032470.66,1037622.64,0,-9273.92,-8669.52,0,40.30058306756845,228.32954886760783,1763,10576.84,11234.43,0.0,10576.84,11213.46,5755,1527,5755,0.7903048613018402,1527
train,8d92cb49,4839,11284.0,16122.0,0,2988534.3,2990521.22,0,1089552.76,1093715.1,0,-9491.98,-9044.16,0,32.26449949898367,183.87749340635744,948,10980.53,11435.38,0.0,10980.53,11435.38,3589,1250,3589,0.7416821657367224,1250
train,8f201368,8151,10387.0,18537.0,0,2903330.79,2908282.12,0,1037378.5,1043188.2,0,-9098.82,-8336.28,0,32.211096677108195,194.20842499472832,3961,10428.75,11213.42,0.0,10428.75,11199.64,6349,1802,6349,0.7789228315544106,1802
train,90386ee4,5304,10816.0,16119.0,0,2905005.2,2908167.08,0,1024640.38,1028477.05,0,-9432.38,-8730.99,0,28.518656713428456,270.3561287271076,2363,10668.2,11205.8,0.0,10668.2,11183.54,3840,1464,3840,0.7239819004524887,1464
train,91abc4c7,7787,10483.0,18269.0,0,2895759.2,2900536.62,0,1025532.93,1031019.01,0,-9218.49,-8430.75,0,34.76389733374942,152.6172736036216,4420,10072.240000000002,10972.27,0.0,10072.240000000002,10968.84,5848,1939,5848,0.7509952484910749,1939
train,91b301ce,8512,10169.0,18680.0,0,2916891.18,2922099.47,0,1053535.45,1059524.73,0,-8886.93,-8088.9,0,31.54486279521997,227.64070058624475,1191,10398.56,11050.06,0.0,10398.56,11050.06,6570,1942,6570,0.7718515037593985,1942
train,91db7070,5646,11574.0,17219.0,0,3013113.24,3015153.97,0,1094751.29,1099593.43,0,-10347.15,-9493.05,0,33.550673920396115,298.6828288035264,1664,11409.990000000002,12091.570000000002,0.0,11409.990000000002,12029.18,4073,1573,4073,0.7213956783563585,1573
train,925a7cd1,6501,11256.0,17756.0,0,2999865.54,3003410.07,0,1089977.65,1094778.04,0,-9790.77,-9034.77,0,22.94467634038712,173.88616135789655,1041,11298.59,12096.44,0.0,11298.59,12096.44,4517,1984,4517,0.6948161821258267,1984
train,9283ae69,5118,9976.0,15093.0,0,2924224.47,2927625.29,0,1060443.47,1063529.48,0,-8629.72,-7857.69,0,17.73648399666007,181.5193317135661,1798,10213.67,10991.7,0.0,10213.67,10985.2,3371,1747,3371,0.6586557248925361,1747
train,9298ad5b,5807,10536.0,16342.0,0,2974929.07,2978126.76,0,1092692.37,1096971.52,0,-9037.24,-8311.75,0,49.43002202562814,265.0542709193928,2632,10404.11,11178.05,0.0,10404.11,11148.64,3964,1843,3964,0.6826244188048907,1843
train,9314ff13,4494,11073.0,15566.0,0,2909527.73,2912700.93,0,1017340.12,1019769.25,0,-9741.68,-9014.17,0,42.15402973206941,201.2743340036523,179,11386.88,11999.37,0.0,11386.88,11996.95,2748,1746,2748,0.6114819759679573,1746
train,93209a3d,6300,11713.0,18012.0,0,3003235.27,3005637.08,0,1104268.51,1109703.9,0,-9792.29,-9207.67,0,44.81273508650003,189.77219119239572,3368,11292.53,11890.23,0.0,11292.53,11871.78,4697,1603,4697,0.7455555555555555,1603
train,939d9c34,6627,10620.0,17246.0,0,2991896.07,2994140.59,0,1099966.22,1105482.62,0,-9416.12,-8396.61,0,40.66101213313391,259.3843525440843,2816,10864.490000000002,11891.93,0.0,10864.490000000002,11861.94,5101,1526,5101,0.769729892862532,1526
train,93f5d2e6,5171,10583.0,15753.0,0,2928211.63,2931370.91,0,1051490.92,1055179.12,0,-9100.05,-8446.6,0,29.450441458196146,151.37743456876484,1525,10515.2,11038.240000000002,0.0,10515.2,11038.240000000002,3691,1480,3691,0.7137884355057049,1480
train,940a48d9,5627,10189.0,15815.0,0,2991209.76,2991489.95,0,1115006.53,1120039.2,0,-8917.27,-7980.43,0,31.4480825258564,193.44985256964807,1045,10090.53,10924.01,0.0,10090.53,10923.6,3963,1664,3963,0.7042829216278657,1664
train,940e709a,4989,10177.0,15165.0,0,2923864.41,2927388.45,0,1060205.52,1063145.71,0,-8694.79,-8035.92,0,27.21801387900268,197.5295627125282,1713,10347.04,11045.44,0.0,10347.04,11045.44,3348,1641,3348,0.6710763680096211,1641
train,9426ec1e,3923,11721.0,15643.0,0,3012610.93,3012870.83,0,1105131.39,1108788.89,0,-10036.92,-9445.38,0,35.205970177602644,195.09913737182143,535,11547.34,12019.06,0.0,11547.34,12019.06,2532,1391,2532,0.6454244200866683,1391
train,94467f50,5116,9904.0,15019.0,0,2936354.06,2939341.47,0,1064793.57,1068061.9,0,-8749.16,-7767.950000000001,0,26.73706273469976,237.44636508100916,1302,9713.31,10778.070000000002,0.0,9713.31,10778.070000000002,3035,2081,3035,0.593236903831118,2081
train,944f36b9,6035,10420.0,16454.0,0,2998625.46,3000575.79,0,1122296.72,1127700.18,0,-9048.97,-8323.15,0,21.614119255921924,117.44625728135058,951,10355.97,10861.01,0.0,10355.97,10850.3,4630,1405,4630,0.7671913835956918,1405
train,94d813a4,6591,12102.0,18692.0,0,3018892.24,3022165.67,0,1081657.88,1086773.67,0,-10655.59,-9923.43,0,39.32533924331576,222.92870882736787,1754,11922.76,12740.58,0.0,11922.76,12740.53,4847,1744,4847,0.7353967531482324,1744
train,95b559e7,4638,11267.0,15904.0,0,3023611.68,3023632.03,0,1117086.9,1121230.67,0,-9955.96,-9114.13,0,34.22475784791281,142.38048658874493,1066,11180.13,11969.070000000002,0.0,11180.13,11940.93,2887,1751,2887,0.622466580422596,1751
train,95c8427f,8051,10410.0,18460.0,0,2910102.0,2914922.43,0,1038222.06,1043994.32,0,-9160.21,-8374.45,0,50.89851551841017,198.68160481181025,1492,10401.13,11218.61,0.0,10401.13,11218.61,6335,1716,6335,0.7868587753074152,1716
train,96936c22,4997,11487.0,16483.0,0,3005340.56,3008515.61,0,1087246.91,1090434.03,0,-9956.73,-9260.5,0,26.282998678014746,186.67951236609784,868,11387.37,12097.61,0.0,11387.37,12094.7,3346,1651,3346,0.6696017610566339,1651
train,96ae5806,11527,11438.0,22964.0,0,2991745.18,2995735.73,0,1062127.36,1072333.67,0,-10292.91,-9143.95,0,36.37801538937954,174.4178359479981,6365,11339.42,12125.4,0.0,11339.42,12120.820000000002,9839,1688,9839,0.8535612041294353,1688
train,96b7eea1,6078,10481.0,16558.0,0,2983767.58,2986891.51,0,1108148.94,1112742.22,0,-8969.37,-8213.48,0,47.38227252213407,244.8084080310261,2286,10319.75,11142.61,0.0,10319.75,11126.92,4332,1746,4332,0.7127344521224087,1746
train,9719aa04,6665,10232.0,16896.0,0,3005703.76,3007149.24,0,1129409.16,1135310.41,0,-8955.36,-8169.17,0,51.863558350879984,190.70110848539213,273,10157.78,10972.06,0.0,10157.78,10964.4,4871,1794,4871,0.7308327081770443,1794
train,974802e7,7537,9531.0,17067.0,0,2867162.7,2871902.38,0,1046477.04,1051867.62,0,-8117.610000000001,-7502.209999999999,0,34.438945938704194,138.8591579796746,4248,9454.19,10126.28,0.0,9454.19,10094.51,5843,1694,5843,0.7752421387820088,1694
train,97cd5bf9,5099,10217.0,15315.0,0,2954546.08,2957539.34,0,1086281.93,1089798.58,0,-8668.17,-7974.48,0,39.31579931790642,164.8637911643668,3090,10088.84,10840.71,0.0,10088.84,10823.75,3449,1650,3449,0.6764071386546382,1650
train,98177ced,6789,11686.0,18474.0,0,3034005.34,3038450.86,0,1091349.05,1095632.68,0,-10622.58,-9577.75,0,28.486227931122496,199.9329563156484,279,11703.43,12686.490000000002,0.0,11703.43,12686.490000000002,4772,2017,4772,0.7029017528354692,2017
train,9896fc0b,5109,10470.0,15578.0,0,2929035.86,2932138.66,0,1052194.22,1055799.35,0,-9056.61,-8301.46,0,29.62679779928178,152.4268688147101,1935,10383.34,10986.89,0.0,10383.34,10977.98,3595,1514,3595,0.7036602074770014,1514
train,98bc6f66,7720,10283.0,18002.0,0,2878901.07,2883665.37,0,1019878.92,1025347.22,0,-8883.97,-8212.93,0,46.19088651406671,267.27930448916266,3264,10215.64,10973.23,0.0,10215.64,10947.37,6063,1657,6063,0.7853626943005181,1657
train,992c99e8,6740,10775.0,17514.0,0,3006328.15,3006490.34,0,1116403.61,1122600.25,0,-9407.87,-8627.18,0,33.566147220192946,187.20224394943423,2357,10562.42,11394.47,0.0,10562.42,11394.47,4904,1836,4904,0.7275964391691395,1836
train,992ce078,4661,10943.0,15603.0,0,2908581.46,2912225.58,0,1016938.21,1018865.79,0,-9717.77,-8951.31,0,42.352190775500816,192.23666000205876,192,11185.47,12006.43,0.0,11185.47,12006.43,2879,1782,2879,0.617678609740399,1782
train,99529c45,7591,10453.0,18043.0,0,2893691.7,2898356.66,0,1023115.21,1028442.23,0,-9164.25,-8388.31,0,38.01487564132627,218.045769969088,4075,10370.73,11162.56,0.0,10370.73,11162.56,5840,1751,5840,0.76933210380714,1751
train,995ff498,6127,10573.0,16699.0,0,2903034.23,2906802.09,0,1034335.89,1038722.28,0,-9175.7,-8557.62,0,33.238525257410586,202.96716486971997,3207,10570.18,11224.21,0.0,10570.18,11214.95,4526,1601,4526,0.7386975681410152,1601
train,999daf80,5439,10343.0,15781.0,0,2914583.97,2917692.62,0,1045034.95,1048848.61,0,-9031.54,-8317.05,0,49.13967981637781,219.4079821493171,452,10466.18,11153.73,0.0,10466.18,11147.45,3564,1875,3564,0.6552675124103695,1875
train,9a6b0392,5802,10113.0,15914.0,0,2997231.52,2999044.31,0,1122430.26,1127555.4,0,-8740.3,-7923.959999999999,0,21.76066207832342,152.52992381315377,2805,10010.61,10630.23,0.0,10010.61,10626.66,4255,1547,4255,0.7333678042054464,1547
train,9a8ae0d6,7835,11546.0,19380.0,0,3007235.75,3010565.05,0,1098341.73,1104966.96,0,-9985.9,-9339.36,0,33.13867721774454,143.58288522176352,3896,11355.97,11964.27,0.0,11355.97,11962.17,6294,1541,6294,0.8033184428844926,1541
train,9a95e33f,8156,10584.0,18739.0,0,2887033.13,2888902.3,0,1007434.37,1014744.16,0,-9406.41,-8542.38,0,28.965221854782957,192.291135979118,1091,10613.2,11506.64,0.0,10613.2,11506.64,6447,1709,6447,0.7904610102991663,1709
train,9ab94eeb,6372,10188.0,16559.0,0,2919155.46,2923030.99,0,1049444.3,1053755.86,0,-8997.38,-8126.790000000001,0,34.65337161618819,144.31538051894697,3216,10143.36,10991.87,0.0,10143.36,10991.36,4442,1930,4442,0.697112366603892,1930
train,9ad5410a,5749,11492.0,17240.0,0,3002094.53,3004110.0,0,1104171.82,1109316.33,0,-9771.57,-9320.82,0,42.054567141659206,253.93714704676512,463,11431.34,11922.0,0.0,11431.34,11922.0,4205,1544,4205,0.7314315533136198,1544
train,9ae248be,6655,12463.0,19117.0,0,2946783.3,2949817.63,0,1014924.58,1020662.05,0,-10709.94,-10329.94,0,35.70659683419632,144.53282652266546,1986,12348.87,12772.08,0.0,12348.87,12762.11,5271,1384,5271,0.7920360631104433,1384
train,9af1ffd0,5454,9956.0,15409.0,0,2949661.06,2952800.95,0,1081859.12,1085640.11,0,-8596.86,-7796.94,0,30.8619334585927,208.6757222597559,339,9987.34,10816.44,0.0,9987.34,10816.44,3525,1929,3525,0.6463146314631463,1929
train,9b5b61c1,7215,10261.0,17475.0,0,2971473.81,2975890.57,0,1090960.18,1095891.26,0,-9030.45,-8031.75,0,49.36818212952628,218.64244611710384,804,10360.52,11147.09,0.0,10360.52,11133.2,5532,1683,5532,0.7667359667359668,1683
train,9b9e3b49,6875,11144.0,18018.0,0,3008422.72,3008720.85,0,1110262.27,1116560.94,0,-9751.19,-8950.99,0,39.47702973644086,214.3316227019065,3623,11088.92,11922.4,0.0,11088.92,11921.1,5118,1757,5118,0.7444363636363637,1757
train,9bd2bba3,9092,11904.0,20995.0,0,3005988.57,3009604.71,0,1074407.48,1082230.5,0,-10338.98,-9624.33,0,37.60762250229848,195.4851664723436,344,11706.71,12546.64,0.0,11706.71,12524.19,7439,1653,7439,0.8181918169819622,1653
train,9c211c53,8842,9554.0,18395.0,0,2865593.84,2871154.16,0,1045835.71,1052174.14,0,-8117.280000000001,-7500.780000000001,0,35.18766755087022,162.16609416238066,4223,9462.08,10092.69,0.0,9462.08,10092.69,7265,1577,7265,0.8216466862700746,1577
train,9c350a6a,7794,11049.0,18842.0,0,2996418.2,2999106.41,0,1094811.19,1101565.03,0,-9675.78,-8814.78,0,32.958425192039165,187.53445174895,3361,10589.48,11429.29,0.0,10589.48,11399.240000000002,6052,1742,6052,0.7764947395432384,1742
train,9c8375f7,5432,10465.0,15896.0,0,2914516.33,2917657.8,0,1039851.47,1043608.55,0,-9171.35,-8384.99,0,49.27015534394816,264.3166897180865,1388,10337.45,11209.46,0.0,10337.45,11209.46,3674,1758,3674,0.6763622974963182,1758
train,9d072e4c,6798,11262.0,18059.0,0,3000251.43,3002200.37,0,1096335.01,1102569.96,0,-9854.51,-9120.11,0,33.54614450609558,186.9295778136708,955,11464.27,12031.55,0.0,11464.27,12018.9,5107,1691,5107,0.7512503677552221,1691
train,9d3ec64c,4937,10037.0,14973.0,0,2952594.62,2955552.29,0,1078597.7,1082006.45,0,-8822.01,-7887.280000000001,0,29.554593573304984,197.2443151236049,910,10089.5,10817.2,0.0,10089.5,10811.15,3480,1457,3480,0.7048815069880494,1457
train,9d4272e3,5771,11752.0,17522.0,0,2997412.7,3000519.73,0,1069655.77,1073963.69,0,-10135.28,-9448.16,0,33.01990715381392,171.66703111457952,2992,11763.2,12527.12,0.0,11763.2,12503.44,4030,1741,4030,0.698319182117484,1741
train,9d5e14d4,6565,10271.0,16835.0,0,2886976.51,2891350.46,0,1028168.48,1032457.5,0,-8899.33,-8217.91,0,36.613324027247856,175.25936721866438,3462,10236.03,10964.68,0.0,10236.03,10964.68,5400,1165,5400,0.8225437928408226,1165
train,9da441ba,7283,10864.0,18146.0,0,2997544.22,2999649.11,0,1108693.34,1115424.96,0,-9431.57,-8606.04,0,31.965477460700917,189.9028143600251,1546,10902.89,11377.97,0.0,10902.89,11350.9,5783,1500,5783,0.7940409172044487,1500
train,9dede370,8057,11403.0,19459.0,0,2980474.29,2980914.81,0,1052002.7,1059471.43,0,-10012.21,-9213.97,0,32.30038209789837,167.03402013056834,2989,11364.37,12239.490000000002,0.0,11364.37,12201.56,6297,1760,6297,0.7815564105746555,1760
train,9def2eb2,7750,10990.0,18739.0,0,2983626.77,2986371.1,0,1079092.11,1085793.45,0,-9640.68,-8639.34,0,30.10080781252225,146.61706197766486,921,10725.68,11450.35,0.0,10725.68,11438.84,6003,1747,6003,0.7745806451612903,1747
train,9df1b1f9,6444,11642.0,18085.0,0,3013241.09,3015975.85,0,1104926.97,1110183.03,0,-10110.84,-9350.16,0,34.288111150829195,183.7605264273876,4202,11130.28,12019.86,0.0,11130.28,12019.86,4701,1743,4701,0.7295158286778398,1743
train,9dfff011,6067,10772.0,16838.0,0,2984935.86,2986551.64,0,1090829.64,1096069.11,0,-9256.1,-8463.13,0,33.91947561229039,197.02702874343865,2115,10494.89,11425.740000000002,0.0,10494.89,11419.15,4319,1748,4319,0.7118839624196472,1748
train,9e3e364d,5809,11392.0,17200.0,0,3012922.93,3013121.1,0,1110631.6,1116138.85,0,-9929.61,-9186.93,0,40.38313442330249,177.9333901078423,3002,10892.48,11412.27,0.0,10892.48,11398.14,4290,1519,4290,0.7385092098467895,1519
train,9efc812e,6100,10740.0,16839.0,0,2940614.21,2944602.33,0,1055013.42,1059284.22,0,-9119.91,-8543.96,0,31.63494383688975,141.8836702624576,131,10614.97,11188.44,0.0,10614.97,11188.44,4450,1650,4450,0.7295081967213115,1650
train,9f0c7bae,4040,12573.0,16612.0,0,2949986.98,2950053.1,0,1011155.85,1015029.5,0,-10901.71,-10419.25,0,41.94699833121695,174.43387920557848,1118,12444.08,12803.68,0.0,12444.08,12792.68,2542,1498,2542,0.6292079207920792,1498
train,9ffce529,6675,11791.0,18465.0,0,2922528.52,2926218.52,0,1018614.01,1023904.17,0,-10181.75,-9662.24,0,29.66680211117407,184.00388620128987,2415,11465.3,12062.28,0.0,11465.3,12054.87,5212,1463,5212,0.7808239700374532,1463
train,a0383629,7687,10276.0,17962.0,0,2893157.02,2897833.53,0,1030817.05,1036334.23,0,-9028.06,-8110.07,0,34.88131782369517,163.76870030575205,4026,10484.11,11202.21,0.0,10484.11,11200.62,5832,1855,5832,0.7586834916092103,1855
train,a056d01e,8292,10891.0,19182.0,0,2970960.08,2975644.04,0,1063793.18,1070006.76,0,-9571.64,-8621.21,0,37.74621932044274,165.8891786787848,2031,10982.63,11748.39,0.0,10982.63,11730.37,6557,1735,6557,0.7907621804148577,1735
train,a08d9e63,5199,10472.0,15670.0,0,2927546.19,2930711.34,0,1050939.2,1054595.14,0,-9134.5,-8342.38,0,28.97536983212924,227.753184744824,1159,10407.4,11025.96,0.0,10407.4,10999.19,3685,1514,3685,0.7087901519522986,1514
train,a0b83014,6873,10596.0,17468.0,0,3007760.73,3007914.8,0,1116941.65,1123205.94,0,-9480.47,-8421.59,0,34.177419949077034,169.7572676809529,3664,10460.94,11422.73,0.0,10460.94,11399.070000000002,5035,1838,5035,0.7325767495998836,1838
train,a0e92ed6,6446,11345.0,17790.0,0,3010972.15,3011071.61,0,1115488.31,1121759.06,0,-9553.52,-9165.44,0,29.770923198782786,170.01546220960267,2901,11561.63,11966.64,0.0,11561.63,11966.64,4897,1549,4897,0.7596959354638535,1549
train,a15bc102,5124,10148.0,15271.0,0,2959071.56,2962044.33,0,1084233.31,1087692.23,0,-8815.79,-7974.459999999999,0,33.94008828965304,211.45071964550797,2742,10082.0,10954.02,0.0,10082.0,10954.02,3236,1888,3236,0.6315378610460578,1888
train,a247e7cf,7237,10377.0,17613.0,0,2887482.33,2892140.12,0,1018247.93,1023287.19,0,-9081.29,-8281.36,0,55.33638339098065,190.64521127166623,4041,10374.23,10981.51,0.0,10374.23,10976.45,5674,1563,5674,0.7840265303302474,1563
train,a2e8e7f6,5812,10482.0,16293.0,0,2945499.17,2949098.47,0,1065696.72,1069891.92,0,-8934.65,-8279.33,0,29.58693583725945,165.57657881596745,2479,10271.78,10794.84,0.0,10271.78,10779.97,4760,1052,4760,0.8189951823812801,1052
train,a3518960,6992,11427.0,18418.0,0,3024034.15,3024091.31,0,1108541.62,1114870.3,0,-10190.28,-9216.25,0,26.822621443622506,189.76387207701697,249,11054.62,12157.93,0.0,11054.62,12147.93,4967,2025,4967,0.710383295194508,2025
train,a3f71395,7040,12347.0,19386.0,0,2944401.82,2947635.85,0,1014655.5,1020626.41,0,-10713.81,-10210.56,0,35.78354032165083,156.7068940013991,643,12223.17,12789.45,0.0,12223.17,12775.59,5543,1497,5543,0.7873579545454545,1497
train,a4719920,7495,11200.0,18694.0,0,2988527.31,2991220.39,0,1082530.74,1089161.46,0,-9712.75,-8909.86,0,33.98932355634111,153.29913572712434,4730,10885.18,11453.070000000002,0.0,10885.18,11440.43,5884,1611,5884,0.7850567044696465,1611
train,a48640d9,6586,11817.0,18402.0,0,3008077.79,3011849.01,0,1068601.98,1073442.93,0,-10538.88,-9549.16,0,31.79152100449381,213.9885419659203,829,11718.31,12537.15,0.0,11718.31,12512.43,4532,2054,4532,0.6881263285757668,2054
train,a4cdbb0f,6759,10509.0,17267.0,0,2885248.13,2889916.52,0,1026393.02,1030936.59,0,-8922.27,-8408.0,0,55.26346432547926,237.8596078382314,279,10427.84,10985.85,0.0,10427.84,10976.93,5204,1555,5204,0.7699363811214677,1555
train,a4f989c2,7024,10494.0,17517.0,0,2971708.16,2976193.14,0,1091208.26,1096142.24,0,-9067.87,-8266.8,0,51.6762049314417,487.0329297261088,332,10572.9,11172.06,0.0,10572.9,11170.570000000002,5385,1639,5385,0.7666571753986332,1639
train,a5aa7973,6449,10280.0,16728.0,0,3006699.28,3008073.0,0,1128542.81,1134238.77,0,-9032.15,-8217.83,0,40.44418341815015,261.2840500379798,2281,10128.56,10966.38,0.0,10128.56,10960.5,4616,1833,4616,0.7157698868041557,1833
train,a5e6f7dc,7331,10576.0,17906.0,0,2990776.8,2993366.26,0,1106714.43,1113046.88,0,-9291.94,-8270.48,0,36.67306575852322,234.17995084363463,3755,10702.26,11406.63,0.0,10702.26,11406.63,5649,1682,5649,0.7705633610694311,1682
train,a612d5a0,7160,10302.0,17461.0,0,2971168.74,2975577.07,0,1090675.05,1095635.12,0,-9052.3,-8051.65,0,49.958535650020494,227.4573757241093,328,10418.89,11173.11,0.0,10418.89,11145.740000000002,5329,1831,5329,0.7442737430167597,1831
train,a622ce4d,8047,10662.0,18708.0,0,2994094.67,2996830.21,0,1107637.9,1114761.56,0,-9398.95,-8409.92,0,39.11439412446748,227.58999534843036,3492,10791.14,11422.72,0.0,10791.14,11401.13,6298,1749,6298,0.7826519199701752,1749
train,a645da9a,6766,11244.0,18009.0,0,3016000.03,3020052.95,0,1109217.39,1113989.32,0,-10122.18,-9108.02,0,22.825409024255613,200.88302529347004,1193,11265.93,12040.38,0.0,11265.93,12023.28,5153,1613,5153,0.7616021282885014,1613
train,a692b17e,5409,10293.0,15701.0,0,2907361.94,2910511.38,0,1039642.6,1043357.75,0,-9055.7,-8236.86,0,32.79238469924772,150.20610896868257,3229,10341.820000000002,11201.46,0.0,10341.820000000002,11179.98,3566,1843,3566,0.6592715843963765,1843
train,a6b8ac67,7017,12115.0,19131.0,0,2945130.09,2948241.26,0,1014995.97,1020724.85,0,-10682.33,-9998.23,0,36.327891623790656,174.90440112138293,502,12040.55,12773.51,0.0,12040.55,12752.41,5453,1564,5453,0.7771127262362834,1564
train,a6ed2eff,7054,10832.0,17885.0,0,3009972.33,3010167.38,0,1116300.9,1122813.69,0,-9484.76,-8716.29,0,36.57833492133132,222.83934377520325,3679,10471.67,11335.85,0.0,10471.67,11317.15,5275,1779,5275,0.7478026651545222,1779
train,a6f967fb,7032,11639.0,18670.0,0,3033561.26,3038098.05,0,1090989.92,1095373.82,0,-10787.42,-9572.76,0,30.18901272121742,236.82873708684107,281,11508.97,12685.43,0.0,11508.97,12685.43,4670,2362,4670,0.6641069397042093,2362
train,a76db406,6451,10230.0,16680.0,0,2944751.5,2948631.74,0,1064783.23,1069258.74,0,-8928.74,-8063.469999999999,0,29.945875864658863,146.10359967392395,75,9935.17,10788.36,0.0,9935.17,10788.36,4672,1779,4672,0.7242288017361649,1779
train,a7744f5b,6017,10545.0,16561.0,0,2906749.56,2910459.07,0,1030596.36,1034718.83,0,-9362.61,-8510.12,0,29.692615531349663,173.8718929275638,948,10541.81,11225.91,0.0,10541.81,11203.37,4377,1640,4377,0.7274389230513545,1640
train,a783cc24,3275,10341.0,13615.0,0,2938430.18,2940194.94,0,1066362.32,1068831.37,0,-8718.09,-8193.64,0,29.10166321264209,166.45800735182934,339,10310.89,10778.33,0.0,10310.89,10778.33,1889,1386,1889,0.576793893129771,1386
train,a79fd2e7,6327,11100.0,17426.0,0,3007934.43,3008003.58,0,1104742.52,1110455.89,0,-9830.19,-8957.72,0,22.43271873028594,161.94884963191316,2869,11112.9,11976.59,0.0,11112.9,11976.59,4404,1923,4404,0.6960644855381698,1923
train,a7fc3e6b,6378,10191.0,16568.0,0,2949735.29,2953626.81,0,1069198.78,1073678.1,0,-9007.83,-8033.610000000001,0,37.54865064504985,202.945472402338,3871,10238.88,10980.9,0.0,10238.88,10948.52,4764,1614,4764,0.7469426152398871,1614
train,a85bb86f,5100,10113.0,15212.0,0,2916536.63,2919544.44,0,1046991.09,1050304.94,0,-9000.14,-8061.469999999999,0,41.36060399327992,249.8404052026503,767,10244.93,11161.09,0.0,10244.93,11147.46,3099,2001,3099,0.6076470588235294,2001
train,a85e4bc3,5993,9675.0,15667.0,0,2860284.47,2863888.38,0,1037514.04,1041789.53,0,-8245.15,-7433.18,0,35.175231836235,148.9012881411175,2926,9545.96,10093.820000000002,0.0,9545.96,10084.11,4581,1412,4581,0.7643917904221592,1412
train,a87433c9,7460,11079.0,18538.0,0,3003124.9,3005505.08,0,1096995.95,1103422.43,0,-9946.75,-8921.07,0,28.57211982630479,115.77006930994855,4042,11066.45,11907.0,0.0,11066.45,11907.0,5721,1739,5721,0.7668900804289545,1739
train,a8ed028a,7310,12190.0,19499.0,0,3031843.77,3036767.46,0,1089014.61,1093681.65,0,-10793.03,-10040.55,0,29.58574431242668,186.6296058187201,333,12061.12,12859.44,0.0,12061.12,12826.64,5538,1772,5538,0.7575923392612859,1772
train,a959858c,5770,11076.0,16845.0,0,3018828.51,3022159.44,0,1105062.43,1108762.53,0,-10344.44,-8932.61,0,30.40786902876963,170.2576153520961,3246,10968.21,12224.91,0.0,10968.21,12133.85,4404,1366,4404,0.7632582322357019,1366
train,a9c9b150,5826,10450.0,16275.0,0,2983316.92,2986392.93,0,1108414.75,1112724.98,0,-8982.23,-8212.6,0,42.26735070362408,258.10063089234274,2925,10329.26,11162.18,0.0,10329.26,11159.06,3986,1840,3986,0.6841743906625471,1840
train,aa95015b,5761,10746.0,16506.0,0,3000982.82,3001661.69,0,1111797.5,1117073.58,0,-9373.95,-8554.16,0,33.60167597933638,218.5524171700519,1917,10745.820000000002,11366.19,0.0,10745.820000000002,11350.490000000002,4300,1461,4300,0.7463981947578545,1461
train,aaaf3c03,4728,10904.0,15631.0,0,2907044.86,2911133.21,0,1016439.08,1017519.95,0,-9650.77,-8930.02,0,36.2749281426773,180.59601220527347,284,11219.3,12020.37,0.0,11219.3,12002.3,2997,1731,2997,0.6338832487309645,1731
train,aaeffccb,4586,11344.0,15929.0,0,3006728.62,3009234.79,0,1088068.88,1091128.39,0,-10113.08,-9129.61,0,28.10402159707928,206.57010492148157,2492,11325.46,12219.37,0.0,11325.46,12213.04,2712,1874,2712,0.5913650239860445,1874
train,ab112491,7178,11136.0,18313.0,0,2997005.93,2999370.03,0,1085295.7,1091387.06,0,-9908.71,-8916.61,0,39.53936730521398,196.27185338754532,329,11287.43,12319.27,0.0,11287.43,12288.39,5185,1993,5185,0.7223460573976038,1993
train,ab18d3fc,7337,11576.0,18912.0,0,3008680.38,3013143.27,0,1086936.22,1092108.81,0,-10307.0,-9376.94,0,31.490184601660125,208.9202949233203,2161,11549.25,12292.990000000002,0.0,11549.25,12282.02,5694,1643,5694,0.7760665121984462,1643
train,ab3ced07,6008,11621.0,17628.0,0,3011112.8,3012978.88,0,1093752.02,1098820.23,0,-10214.69,-9406.72,0,30.98600720454844,190.16711281230732,2622,11455.27,12250.08,0.0,11455.27,12250.08,4250,1758,4250,0.7073901464713716,1758
train,ab6fe95d,7424,9335.0,16758.0,0,2855426.45,2859764.17,0,1040445.08,1045764.8,0,-7984.75,-7174.219999999999,0,28.28712922034326,177.66318169162858,1754,9245.19,10083.17,0.0,9245.19,10066.59,5491,1933,5491,0.7396282327586207,1933
train,ab94878e,7652,10417.0,18068.0,0,2935373.71,2939991.51,0,1058906.07,1064342.17,0,-8996.58,-8268.69,0,39.10092357812723,163.9846227752328,340,10366.15,11189.6,0.0,10366.15,11172.76,6004,1648,6004,0.7846314688970204,1648
train,abf460d2,4763,11591.0,16353.0,0,3005705.47,3008754.34,0,1087358.49,1090564.82,0,-9967.18,-9397.97,0,29.633574493512462,185.7608781266876,2439,11510.05,12109.27,0.0,11510.05,12096.27,3217,1546,3217,0.6754146546294353,1546
train,ac6f01d5,6729,11637.0,18365.0,0,3014802.7,3017149.91,0,1088262.26,1093945.23,0,-10435.41,-9506.46,0,36.13386364785769,184.38974480987605,162,11722.96,12532.52,0.0,11722.96,12523.62,5004,1725,5004,0.7436469014712439,1725
train,ad2133a8,7187,11790.0,18976.0,0,2921251.35,2925288.47,0,1016348.98,1021950.49,0,-10248.75,-9712.59,0,35.84589501002605,188.82326690196209,1989,11366.0,12076.59,0.0,11366.0,12076.28,5729,1458,5729,0.7971337136496452,1458
train,add9c322,5519,10472.0,15990.0,0,2990145.26,2990450.1,0,1114860.88,1120028.89,0,-8865.03,-8244.13,0,28.819940545394907,210.87443937307864,3037,10234.44,10888.42,0.0,10234.44,10888.42,3932,1587,3932,0.7124479072295705,1587
train,ae069086,6741,10245.0,16985.0,0,2933767.76,2937826.52,0,1056905.89,1061500.26,0,-9038.15,-8134.35,0,31.523484049374147,191.1965459893709,44,10231.08,11214.76,0.0,10231.08,11205.75,4770,1971,4770,0.7076101468624834,1971
train,ae0784a8,9171,11737.0,20907.0,0,2990936.6,2994200.09,0,1063397.47,1071772.55,0,-10163.31,-9448.97,0,28.68931237374577,143.55047727726642,4907,11656.21,12091.29,0.0,11656.21,12068.58,7823,1348,7823,0.8530149383927598,1348
train,ae35f33a,6469,11741.0,18209.0,0,2944612.09,2946059.77,0,1009281.48,1014904.45,0,-10835.38,-9681.88,0,31.98629112054839,158.00539936322508,1953,11745.65,12687.87,0.0,11745.65,12679.47,4450,2019,4450,0.6878961199567166,2019
train,ae8959c3,6645,9833.0,16477.0,0,2993749.14,2998178.66,0,1127575.91,1131614.35,0,-8733.82,-7734.69,0,30.848539288456447,160.08060925521,514,9798.98,10903.67,0.0,9798.98,10871.7,4518,2127,4518,0.6799097065462754,2127
train,aed44918,4020,12268.0,16287.0,0,3000065.39,3002416.66,0,1066033.56,1069149.49,0,-10297.09,-9987.66,0,34.94755603212363,130.49121390720848,2643,12440.89,12787.23,0.0,12440.89,12774.61,2719,1301,2719,0.6763681592039801,1301
train,aee6393a,7146,10730.0,17875.0,0,2918100.14,2923179.74,0,1041380.29,1046080.67,0,-9230.86,-8694.92,0,32.1425530947845,123.6326515121681,3492,10636.68,11016.83,0.0,10636.68,11006.27,5865,1281,5865,0.8207388748950462,1281
train,af7a59ce,4330,10896.0,15225.0,0,2902974.38,2905666.45,0,1023254.71,1026253.75,0,-9399.66,-8807.36,0,35.585114747033764,231.6997513655947,1115,10856.4,11319.96,0.0,10856.4,11316.81,3024,1306,3024,0.6983833718244804,1306
train,aff4e561,7723,10240.0,17962.0,0,2879318.37,2884119.46,0,1020238.6,1025663.55,0,-8865.94,-8162.0,0,48.13887222489445,270.38407165911525,2658,10195.4,10961.72,0.0,10195.4,10940.68,6026,1697,6026,0.7802667357244594,1697
train,b04b58a3,5229,10133.0,15361.0,0,2942314.58,2945499.16,0,1069938.83,1073606.38,0,-8754.46,-7935.879999999999,0,32.3217445367277,147.0137485977993,287,10126.66,10772.84,0.0,10126.66,10751.15,3402,1827,3402,0.6506024096385542,1827
train,b0d42b0d,6357,10758.0,17114.0,0,2981333.15,2985372.95,0,1106358.01,1110988.08,0,-8939.21,-8499.17,0,40.98431261124954,247.4251968885767,3394,10592.89,11092.04,0.0,10592.89,11065.59,4971,1386,4971,0.7819726285983954,1386
train,b0f53bf4,4202,11663.0,15864.0,0,2997137.75,2999945.15,0,1090240.89,1093168.61,0,-9778.69,-9410.08,0,33.44543192590138,177.11481838300688,1153,11862.35,12224.22,0.0,11862.35,12224.22,2755,1447,2755,0.6556401713469776,1447
train,b19b0395,7196,10698.0,17893.0,0,2898632.78,2903295.67,0,1019673.24,1024767.78,0,-9272.58,-8656.3,0,36.87931215740353,160.4007263856087,286,10688.87,11209.28,0.0,10688.87,11207.240000000002,5813,1383,5813,0.8078098943857699,1383
train,b1efb8a4,7562,11657.0,19218.0,0,3004937.11,3007511.38,0,1097418.59,1104153.63,0,-9976.55,-9389.84,0,39.293211700712654,153.07579393832563,376,11391.35,12032.56,0.0,11391.35,12017.59,5998,1564,5998,0.7931764083575774,1564
train,b32902c0,5737,10320.0,16056.0,0,2989790.33,2990121.22,0,1114840.39,1120030.96,0,-8922.76,-8102.030000000001,0,32.00317123684481,209.85216908370515,2778,10075.52,10941.35,0.0,10075.52,10939.86,3808,1929,3808,0.663761547847307,1929
train,b32e4903,7420,10597.0,18016.0,0,2899603.31,2904181.88,0,1026696.68,1031898.09,0,-9258.88,-8558.88,0,37.13785126824023,160.36351982696388,461,10434.85,11197.66,0.0,10434.85,11186.63,5770,1650,5770,0.7776280323450134,1650
train,b3388334,7807,10639.0,18445.0,0,2887490.98,2889292.41,0,1007487.75,1014477.58,0,-9419.62,-8592.82,0,28.38054190469487,206.69539855356385,1793,10642.52,11506.240000000002,0.0,10642.52,11481.61,6080,1727,6080,0.7787882669399258,1727
train,b37fd114,9786,11047.0,20832.0,0,2985573.67,2989075.54,0,1077711.29,1086524.7,0,-9652.19,-8812.04,0,30.700852337686506,195.03942664990373,836,10831.23,11416.78,0.0,10831.23,11388.66,8161,1625,8161,0.833946454118128,1625
train,b38e3116,7954,11477.0,19430.0,0,3005186.52,3007816.57,0,1097433.4,1104371.68,0,-9980.33,-9221.58,0,37.68701254882882,155.4687890316829,420,11227.96,12032.6,0.0,11227.96,12012.820000000002,6211,1743,6211,0.7808649735981896,1743
train,b4d8dd4f,5909,10246.0,16154.0,0,2913152.84,2916716.93,0,1045301.47,1049297.48,0,-9040.86,-8223.68,0,44.76174939353715,227.48797681397943,664,10426.98,11231.96,0.0,10426.98,11205.3,4259,1650,4259,0.7207649348451515,1650
train,b4f37e6e,4499,10580.0,15078.0,0,2916184.23,2918845.89,0,1041152.92,1044345.05,0,-9181.67,-8500.06,0,47.32584028891402,277.2326212378997,1421,10663.17,11213.35,0.0,10663.17,11179.72,2992,1507,2992,0.6650366748166259,1507
train,b56bc0aa,7431,10282.0,17712.0,0,2912118.81,2916436.66,0,1043146.99,1048358.55,0,-9103.55,-8211.73,0,41.67633248487774,215.48672392632864,1528,10342.5,11206.47,0.0,10342.5,11204.6,5602,1829,5602,0.7538689274660207,1829
train,b585b4fa,5999,10460.0,16458.0,0,2903229.94,2906803.56,0,1037020.6,1041150.75,0,-9135.27,-8359.87,0,28.25842504728146,168.01237784721152,726,10467.34,11245.8,0.0,10467.34,11238.71,4294,1705,4294,0.715785964327388,1705
train,b5aa9634,8747,12348.0,21094.0,0,3007427.35,3010519.08,0,1074812.51,1082834.88,0,-10384.39,-10026.85,0,29.16172793795607,175.94552095050247,351,12155.27,12548.03,0.0,12155.27,12548.03,7326,1421,7326,0.8375443009031668,1421
train,b7974e66,7170,11621.0,18790.0,0,2987307.08,2987450.1,0,1065130.66,1071973.54,0,-9968.97,-9432.08,0,34.699712402817205,157.84878906148515,3566,11575.98,12128.3,0.0,11575.98,12128.3,5558,1612,5558,0.7751743375174337,1612
train,b7cdcecb,7620,10481.0,18100.0,0,2884974.06,2889670.6,0,1015702.31,1021236.51,0,-9191.68,-8305.08,0,49.059154524409735,256.28141151861894,3181,10378.44,10982.1,0.0,10378.44,10956.66,6168,1452,6168,0.8094488188976378,1452
train,b7fea9ef,5575,10018.0,15592.0,0,2938422.03,2941310.12,0,1064714.73,1068841.18,0,-8862.26,-7869.719999999999,0,28.574820668259235,164.96694136303682,841,9994.5,10778.320000000002,0.0,9994.5,10778.320000000002,3866,1709,3866,0.6934529147982063,1709
train,b85f7b06,5453,11260.0,16712.0,0,3011877.5,3012005.16,0,1110312.96,1115364.21,0,-9917.06,-9082.03,0,39.623034961087015,210.3871498157691,1054,10808.79,11404.37,0.0,10808.79,11404.37,3803,1650,3803,0.6974142673757565,1650
train,b881d27e,5442,10751.0,16192.0,0,2904705.67,2907949.92,0,1024427.04,1028254.95,0,-9428.4,-8685.01,0,27.05891344261752,252.8309239987728,2370,10591.83,11199.55,0.0,10591.83,11199.55,4009,1433,4009,0.7366776920249908,1433
train,b8c49c1a,6254,10052.0,16305.0,0,2942923.3,2946629.95,0,1061429.46,1065643.03,0,-8998.44,-7904.129999999999,0,33.041980269787345,173.171824305512,1325,9839.990000000002,10798.15,0.0,9839.990000000002,10787.44,4319,1935,4319,0.6905980172689479,1935
train,b95e7121,7492,10801.0,18292.0,0,2998196.76,3000287.3,0,1108889.52,1115812.89,0,-9460.71,-8574.54,0,29.33012135878745,171.58970869624173,483,10864.23,11367.3,0.0,10864.23,11360.92,6306,1186,6306,0.8416978109983982,1186
train,b977be4a,7495,10718.0,18212.0,0,2995286.17,2997850.03,0,1107964.68,1114620.83,0,-9429.75,-8507.69,0,30.923183785641932,184.87016461819368,1735,10837.04,11422.33,0.0,10837.04,11387.65,5917,1578,5917,0.7894596397598399,1578
train,ba48188d,5534,11966.0,17499.0,0,3008537.95,3011773.22,0,1085258.47,1089425.97,0,-10273.73,-9827.03,0,35.388547805808344,217.63648458842272,924,11778.490000000002,12275.31,0.0,11778.490000000002,12275.31,4166,1368,4166,0.7528008673653777,1368
train,bb2cdd83,5665,10367.0,16031.0,0,2903217.38,2906533.83,0,1036828.64,1040651.79,0,-9111.23,-8270.58,0,29.87156918313996,183.45901781503656,827,10380.17,11223.740000000002,0.0,10380.17,11216.48,3825,1840,3825,0.675198587819947,1840
train,bb337fa0,8216,11007.0,19222.0,0,2986399.14,2990930.67,0,1101589.86,1108077.11,0,-9284.05,-8747.22,0,34.06925282315131,188.63491190627624,5402,10890.14,11461.4,0.0,10890.14,11430.34,6873,1343,6873,0.8365384615384616,1343
train,bb682ebd,5931,10318.0,16248.0,0,3006897.26,3008211.46,0,1128706.3,1133925.31,0,-9077.27,-8265.41,0,43.876649997610606,221.0708134494996,1522,10146.72,11052.45,0.0,10146.72,11016.98,4139,1792,4139,0.6978587084808633,1792
train,bc4381e2,6885,11339.0,18223.0,0,2984195.37,2985189.94,0,1056029.55,1062192.37,0,-10027.04,-9157.13,0,30.63080911014737,165.1849416590598,3641,11207.21,12147.76,0.0,11207.21,12132.27,4955,1930,4955,0.719680464778504,1930
train,bcebcc5f,7889,10322.0,18210.0,0,2958132.82,2962818.8,0,1075402.06,1081100.57,0,-9038.0,-8093.110000000001,0,35.4594983172883,205.8854600038259,3769,10224.240000000002,10966.36,0.0,10224.240000000002,10928.62,6258,1631,6258,0.7932564330079858,1631
train,bd2c2f34,11621,10119.0,21739.0,0,2868528.35,2875883.59,0,1025817.56,1034255.43,0,-8662.79,-7980.91,0,38.3131619890218,167.30642295090308,7102,9984.44,10700.52,0.0,9984.44,10699.87,9823,1798,9823,0.8452800963772481,1798
train,bd4ae5da,6905,11001.0,17905.0,0,3008097.12,3008426.03,0,1110320.36,1116568.74,0,-9682.94,-8792.41,0,41.49477235263036,192.46666683843145,4356,10966.91,11877.71,0.0,10966.91,11877.71,5006,1899,5006,0.7249818971759594,1899
train,bd6f0e19,6979,10595.0,17573.0,0,3005655.06,3005988.31,0,1116810.09,1123257.02,0,-9362.42,-8420.67,0,38.9318269205393,162.70711728942518,1305,10600.15,11361.88,0.0,10600.15,11358.03,5140,1839,5140,0.7364951998853704,1839
train,bd8f847e,6161,12314.0,18474.0,0,2945500.22,2946938.13,0,1009323.87,1015016.99,0,-11027.65,-10257.27,0,39.17945482844488,151.30371931519798,1089,12301.8,12813.28,0.0,12301.8,12803.35,4961,1200,4961,0.8052264242817725,1200
train,be063506,6539,10992.0,17530.0,0,3000338.1,3002574.61,0,1103023.95,1108613.09,0,-9698.29,-8837.04,0,36.32455137426072,228.2521455148581,1657,10985.62,11887.94,0.0,10985.62,11887.94,4500,2039,4500,0.6881786205841872,2039
train,be35c8f2,5898,11705.0,17602.0,0,3013677.97,3015687.26,0,1094777.36,1099783.4,0,-10291.13,-9564.5,0,26.25715881019107,188.78272217917288,1859,11804.33,12555.240000000002,0.0,11804.33,12553.94,4226,1672,4226,0.7165140725669719,1672
train,be83e781,4776,10812.0,15587.0,0,2904004.6,2907061.93,0,1023842.75,1027076.66,0,-9425.51,-8733.87,0,27.450108188635813,225.75774485626695,2144,10625.36,11191.51,0.0,10625.36,11186.37,3221,1555,3221,0.6744137353433836,1555
train,beda8696,7868,10173.0,18040.0,0,2882424.37,2887466.85,0,1022977.62,1028291.53,0,-8846.4,-8092.110000000001,0,49.96367811195488,212.8589574358626,4080,10148.87,10972.22,0.0,10148.87,10954.91,5912,1956,5912,0.7513980681240467,1956
train,bf39bc20,5047,10457.0,15503.0,0,2912730.48,2915607.41,0,1038189.96,1041687.95,0,-9162.37,-8379.7,0,42.36244812285531,220.791095915732,2711,10549.51,11219.04,0.0,10549.51,11202.89,3303,1744,3303,0.654448187041807,1744
train,bf70b410,8000,10288.0,18287.0,0,2881601.93,2886676.07,0,1022118.91,1027639.54,0,-8884.4,-8207.79,0,50.51147169271737,215.74362742669973,3041,10276.63,10985.17,0.0,10276.63,10982.9,6347,1653,6347,0.793375,1653
train,bffe3082,7186,11110.0,18295.0,0,2994462.76,2996820.48,0,1094278.0,1100550.88,0,-9699.27,-8873.37,0,41.459362135924266,229.9110082083073,2200,11333.81,11922.81,0.0,11333.81,11900.28,5723,1463,5723,0.7964096854995826,1463
train,c03b9305,6067,9942.0,16008.0,0,2935664.12,2939132.89,0,1069898.02,1073950.69,0,-8639.93,-7798.16,0,23.810647499773392,120.85107901890042,2878,9961.13,10822.42,0.0,9961.13,10822.42,4255,1812,4255,0.7013350914784902,1812
train,c03d4aed,6375,12121.0,18495.0,0,2947010.73,2948441.74,0,1009327.69,1015006.03,0,-10998.08,-10046.41,0,44.084250282429366,146.67728224442862,1017,12081.06,12818.25,0.0,12081.06,12796.990000000002,4641,1734,4641,0.728,1734
train,c03fba65,5669,9923.0,15591.0,0,2957746.04,2962754.72,0,1092299.53,1092617.71,0,-8659.81,-7746.040000000001,0,39.34500429148393,188.90203814800176,2534,9869.12,10835.7,0.0,9869.12,10835.7,3699,1970,3699,0.6524960310460398,1970
train,c07fd0cd,6035,11703.0,17737.0,0,3021391.65,3024786.76,0,1082952.76,1087301.83,0,-10570.92,-9603.81,0,28.40086888520679,161.85073473135915,2617,11720.08,12538.94,0.0,11720.08,12533.12,4191,1844,4191,0.6944490472245236,1844
train,c1708b88,7960,10703.0,18662.0,0,2980172.61,2984338.75,0,1079843.89,1085899.9,0,-9573.75,-8490.2,0,33.50000850891827,147.74191323873276,4958,10586.17,11369.17,0.0,10586.17,11366.3,6315,1645,6315,0.7933417085427136,1645
train,c1d046f4,6917,11061.0,17977.0,0,3002658.45,3002705.6,0,1109941.45,1116640.31,0,-9505.17,-8875.84,0,18.78643358464889,219.5554141664915,93,10973.740000000002,11425.92,0.0,10973.740000000002,11425.92,5513,1404,5513,0.7970218302732398,1404
train,c2717d4f,6682,10842.0,17523.0,0,3005776.18,3006157.57,0,1110384.44,1116429.07,0,-9526.32,-8595.13,0,39.63614428859302,159.69057207405,448,10356.66,11333.78,0.0,10356.66,11320.23,4721,1961,4721,0.7065249925172105,1961
train,c2c4db09,7851,10595.0,18445.0,0,2995539.8,2998194.85,0,1108198.42,1115168.82,0,-9440.02,-8353.73,0,37.1790773233601,271.7176005260505,1779,10694.97,11399.570000000002,0.0,10694.97,11383.9,6039,1812,6039,0.76920137562094,1812
train,c2c6fc71,8840,11384.0,20223.0,0,3003952.03,3009851.18,0,1084102.25,1090038.77,0,-10062.84,-9078.86,0,26.86674474308664,144.03508150929792,3250,11340.45,12096.89,0.0,11340.45,12079.38,7119,1721,7119,0.805316742081448,1721
train,c36625df,6386,11161.0,17546.0,0,3007307.77,3007754.52,0,1110513.26,1116348.97,0,-9642.05,-8867.88,0,44.98619114320886,198.216368179944,4770,11074.88,11875.19,0.0,11074.88,11875.19,4742,1644,4742,0.7425618540557469,1644
train,c3957531,7254,11715.0,18968.0,0,3018515.67,3020875.58,0,1087131.53,1093343.05,0,-10523.55,-9604.86,0,37.94156139580461,208.75269228902653,278,11748.51,12688.490000000002,0.0,11748.51,12672.97,5316,1938,5316,0.7328370554177006,1938
train,c42fe306,7023,10475.0,17497.0,0,2895526.78,2899804.94,0,1024728.37,1029655.11,0,-9221.27,-8439.17,0,37.10114436474134,185.93447156598023,3897,10084.7,10990.66,0.0,10084.7,10984.4,5095,1928,5095,0.7254734443969814,1928
train,c43812e2,7293,11524.0,18816.0,0,2982358.8,2984265.98,0,1052928.86,1059350.83,0,-10110.36,-9312.79,0,40.96951800288726,180.5266137560713,4483,11344.78,12201.87,0.0,11344.78,12194.58,5527,1766,5527,0.7578499931441108,1766
train,c472c0b5,4867,9957.0,14823.0,0,2995527.79,2998697.44,0,1128190.87,1131104.41,0,-8708.99,-7871.459999999999,0,28.217223942089102,142.63971772515103,387,9903.66,10810.52,0.0,9903.66,10796.13,3054,1813,3054,0.627491267721389,1813
train,c47e0767,6099,11561.0,17659.0,0,3006574.04,3009797.46,0,1092485.86,1097072.3,0,-10040.55,-9298.35,0,42.009004984882736,193.278210876894,720,11420.88,12185.23,0.0,11420.88,12159.92,4356,1743,4356,0.7142154451549434,1743
train,c50b42f6,7920,10146.0,18065.0,0,2889614.37,2894659.32,0,1020848.42,1026152.49,0,-9082.91,-8047.309999999999,0,48.799484727642216,238.6423222878356,1487,10079.12,10989.52,0.0,10079.12,10971.36,6014,1906,6014,0.7593434343434343,1906
train,c593337f,7118,11659.0,18776.0,0,2993832.82,2996242.72,0,1070656.22,1076891.92,0,-10075.85,-9421.86,0,36.95955992300426,190.10690767025943,2229,11455.09,12125.2,0.0,11455.09,12125.2,5208,1910,5208,0.7316661983703288,1910
train,c59b6c4a,7460,9984.0,17443.0,0,2883249.24,2888026.24,0,1024181.25,1029087.3,0,-8818.91,-7913.379999999999,0,40.46305248926062,248.99562343797356,1104,10012.35,10945.43,0.0,10012.35,10945.43,5499,1961,5499,0.7371313672922252,1961
train,c66be2b8,6207,10337.0,16543.0,0,2994705.88,2996440.83,0,1114990.17,1120212.17,0,-9061.23,-8115.129999999999,0,32.96178326136764,228.58046215962568,1631,10476.47,11383.570000000002,0.0,10476.47,11383.570000000002,4154,2053,4154,0.6692444014821975,2053
train,c6797dd7,6281,11017.0,17297.0,0,3008578.74,3011488.06,0,1099605.2,1104324.02,0,-10083.92,-8896.77,0,33.71860649142163,199.45955945369917,1130,11004.15,12048.46,0.0,11004.15,12033.740000000002,4664,1617,4664,0.7425569176882661,1617
train,c6b782a4,6675,10419.0,17093.0,0,2931926.78,2936040.95,0,1055431.36,1059881.11,0,-9087.52,-8231.0,0,27.90221919910565,177.66760079935256,1827,10339.06,11232.39,0.0,10339.06,11232.39,4877,1798,4877,0.7306367041198502,1798
train,c6c96179,5813,10214.0,16026.0,0,2908628.58,2912193.71,0,1035263.05,1039081.7,0,-9151.81,-8156.52,0,28.72116290880812,167.79846405835454,1903,10290.7,11132.75,0.0,10290.7,11117.92,4004,1809,4004,0.6888009633579907,1809
train,c70c0e01,6057,11734.0,17790.0,0,3001885.79,3005193.72,0,1068007.2,1072502.8,0,-10431.32,-9492.7,0,36.98305421164388,134.0814573120625,4142,11840.490000000002,12593.9,0.0,11840.490000000002,12588.14,4312,1745,4312,0.7119035826316659,1745
train,c84c65be,10243,9630.0,19872.0,0,2870789.1,2876950.43,0,1042445.49,1050017.61,0,-8306.26,-7602.33,0,37.22444593902843,275.2016252009763,4430,9282.34,10076.05,0.0,9282.34,10060.61,8496,1747,8496,0.8294444986820267,1747
train,c8d9680c,7741,10747.0,18487.0,0,2993338.6,2995902.05,0,1114627.68,1121603.26,0,-9073.21,-8560.62,0,33.59956473122667,172.9613957187009,2751,10862.15,11421.05,0.0,10862.15,11387.570000000002,6281,1460,6281,0.8113938767601085,1460
train,c908edd0,6751,11045.0,17795.0,0,3008256.33,3008290.79,0,1116493.85,1122942.59,0,-9418.14,-8911.67,0,40.46074280867354,155.09725195394586,321,10837.06,11360.84,0.0,10837.06,11358.8,5293,1458,5293,0.7840319952599615,1458
train,c9578d27,6202,10715.0,16916.0,0,2902675.37,2906480.72,0,1031485.99,1035881.97,0,-9264.16,-8630.27,0,34.00908067506371,241.4260960764464,3099,10556.92,11246.39,0.0,10556.92,11221.94,4487,1715,4487,0.7234762979683973,1715
train,c96c018a,7679,10861.0,18539.0,0,3002203.31,3002331.81,0,1109632.39,1116872.69,0,-9495.58,-8621.85,0,40.49953454916419,161.62716962371746,570,10746.65,11369.58,0.0,10746.65,11350.5,6236,1443,6236,0.8120849068889179,1443
train,c99f9fae,8394,11023.0,19416.0,0,3017075.21,3022065.19,0,1108289.16,1114148.86,0,-10177.16,-8837.61,0,25.729721700114982,165.06071739322212,313,11193.71,12192.5,0.0,11193.71,12192.5,6361,2033,6361,0.757803192756731,2033
train,c9e6734f,6388,10600.0,16987.0,0,2940234.21,2944290.83,0,1054344.24,1058877.0,0,-9168.38,-8494.95,0,33.092100135999395,136.96911022624687,313,10582.71,11217.990000000002,0.0,10582.71,11217.990000000002,4735,1653,4735,0.7412335629304947,1653
train,c9e980e8,6262,10746.0,17007.0,0,3007767.57,3008137.85,0,1111007.79,1116617.17,0,-9690.09,-8594.56,0,32.752178093788295,216.70276738766773,957,10432.08,11398.9,0.0,10432.08,11398.9,4359,1903,4359,0.6961034813158735,1903
train,c9fedcf3,5210,11382.0,16591.0,0,2989999.92,2990181.92,0,1066168.88,1070871.96,0,-10055.53,-9192.12,0,40.33078940394459,161.72339700781222,296,11380.570000000002,12137.43,0.0,11380.570000000002,12122.05,3517,1693,3517,0.6750479846449137,1693
train,cad13e8f,6866,11689.0,18554.0,0,3033896.75,3038325.77,0,1091230.13,1095520.51,0,-10688.69,-9586.07,0,33.52801771712494,212.93271028117465,288,11700.96,12756.78,0.0,11700.96,12756.78,4848,2018,4848,0.7060879697057967,2018
train,cb34231f,7510,11803.0,19312.0,0,3034137.36,3039091.23,0,1091002.95,1095758.59,0,-10742.67,-9691.39,0,31.935636765965377,271.1381564243088,664,11815.94,12765.5,0.0,11815.94,12763.84,5609,1901,5609,0.7468708388814913,1901
train,cb879f40,7904,10618.0,18521.0,0,2993189.47,2995922.42,0,1114384.03,1121479.12,0,-8997.65,-8437.57,0,29.18526115883569,188.51620773526145,2792,10250.77,10843.27,0.0,10250.77,10832.34,6315,1589,6315,0.7989625506072875,1589
train,cbb406b5,8135,10594.0,18728.0,0,3005752.23,3005951.16,0,1122272.02,1129787.55,0,-9250.56,-8393.78,0,36.72857493774802,180.26028035719887,3972,10537.64,11424.15,0.0,10537.64,11416.54,6328,1807,6328,0.7778733866011063,1807
train,cbe51de1,5362,11201.0,16562.0,0,3012314.35,3012771.01,0,1110619.34,1115649.69,0,-9885.28,-9125.79,0,28.283321952996825,186.56452120548207,360,11584.12,12220.3,0.0,11584.12,12192.21,3963,1399,3963,0.7390898918314062,1399
train,cbe62450,7858,10604.0,18461.0,0,2993567.78,2996079.6,0,1114535.34,1121626.17,0,-8993.26,-8420.83,0,29.03768827116994,202.7594836008687,2564,10234.65,10846.740000000002,0.0,10234.65,10830.76,6258,1600,6258,0.7963858488164928,1600
train,cc08aa63,5018,10498.0,15515.0,0,2910105.91,2912816.02,0,1041323.72,1044893.75,0,-9071.8,-8344.95,0,50.3910682650359,221.86067555578305,2038,10484.26,11214.86,0.0,10484.26,11193.23,3274,1744,3274,0.652451175767238,1744
train,cc8a1d57,8321,11728.0,20048.0,0,2921491.65,2926099.08,0,1016073.13,1022500.6,0,-10267.09,-9625.6,0,38.6752008187494,224.59501415903844,1318,11379.22,12061.65,0.0,11379.22,12061.65,6638,1683,6638,0.7977406561711333,1683
train,ccedb12b,6427,12018.0,18444.0,0,3019931.54,3023310.28,0,1082241.64,1087038.56,0,-10636.56,-9822.63,0,32.03782037265201,228.4550027581545,2736,11862.27,12688.53,0.0,11862.27,12670.12,4401,2026,4401,0.6847673875836315,2026
train,cd7f1687,5981,10955.0,16935.0,0,2987603.1,2989736.96,0,1089119.71,1094148.77,0,-9461.89,-8703.99,0,33.07200807806842,165.58656099361656,3812,10623.62,11451.7,0.0,10623.62,11451.7,4232,1749,4232,0.7075739842835647,1749
train,cda7eb37,7620,11681.0,19300.0,0,2919781.81,2924044.18,0,1016020.3,1021795.52,0,-10221.03,-9576.15,0,32.057493314454376,212.13918988565123,1156,11383.06,12080.92,0.0,11383.06,12064.37,5973,1647,5973,0.7838582677165354,1647
train,cdc31d65,6608,11284.0,17891.0,0,3007511.33,3011474.02,0,1086912.36,1091425.07,0,-10065.01,-9048.41,0,23.4927839241802,169.34303623559106,2945,11220.92,12107.47,0.0,11220.92,12090.43,4840,1768,4840,0.7324455205811138,1768
train,cdc60a53,7631,10515.0,18145.0,0,2903214.42,2907832.98,0,1034740.78,1040162.64,0,-9171.71,-8418.39,0,35.040960849989645,178.30234775049976,4092,10418.97,11218.92,0.0,10418.97,11208.47,5878,1753,5878,0.7702791246232473,1753
train,ce55ba43,5658,11149.0,16806.0,0,2988705.33,2991454.28,0,1101777.8,1106430.0,0,-9320.31,-8854.83,0,32.19319318478424,176.26610311984135,3594,10963.73,11458.36,0.0,10963.73,11445.29,4104,1554,4104,0.7253446447507953,1554
train,ce8399b7,3548,10032.0,13579.0,0,2936969.54,2938946.19,0,1060994.5,1063164.07,0,-8899.72,-7882.889999999999,0,27.494414822921797,192.42867115221932,209,10237.27,11204.39,0.0,10237.27,11204.39,1615,1933,1615,0.4551860202931229,1933
train,cf50c9d1,6634,10417.0,17050.0,0,2931139.92,2935252.21,0,1054732.27,1059200.86,0,-9071.86,-8281.58,0,26.88309605585229,189.61671310569125,1135,10399.19,11227.05,0.0,10399.19,11227.05,4858,1776,4858,0.7322882122399759,1776
train,d00e7eb9,7321,10123.0,17443.0,0,2890122.21,2894567.81,0,1029360.26,1034493.97,0,-8965.69,-7994.98,0,40.90853454777153,179.70534819199634,3433,10170.78,10934.4,0.0,10170.78,10932.16,5704,1617,5704,0.7791285343532305,1617
train,d011f41b,3906,10494.0,14399.0,0,2971708.16,2974139.41,0,1093546.86,1096142.24,0,-8971.47,-8266.8,0,50.03607378258021,189.10418680333527,176,10572.9,11170.97,0.0,10572.9,11169.75,2267,1639,2267,0.5803891449052739,1639
train,d07aed8f,4709,11779.0,16487.0,0,3022325.51,3023822.86,0,1090749.41,1094672.94,0,-10458.52,-9603.34,0,27.13188932640129,191.9412996975165,1389,11578.27,12384.86,0.0,11578.27,12375.28,2957,1752,2957,0.6279464854533872,1752
train,d085e611,7852,10329.0,18180.0,0,2994436.62,2996952.54,0,1115223.25,1122149.3,0,-9090.17,-8140.219999999999,0,36.89652395985467,185.08256327829537,3699,10220.12,10935.52,0.0,10220.12,10922.04,6191,1661,6191,0.7884615384615384,1661
train,d0a0e7b5,5423,10646.0,16068.0,0,2990488.32,2990793.32,0,1114906.27,1120036.82,0,-8901.82,-8389.52,0,30.290341991813555,170.98451455958283,722,10374.96,10920.61,0.0,10374.96,10910.39,3816,1607,3816,0.7036695555965333,1607
train,d0a43760,5502,10637.0,16138.0,0,2941582.8,2945169.93,0,1056103.01,1059945.11,0,-9098.26,-8521.11,0,33.44406376970104,157.78331701042518,81,10625.23,11188.320000000002,0.0,10625.23,11187.81,4041,1461,4041,0.7344601962922573,1461
train,d0cb63ae,6859,10103.0,16961.0,0,3003844.12,3008215.86,0,1136150.55,1140648.37,0,-8826.06,-8063.43,0,42.70217819535981,312.4510751132619,2280,10250.89,11050.01,0.0,10250.89,11044.69,5223,1636,5223,0.7614812654905962,1636
train,d114d9c2,7543,10596.0,18138.0,0,2880037.83,2884921.9,0,1020932.05,1026360.75,0,-8869.56,-8427.42,0,53.22087593568055,193.960525632258,3342,10480.17,10973.67,0.0,10480.17,10965.9,6206,1337,6206,0.8227495691369482,1337
train,d1457cc5,8443,9768.0,18210.0,0,2864994.13,2870202.99,0,1025149.71,1030918.69,0,-8563.23,-7625.76,0,23.028032859988507,159.1027724871933,2493,9760.68,10717.3,0.0,9760.68,10708.9,6920,1523,6920,0.819613881321805,1523
train,d1ecf309,7864,10430.0,18293.0,0,3004882.5,3005124.21,0,1122664.69,1129858.09,0,-9159.55,-8301.53,0,48.99281394941883,262.88273781192794,3784,10126.34,11058.88,0.0,10126.34,11042.52,6168,1696,6168,0.7843336724313327,1696
train,d1ee630d,7879,10638.0,18516.0,0,2994516.19,2997140.72,0,1107752.04,1114710.1,0,-9358.23,-8369.59,0,36.491437792152375,216.67067639376776,3201,10724.85,11365.06,0.0,10724.85,11345.820000000002,6290,1589,6290,0.7983246604899099,1589
train,d217e0c5,5713,10904.0,16616.0,0,2992514.89,2994418.09,0,1090835.5,1095722.65,0,-9639.7,-8673.12,0,24.73763079955114,192.22268411554745,749,10615.3,11442.47,0.0,10615.3,11442.47,3838,1875,3838,0.6718011552599334,1875
train,d24ff243,7116,10649.0,17764.0,0,2899718.79,2904279.25,0,1020669.53,1025652.24,0,-9309.06,-8574.19,0,31.67110762066204,170.59956877583414,1701,10601.13,11216.5,0.0,10601.13,11210.09,5641,1475,5641,0.7927206295671726,1475
train,d273674e,5738,11255.0,16992.0,0,3011767.85,3013722.72,0,1100070.21,1104780.82,0,-10052.07,-9142.24,0,29.58176502921128,194.41991353535843,1135,10893.09,11965.76,0.0,10893.09,11955.27,3899,1839,3899,0.679505054025793,1839
train,d2f3b1ab,7018,10742.0,17759.0,0,2906135.93,2910633.09,0,1027177.14,1032189.28,0,-9411.01,-8681.8,0,39.36136043045125,195.99337999274775,1553,10630.570000000002,11189.02,0.0,10630.570000000002,11157.1,5581,1437,5581,0.7952408093473924,1437
train,d3df146b,7252,11536.0,18787.0,0,3027304.01,3027348.86,0,1115021.97,1121802.08,0,-10217.5,-9393.21,0,27.80561898143065,243.13886115628355,2016,11598.14,12235.18,0.0,11598.14,12209.54,5787,1465,5787,0.7979867622724766,1465
train,d40f61d5,5880,10361.0,16240.0,0,2909166.73,2912802.39,0,1035967.18,1039886.66,0,-9199.06,-8271.17,0,27.62432966102807,169.17757171287997,909,10422.13,11209.09,0.0,10422.13,11205.09,4039,1841,4039,0.6869047619047619,1841
train,d41beaf2,6592,10437.0,17028.0,0,2931398.01,2935527.61,0,1054977.94,1059448.6,0,-9050.46,-8301.07,0,28.070529704956087,177.66896101089415,1776,10417.62,11229.27,0.0,10417.62,11226.02,4753,1839,4753,0.7210254854368932,1839
train,d463e527,6991,11526.0,18516.0,0,3024630.71,3024713.99,0,1108616.44,1114879.48,0,-10291.65,-9218.26,0,24.076805025045388,140.44511937742217,356,11083.05,12230.01,0.0,11083.05,12217.79,4767,2224,4767,0.6818766986125018,2224
train,d4f60a28,6435,11544.0,17978.0,0,3020945.84,3024448.65,0,1082813.14,1087378.88,0,-10566.56,-9433.75,0,25.579490453896025,169.0541965254282,2317,11539.83,12551.97,0.0,11539.83,12549.63,4501,1934,4501,0.6994560994560994,1934
train,d50c649a,6548,11375.0,17922.0,0,3003950.74,3006124.19,0,1104479.99,1110204.53,0,-9859.75,-9210.99,0,31.16454770670613,256.52165306507607,1964,11305.86,11929.14,0.0,11305.86,11924.73,4873,1675,4873,0.7441967012828344,1675
train,d543916f,6281,10403.0,16683.0,0,2991722.46,2993226.14,0,1114342.2,1120073.87,0,-8961.93,-8199.75,0,33.43957249648005,199.26373234544252,3068,10321.18,10898.54,0.0,10321.18,10879.21,4799,1482,4799,0.7640503104601178,1482
train,d5df0ff5,5490,11677.0,17166.0,0,3015348.91,3017768.04,0,1114635.68,1119356.78,0,-9878.7,-9464.01,0,29.19110399600539,160.93529344015633,160,11630.3,12063.98,0.0,11630.3,12063.98,4032,1458,4032,0.7344262295081967,1458
train,d60430e6,4176,10533.0,14708.0,0,2992715.7,2993713.9,0,1114181.18,1117793.96,0,-9014.04,-8346.91,0,35.037381694556174,222.682025880957,1408,10516.27,11216.25,0.0,10516.27,11216.25,2511,1665,2511,0.6012931034482759,1665
train,d63196fe,5881,11718.0,17598.0,0,2923136.34,2926234.68,0,1019293.66,1023920.37,0,-10174.4,-9633.35,0,30.387523934523863,221.94235555792912,961,11455.92,12062.3,0.0,11455.92,12062.3,4510,1371,4510,0.7668763815677606,1371
train,d6c320d9,6946,10781.0,17726.0,0,2907215.42,2911689.11,0,1028256.25,1033113.57,0,-9430.75,-8692.54,0,38.92312686304936,219.5831302582112,252,10626.13,11185.34,0.0,10626.13,11169.79,5452,1494,5452,0.7849121796717535,1494
train,d6dd7330,7660,11658.0,19317.0,0,3005051.59,3007633.61,0,1097436.45,1104313.54,0,-9918.77,-9382.41,0,36.73134958877186,154.65018270603844,483,11380.05,11969.83,0.0,11380.05,11955.12,6193,1467,6193,0.8084856396866841,1467
train,d7ba4f9d,7771,11960.0,19730.0,0,3005375.59,3009627.94,0,1066683.8,1072627.25,0,-10642.22,-9687.21,0,29.455360970006385,194.0327543415782,2435,11941.06,12612.52,0.0,11941.06,12607.65,6023,1748,6023,0.7750611246943765,1748
train,d7eb0be8,7208,12053.0,19260.0,0,3031832.9,3036837.73,0,1088840.22,1093407.09,0,-10681.78,-9914.62,0,27.679283110262865,217.3366656059722,336,11953.16,12783.73,0.0,11953.16,12730.83,5401,1807,5401,0.7493063263041065,1807
train,d84b621b,5746,10564.0,16309.0,0,2901124.54,2904535.56,0,1027708.05,1031649.92,0,-9284.42,-8539.65,0,35.51796398570684,193.41910081188985,1553,10433.4,11230.64,0.0,10433.4,11230.64,3994,1752,3994,0.6950922380786634,1752
train,d90aa14c,12141,9999.0,22139.0,0,2882925.75,2890466.31,0,1033681.91,1042451.79,0,-8756.96,-7946.92,0,39.02511967951457,194.2232834916881,4898,10112.570000000002,10940.84,0.0,10112.570000000002,10937.12,10018,2123,10018,0.8251379622765834,2123
train,d924e971,5308,10984.0,16291.0,0,3005718.57,3007274.18,0,1105424.14,1109799.33,0,-9834.49,-8825.64,0,32.117363548736634,206.52971681664985,574,11040.19,12098.320000000002,0.0,11040.19,12029.45,3184,2124,3184,0.5998492840994725,2124
train,d9ae59b2,5150,10900.0,16049.0,0,3010593.8,3013532.12,0,1119706.29,1123346.65,0,-9599.81,-8790.84,0,52.10565232054359,211.75596751143476,2168,10382.31,11043.23,0.0,10382.31,11043.23,3648,1502,3648,0.7083495145631068,1502
train,d9d6d94d,6660,12032.0,18691.0,0,3018723.96,3021711.54,0,1081368.17,1086712.8,0,-10575.79,-9863.65,0,36.03584224314383,231.1499184423663,1103,12043.47,12641.33,0.0,12043.47,12635.8,4919,1741,4919,0.7385885885885886,1741
train,d9eca87b,7932,10245.0,18176.0,0,2882032.56,2887109.11,0,1022510.66,1027943.74,0,-8887.25,-8185.82,0,54.43856814955004,185.3404686618269,4492,10254.4,10985.69,0.0,10254.4,10985.69,6373,1559,6373,0.8034543620776601,1559
train,da2d4d7c,3567,11554.0,15120.0,0,2999292.44,3000722.2,0,1086717.99,1089711.34,0,-9929.7,-9352.61,0,38.30782455861622,155.84795291743046,876,11814.72,12258.75,0.0,11814.72,12255.68,2114,1453,2114,0.5926548920661621,1453
train,da3bfe4e,7107,10462.0,17568.0,0,2888923.34,2893746.15,0,1019975.97,1024774.5,0,-9034.87,-8409.02,0,35.77061330277545,203.16381155197476,3828,10448.2,10999.81,0.0,10448.2,10999.81,5549,1558,5549,0.7807795131560433,1558
train,da3cf798,7591,10102.0,17692.0,0,2930993.35,2935561.88,0,1064447.65,1069816.01,0,-8674.18,-7906.42,0,34.156716010001,148.24211617020606,3744,9982.37,10805.17,0.0,9982.37,10779.490000000002,5844,1747,5844,0.7698590436042683,1747
train,da940160,6792,10777.0,17568.0,0,3006995.33,3007160.65,0,1116392.68,1122629.44,0,-9393.11,-8612.52,0,34.901770838659715,179.52236823642093,2302,10510.13,11387.11,0.0,10510.13,11367.19,5132,1660,5132,0.7555948174322733,1660
train,dafc88c3,7187,10748.0,17934.0,0,2898374.34,2903034.31,0,1019400.48,1024545.48,0,-9278.87,-8673.17,0,39.279201523205394,173.5335756046389,348,10714.14,11208.6,0.0,10714.14,11198.76,5572,1615,5572,0.775288715736747,1615
train,dbee6c86,9114,11906.0,21019.0,0,3006402.0,3009822.78,0,1074484.65,1082397.87,0,-10396.92,-9629.16,0,37.62449183658622,184.8759889227532,465,11739.36,12602.23,0.0,11739.36,12592.01,7369,1745,7369,0.8085363177529076,1745
train,dc5fbe29,6555,11298.0,17852.0,0,2922389.41,2925927.29,0,1018222.26,1023201.15,0,-10208.63,-9280.52,0,40.25272295615641,241.84955564220468,2189,11281.4,12053.0,0.0,11281.4,12049.02,5203,1352,5203,0.7937452326468345,1352
train,dc7da28f,6672,10089.0,16760.0,0,2890976.5,2895303.46,0,1023092.62,1027351.34,0,-9089.52,-8064.540000000001,0,33.764651017656945,220.76071304109945,492,10085.86,10975.41,0.0,10085.86,10955.19,4774,1898,4774,0.7155275779376499,1898
train,dc7f9757,6203,10477.0,16679.0,0,3003738.1,3003924.71,0,1122955.22,1128588.77,0,-9110.9,-8289.04,0,47.38022521971819,265.15268896252223,3332,10210.05,11063.1,0.0,10210.05,11063.1,4360,1843,4360,0.7028857004675158,1843
train,dd168de0,5095,10072.0,15166.0,0,2923535.81,2927140.18,0,1059944.66,1062931.78,0,-8657.94,-7951.68,0,29.807931144364307,153.67585516368766,345,10280.1,11018.59,0.0,10280.1,11018.59,3304,1791,3304,0.6484789008832188,1791
train,dd64382d,5058,10066.0,15123.0,0,2951029.13,2953965.87,0,1083322.05,1086728.66,0,-8631.17,-7813.27,0,32.00424793673154,206.5728730461763,2930,9989.51,10838.59,0.0,9989.51,10835.78,3124,1934,3124,0.6176354290233294,1934
train,dd6bc5b2,5764,10055.0,15818.0,0,2974546.92,2977541.78,0,1092323.86,1096280.58,0,-9062.16,-7809.6,0,32.23628110791292,215.689824352979,538,10047.17,11165.740000000002,0.0,10047.17,11152.320000000002,3602,2162,3602,0.6249132546842471,2162
train,dd7d638e,6046,10501.0,16546.0,0,2910219.4,2913823.04,0,1042149.74,1046257.35,0,-9079.63,-8306.08,0,50.93657960277827,293.8403935835271,2029,10426.44,11207.78,0.0,10426.44,11195.66,4301,1745,4301,0.711379424412835,1745
train,ddc790ff,6468,10868.0,17335.0,0,3010432.73,3010555.53,0,1116576.65,1122518.37,0,-9479.88,-8719.5,0,34.56302868097517,173.70702787939217,2682,10425.67,11319.83,0.0,10425.67,11314.96,4726,1742,4726,0.730674087816945,1742
train,df71d1ff,7879,10393.0,18271.0,0,2884372.11,2889256.65,0,1015274.35,1020883.12,0,-9220.1,-8258.67,0,58.670473428807405,191.65687986743757,4200,10288.63,10970.05,0.0,10288.63,10959.0,6228,1651,6228,0.7904556415788806,1651
train,df73b8f3,7150,11733.0,18882.0,0,3002004.82,3005816.79,0,1066253.16,1071670.35,0,-10461.5,-9457.36,0,20.41440120994798,140.601811550988,4503,11782.7,12561.23,0.0,11782.7,12561.23,5311,1839,5311,0.7427972027972028,1839
train,df8290be,5675,10433.0,16107.0,0,2906846.43,2910259.11,0,1039434.25,1043390.44,0,-9098.85,-8400.93,0,33.779712855134726,154.48970370752292,3399,10510.58,11244.16,0.0,10510.58,11228.14,3972,1703,3972,0.6999118942731277,1703
train,e0079ed1,5257,10111.0,15367.0,0,2956106.48,2959255.3,0,1081718.55,1085353.45,0,-8823.87,-7928.65,0,36.15874545098905,191.11857384757704,1496,10357.98,10975.36,0.0,10357.98,10958.18,3471,1786,3471,0.660262507133346,1786
train,e03b45fd,7083,12105.0,19187.0,0,2946372.48,2949470.88,0,1014842.82,1020655.95,0,-10746.65,-9999.86,0,33.58319839272169,166.8679790853736,2757,12017.27,12841.61,0.0,12017.27,12806.71,5342,1741,5342,0.7542001976563603,1741
train,e0f36d98,6714,10777.0,17490.0,0,2988391.76,2990055.55,0,1095288.23,1101406.3,0,-9330.88,-8510.58,0,32.784861439002455,186.0008005788607,3084,10703.91,11374.5,0.0,10703.91,11358.16,4976,1738,4976,0.7411379207625857,1738
train,e149204f,7549,10483.0,18031.0,0,2885350.63,2890080.39,0,1016083.14,1021575.58,0,-9135.92,-8365.46,0,55.26164463838197,183.9531458510523,4239,10453.29,10973.08,0.0,10453.29,10965.53,6097,1452,6097,0.8076566432640084,1452
train,e14d641e,4978,10437.0,15414.0,0,2907877.52,2910803.18,0,1039918.12,1043324.71,0,-9099.5,-8354.03,0,31.271030833821374,160.28743948353952,3095,10447.4,11235.73,0.0,10447.4,11231.85,3184,1794,3184,0.6396143029329048,1794
train,e161bd0c,4813,11456.0,16268.0,0,3003204.2,3006039.34,0,1086825.01,1089748.58,0,-10063.46,-8981.02,0,32.352540570406,159.50260366132412,2233,11258.43,12230.09,0.0,11258.43,12218.58,2949,1864,2949,0.6127155620195305,1864
train,e201fd6d,6912,11848.0,18759.0,0,3021785.03,3025656.44,0,1093767.44,1098800.18,0,-10611.15,-9801.21,0,31.75009993753805,190.82184852847487,1954,11716.740000000002,12528.21,0.0,11716.740000000002,12523.46,5070,1842,5070,0.7335069444444444,1842
train,e25f1537,5018,9988.0,15005.0,0,2939377.26,2942296.97,0,1073729.56,1077088.44,0,-8569.2,-7787.790000000001,0,26.555731723922307,144.73783232404912,1190,9981.72,10795.95,0.0,9981.72,10788.72,3177,1841,3177,0.6331207652451176,1841
train,e2fc7745,5343,11010.0,16352.0,0,3013533.58,3014485.53,0,1114336.85,1118994.11,0,-9712.29,-8899.23,0,31.443282553609823,169.0483158926436,389,11190.56,12014.37,0.0,11190.56,11981.44,3692,1651,3692,0.6909975669099757,1651
train,e32da4ec,6148,11342.0,17489.0,0,3011188.33,3011268.75,0,1115565.42,1121496.21,0,-9588.27,-9134.08,0,24.89371909425103,156.02634113719728,1962,11512.7,12014.63,0.0,11512.7,11989.33,4689,1459,4689,0.7626870527000651,1459
train,e3b34f5b,7293,10146.0,17438.0,0,2949698.82,2954205.58,0,1074330.98,1079454.06,0,-8836.82,-7951.57,0,38.90362838762746,189.17842823787467,2092,10326.79,10976.320000000002,0.0,10326.79,10967.320000000002,5455,1838,5455,0.7479775126833951,1838
train,e45a2a62,6697,10644.0,17340.0,0,2901847.72,2905952.7,0,1031035.49,1035817.19,0,-9253.35,-8613.5,0,33.387872434190754,215.8946945757833,4085,10561.070000000002,11252.27,0.0,10561.070000000002,11219.92,5007,1690,5007,0.7476482006868748,1690
train,e46f4ef4,8930,11890.0,20819.0,0,3016690.68,3019815.13,0,1087538.36,1095326.22,0,-10474.29,-9515.81,0,34.60809912256977,165.7319529410018,3409,11747.76,12498.21,0.0,11747.76,12492.61,7195,1735,7195,0.8057110862262038,1735
train,e4726608,6268,11173.0,17440.0,0,3011359.27,3011451.96,0,1115390.38,1121285.5,0,-9548.66,-8962.3,0,29.31925245611046,174.87978027489797,2015,11393.41,11968.320000000002,0.0,11393.41,11958.94,4733,1535,4733,0.7551052967453733,1535
train,e5864244,6037,11986.0,18022.0,0,3020798.92,3024186.98,0,1083167.1,1087589.86,0,-10792.6,-9891.52,0,33.086395819356625,189.91518188771568,2009,11998.03,12778.64,0.0,11998.03,12725.62,4469,1568,4469,0.7402683452045719,1568
train,e5c92e59,5927,11916.0,17842.0,0,3018019.82,3021680.69,0,1104817.02,1108981.55,0,-10300.36,-9666.69,0,33.12200974292676,151.2658712669096,2098,11536.52,12215.23,0.0,11536.52,12205.0,4295,1632,4295,0.7246499072043192,1632
train,e5ff9fd2,4198,11246.0,15443.0,0,2978856.85,2979313.53,0,1056746.46,1060329.35,0,-9883.67,-9032.93,0,37.97212820138771,152.1513606645468,2150,10874.65,11781.41,0.0,10874.65,11781.41,2354,1844,2354,0.5607432110528823,1844
train,e6c55748,5959,10606.0,16564.0,0,2906522.21,2910221.4,0,1030352.26,1034409.55,0,-9360.46,-8567.87,0,29.07669803369592,167.687778597462,687,10595.66,11229.03,0.0,10595.66,11224.98,4472,1487,4472,0.7504614868266488,1487
train,e730c32b,6469,11114.0,17582.0,0,3009827.83,3010069.85,0,1110665.32,1116569.23,0,-9751.97,-8940.99,0,33.50198775782587,165.73831653351857,3758,10456.67,11384.41,0.0,10456.67,11378.740000000002,4728,1741,4728,0.7308703045292936,1741
train,e737965a,7694,10589.0,18282.0,0,2895458.72,2900286.09,0,1025301.08,1030781.23,0,-9175.79,-8515.73,0,34.03663094256574,153.96397658932213,4606,10279.76,10949.65,0.0,10279.76,10936.83,5955,1739,5955,0.7739797244606187,1739
train,e748dd88,6264,11599.0,17862.0,0,3010003.7,3012522.2,0,1099728.22,1105027.22,0,-10088.88,-9391.45,0,34.98471860370201,130.98974473883342,211,11471.01,12035.17,0.0,11471.01,12028.62,4812,1452,4812,0.7681992337164751,1452
train,e7818f7a,6829,10835.0,17663.0,0,3010613.27,3014906.58,0,1119687.02,1124383.92,0,-9664.82,-8738.56,0,40.19488046657914,218.4828972994644,1655,10374.46,11032.0,0.0,10374.46,11023.17,5371,1458,5371,0.7864987553082442,1458
train,e7c36e81,5655,10171.0,15825.0,0,2915148.84,2918442.19,0,1045469.08,1049302.98,0,-9033.81,-8087.309999999999,0,42.84251091981489,299.6314738864072,3057,10248.37,11200.44,0.0,10248.37,11191.13,3531,2124,3531,0.6244031830238727,2124
train,e7d0c1de,6455,10788.0,17242.0,0,3006157.85,3006820.11,0,1110883.46,1116806.06,0,-9548.54,-8634.92,0,39.66908181376948,186.23425913984985,236,10556.51,11321.740000000002,0.0,10556.51,11319.23,4711,1744,4711,0.7298218435321456,1744
train,e85074c5,7236,10450.0,17685.0,0,2918025.35,2922902.56,0,1041060.14,1045736.03,0,-9211.82,-8421.7,0,31.373903574650324,120.6761291109291,3197,10402.52,11009.33,0.0,10402.52,10995.97,5675,1561,5675,0.7842730790491984,1561
train,e97032ad,5654,10171.0,15824.0,0,2915088.49,2918442.19,0,1045469.08,1049234.26,0,-9033.81,-8087.309999999999,0,42.57307663562285,236.92842649390107,2735,10237.15,11207.56,0.0,10237.15,11191.16,3530,2124,3530,0.624336752741422,2124
train,e9949a23,6407,11463.0,17869.0,0,2918622.1,2922467.52,0,1014472.11,1018836.71,0,-10246.51,-9400.78,0,35.519748454114215,226.35566406162224,2396,11157.21,12074.51,0.0,11157.21,12054.89,4559,1848,4559,0.7115654752614328,1848
train,ea0b99b7,10939,11396.0,22334.0,0,2991435.45,2995250.08,0,1062569.95,1072262.53,0,-10210.09,-9126.98,0,28.060825627121755,146.26165726875152,5604,11851.88,12542.96,0.0,11851.88,12525.02,9239,1700,9239,0.8445927415668708,1700
train,ea3a0e38,11794,10309.0,22102.0,0,2957448.27,2964689.17,0,1071906.33,1080493.92,0,-9088.97,-8099.49,0,33.52111496264062,179.94748292179892,6390,10236.11,10981.35,0.0,10236.11,10981.35,10052,1742,10052,0.8522977785314567,1742
train,ea41324e,6839,10806.0,17644.0,0,3003747.85,3003866.77,0,1110628.55,1117049.51,0,-9489.94,-8601.48,0,36.92056366996125,189.32299393287065,2136,10671.1,11363.98,0.0,10671.1,11356.48,5025,1814,5025,0.7347565433542915,1814
train,eabc711b,7314,11039.0,18352.0,0,2997721.02,3000073.55,0,1095287.97,1101559.93,0,-9720.91,-8863.37,0,40.56959178862586,258.3433981073142,3007,10956.5,11884.21,0.0,10956.5,11871.27,5348,1966,5348,0.7312004375170905,1966
train,eac10e86,7501,10521.0,18021.0,0,2889309.44,2894333.65,0,1020534.74,1025703.62,0,-9027.05,-8346.97,0,47.66666165252173,242.43271684611477,1817,10400.1,10954.61,0.0,10400.1,10952.52,6067,1434,6067,0.8088254899346754,1434
train,eafb863e,5317,10491.0,15807.0,0,2913934.89,2917000.88,0,1039368.09,1043090.53,0,-9159.38,-8409.18,0,53.95627057098003,308.1271731278228,1674,10429.52,11226.06,0.0,10429.52,11189.63,3568,1749,3568,0.6710551062629302,1749
train,eb06a4e7,6379,11028.0,17406.0,0,3005950.27,3006508.83,0,1110571.44,1116369.6,0,-9588.89,-8791.32,0,38.33848658637583,170.98903031288236,231,10478.61,11384.41,0.0,10478.61,11373.76,4535,1844,4535,0.710926477504311,1844
train,eb640a35,7782,10133.0,17914.0,0,2992523.65,2995097.31,0,1114752.43,1121590.61,0,-9003.91,-8017.09,0,32.28289788672275,205.18218507375957,3704,10136.04,10884.14,0.0,10136.04,10868.93,6037,1745,6037,0.7757645849396042,1745
train,eb934281,7812,11276.0,19087.0,0,2986821.21,2987000.81,0,1064693.46,1072024.16,0,-9792.78,-8990.2,0,24.651527255815004,136.83410239275548,1224,11136.03,11955.36,0.0,11136.03,11955.36,5971,1841,5971,0.764336917562724,1841
train,eba6605e,5719,10618.0,16336.0,0,2902636.5,2906817.69,0,1017414.15,1020674.97,0,-9426.92,-8619.66,0,29.775678055816343,198.50452037210897,1188,10542.23,11306.92,0.0,10542.23,11280.47,4410,1309,4410,0.7711138310893513,1309
train,ebe69318,6718,10288.0,17005.0,0,2900479.74,2904599.33,0,1021816.65,1026355.25,0,-9331.22,-8283.29,0,30.1195008848525,193.3465980616716,1405,10294.6,11187.39,0.0,10294.6,11178.59,4976,1742,4976,0.7406966359035427,1742
train,ec0d597b,6452,10178.0,16629.0,0,2892288.28,2896468.85,0,1024410.39,1028541.11,0,-9074.78,-8100.69,0,37.68694112269216,222.0140782214181,463,10100.76,10971.97,0.0,10100.76,10941.75,4616,1836,4616,0.7154370737755734,1836
train,ec13af42,7362,11434.0,18795.0,0,3007301.14,3011731.77,0,1086261.54,1091357.76,0,-10197.04,-9218.83,0,31.964273469032563,215.97609718363756,3801,11391.240000000002,12235.6,0.0,11391.240000000002,12214.44,5462,1900,5462,0.7419179570768812,1900
train,ecdab904,8176,11334.0,19509.0,0,2980303.99,2980667.06,0,1051892.63,1059367.79,0,-10107.79,-9167.04,0,28.51470326994764,143.94970859249628,563,11232.98,12200.23,0.0,11232.98,12196.21,6147,2029,6147,0.7518346379647749,2029
train,ecdaf714,8240,10266.0,18505.0,0,2918209.21,2923418.68,0,1055177.42,1060895.63,0,-8838.68,-8127.790000000001,0,36.66089195344989,128.9585132199212,359,10301.070000000002,11040.14,0.0,10301.070000000002,11040.14,6592,1648,6592,0.8,1648
train,ed6436d6,5027,11198.0,16224.0,0,3000234.83,3001779.24,0,1085910.93,1090027.42,0,-9917.53,-8992.49,0,36.66177457011346,197.45981297422796,183,11262.92,12234.36,0.0,11262.92,12230.97,2945,2082,2945,0.585836482991844,2082
train,ed6e6e54,7385,11783.0,19167.0,0,3005353.39,3007905.34,0,1097664.38,1104428.66,0,-9925.25,-9551.06,0,33.11982944499856,162.6557214406671,558,11554.64,11980.11,0.0,11554.64,11954.89,6048,1337,6048,0.818957345971564,1337
train,edf885a3,4863,11671.0,16533.0,0,3006183.23,3009231.66,0,1083582.65,1086695.64,0,-10204.26,-9429.18,0,28.56477079406011,184.54216183104128,509,11492.490000000002,12301.04,0.0,11492.490000000002,12281.66,3117,1746,3117,0.6409623689080814,1746
train,ee0300f7,6161,11825.0,17985.0,0,3016824.37,3018837.38,0,1087108.5,1092409.81,0,-10548.19,-9610.01,0,35.99199854485027,203.38731466865536,1881,11687.09,12565.05,0.0,11687.09,12528.47,4544,1617,4544,0.7375426067196884,1617
train,ee288beb,6190,10120.0,16309.0,0,2994889.0,2996543.29,0,1121965.45,1127405.21,0,-8886.74,-8008.52,0,45.75825193448704,284.13066183147185,1862,10411.87,11066.17,0.0,10411.87,11033.84,4638,1552,4638,0.7492730210016155,1552
train,ee4aecac,6596,11171.0,17766.0,0,2971275.07,2975115.8,0,1061043.44,1066124.07,0,-9683.25,-9014.95,0,24.7881234709774,172.91177563950308,1103,11326.52,11766.89,0.0,11326.52,11753.39,5265,1331,5265,0.7982110369921165,1331
train,eeda36f5,6198,12397.0,18594.0,0,2946315.02,2947744.45,0,1009317.06,1015017.04,0,-11009.26,-10330.67,0,40.77489191449975,164.26158503809802,254,12367.58,12845.96,0.0,12367.58,12845.96,4797,1401,4797,0.7739593417231365,1401
train,eeed308d,5503,10580.0,16082.0,0,2907561.15,2910958.35,0,1031100.4,1034803.61,0,-9349.37,-8506.19,0,31.848058872190943,146.58019642418313,2954,10520.17,11207.76,0.0,10520.17,11195.86,3899,1604,3899,0.70852262402326,1604
train,ef04658e,5664,10273.0,15936.0,0,2938095.25,2941065.2,0,1064401.08,1068697.85,0,-8810.49,-8164.07,0,28.11521608329484,134.6887061084338,836,9970.94,10804.51,0.0,9970.94,10775.26,4104,1560,4104,0.7245762711864406,1560
train,ef8e3ed0,6637,11656.0,18292.0,0,2987678.8,2987802.19,0,1065444.79,1071895.26,0,-9954.12,-9479.32,0,40.1714954430328,157.4572205179946,3127,11625.59,12130.58,0.0,11625.59,12120.11,5224,1413,5224,0.7871026065993671,1413
train,efde6ac3,6220,10329.0,16548.0,0,2994436.62,2996389.15,0,1116753.38,1122149.3,0,-9019.12,-8139.82,0,37.73617105392399,189.29445154691956,2577,10221.56,10922.18,0.0,10221.56,10922.18,4559,1661,4559,0.7329581993569132,1661
train,efe96181,5464,10097.0,15560.0,0,2939201.79,2942516.48,0,1061141.94,1064733.08,0,-8976.55,-7956.629999999999,0,28.396722297449127,170.29441329362834,1002,9900.02,10804.63,0.0,9900.02,10804.63,4012,1452,4012,0.7342606149341142,1452
train,f0188a48,6139,10583.0,16721.0,0,2981244.56,2984533.45,0,1080186.49,1084587.91,0,-9540.5,-8420.79,0,26.008648095403803,184.1768205627832,302,10574.37,11418.03,0.0,10574.37,11415.53,4170,1969,4170,0.6792637237335071,1969
train,f021b650,5610,11548.0,17157.0,0,2985013.35,2986796.02,0,1051358.55,1056050.59,0,-10263.7,-9407.05,0,30.34638600379004,243.79834146957904,1985,11231.84,12135.47,0.0,11231.84,12135.13,3739,1871,3739,0.6664884135472371,1871
train,f03f10fe,5823,10524.0,16346.0,0,2909380.01,2913024.06,0,1036191.48,1040189.78,0,-9193.73,-8439.88,0,29.54683541295551,132.9303703121801,1208,10596.12,11233.62,0.0,10596.12,11233.62,4145,1678,4145,0.7118323888030225,1678
train,f053a1b9,5952,11566.0,17517.0,0,3009417.85,3011289.57,0,1093063.86,1098155.72,0,-10176.1,-9382.13,0,33.771524670930134,180.6169770504764,1183,11469.13,12278.75,0.0,11469.13,12278.75,4108,1844,4108,0.6901881720430108,1844
train,f074d277,3868,11949.0,15816.0,0,3019939.77,3022360.3,0,1106190.93,1108786.68,0,-10274.07,-9749.54,0,36.21977376314307,161.80461307153453,876,11450.22,12031.84,0.0,11450.22,12010.88,2453,1415,2453,0.6341778697001034,1415
train,f07d7037,7688,11276.0,18963.0,0,2986646.7,2986795.03,0,1064878.09,1071974.04,0,-9944.24,-9018.96,0,30.26217244432379,154.8624130219308,316,11174.85,12140.65,0.0,11174.85,12126.0,5563,2125,5563,0.7235952133194589,2125
train,f08774c3,5645,11385.0,17029.0,0,2916625.73,2920941.59,0,1014031.02,1016657.04,0,-10171.89,-9355.26,0,33.6676916965958,265.81817048823893,424,11203.490000000002,12060.63,0.0,11203.490000000002,12049.570000000002,3900,1745,3900,0.6908768821966342,1745
train,f140c2fa,6024,11473.0,17496.0,0,2918620.45,2922495.7,0,1013646.65,1017455.25,0,-10272.63,-9439.2,0,34.374420316784494,227.9551401859944,1296,11152.570000000002,12058.79,0.0,11152.570000000002,12058.27,4082,1942,4082,0.6776228419654714,1942
train,f16e25e3,6585,10158.0,16742.0,0,2989380.1,2989887.41,0,1120071.97,1126080.22,0,-8708.36,-7937.77,0,37.34659289835504,184.9634525857613,2638,10113.76,10891.77,0.0,10113.76,10891.77,4651,1934,4651,0.7063022019741837,1934
train,f2d4c8c9,7908,10384.0,18291.0,0,2880828.16,2885861.33,0,1021453.47,1027022.77,0,-8884.4,-8298.67,0,48.111260206289465,210.5691456973902,4107,10357.03,10938.16,0.0,10357.03,10938.16,6249,1659,6249,0.7902124430955993,1659
train,f321a31c,6555,12076.0,18630.0,0,3005043.98,3008757.01,0,1067145.51,1072250.81,0,-10513.95,-9821.0,0,27.33558203683494,205.36950746017928,258,12080.16,12560.58,0.0,12080.16,12547.5,5141,1414,5141,0.7842868039664378,1414
train,f40cd091,6776,11378.0,18153.0,0,2997706.16,3000263.77,0,1101705.17,1107607.11,0,-9676.7,-9129.17,0,44.9703949963608,200.53354174749907,4333,11338.92,11910.93,0.0,11338.92,11904.02,5166,1610,5166,0.762396694214876,1610
train,f439a621,4695,10392.0,15086.0,0,2925738.76,2928485.46,0,1055520.11,1058770.74,0,-8918.57,-8240.29,0,29.66615491429927,142.5097559949317,2042,10313.92,11033.87,0.0,10313.92,11033.87,2821,1874,2821,0.6008519701810436,1874
train,f49fdea3,7027,11844.0,18870.0,0,2987511.81,2992087.99,0,1057751.11,1062395.48,0,-10234.48,-9495.33,0,36.54151525552021,143.14430976054618,388,11348.39,12118.25,0.0,11348.39,12105.5,5391,1636,5391,0.7671837199373843,1636
train,f4d12d23,5448,10477.0,15924.0,0,2914768.4,2917911.97,0,1040066.25,1043821.57,0,-9179.78,-8405.61,0,49.328659553282,213.12462872152577,1342,10369.71,11224.51,0.0,10369.71,11224.51,3701,1747,3701,0.6793318649045521,1747
train,f56d3ace,7383,10740.0,18122.0,0,3003211.84,3003405.03,0,1110306.57,1117079.06,0,-9459.25,-8388.55,0,36.57497736668927,159.88310295395593,2813,10462.3,11326.98,0.0,10462.3,11315.53,5432,1951,5432,0.7357442773940133,1951
train,f5859199,7438,11789.0,19226.0,0,2986002.8,2988477.47,0,1052044.09,1058494.54,0,-10361.41,-9639.01,0,35.801281093032586,209.8270543954532,4668,11466.7,12268.19,0.0,11466.7,12263.02,5790,1648,5790,0.7784350631890293,1648
train,f5d8aab6,6576,10173.0,16748.0,0,3005982.37,3007336.63,0,1129297.53,1135050.29,0,-9036.41,-8106.129999999999,0,50.03123943754464,192.3035915169515,797,10071.84,11050.320000000002,0.0,10071.84,11050.320000000002,4444,2132,4444,0.6757907542579076,2132
train,f631da6e,5604,10729.0,16332.0,0,2982008.21,2985513.34,0,1107764.55,1111791.33,0,-8979.29,-8451.51,0,41.8913751056984,271.3782797147839,2998,10578.87,11173.93,0.0,10578.87,11173.56,4093,1511,4093,0.7303711634546752,1511
train,f6824bb0,6864,10327.0,17190.0,0,2903275.0,2907356.58,0,1037428.49,1042138.62,0,-9100.3,-8216.3,0,29.38225033248525,195.6380987452257,964,10310.14,11228.14,0.0,10310.14,11225.11,5015,1849,5015,0.7306235431235432,1849
train,f6bc699b,5501,10221.0,15721.0,0,2951916.78,2955140.64,0,1071417.94,1075188.85,0,-8976.72,-8034.389999999999,0,34.702304669046775,200.3122518835695,1770,10243.69,11006.070000000002,0.0,10243.69,10982.83,3752,1749,3752,0.6820578076713325,1749
train,f6d009f4,8003,9966.0,17968.0,0,3005639.6,3009377.95,0,1135426.87,1141857.53,0,-8872.32,-7918.34,0,42.26856544293486,261.5315922981851,2319,10009.81,11086.25,0.0,10009.81,11001.490000000002,6715,1288,6715,0.839060352367862,1288
train,f72b268f,7918,10139.0,18056.0,0,3004048.03,3004498.18,0,1128849.05,1136291.52,0,-8995.57,-8093.290000000001,0,53.78079094082724,197.4390233720574,479,10412.54,11062.23,0.0,10412.54,11037.92,6404,1514,6404,0.8087900985097247,1514
train,f8662c22,6957,11019.0,17975.0,0,2971710.29,2975707.47,0,1061381.03,1066705.59,0,-9642.15,-8877.18,0,34.49220030216569,187.6368302611382,3301,11178.31,11731.6,0.0,11178.31,11710.23,5429,1528,5429,0.780365099899382,1528
train,f88ddb26,6585,11338.0,17922.0,0,2985620.97,2985661.63,0,1058770.21,1064879.98,0,-10017.2,-9184.07,0,31.467731882836706,135.31717322272945,254,11433.48,12199.36,0.0,11433.48,12199.36,4990,1595,4990,0.7577828397873956,1595
train,f8afa78a,7367,10502.0,17868.0,0,2886250.78,2890994.89,0,1017038.37,1022271.53,0,-9121.76,-8406.74,0,54.56040476153872,261.6780577883507,3477,10493.19,10993.69,0.0,10493.19,10977.06,6032,1335,6032,0.8187864802497624,1335
train,f8f59188,6740,10405.0,17144.0,0,3006371.2,3006527.78,0,1122241.36,1128387.83,0,-9171.44,-8268.88,0,35.24731243251175,168.1438479195277,4149,10361.84,11323.98,0.0,10361.84,11308.97,4807,1933,4807,0.7132047477744807,1933
train,f9fc81aa,7113,10688.0,17800.0,0,2905604.12,2910130.52,0,1026701.12,1031745.12,0,-9418.14,-8662.89,0,37.49844447317932,206.8925991162525,427,10621.86,11197.97,0.0,10621.86,11181.13,5598,1515,5598,0.7870097005482919,1515
train,fa16d114,6928,10669.0,17596.0,0,2888205.32,2892976.62,0,1019144.23,1024016.38,0,-9021.67,-8560.82,0,50.15444702901792,246.73236322729088,3471,10639.63,10963.16,0.0,10639.63,10957.820000000002,5686,1242,5686,0.8207274826789839,1242
train,fa31da94,6681,11128.0,17808.0,0,3013417.13,3017189.49,0,1109410.92,1114189.0,0,-10030.58,-8981.11,0,32.39323296461266,181.2826578979988,4256,11428.36,12208.56,0.0,11428.36,12208.56,5027,1654,5027,0.752432270618171,1654
train,fa667be2,8798,12269.0,21066.0,0,3007166.56,3010273.73,0,1074719.73,1082734.08,0,-10413.91,-9940.29,0,31.119694142735177,199.1700143953357,1158,12080.09,12590.26,0.0,12080.09,12590.26,7296,1502,7296,0.829279381677654,1502
train,fae0c593,6147,10235.0,16381.0,0,2992996.67,2994732.55,0,1121686.2,1127005.59,0,-8799.22,-8019.379999999999,0,32.473716688231846,209.6400208726208,198,10069.95,10889.490000000002,0.0,10069.95,10889.490000000002,4403,1744,4403,0.7162843663575728,1744
train,fb03ae90,8129,10632.0,18760.0,0,2886628.94,2888482.47,0,1007390.17,1014718.76,0,-9391.09,-8571.36,0,32.10607157122473,166.49736699696157,1271,10671.570000000002,11504.09,0.0,10671.570000000002,11504.09,6431,1698,6431,0.7911182187230902,1698
train,fb0904bd,5087,10202.0,15288.0,0,2957982.78,2960951.79,0,1083300.42,1086740.62,0,-8828.28,-8033.25,0,35.281204107940226,197.2962071825605,2576,10146.03,10972.18,0.0,10146.03,10972.18,3181,1906,3181,0.6253194417141734,1906
train,fb3848a1,7859,10387.0,18245.0,0,2896027.96,2900771.07,0,1025714.44,1031245.08,0,-9192.66,-8350.42,0,35.53044526822379,199.4783482025592,4483,10037.93,10954.240000000002,0.0,10037.93,10940.76,5919,1940,5919,0.7531492556304873,1940
train,fb73b13a,7465,10031.0,17495.0,0,3005463.29,3008951.89,0,1135646.8,1141681.66,0,-8619.03,-7901.68,0,22.3451320518278,287.5901254818578,2613,10033.16,10818.09,0.0,10033.16,10797.7,5640,1825,5640,0.7555257870060281,1825
train,fba7683c,2058,11237.0,13294.0,0,3005920.49,3006401.04,0,1097635.87,1099087.74,0,-9896.21,-9117.61,0,38.2119668762644,202.3375911706389,42,10978.94,11862.92,0.0,10978.94,11857.38,407,1651,407,0.19776482021379982,1651
train,fbd68d27,8552,10590.0,19141.0,0,2907556.0,2912981.9,0,1033059.81,1039139.72,0,-9320.28,-8457.59,0,31.18809775020866,199.7022428847692,1888,10585.03,11234.63,0.0,10585.03,11231.63,6829,1723,6829,0.7985266604303087,1723
train,fc03f21f,6202,11057.0,17258.0,0,3001761.88,3003822.94,0,1103952.44,1109187.6,0,-9732.84,-8897.76,0,42.29325602235558,241.95796029532025,443,11010.43,11893.320000000002,0.0,11010.43,11893.320000000002,4803,1399,4803,0.7744276039987101,1399
train,fc0d20b2,5308,10409.0,15716.0,0,2931278.85,2934624.62,0,1066232.91,1070109.64,0,-8616.65,-8213.99,0,29.75495367787057,144.76523562424973,2347,10374.95,10799.1,0.0,10374.95,10799.1,3954,1354,3954,0.7449133383571966,1354
train,fcfcc902,4665,10624.0,15288.0,0,2983222.1,2984891.59,0,1089457.27,1093088.42,0,-9244.18,-8289.74,0,39.4076662742118,148.59185002831734,187,10623.89,11440.36,0.0,10623.89,11440.36,2791,1874,2791,0.5982851018220793,1874
train,fd3b4faa,6956,10501.0,17456.0,0,3006859.39,3007024.43,0,1122221.08,1128608.92,0,-9231.23,-8378.71,0,31.68574723116252,188.49708827308567,3842,10463.490000000002,11355.28,0.0,10463.490000000002,11343.740000000002,5022,1934,5022,0.7219666474985624,1934
train,fd710aea,5960,11562.0,17521.0,0,3007522.13,3010097.82,0,1092600.31,1097431.67,0,-10047.75,-9302.05,0,38.09334590403715,191.50744768871712,1324,11426.95,12175.87,0.0,11426.95,12164.72,4217,1743,4217,0.7075503355704698,1743
train,fd8f77fa,6756,10671.0,17426.0,0,3004141.59,3004390.69,0,1110837.96,1116991.9,0,-9559.38,-8510.7,0,36.55943202144567,173.09546670307415,3198,10523.54,11421.98,0.0,10523.54,11389.18,5272,1484,5272,0.7803433984606276,1484
train,fde20ecf,6386,11212.0,17597.0,0,3023302.79,3023407.97,0,1115026.57,1120771.07,0,-10070.71,-9080.61,0,30.222423217210185,180.2330386848662,1729,11188.12,12047.7,0.0,11188.12,12023.39,4667,1719,4667,0.7308174130911369,1719
train,fdfd57da,7364,10406.0,17769.0,0,3001874.28,3001957.1,0,1109650.06,1116328.7,0,-9484.86,-8249.35,0,28.631703841543025,219.7036070937874,3605,10384.08,11375.43,0.0,10384.08,11368.37,5236,2128,5236,0.7110266159695817,2128
train,febb4411,6275,11647.0,17921.0,0,3021258.56,3024705.02,0,1083338.31,1087812.55,0,-10612.81,-9543.14,0,29.247968056442964,225.2050081255385,200,11695.84,12615.16,0.0,11695.84,12613.23,4247,2028,4247,0.676812749003984,2028
train,fef8af96,5068,10525.0,15592.0,0,2930432.87,2933518.39,0,1053425.25,1057128.93,0,-9021.35,-8381.56,0,27.885069008145013,159.06081646929638,1655,10499.9,11043.2,0.0,10499.9,11042.3,3826,1242,3826,0.754932912391476,1242
train,ff0aea78,4976,11258.0,16233.0,0,2983746.84,2983844.65,0,1068917.83,1073521.95,0,-9750.52,-9093.0,0,31.55347081845128,179.8136106902016,1750,10974.36,11760.08,0.0,10974.36,11744.71,3261,1715,3261,0.6553456591639871,1715
train,ff8bb73a,7670,10442.0,18111.0,0,2935580.42,2940254.3,0,1059122.61,1064525.78,0,-9026.01,-8263.08,0,39.777193554717016,156.13653020367212,377,10378.28,11227.820000000002,0.0,10378.28,11212.0,5927,1743,5927,0.7727509778357236,1743
train,ffefef30,6421,11959.0,18379.0,0,2944745.17,2946229.73,0,1009293.06,1015034.18,0,-10925.95,-9911.74,0,34.264751046402054,132.75864440633654,1871,11987.96,12772.06,0.0,11987.96,12762.570000000002,4570,1851,4570,0.7117271453044697,1851
test,000d7d20,5278,11467.0,16744.0,0,2983468.41,2983578.28,0,1069022.09,1074040.56,0,-9755.61,-9258.57,0,31.76582704015229,217.3522568926329,2258,,,,11236.02,11756.12,3836,1442,3836,0.726790450928382,1442
test,00bbac68,7559,11578.0,19136.0,0,3005789.15,3010760.08,0,1084504.44,1089521.36,0,-10182.58,-9436.36,0,37.13214788804356,219.8067877795647,942,,,,11406.63,12225.05,6014,1545,6014,0.7956078846408255,1545
test,00e12e8b,6384,10456.0,16839.0,0,2967726.49,2971071.98,0,1060431.23,1065106.5,0,-9338.34,-8356.04,0,21.89286554145276,184.36097298065485,584,,,,10606.18,11604.820000000002,4301,2083,4301,0.6737155388471178,2083
