well_id,rows,robust_sigma,oracle_config,dtw_raw_rmse,dtw_multi_soft_rmse,dtw_multi_stiff_rmse,dtw_raw_offset_end,dtw_multi_soft_offset_end,dtw_multi_stiff_offset_end,dtw_raw_boundary_share,dtw_multi_soft_boundary_share,dtw_multi_stiff_boundary_share,nested_global_gain,nested_gate_gain,ridge_prior_full_rmse,dtw_raw_full_rmse,dtw_multi_soft_full_rmse,dtw_multi_stiff_full_rmse,nested_global_raw_full_rmse,nested_gate_raw_full_rmse,oracle_config_full_rmse
000d7d20,3836,12.866484475963487,dtw_multi_stiff,18.123451922807114,8.84827735403724,7.451515292790832,57.0,-45.0,-45.0,0.0,0.0,0.0,0.07014748001953838,0.034606938634579476,10.403864147297613,18.123451922807114,8.84827735403724,7.451515292790832,13.034900980899403,11.685959029509657,7.451515292790832
00bbac68,6014,10.8965647513469,dtw_raw,13.60727437830741,17.695016724312964,22.15049230495044,-24.0,0.0,6.0,0.0,0.023611572996341867,0.018456933821084136,0.0687846465178416,0.1854605273345134,16.654892591895276,13.60727437830741,17.695016724312964,22.15049230495044,15.510605480427486,13.796474371455716,13.60727437830741
00e12e8b,4301,10.535801000321593,dtw_multi_soft,11.902842556262057,11.589938767327654,12.293559270857951,3.0,0.0,0.0,0.0,0.0,0.0,0.0707783824809391,0.08437061106948698,11.07426774959646,11.902842556262057,11.589938767327654,12.293559270857951,11.297686635420282,11.349698770678433,11.589938767327654
015fe0d2,4296,9.42208393882555,dtw_multi_stiff,10.164161412370945,13.723318540078273,9.975884370176038,66.0,69.0,69.0,0.04702048417132216,0.03514897579143389,0.03514897579143389,0.07555092518358493,0.04962375124984787,19.57167906212856,10.164161412370945,13.723318540078273,9.975884370176038,15.096899753106548,16.564609811429918,9.975884370176038
01869cd4,5557,10.900897426857433,dtw_multi_stiff,10.18473693240681,7.53004338366831,4.3219217196479045,12.0,3.0,12.0,0.0,0.0,0.0,0.0687846465178416,0.1153838707925529,4.839364085380901,10.18473693240681,7.53004338366831,4.3219217196479045,6.311479615091691,7.591487904568223,4.3219217196479045
01982c1d,3941,8.0,dtw_multi_stiff,7.0804419296352386,8.019209036886442,6.2994366992392115,-42.0,-33.0,-24.0,0.0,0.0,0.0,0.07555092518358493,0.09710553849822827,10.360036420971548,7.0804419296352386,8.019209036886442,6.2994366992392115,8.826349885390247,8.440967614868345,6.2994366992392115
028d7b28,6234,9.168280809064875,dtw_multi_stiff,30.740893444169036,30.697569442680038,28.06826597462835,-27.0,0.0,-12.0,0.0,0.0,0.0,0.07171845253150234,0.14235833554235608,32.91115802563417,30.740893444169036,30.697569442680038,28.06826597462835,32.076588025731965,31.3149152445625,28.06826597462835
02e7fe5a,5108,8.0,dtw_multi_soft,5.360569442092873,4.806969362312498,5.909881315751584,-36.0,-21.0,-36.0,0.0,0.0,0.0,0.0707783824809391,0.19751229166926443,4.7018009330346375,5.360569442092873,4.806969362312498,5.909881315751584,4.631034001318901,5.337765880207066,4.806969362312498
0390d174,4411,8.0,dtw_multi_stiff,12.129978016818804,9.813595188686207,8.546241535577957,3.0,-18.0,-3.0,0.0,0.0,0.0,0.07555092518358493,0.19120653094042817,9.499800899056327,12.129978016818804,9.813595188686207,8.546241535577957,10.328199642925517,11.98871543036258,8.546241535577957
03a935ae,2786,8.65639101177646,dtw_multi_stiff,26.09324169334052,25.297860230991276,21.78031795915858,-18.0,-39.0,-42.0,0.0,0.04055994256999282,0.0,0.07014748001953838,0.18853521846142957,25.8839545653715,26.09324169334052,25.297860230991276,21.78031795915858,25.938439625765866,26.076777469046522,21.78031795915858
044af7d1,4519,11.157243244824476,dtw_multi_stiff,7.062728877246455,7.604655331323337,3.6793176887461536,51.0,9.0,9.0,0.0,0.0,0.0,0.0707783824809391,0.052556948909237296,3.7049079681811214,7.062728877246455,7.604655331323337,3.6793176887461536,3.3876899970215617,3.2373336940294024,3.6793176887461536
0498acab,4798,8.646512953538636,dtw_multi_soft,6.629743276506575,5.994113888762571,10.240698216207962,36.0,90.0,90.0,0.0,0.05835764902042518,0.05398082534389329,0.07171845253150234,0.08820969937352759,1.8259257022175164,6.629743276506575,5.994113888762571,10.240698216207962,2.580542009536711,3.033335957552138,5.994113888762571
052d64df,2445,9.69443243622369,dtw_multi_soft,3.917807845455539,2.712133518134974,4.60503649531624,-9.0,-9.0,-9.0,0.0,0.0,0.0,0.07014748001953838,0.2,3.6542060371164107,3.917807845455539,2.712133518134974,4.60503649531624,3.672586611605088,3.917807845455539,2.712133518134974
05948241,3879,9.442386769856975,dtw_multi_soft,9.785040180756171,7.6527892684849315,9.802186117554045,-12.0,-12.0,-12.0,0.0,0.018303686517143595,0.0,0.0687846465178416,0.1589707163963773,6.8456285921774,9.785040180756171,7.6527892684849315,9.802186117554045,7.727139032587697,9.102316822934098,7.6527892684849315
059c8f24,6258,8.0,dtw_multi_stiff,23.885739210111485,26.294877856533592,23.694022467309825,-6.0,-51.0,-45.0,0.0,0.032598274209012464,0.0,0.0687846465178416,0.03121593644703306,29.657981581383606,23.885739210111485,26.294877856533592,23.694022467309825,27.570556877180042,28.69968096711007,23.694022467309825
05a0ee4d,4348,12.89495121511437,dtw_raw,16.303222423080758,19.299851939646825,19.24437375071809,0.0,-21.0,-6.0,0.0,0.0,0.0,0.07171845253150234,0.12809057666022877,19.442762953393625,16.303222423080758,19.299851939646825,19.24437375071809,18.290636729690394,17.404353782685853,16.303222423080758
060ab2b8,6258,9.234730353386865,dtw_raw,6.075878826644909,6.451600466621464,10.597627948656527,-18.0,-84.0,-15.0,0.0,0.06503675295621604,0.045062320230105465,0.07555092518358493,0.11926307011308249,9.516445543786908,6.075878826644909,6.451600466621464,10.597627948656527,7.244191669912485,6.350093054392675,6.075878826644909
06df5958,3509,12.573984887884606,dtw_multi_stiff,3.190822994829085,3.4692526252257303,3.0941793569968876,3.0,3.0,3.0,0.0,0.0,0.0,0.07014748001953838,0.18142532135916503,2.832316595832781,3.190822994829085,3.4692526252257303,3.0941793569968876,2.8441199037062628,3.118557439861957,3.0941793569968876
071d7b45,3211,13.808677453559365,dtw_raw,1.474188911753143,8.018419956730995,9.840478622861696,27.0,-36.0,-36.0,0.0,0.0,0.0,0.07171845253150234,0.16556982341226342,5.7668748465462665,1.474188911753143,8.018419956730995,9.840478622861696,3.8044040684989326,1.6710056199304637,1.474188911753143
0849b4e2,5537,8.0,dtw_raw,8.311509588097406,8.86445053515353,8.627914879762946,-69.0,-90.0,-78.0,0.0,0.01390644753476612,0.0,0.07014748001953838,0.13851322855422993,9.646134349852368,8.311509588097406,8.86445053515353,8.627914879762946,8.9997403364779,8.546335398473346,8.311509588097406
084d66f9,3885,8.998178622500374,dtw_raw,11.448672882377963,14.99784420646603,19.765323788860087,-3.0,-30.0,-18.0,0.0,0.0,0.0,0.0687846465178416,0.04131043374645285,10.855805301348799,11.448672882377963,14.99784420646603,19.765323788860087,10.606490455416159,10.648480178377081,11.448672882377963
08fecf00,5574,8.0,dtw_multi_stiff,8.531687789936669,7.958331610692032,7.411751552772926,-18.0,-18.0,-21.0,0.0,0.0,0.0,0.0687846465178416,0.19099041852321888,8.380172400819612,8.531687789936669,7.958331610692032,7.411751552772926,8.090078946750241,8.461402610663448,7.411751552772926
09053135,5907,10.507804394244708,dtw_multi_soft,7.716975409076131,5.412448761405438,6.3714788216496725,21.0,-15.0,18.0,0.0,0.03572033180971729,0.0,0.07014748001953838,0.11081727230299362,6.26711138462597,7.716975409076131,5.412448761405438,6.3714788216496725,6.265669308481166,6.540305728667491,5.412448761405438
09441b8d,5488,8.0,dtw_multi_soft,12.465744555736103,6.762053515364877,7.561707449876759,36.0,-63.0,-63.0,0.0,0.0,0.0,0.0707783824809391,-0.009474306616245027,10.608985660294566,12.465744555736103,6.762053515364877,7.561707449876759,10.844492345153064,10.616718698310686,6.762053515364877
0955cd6c,5195,8.301120244987748,dtw_raw,2.0422587062492226,6.409198685433811,12.131121024161,-3.0,72.0,72.0,0.0,0.0,0.0,0.07171845253150234,0.07439086011832872,1.9850012067064988,2.0422587062492226,6.409198685433811,12.131121024161,1.5100496451453642,1.5020158528266503,2.0422587062492226
09ec2ca9,5885,14.829891529964911,dtw_raw,4.912103009984048,9.680679113047516,5.960156884309513,18.0,-57.0,6.0,0.0,0.11435853865760408,0.0,0.07014748001953838,0.12245878002363246,5.171920023487145,4.912103009984048,9.680679113047516,5.960156884309513,4.9913782748078255,4.91830106204303,4.912103009984048
0a57a29c,5821,8.0,dtw_multi_soft,16.42822684579448,7.343827977016067,17.84140510204213,57.0,-90.0,57.0,0.0,0.04535303212506442,0.0,0.07555092518358493,0.07773949677070065,12.38788686573115,16.42822684579448,7.343827977016067,17.84140510204213,13.68938796903694,13.731868466364942,7.343827977016067
0bbf5e67,4298,8.0,dtw_raw,2.7945455288076633,7.331485093692294,11.735682462167087,33.0,-21.0,-21.0,0.0,0.0,0.0,0.0687846465178416,0.12473063810692402,3.3612877397690863,2.7945455288076633,7.331485093692294,11.735682462167087,2.6381090814644557,2.42023547762439,2.7945455288076633
0be01c24,4738,8.0,dtw_raw,4.752457922499975,4.958152139179796,6.378058825567992,-9.0,-9.0,-9.0,0.0,0.0,0.0,0.07171845253150234,0.2,5.665522461708763,4.752457922499975,4.958152139179796,6.378058825567992,5.283627935507218,4.752457922499975,4.752457922499975
0c1b160c,5054,12.44506187353608,dtw_multi_stiff,7.29807620704076,9.569652735503233,5.914922503725111,-12.0,27.0,36.0,0.0,0.0,0.0,0.07171845253150234,0.10653616136627542,7.605430910659996,7.29807620704076,9.569652735503233,5.914922503725111,7.211764058575904,7.132127868354263,5.914922503725111
0d99f8e4,5823,8.039416274887861,dtw_multi_stiff,16.184871918880916,9.5094824408256,7.021988388715635,21.0,-42.0,-42.0,0.0,0.0,0.0,0.0707783824809391,0.03275234896211102,8.21618938294797,16.184871918880916,9.5094824408256,7.021988388715635,10.927696520943611,9.445873270775495,7.021988388715635
0dc5e64d,4879,15.544497325376849,dtw_raw,6.722740074166708,7.142953692483188,6.823038444770417,36.0,36.0,24.0,0.0,0.0,0.0,0.0707783824809391,0.2,8.090176518263808,6.722740074166708,7.142953692483188,6.823038444770417,7.522378795041975,6.722740074166708,6.722740074166708
0dc835f3,4428,8.0,dtw_raw,10.06104730785887,13.804162410030072,10.480495430878042,-45.0,33.0,-27.0,0.0,0.0,0.0,0.0687846465178416,0.14204945069160477,13.505421903302176,10.06104730785887,13.804162410030072,10.480495430878042,12.039003821774061,10.772261647430883,10.06104730785887
0dd99dc5,7342,12.791200027109449,dtw_raw,3.8795053976403584,5.185720665402572,4.052946813486722,33.0,0.0,30.0,0.0,0.0098065922092073,0.0,0.0707783824809391,0.07743847058502439,8.00176158681288,3.8795053976403584,5.185720665402572,4.052946813486722,5.54452162745857,5.3393972802150165,3.8795053976403584
0e5e560d,3253,12.458032285279096,dtw_multi_soft,10.624599806105595,8.011803911909649,10.628721073538411,21.0,18.0,30.0,0.0,0.0,0.0,0.0687846465178416,0.07556544879496647,7.111108819907185,10.624599806105595,8.011803911909649,10.628721073538411,7.615206232597339,7.714817992516867,8.011803911909649
109d9d70,4215,10.416327084633634,dtw_multi_stiff,14.505255454494963,10.89971548386305,10.239730727141794,-33.0,27.0,27.0,0.0,0.0,0.0,0.0687846465178416,0.10011354989874811,12.694792667001119,14.505255454494963,10.89971548386305,10.239730727141794,13.290456726400459,13.571763168151987,10.239730727141794
10a1281a,5609,10.478785920916224,dtw_raw,5.668188660022251,7.541390596928184,6.425529938717207,-90.0,-24.0,-24.0,0.03726154394722767,0.0,0.0,0.07555092518358493,0.09012567920717482,9.778854381764555,5.668188660022251,7.541390596928184,6.425529938717207,7.7310751846097405,7.383133502035291,5.668188660022251
10b89021,5414,8.200548635164576,dtw_multi_soft,11.254060907973304,7.753449596988947,10.890029206985103,36.0,-51.0,0.0,0.0,0.0,0.0,0.07555092518358493,0.2,8.709418102276723,11.254060907973304,7.753449596988947,10.890029206985103,9.609534379858248,11.254060907973304,7.753449596988947
10be2420,3271,8.0,dtw_multi_soft,5.086252057942285,4.891749165285069,5.67248118038287,12.0,-21.0,-3.0,0.0,0.0,0.0,0.07014748001953838,0.2,5.355303328808098,5.086252057942285,4.891749165285069,5.67248118038287,5.224058473992969,5.086252057942285,4.891749165285069
113011eb,3272,10.592147944375128,dtw_multi_soft,12.382903331846832,10.599667982205956,12.247109172106512,24.0,21.0,24.0,0.0,0.0,0.0,0.0707783824809391,0.11426113949470564,8.539072823128691,12.382903331846832,10.599667982205956,12.247109172106512,9.85236326786364,10.688651177820232,10.599667982205956
1131525f,4159,13.174691468363468,dtw_multi_stiff,8.701282904105595,7.015934049077069,3.797803645969902,75.0,75.0,81.0,0.0,0.0,0.0,0.0687846465178416,0.08277651308223294,11.35774002358771,8.701282904105595,7.015934049077069,3.797803645969902,9.736682727721062,9.480691357371665,3.797803645969902
11d0f5ac,4883,9.854697765115546,dtw_raw,3.79579498839005,7.307387464760352,6.085991923881083,6.0,6.0,21.0,0.0,0.0,0.0,0.07171845253150234,0.10420582056660044,6.40313716818221,3.79579498839005,7.307387464760352,6.085991923881083,5.251652178609376,4.788534420026709,3.79579498839005
12203f2a,3261,12.34507157970241,dtw_multi_stiff,13.184614519567969,7.745115138151243,7.550052226719657,-21.0,3.0,-27.0,0.0,0.00030665440049064706,0.0,0.07171845253150234,0.13064284804567627,9.659807416701495,13.184614519567969,7.745115138151243,7.550052226719657,10.70681706109234,11.767485993628497,7.550052226719657
122bd617,4570,8.0,dtw_multi_stiff,11.326746190224386,11.160915735185696,9.341408829624957,-9.0,-60.0,-12.0,0.0,0.0,0.0,0.07171845253150234,0.2,12.745289248238569,11.326746190224386,11.160915735185696,9.341408829624957,11.75922535695524,11.326746190224386,9.341408829624957
125be846,6510,9.115192028874716,dtw_multi_stiff,16.34764067971635,12.196984512548669,7.77094644540071,-12.0,-63.0,-63.0,0.0,0.03917050691244239,0.017204301075268817,0.07171845253150234,0.13117452186806505,17.718363304735664,16.34764067971635,12.196984512548669,7.77094644540071,17.190246598975378,16.782570744561994,7.77094644540071
1285a37b,5597,10.60984859286268,dtw_multi_soft,2.546136175970844,2.4660714925081306,2.609206956485809,3.0,3.0,3.0,0.0,0.0,0.0,0.07555092518358493,0.14978623722389375,2.7122064839694318,2.546136175970844,2.4660714925081306,2.609206956485809,2.5211291207507256,2.4831457173482265,2.4660714925081306
1295a25b,5551,12.111757354503855,dtw_raw,8.766735898682631,11.759291403113815,17.363098352406308,60.0,-45.0,-45.0,0.03981264637002342,0.02738245361196181,0.01639344262295082,0.07014748001953838,0.017763977047040223,7.6784917799153805,8.766735898682631,11.759291403113815,17.363098352406308,6.857263892322786,7.353609982958505,8.766735898682631
12f0cd90,5947,9.277457730476476,dtw_multi_soft,18.112674357584236,17.88757810154553,19.516405800652556,21.0,15.0,15.0,0.0,0.005212712291911888,0.0,0.0687846465178416,0.16796125564018866,19.42964857943912,18.112674357584236,17.88757810154553,19.516405800652556,18.866470147389563,18.255646511723835,17.88757810154553
137d1e44,4554,15.2162627973536,dtw_raw,14.545589523238622,14.744587875670042,14.605553627806724,45.0,33.0,36.0,0.0,0.0,0.0,0.07555092518358493,0.0806266809735149,15.440596613541258,14.545589523238622,14.744587875670042,14.605553627806724,14.775102355562447,14.744038402802497,14.545589523238622
13ce113d,2966,11.016174483018052,dtw_multi_soft,7.27960588730027,4.888954818655613,8.16232809764169,39.0,-57.0,-30.0,0.0,0.0,0.0,0.0707783824809391,0.08208936784148682,1.4890744913230078,7.27960588730027,4.888954818655613,8.16232809764169,2.669320409951545,3.0390059635957813,4.888954818655613
13f598d9,7306,9.319517230265232,dtw_multi_soft,5.665910501112102,5.225149582312263,9.216382943855569,45.0,45.0,48.0,0.0,0.0,0.0,0.07555092518358493,0.10124482594753993,3.9337747899576447,5.665910501112102,5.225149582312263,9.216382943855569,4.04682168753794,4.262845946616698,5.225149582312263
14a53cb3,6919,17.58311833439932,dtw_multi_soft,7.562078980234001,6.917186633716322,10.403031676152928,12.0,-51.0,3.0,0.0,0.017632605867899987,0.0,0.07171845253150234,0.11323690979371866,4.972565965171222,7.562078980234001,6.917186633716322,10.403031676152928,5.720162880639157,6.26186187245293,6.917186633716322
14ab73fb,3649,11.22983759711861,dtw_raw,18.28444730157,19.073689181009566,21.38832930308623,-48.0,15.0,27.0,0.0,0.0,0.0,0.0687846465178416,0.049643779834304985,17.288166625546634,18.28444730157,19.073689181009566,21.38832930308623,17.49105849958774,17.419333617074972,18.28444730157
14ad5efb,5842,9.297991196093502,dtw_multi_soft,9.714146993110027,8.012410202499801,8.095001620881389,-54.0,-60.0,-54.0,0.0,0.03628894214310168,0.0,0.07555092518358493,0.13424335028968276,11.741619356160356,9.714146993110027,8.012410202499801,8.095001620881389,10.78405818571335,10.190392458487814,8.012410202499801
14fee784,4910,10.473792457741224,dtw_multi_stiff,13.313721780322796,16.214522092677463,13.00228678810587,27.0,27.0,27.0,0.0,0.0,0.0,0.0707783824809391,0.13516461776654687,17.24495165658998,13.313721780322796,16.214522092677463,13.00228678810587,15.810659799566722,14.543288397446503,13.00228678810587
153552f5,4695,9.712426974464684,dtw_multi_soft,7.424626303965938,6.550091865440052,7.316706216473018,-36.0,-39.0,-39.0,0.0,0.0,0.0,0.0707783824809391,0.13590133304142185,7.875985973203193,7.424626303965938,6.550091865440052,7.316706216473018,6.922200299207291,6.798764091504432,6.550091865440052
1550491d,4563,8.24963765577956,dtw_multi_soft,14.29642597155231,13.62049934958209,18.75234472358241,-6.0,48.0,48.0,0.0,0.0,0.0,0.07171845253150234,0.05452985674317772,9.10454978940921,14.29642597155231,13.62049934958209,18.75234472358241,10.71614306567654,10.295425583928601,13.62049934958209
155887bb,5585,9.909351279121793,dtw_multi_stiff,9.588716869508989,9.213899802839133,8.370056354884971,15.0,15.0,15.0,0.0,0.0,0.0,0.07014748001953838,-0.006437421239467227,10.278396974482671,9.588716869508989,9.213899802839133,8.370056354884971,10.005841086755039,10.304946532662932,8.370056354884971
1590af81,3799,8.051584538357464,dtw_raw,3.6480383963548437,5.228986965465798,11.393012190052506,-33.0,-33.0,-39.0,0.0,0.018952355883127138,0.0,0.0687846465178416,0.08532024137576921,3.442844975222191,3.6480383963548437,5.228986965465798,11.393012190052506,2.5571642804819397,2.4840456834800793,3.6480383963548437
15e154a1,6068,8.0,dtw_multi_stiff,10.356206881620492,11.677112435936488,10.031375360560384,24.0,24.0,24.0,0.0,0.0,0.0,0.07014748001953838,-0.008236735667443445,12.297951917471504,10.356206881620492,11.677112435936488,10.031375360560384,11.556439360852742,12.388574149999227,10.031375360560384
1619e2ca,4443,9.028276695016574,dtw_multi_stiff,4.921699262896143,3.8759365904369254,3.2732389195504097,6.0,-15.0,-15.0,0.0,0.023182534323655187,0.0,0.07171845253150234,0.17015501713731562,5.616942753497639,4.921699262896143,3.8759365904369254,3.2732389195504097,3.863100098650431,4.193958425790733,3.2732389195504097
16e4a047,4131,12.280539424551726,dtw_multi_stiff,17.532013174242085,15.685340720516818,12.202278140526603,-21.0,18.0,-21.0,0.0,0.0,0.0,0.07171845253150234,0.17086997145182173,17.858035023235157,17.532013174242085,15.685340720516818,12.202278140526603,17.670698144421095,17.54107954234541,12.202278140526603
173ed841,4883,19.06853461620978,dtw_multi_stiff,18.954180083973913,19.691980685781047,17.84922846355076,21.0,75.0,36.0,0.0,0.08416956788859307,0.0,0.0687846465178416,0.03207320821663885,24.95865488568994,18.954180083973913,19.691980685781047,17.84922846355076,22.798077965148053,23.941422566836003,17.84922846355076
1770d7c6,7240,9.04227743375923,dtw_multi_soft,4.969071142989168,3.9213446994524594,4.256866264963041,12.0,12.0,15.0,0.0,0.0,0.0,0.0707783824809391,-0.00430010213608421,3.902822827497684,4.969071142989168,3.9213446994524594,4.256866264963041,3.986402290955767,3.909841408596284,3.9213446994524594
177622d7,3154,11.014890293288653,dtw_multi_stiff,13.850132424597092,16.041118574683395,12.666004192968787,-18.0,-18.0,-45.0,0.0,0.0,0.0,0.0687846465178416,0.2,16.244805357822383,13.850132424597092,16.041118574683395,12.666004192968787,15.377540115570524,13.850132424597092,12.666004192968787
18d24f7b,4558,8.588536769227812,dtw_multi_stiff,16.394193738284258,8.057175194806774,7.239148796954098,21.0,-42.0,-48.0,0.0,0.0868802106186924,0.10114085125054849,0.0707783824809391,0.010724337601659823,12.156982790559153,16.394193738284258,8.057175194806774,7.239148796954098,13.63155455304485,12.37808878812294,7.239148796954098
19137a89,6267,17.0827371064668,dtw_multi_soft,5.776065819241578,4.699673865237965,5.299348672286938,9.0,3.0,6.0,0.0,0.0,0.0,0.0707783824809391,0.2,4.103040256924716,5.776065819241578,4.699673865237965,5.299348672286938,4.468594588871018,5.776065819241578,4.699673865237965
1944513c,4722,8.0,dtw_raw,10.633976892343956,12.684167591765052,19.007177204937186,12.0,-60.0,-54.0,0.0,0.0,0.0,0.0707783824809391,0.2,12.207864463871081,10.633976892343956,12.684167591765052,19.007177204937186,11.616837054944725,10.633976892343956,10.633976892343956
197f8a5a,6310,14.791383679429359,dtw_raw,13.160197648222924,20.507390244513704,27.21574229105073,51.0,-63.0,-66.0,0.0,0.0,0.0,0.07014748001953838,-0.05,14.443941530476465,13.160197648222924,20.507390244513704,27.21574229105073,13.828433523316042,14.977012981944348,13.160197648222924
19871e7f,5293,8.871857448347516,dtw_multi_soft,18.843109146092758,6.969675187705892,8.05413764845939,90.0,15.0,15.0,0.21330058567919893,0.0,0.0,0.07171845253150234,0.04488512802738161,6.233639612841368,18.843109146092758,6.969675187705892,8.05413764845939,10.582832371986783,8.908567544320306,6.969675187705892
198a5607,6251,15.53736414526162,dtw_multi_soft,7.226281190145336,5.233383431846576,6.0652322337842435,6.0,-57.0,-57.0,0.0,0.0,0.0,0.07171845253150234,0.17644535142048842,7.4753977014682285,7.226281190145336,5.233383431846576,6.0652322337842435,7.218632475194739,7.179092551140876,5.233383431846576
19fb4f7b,5620,9.939543760187753,dtw_multi_soft,11.649137847369714,11.541418426421533,11.672173352050496,6.0,6.0,9.0,0.0,0.0,0.0,0.0687846465178416,0.11830767450664816,12.408982584848768,11.649137847369714,11.541418426421533,11.672173352050496,12.111083266267087,11.919721718915694,11.541418426421533
1a518997,4606,10.493043020427834,dtw_raw,3.408066975304334,4.886540970853914,5.248593600687557,6.0,-33.0,24.0,0.0,0.0,0.0,0.0707783824809391,0.13997920421744753,4.481224159426579,3.408066975304334,4.886540970853914,5.248593600687557,3.049312574795087,2.646257940357448,3.408066975304334
1a68190b,4474,9.278448477825629,dtw_raw,8.052659993639137,19.45690419173603,12.188517996485368,21.0,-48.0,18.0,0.0,0.05677246312025033,0.0,0.07171845253150234,0.06963232660145223,15.345987446940928,8.052659993639137,19.45690419173603,12.188517996485368,12.614283068124228,12.692599914714657,8.052659993639137
1a730ac2,4605,8.0,dtw_multi_soft,7.401327423307426,2.3998004451202153,6.933234445088296,39.0,6.0,18.0,0.055808903365906624,0.016938110749185668,0.018023887079261672,0.07171845253150234,0.08575802768722315,5.575654245340469,7.401327423307426,2.3998004451202153,6.933234445088296,1.829111266450999,1.630098502887776,2.3998004451202153
1aaf1da0,4804,16.637342969663116,dtw_raw,6.990858222490554,15.232980669772948,19.64182811615123,33.0,-75.0,-66.0,0.0,0.0,0.0,0.07014748001953838,0.0336788715580546,9.943094965144768,6.990858222490554,15.232980669772948,19.64182811615123,8.701150198310737,9.326849653485658,6.990858222490554
1b08ed48,5618,8.0,dtw_multi_soft,11.945573424178143,9.545052225944191,14.955372565458836,48.0,48.0,48.0,0.0,0.0,0.0,0.0707783824809391,0.07670980746414084,9.329686368493848,11.945573424178143,9.545052225944191,14.955372565458836,10.151034773601987,10.225859595877603,9.545052225944191
1b1c5372,4261,8.0,dtw_raw,18.706561615978504,21.685197211246898,20.596348463806173,-60.0,-21.0,-21.0,0.0,0.0,0.0,0.0707783824809391,0.15199516568973653,22.950118448483,18.706561615978504,21.685197211246898,20.596348463806173,21.415515075583677,19.69662888285536,18.706561615978504
1b1eba53,4655,9.966220897082266,dtw_raw,54.12595268156743,58.367513429933275,56.04629201719303,51.0,24.0,15.0,0.0,0.0,0.0,0.0707783824809391,0.0726394664783003,59.258181062458384,54.12595268156743,58.367513429933275,56.04629201719303,57.40683860863321,57.35864740006263,54.12595268156743
1b6ba517,6597,17.159346817236095,dtw_multi_soft,25.769538732412922,23.981274468355068,25.922896369978705,-12.0,51.0,9.0,0.0,0.0,0.0,0.0707783824809391,0.2,21.563588120205655,25.769538732412922,23.981274468355068,25.922896369978705,23.008185570150598,25.769538732412922,23.981274468355068
1b82b665,3806,14.435235971403383,dtw_multi_stiff,3.175171726474945,7.433399736614396,2.7316215737511973,21.0,-36.0,9.0,0.0,0.0,0.0,0.0687846465178416,0.171792651208432,3.935697683801888,3.175171726474945,7.433399736614396,2.7316215737511973,3.5818381575177134,3.2271984444299426,2.7316215737511973
1bcb2fcf,4524,13.690735266962417,dtw_multi_stiff,6.948848362720866,4.606653796451383,3.781856322583266,-24.0,27.0,27.0,0.0,0.0,0.0,0.0707783824809391,0.11225045205436435,5.398906450803909,6.948848362720866,4.606653796451383,3.781856322583266,5.742813724490255,6.05987619032697,3.781856322583266
1beca81d,5036,8.0,dtw_multi_soft,14.096026279624866,6.022835741285837,6.308871731332452,24.0,-60.0,-66.0,0.0,0.012112787926926131,0.0,0.07171845253150234,0.08805904641386773,10.506530430501172,14.096026279624866,6.022835741285837,6.308871731332452,11.721477824764706,12.011463809051762,6.022835741285837
1d3fbf02,2694,8.0,dtw_raw,4.294142851946455,13.583674725711582,17.227747832585447,36.0,-87.0,-78.0,0.0,0.0,0.0,0.07171845253150234,0.14252062429839626,8.401589070678158,4.294142851946455,13.583674725711582,17.227747832585447,6.5803304093671295,5.077502959351798,4.294142851946455
1d78281a,4949,9.246511778577412,dtw_raw,4.72204996842174,11.305299107106432,4.9820640352720185,-18.0,-90.0,36.0,0.0,0.00020206102242877348,0.0,0.0707783824809391,0.10249448179392026,6.473673445348083,4.72204996842174,11.305299107106432,4.9820640352720185,5.479153125455883,5.1432210116403585,4.72204996842174
1e30dedf,4071,8.0,dtw_raw,5.968533154833189,7.768682980208247,12.497051280964785,-45.0,-51.0,15.0,0.0,0.0,0.0,0.0687846465178416,0.15076761989723714,2.906381511606087,5.968533154833189,7.768682980208247,12.497051280964785,3.8111825901103034,5.123044651119395,5.968533154833189
1e5e3573,5480,10.495625380989575,dtw_multi_stiff,10.65289302013422,8.983505008522567,5.9883071791541305,6.0,24.0,30.0,0.0,0.023905109489051096,0.0,0.0707783824809391,0.086767965962409,10.523766154492945,10.65289302013422,8.983505008522567,5.9883071791541305,10.480694460096853,10.484493475746394,5.9883071791541305
1f9afacb,5328,8.0,dtw_multi_soft,2.98205612252896,2.5163068570613962,2.818593207104363,-3.0,-3.0,-3.0,0.0,0.0,0.0,0.0687846465178416,0.16713948211886254,2.1080553640761783,2.98205612252896,2.5163068570613962,2.818593207104363,2.2911578256523186,2.7786372424173176,2.5163068570613962
1fdbba44,4911,10.564654381374693,dtw_multi_stiff,14.125349448681218,21.764812049097838,13.902058062059288,24.0,-45.0,24.0,0.0,0.035023416819385055,0.0,0.07014748001953838,0.10517950097002489,17.989354355276113,14.125349448681218,21.764812049097838,13.902058062059288,16.594562456463155,15.912144427651555,13.902058062059288
1fee2b62,4641,9.666928565086822,dtw_multi_soft,7.764622078820168,7.307485930363697,8.896281647971264,-39.0,-57.0,-39.0,0.0,0.0,0.0,0.07171845253150234,0.2,5.687620566901857,7.764622078820168,7.307485930363697,8.896281647971264,6.272440756329844,7.764622078820168,7.307485930363697
20096916,5133,18.102218382854634,dtw_multi_soft,10.347192929543594,7.837584197144162,10.149419839902533,27.0,18.0,27.0,0.0,0.0,0.0,0.07171845253150234,0.061432702028328956,5.548587451837286,10.347192929543594,7.837584197144162,10.149419839902533,7.124336375662749,6.883684002842956,7.837584197144162
200d233d,3926,10.113734798416175,dtw_multi_stiff,6.376423822685913,8.181102331924684,5.424317358394332,63.0,63.0,60.0,0.0,0.0,0.0,0.0687846465178416,0.06344381312891534,10.402896210910725,6.376423822685913,8.181102331924684,5.424317358394332,8.829485963359065,8.946826228153249,5.424317358394332
201661b5,5955,12.845933217467541,dtw_multi_soft,18.624738245344624,17.869780776275004,19.371769533269383,-6.0,-30.0,-6.0,0.0,0.0,0.0,0.07171845253150234,0.1486856990346089,16.17260702322182,18.624738245344624,17.869780776275004,19.371769533269383,16.924384348762203,17.895466396067942,17.869780776275004
203721ab,5730,8.0,dtw_raw,6.987853234816338,19.596331228620596,22.93416366147234,75.0,-27.0,-27.0,0.0036649214659685864,0.0,0.0,0.07014748001953838,0.1469684779523969,16.250413131001725,6.987853234816338,19.596331228620596,22.93416366147234,12.587280891644138,8.950619491400591,6.987853234816338
20402d71,6372,13.898558827997016,dtw_multi_stiff,17.095391463840098,7.448746761663844,6.805059662707951,9.0,-69.0,-75.0,0.0,0.006434400502197113,0.0,0.07014748001953838,-0.05,12.31314961473362,17.095391463840098,7.448746761663844,6.805059662707951,13.873649920381665,11.316685633145692,6.805059662707951
2043abc5,6958,9.44341257365401,dtw_raw,6.8314226406107785,12.138026604124667,8.405640264648916,42.0,-30.0,24.0,0.0,0.0,0.0,0.0687846465178416,0.16399415469880482,10.218348896662814,6.8314226406107785,12.138026604124667,8.405640264648916,8.972144331663445,7.376415329585195,6.8314226406107785
204cc64b,4805,14.081067408064877,dtw_multi_soft,9.283001606917656,9.245149512483035,9.659437120027182,-21.0,-3.0,-3.0,0.0,0.0,0.0,0.07555092518358493,0.2,8.931266424999388,9.283001606917656,9.245149512483035,9.659437120027182,8.959753741783475,9.283001606917656,9.245149512483035
206b6193,6535,8.56670258397061,dtw_raw,27.122111112859468,29.69057242033117,32.344514446301865,3.0,24.0,24.0,0.0,0.0,0.0,0.0707783824809391,0.07391911204441319,27.174967640329175,27.122111112859468,29.69057242033117,32.344514446301865,27.10864669476851,27.106910111770404,27.122111112859468
2075c696,3188,13.323653018487544,dtw_raw,13.006635509388223,19.886914202550297,24.20785391564174,21.0,-42.0,-45.0,0.0,0.0,0.0,0.0687846465178416,0.1325600754384975,15.686589877474352,13.006635509388223,19.886914202550297,24.20785391564174,14.67989992569912,13.820929489866229,13.006635509388223
22c5f93f,5172,19.0786665090642,dtw_multi_soft,13.720836897541169,12.24393548731597,18.56034410699428,3.0,-24.0,24.0,0.0,0.0,0.0,0.0687846465178416,0.04082666281817089,9.338155610707558,13.720836897541169,12.24393548731597,18.56034410699428,10.621260809075189,10.062059275681095,12.24393548731597
230eaaa3,4690,11.687143066708582,dtw_raw,26.620067954008707,29.839205601973028,34.69119226190557,15.0,42.0,-24.0,0.0,0.0,0.0,0.07014748001953838,0.09986317168750282,29.99618617365581,26.620067954008707,29.839205601973028,34.69119226190557,28.79059111060694,28.286453999761324,26.620067954008707
2364716c,4316,9.982071062269517,dtw_multi_soft,14.453647530028213,11.368580605051552,14.793176120860089,-6.0,-21.0,-9.0,0.0,0.0,0.0,0.0707783824809391,0.2,9.967663674700704,14.453647530028213,11.368580605051552,14.793176120860089,11.532124682305279,14.453647530028213,11.368580605051552
23b9beb0,7340,8.230809475585167,dtw_raw,4.776460184453875,5.355615481522897,5.106318863041739,30.0,30.0,30.0,0.0,0.0,0.0,0.0687846465178416,-0.03165955895933291,5.504208715082092,4.776460184453875,5.355615481522897,5.106318863041739,4.930079628571769,5.85300926458989,4.776460184453875
24d8997e,3442,8.215449447265271,dtw_multi_soft,9.901131914309289,9.445333760141347,14.74915755392666,-9.0,42.0,42.0,0.0,0.0,0.0,0.07555092518358493,0.11430681965631663,6.700025290101897,9.901131914309289,9.445333760141347,14.74915755392666,7.8423430078523895,8.464952822645284,9.445333760141347
25050f63,6124,10.84391323685515,dtw_multi_soft,10.384399105941515,3.937712842548264,7.746357364615477,-21.0,-21.0,-63.0,0.0,0.00016329196603527107,0.0,0.07171845253150234,-0.005040797069177834,8.069694108740356,10.384399105941515,3.937712842548264,7.746357364615477,8.397215100643164,8.072067607706183,3.937712842548264
25939962,4319,11.073266241275519,dtw_multi_stiff,8.99791795873852,5.794988367563529,5.611804974782169,-27.0,-21.0,42.0,0.0,0.0,0.0,0.0687846465178416,0.021924177357944444,3.7062843590225008,8.99791795873852,5.794988367563529,5.611804974782169,4.961766940886714,3.976453272112809,5.611804974782169
25fd32b3,2885,15.344580645104168,dtw_raw,2.6716092984308233,4.268274300831067,5.441900328618515,66.0,66.0,63.0,0.0,0.0,0.0,0.0687846465178416,0.059739953679232634,8.811037371735742,2.6716092984308233,4.268274300831067,5.441900328618515,5.456836322392004,5.886969391519373,2.6716092984308233
261785ee,3646,8.0,dtw_multi_stiff,14.103651658381247,16.20710559221058,10.504705013780734,-27.0,-69.0,-45.0,0.0,0.0032912781130005485,0.0,0.07014748001953838,0.0945803993202465,19.949203003448915,14.103651658381247,16.20710559221058,10.504705013780734,17.80263908935728,17.07497098658751,10.504705013780734
264feceb,5665,9.35848675117727,dtw_multi_soft,10.314088098165499,5.40324329623777,7.61263939679596,24.0,-45.0,-45.0,0.0,0.0,0.0,0.07171845253150234,0.09377042762021916,4.301174552064321,10.314088098165499,5.40324329623777,7.61263939679596,5.268310739426071,5.9668725174078725,5.40324329623777
26623a50,5735,10.325225689430145,dtw_multi_soft,11.614805336551989,7.639721863584215,10.881335020313372,3.0,-3.0,36.0,0.0,0.0,0.0,0.0707783824809391,0.04117345513315116,5.475717352381148,11.614805336551989,7.639721863584215,10.881335020313372,6.9222567238172195,6.152872525455265,7.639721863584215
26d3a96a,4721,8.0,dtw_multi_stiff,6.902004467696846,6.991201841296257,6.845564250203952,-24.0,-12.0,-12.0,0.0,0.0,0.0,0.07171845253150234,0.14146113711357497,7.3518702760906125,6.902004467696846,6.991201841296257,6.845564250203952,7.130357820468216,6.9783029783086885,6.845564250203952
272abef3,4135,10.879134662506718,dtw_raw,8.636262468553554,9.885644747914991,11.943215690416832,-24.0,27.0,27.0,0.0,0.0,0.0,0.07555092518358493,0.0724846477744035,10.105595265278204,8.636262468553554,9.885644747914991,11.943215690416832,9.24882715783793,9.27726924227471,8.636262468553554
27300fd5,5467,8.378378195513033,dtw_raw,4.936704222363251,5.661284120786121,4.954915317309078,-36.0,-15.0,-12.0,0.0,0.0,0.0,0.07555092518358493,0.11656863129705812,6.183644796154128,4.936704222363251,5.661284120786121,4.954915317309078,5.616312325198278,5.352480960339982,4.936704222363251
276b012a,4837,12.913225913404068,dtw_multi_stiff,17.426071246873658,17.546614901466363,16.065050036857308,21.0,-6.0,-6.0,0.0,0.0,0.0,0.07014748001953838,0.1440544069945224,19.021800310919335,17.426071246873658,17.546614901466363,16.065050036857308,18.415477891822068,17.829816661364486,16.065050036857308
27c3155b,4958,10.023724951174119,dtw_raw,10.476040097657904,11.699527242564649,11.051504499542272,-18.0,-15.0,-15.0,0.0,0.0,0.0,0.07171845253150234,0.2,12.289980073987909,10.476040097657904,11.699527242564649,11.051504499542272,11.61844099912684,10.476040097657904,10.476040097657904
27ebb9b9,5766,11.2642680483228,dtw_multi_stiff,12.57974034586118,12.841633645771113,12.439240671641018,18.0,18.0,15.0,0.0,0.0,0.0,0.07014748001953838,0.0349552308002074,14.167457628015105,12.57974034586118,12.841633645771113,12.439240671641018,13.536566543024042,13.844073635487947,12.439240671641018
283269ac,2626,10.279937583291167,dtw_multi_soft,5.382424850699877,3.2228601348662376,7.487543246298619,-84.0,-84.0,42.0,0.04226961157654227,0.07273419649657273,0.0,0.07014748001953838,0.07476687736005334,3.946187462679357,5.382424850699877,3.2228601348662376,7.487543246298619,3.060856296600588,3.061653039764779,3.2228601348662376
28473855,4290,13.748778845837267,dtw_raw,3.6998976483513575,5.720081799177445,5.063298053233612,12.0,-6.0,-9.0,0.0,0.0,0.0,0.07014748001953838,0.2,4.283827846384751,3.6998976483513575,5.720081799177445,5.063298053233612,4.0355421155568845,3.6998976483513575,3.6998976483513575
28f4eda9,5266,11.528267494312091,dtw_raw,2.8505493054223767,4.029119161862802,7.367289321474003,-3.0,-39.0,-18.0,0.0,0.0,0.0,0.0707783824809391,0.17969439875922558,2.184101384280897,2.8505493054223767,4.029119161862802,7.367289321474003,2.023330148445884,2.65356198828072,2.8505493054223767
29b24409,5587,8.603477256406281,dtw_multi_soft,6.97089816127307,5.582858435287358,6.565520209462532,66.0,54.0,54.0,0.0,0.0,0.0,0.07555092518358493,0.03533800484380417,7.298501111752915,6.97089816127307,5.582858435287358,6.565520209462532,5.394398213459699,6.211090445011732,5.582858435287358
29de15c8,3431,8.0,dtw_multi_soft,12.569744421037212,8.136293175466568,12.32236402150744,72.0,51.0,63.0,0.0,0.018070533372194695,0.009035266686097347,0.0707783824809391,0.040620872592061465,4.4638609979639465,12.569744421037212,8.136293175466568,12.32236402150744,6.916012618405451,5.756235618837651,8.136293175466568
2ab29395,1852,15.030284325731664,dtw_raw,5.723582318087367,5.991487317491747,6.1216242083332375,9.0,-27.0,-3.0,0.0,0.0,0.0,0.0687846465178416,0.1811540354541986,6.481654352116593,5.723582318087367,5.991487317491747,6.1216242083332375,6.211523497968333,5.791194987285223,5.723582318087367
2ac7cb6b,4990,8.0,dtw_multi_soft,10.070535964205515,8.206300557941331,9.748704241023265,-6.0,-81.0,-12.0,0.0,0.0,0.0,0.07555092518358493,0.1373522294734759,9.449950292669024,10.070535964205515,8.206300557941331,9.748704241023265,9.322721624674319,9.552338583715672,8.206300557941331
2acc78d4,4266,11.783727781996872,dtw_multi_soft,13.128518084743456,8.508615603972974,13.930261303057842,75.0,75.0,75.0,0.0,0.0,0.0,0.07555092518358493,0.07248681315827282,7.080218452521006,13.128518084743456,8.508615603972974,13.930261303057842,8.633117764341181,8.545571216474075,8.508615603972974
2b034622,5203,9.433373124696178,dtw_multi_soft,5.328791550859069,3.5845066130837364,4.544012452458931,-24.0,-27.0,-27.0,0.0,0.0,0.0,0.07014748001953838,0.11518319394396435,4.271094231084235,5.328791550859069,3.5845066130837364,4.544012452458931,3.647153623854671,3.8693052032882704,3.5845066130837364
2b06ad65,4256,8.0,dtw_raw,2.05836152254654,2.9516048439759923,2.2875472810391293,-15.0,-15.0,9.0,0.0,0.028665413533834585,0.0,0.07014748001953838,0.17747904890639768,1.6248769846071467,2.05836152254654,2.9516048439759923,2.2875472810391293,1.584911138375064,1.9377936902337434,2.05836152254654
2b547943,3480,10.759624896749466,dtw_multi_stiff,13.648641990860886,19.422013564617135,8.972597876761112,54.0,-12.0,63.0,0.0,0.0,0.0,0.07014748001953838,0.08254018091820804,18.868409486797916,13.648641990860886,19.422013564617135,8.972597876761112,16.97552997326146,16.64680444373677,8.972597876761112
2be5c96a,4210,9.363599318668173,dtw_multi_soft,3.894551472349181,3.530461232215596,4.093111447629287,0.0,0.0,0.0,0.0,0.0,0.0,0.07014748001953838,0.17391144511168427,4.1230694969818575,3.894551472349181,3.530461232215596,4.093111447629287,3.9700640207891174,3.8871346175270385,3.530461232215596
2bff06cf,7624,9.135034956356087,dtw_raw,36.23634301608631,45.40774290939542,48.61469329205625,57.0,-39.0,-33.0,0.0,0.0,0.0,0.0687846465178416,0.06750880377677523,43.24049722771586,36.23634301608631,45.40774290939542,48.61469329205625,40.7950806561997,40.84013032465694,36.23634301608631
2c0c4a4e,4790,8.295763657313568,dtw_multi_soft,9.958936192036738,6.70647228840581,12.276617381961044,18.0,-12.0,-36.0,0.0,0.0,0.0,0.07555092518358493,0.06405552094005271,3.6749486810815406,9.958936192036738,6.70647228840581,12.276617381961044,5.6847538100957955,5.328490210605094,6.70647228840581
2cee0cba,5500,8.0,dtw_raw,6.7253779843337504,10.771300396813773,15.19829396464727,21.0,-63.0,-72.0,0.0,0.06854545454545455,0.023818181818181818,0.0687846465178416,0.15102530477520654,7.375603420509645,6.7253779843337504,10.771300396813773,15.19829396464727,7.116865155785262,6.854719103650853,6.7253779843337504
2d0c268a,4550,8.0,dtw_raw,6.358139677591167,10.68332905068358,14.411468370574736,9.0,-39.0,-39.0,0.0,0.0,0.0,0.07171845253150234,0.17665404454452377,6.188642570456752,6.358139677591167,10.68332905068358,14.411468370574736,6.210464682142797,6.321165882923096,6.358139677591167
2d179ded,7008,8.0,dtw_raw,9.30157381244599,10.998174780701108,14.916828272294103,-21.0,-66.0,-21.0,0.0,0.019121004566210045,0.007277397260273972,0.07171845253150234,0.07794698655177384,8.635321915603637,9.30157381244599,10.998174780701108,14.916828272294103,8.757437916964182,8.774464947358412,9.30157381244599
2d196986,6474,14.717247162544679,dtw_multi_soft,18.64586983664513,16.749077914079436,19.433327084223816,27.0,12.0,9.0,0.0,0.0,0.0,0.0707783824809391,0.0351903831195189,14.130039375026987,18.64586983664513,16.749077914079436,19.433327084223816,15.69067994547732,14.899573978385387,16.749077914079436
2d2d0c6b,5045,16.05631601698447,dtw_raw,4.896486793568537,6.98981167446366,5.1086077018751705,54.0,54.0,45.0,0.0,0.0,0.0,0.0687846465178416,0.06276470083138982,10.720668336171535,4.896486793568537,6.98981167446366,5.1086077018751705,8.649041856368617,8.828788855725232,4.896486793568537
2d35f86d,4896,12.281244684469993,dtw_multi_stiff,20.142212885212068,17.62596060040055,11.524731910474712,30.0,84.0,84.0,0.0,0.0,0.0,0.07171845253150234,0.058870738151724306,18.455549947096387,20.142212885212068,17.62596060040055,11.524731910474712,18.729739025068167,18.65196074812416,11.524731910474712
2d9f6cb9,7338,8.41033769141424,dtw_multi_stiff,8.198819933080108,8.018087817014644,6.289158965332855,42.0,33.0,51.0,0.0,0.0,0.0,0.07171845253150234,0.09710251068122552,12.025882538873645,8.198819933080108,8.018087817014644,6.289158965332855,9.894527296163972,9.297657413056632,6.289158965332855
2ddad940,5331,24.842901323053955,dtw_multi_stiff,9.601733719079503,8.595106787942123,7.85553308237418,-15.0,-42.0,-30.0,0.0,0.0,0.0,0.0707783824809391,0.2,9.81329249379331,9.601733719079503,8.595106787942123,7.85553308237418,9.56097859429718,9.601733719079503,7.85553308237418
2e29e833,5428,8.0,dtw_raw,10.966782462877287,15.737916344667683,11.06342137833467,27.0,-36.0,18.0,0.0,0.0,0.0,0.0687846465178416,0.1699795298302221,12.22815274063263,10.966782462877287,15.737916344667683,11.06342137833467,11.77356335111733,11.143703576564047,10.966782462877287
2e43c2ea,5698,14.534668638493779,dtw_multi_stiff,15.400658690864653,7.570506370777275,2.717904140078974,-48.0,66.0,66.0,0.0,0.028255528255528257,0.028255528255528257,0.07171845253150234,0.08460746251376684,11.854690687122787,15.400658690864653,7.570506370777275,2.717904140078974,12.943998203281584,13.164642947003077,2.717904140078974
2e63d9de,4699,8.231401038593772,dtw_multi_soft,20.102062739712803,15.343070320058775,18.08184837410333,42.0,42.0,42.0,0.0,0.0,0.0,0.07171845253150234,0.0670796032199124,14.352142924015464,20.102062739712803,15.343070320058775,18.08184837410333,16.33013698636412,16.19869766390969,15.343070320058775
2ee0235b,5556,8.0,dtw_raw,7.6868013054406195,11.502032676359336,14.72589699183669,63.0,-21.0,-30.0,0.0,0.0,0.0,0.07014748001953838,0.13937000219653536,10.174384008422305,7.6868013054406195,11.502032676359336,14.72589699183669,7.331897496363233,6.391442579711706,7.6868013054406195
2f19d536,3088,14.31044186352604,dtw_multi_soft,9.005455748826524,5.079757931904099,8.93350943549735,15.0,-36.0,15.0,0.0,0.0,0.0,0.07014748001953838,0.2,6.786242200916338,9.005455748826524,5.079757931904099,8.93350943549735,7.538570397991209,9.005455748826524,5.079757931904099
2f8e53c3,2594,8.0,dtw_multi_stiff,1.2910478205349005,1.6003317135514628,1.2436666839176103,30.0,30.0,30.0,0.0,0.0,0.0,0.07555092518358493,0.2,2.648857201632159,1.2910478205349005,1.6003317135514628,1.2436666839176103,1.8547450355747932,1.2910478205349005,1.2436666839176103
2fa01aa6,2174,8.29624479147547,dtw_raw,13.310261618985251,21.879573386983473,25.383273182810797,-51.0,21.0,24.0,0.0,0.0,0.0,0.07014748001953838,0.014174597077206471,18.91280472719393,13.310261618985251,21.879573386983473,25.383273182810797,16.90930883929791,18.505561011120328,13.310261618985251
2fd68f7b,4730,8.0,dtw_raw,25.786943067212288,28.18924728819398,26.879727242174877,-6.0,48.0,-6.0,0.0,0.0,0.0,0.07171845253150234,0.0845246802661254,29.620168071508886,25.786943067212288,28.18924728819398,26.879727242174877,28.19220601186877,27.9430070560123,25.786943067212288
2fe023be,4221,9.890470425050605,dtw_multi_soft,16.571406231294024,12.75082669085824,17.606736598370393,18.0,-45.0,-45.0,0.0,0.016820658611703388,0.0,0.07555092518358493,0.051237998091587356,8.91687815386743,16.571406231294024,12.75082669085824,17.606736598370393,11.761280558253985,10.836418470838757,12.75082669085824
30d75030,3404,10.805006538729021,dtw_multi_stiff,20.30908438460204,21.451052509401016,19.911464956543536,-51.0,-66.0,-54.0,0.0,0.0,0.0,0.07555092518358493,0.051408985577289276,20.49108422863724,20.30908438460204,21.451052509401016,19.911464956543536,20.164328165474544,20.23516263754817,19.911464956543536
310c71a5,5245,8.0,dtw_raw,7.421951015826739,7.539691656231382,10.988424336604838,-6.0,-39.0,-36.0,0.0,0.0,0.0,0.0707783824809391,0.12192256405719425,4.7006259461372215,7.421951015826739,7.539691656231382,10.988424336604838,5.345822926975908,6.0664630783048965,7.421951015826739
32fe84c9,6408,10.257246717881415,dtw_multi_soft,19.046434855871734,16.830067428099525,18.787312618410375,66.0,66.0,-15.0,0.0,0.0,0.0,0.07014748001953838,0.11325932936057269,15.625836179475469,19.046434855871734,16.830067428099525,18.787312618410375,16.661665453321316,17.39356495615988,16.830067428099525
33c40295,4169,9.13634238638828,dtw_raw,7.248477607905085,8.919293054211339,7.622207498178888,84.0,21.0,21.0,0.024226433197409452,0.0,0.0,0.07555092518358493,0.04013375257623671,10.229974261526634,7.248477607905085,8.919293054211339,7.622207498178888,8.530425912297806,9.266651538373686,7.248477607905085
3407f5bf,3638,8.0,dtw_multi_stiff,13.918050855159393,14.64200063697118,13.633027144153639,-54.0,-54.0,-54.0,0.0,0.0,0.0,0.07555092518358493,0.1425535717425609,16.568271735741764,13.918050855159393,14.64200063697118,13.633027144153639,15.516779841924135,14.63276653461403,13.633027144153639
3417285d,5449,8.0,dtw_raw,17.746639726272193,24.272737803680215,26.157228034013432,15.0,-12.0,-12.0,0.0,0.0,0.0,0.07555092518358493,0.2,22.583341617326713,17.746639726272193,24.272737803680215,26.157228034013432,20.751201357127446,17.746639726272193,17.746639726272193
347242c8,3595,11.074904236930122,dtw_multi_stiff,5.495258410800401,7.597491994173431,4.62926942713068,36.0,24.0,36.0,0.0,0.0,0.0,0.07014748001953838,0.0018373827859442483,9.370890789849227,5.495258410800401,7.597491994173431,4.62926942713068,7.950202348035921,9.333188629104523,4.62926942713068
353e5502,6062,11.510910764253802,dtw_multi_stiff,6.825772267390368,9.002879333440562,6.212328748952276,-18.0,0.0,-18.0,0.0,0.06911910260640053,0.0,0.07014748001953838,0.19250206153762012,5.553447678059076,6.825772267390368,9.002879333440562,6.212328748952276,5.927449418882551,6.767992837727544,6.212328748952276
357c12f9,4079,8.0,dtw_multi_soft,7.335511661963525,6.8375804644028,11.908329816986592,-36.0,-18.0,-36.0,0.0,0.0,0.0,0.0707783824809391,0.058902869130899864,2.09387955951598,7.335511661963525,6.8375804644028,11.908329816986592,3.530186706009961,3.222876315230977,6.8375804644028
3584a6eb,4494,11.344646497330526,dtw_multi_soft,32.81670347004537,28.21417296824816,35.01281399164398,60.0,84.0,81.0,0.0,0.0,0.0,0.0687846465178416,0.0875829476468138,23.237436308208956,32.81670347004537,28.21417296824816,35.01281399164398,26.39310802041631,27.28582249563872,28.21417296824816
35b30c7f,9579,8.909069156489135,dtw_multi_stiff,19.6245155785107,17.82475646224391,13.369483550822636,-21.0,-42.0,-33.0,0.0,0.00741204718655392,0.0,0.07555092518358493,0.07385250509167429,21.456189947736668,19.6245155785107,17.82475646224391,13.369483550822636,20.692504111228708,20.70876930032557,13.369483550822636
35b3ef6a,3904,8.0,dtw_raw,16.827738909337803,18.328221591204738,17.451449484563287,6.0,-3.0,-3.0,0.0,0.0,0.0,0.07171845253150234,0.14260482291019605,19.67956234623068,16.827738909337803,18.328221591204738,17.451449484563287,18.62128396536425,17.612623915824194,16.827738909337803
367456ce,5569,9.32618345903954,dtw_multi_soft,10.73598206817738,8.026210705893623,12.768431995012177,-6.0,39.0,39.0,0.0,0.0,0.0,0.0687846465178416,0.060479566430078256,4.098573632391565,10.73598206817738,8.026210705893623,12.768431995012177,5.7269176240162345,5.4654959503994585,8.026210705893623
368131f9,4991,11.639507491108025,dtw_raw,10.205533807271413,14.449274286909269,11.019438789307955,0.0,-18.0,24.0,0.0,0.0,0.0,0.0687846465178416,0.07580632069345876,11.58058883372974,10.205533807271413,14.449274286909269,11.019438789307955,10.508007361874313,10.430212016553686,10.205533807271413
368fe682,4936,15.300627865981252,dtw_raw,9.726664019004847,14.05607051839272,19.31317359653359,-30.0,-48.0,-57.0,0.0,0.0,0.0,0.0687846465178416,0.07535006213550313,10.221656639338562,9.726664019004847,14.05607051839272,19.31317359653359,9.962195305326448,9.942151704408001,9.726664019004847
3690a146,4073,8.0,dtw_multi_soft,16.470689078919442,12.495425904799443,17.289896779462293,-48.0,-48.0,-51.0,0.0,0.0,0.0,0.07555092518358493,0.02766626615776425,8.49948364722054,16.470689078919442,12.495425904799443,17.289896779462293,11.178905308210254,9.401298197786774,12.495425904799443
37344c2a,5197,8.0,dtw_raw,25.402910914686117,27.775524684670295,29.137339682716288,-6.0,-12.0,-24.0,0.0,0.0,0.0,0.07171845253150234,0.2,25.74883641909537,25.402910914686117,27.775524684670295,29.137339682716288,25.598499821138027,25.402910914686117,25.402910914686117
373ef48b,3509,8.096057253334443,dtw_multi_soft,8.123209323458042,6.917389415037368,10.84874255362,15.0,-39.0,-30.0,0.003134796238244514,0.0,0.0,0.07171845253150234,0.10685890293256364,2.86334677644995,8.123209323458042,6.917389415037368,10.84874255362,1.7359098787511262,3.3236933835588474,6.917389415037368
374be387,9965,8.0,dtw_multi_soft,7.739409006602914,5.457899268075804,10.975937301296042,-27.0,-57.0,-57.0,0.0,0.05870546914199699,0.04144505770195685,0.07171845253150234,0.0624301187924243,8.37778352840335,7.739409006602914,5.457899268075804,10.975937301296042,7.881509240894088,7.93014395853461,5.457899268075804
37d36812,4367,9.592887341682752,dtw_multi_stiff,11.918984402433308,10.812689116613873,8.842707781778408,12.0,33.0,27.0,0.0,0.0,0.0,0.0687846465178416,0.125187696361128,13.50624021580172,11.918984402433308,10.812689116613873,8.842707781778408,12.900975113514956,12.448887793033506,8.842707781778408
38991fd4,4798,9.248390835784388,dtw_raw,13.989974852969782,14.137131834359836,15.70356461925999,6.0,-21.0,6.0,0.0,0.03167986661108795,0.0,0.07171845253150234,0.1190676482622195,13.256037090737907,13.989974852969782,14.137131834359836,15.70356461925999,13.456728396800777,13.62834924875353,13.989974852969782
389ae58f,6463,16.299435920596338,dtw_multi_soft,37.16941390682067,33.970111265208175,36.86229455075366,-36.0,-33.0,-36.0,0.0,0.0,0.0,0.0707783824809391,0.2,31.93744168796972,37.16941390682067,33.970111265208175,36.86229455075366,33.76088060161614,37.16941390682067,33.970111265208175
3932faa6,5452,10.969703591265072,dtw_raw,16.02626465664897,18.290184723959527,20.086703537112967,12.0,36.0,33.0,0.0,0.037050623624358035,0.020359501100513572,0.07014748001953838,0.11408387679467999,15.36928469438488,16.02626465664897,18.290184723959527,20.086703537112967,15.249952811770449,15.370885319655216,16.02626465664897
398dce4b,3166,8.08440730130025,dtw_multi_soft,4.962315290450442,2.594776981445319,5.33392016286004,-18.0,-24.0,-30.0,0.0,0.0,0.0,0.0687846465178416,0.10771695526617994,3.53572991879835,4.962315290450442,2.594776981445319,5.33392016286004,2.730704987811872,2.980388652451529,2.594776981445319
39b51819,4231,10.464057614928484,dtw_multi_stiff,11.983160290010048,5.460679941304678,2.7090544593761954,81.0,78.0,0.0,0.0,0.0,0.0,0.07555092518358493,0.023370839285623928,3.12891149115892,11.983160290010048,5.460679941304678,2.7090544593761954,4.402322525578094,2.72850432773909,2.7090544593761954
3a0af893,2927,9.768751929083084,dtw_multi_stiff,14.819583169516488,10.03823728261141,9.589239654581814,-12.0,45.0,45.0,0.0,0.01059104885548343,0.0,0.07014748001953838,0.09401115494351385,15.067848316028225,14.819583169516488,10.03823728261141,9.589239654581814,14.9177454737998,14.882053789212925,9.589239654581814
3a223519,4583,11.358896186622239,dtw_raw,21.198157481932512,22.7330584503638,25.24487252499273,21.0,24.0,27.0,0.0,0.0,0.0,0.07014748001953838,0.057205748932683785,19.851286671921496,21.198157481932512,22.7330584503638,25.24487252499273,20.18334512571795,20.11017608384226,21.198157481932512
3a7dd95d,3072,8.0,dtw_raw,4.810588577841498,9.857429732110507,13.869486061612621,-6.0,48.0,48.0,0.0,0.0,0.0,0.0707783824809391,0.2,5.508464159122634,4.810588577841498,9.857429732110507,13.869486061612621,5.2100632050044,4.810588577841498,4.810588577841498
3a824aa7,4201,12.346505401282311,dtw_raw,7.062425873755802,9.501451515857546,12.822985472663813,-42.0,-63.0,45.0,0.0,0.0,0.0,0.07014748001953838,0.04582070754605794,6.121717422147312,7.062425873755802,9.501451515857546,12.822985472663813,6.241836776751839,6.172107937319266,7.062425873755802
3a86fe8d,5118,8.0,dtw_raw,10.86286820173762,11.449550065030097,12.439207802718432,-6.0,36.0,36.0,0.0,0.0,0.0,0.07171845253150234,0.07542216045372055,10.919352052844767,10.86286820173762,11.449550065030097,12.439207802718432,10.734212104434455,10.729613461477125,10.86286820173762
3aaa2b30,4711,10.14813446619178,dtw_multi_stiff,5.516873145438594,7.249093418982042,5.374422317660911,9.0,-36.0,9.0,0.0,0.0,0.0,0.07171845253150234,0.13655244301389355,6.044027036592569,5.516873145438594,7.249093418982042,5.374422317660911,5.7073945939572095,5.5409327306546725,5.374422317660911
3ac16ad0,5649,12.942337986204835,dtw_multi_soft,7.459494317768617,5.801172053787012,10.468218305716173,-81.0,-87.0,-81.0,0.0,0.022127810231899452,0.009028146574614976,0.07171845253150234,-0.010858437713377338,3.777094250470482,7.459494317768617,5.801172053787012,10.468218305716173,3.705589088310827,3.9806647882232515,5.801172053787012
3b21ea64,7376,11.75740003220577,dtw_multi_stiff,6.116250188655027,6.603845910460823,6.087488849985163,-6.0,-18.0,-6.0,0.0,0.0,0.0,0.07014748001953838,0.09210717816489727,7.242496082480807,6.116250188655027,6.603845910460823,6.087488849985163,6.738911065430888,6.603065096306553,6.087488849985163
3bbe1f5d,6918,8.352823813925744,dtw_multi_soft,11.196743657801417,10.06597684666646,12.196545020595872,-9.0,48.0,51.0,0.0,0.0,0.0,0.07555092518358493,0.03974986435311088,6.597926423374969,11.196743657801417,10.06597684666646,12.196545020595872,7.715288717905687,7.049030528772642,10.06597684666646
3bfee975,3603,12.121111409179395,dtw_multi_soft,12.594666173010324,12.460525494679581,15.289731317442236,-12.0,-3.0,-24.0,0.0,0.0,0.0,0.0707783824809391,0.2,10.807172694815282,12.594666173010324,12.460525494679581,15.289731317442236,11.391403739712295,12.594666173010324,12.460525494679581
3c3dbcbc,5069,13.889078746818805,dtw_multi_soft,4.248560284667032,2.550027261368032,4.183678987688226,-27.0,-27.0,-30.0,0.0,0.0,0.0,0.07171845253150234,0.1356672504323837,3.331288453096649,4.248560284667032,2.550027261368032,4.183678987688226,1.9857896596199833,2.581033605131615,2.550027261368032
3d96d897,5659,8.0,dtw_raw,7.242413660634142,8.113074871702953,9.906346480996035,-6.0,42.0,-66.0,0.0,0.0,0.0,0.07555092518358493,0.07901221074252653,5.597637421414716,7.242413660634142,8.113074871702953,9.906346480996035,5.753968601081638,5.7766676695671375,7.242413660634142
3df4b19e,4988,9.15702760805699,dtw_multi_soft,13.85945974992901,11.242253323978904,15.132697489890548,-9.0,36.0,33.0,0.0,0.0,0.0,0.07014748001953838,0.05396204693370843,8.277443005703471,13.85945974992901,11.242253323978904,15.132697489890548,10.076480615822048,9.639872978028,11.242253323978904
3e011332,2723,8.39185623959904,dtw_raw,13.782106337248383,20.21019843552068,23.116124231075297,12.0,-9.0,-30.0,0.0,0.0,0.0,0.07014748001953838,0.17552933728507464,16.944434623470148,13.782106337248383,20.21019843552068,23.116124231075297,15.785129711095314,14.142611091902191,13.782106337248383
3e678ea7,6858,8.837015264437616,dtw_multi_stiff,12.536483893390045,16.020942644987855,10.107100729236016,21.0,-27.0,42.0,0.0,0.0,0.0,0.07555092518358493,0.14879469985339575,13.243948212431928,12.536483893390045,16.020942644987855,10.107100729236016,12.880712209132271,12.63829140961301,10.107100729236016
3ef6372a,4727,9.918478851474239,dtw_multi_soft,10.437090730206743,5.38127805210648,9.264249484997697,6.0,60.0,51.0,0.0,0.0,0.0,0.0687846465178416,0.055972021563631395,5.625080577470206,10.437090730206743,5.38127805210648,9.264249484997697,6.425259830072333,6.175909690045547,5.38127805210648
3ef98781,3892,9.704138935445865,dtw_multi_soft,7.150385750025266,6.332260964016383,7.067587266296895,0.0,-6.0,0.0,0.0,0.0,0.0,0.07014748001953838,0.2,5.47273075911321,7.150385750025266,6.332260964016383,7.067587266296895,6.034609281250933,7.150385750025266,6.332260964016383
3f603129,5051,12.065564671729309,dtw_multi_stiff,7.236564333171834,10.259878625666069,6.28568536567207,0.0,90.0,90.0,0.004355573153830924,0.1577905365274203,0.17897446050287072,0.0687846465178416,0.09188860919532747,16.07483849729828,7.236564333171834,10.259878625666069,6.28568536567207,12.596553775488546,11.487654483866653,6.28568536567207
404c4384,911,9.982257894080353,dtw_multi_soft,2.733507378122304,2.536458890513958,2.970186815561582,12.0,12.0,6.0,0.0,0.0,0.0,0.07014748001953838,0.09327912554863421,3.6198296352879624,2.733507378122304,2.536458890513958,2.970186815561582,3.275242195215775,3.1683894834693422,2.536458890513958
4121c517,3723,9.88793039489472,dtw_multi_stiff,6.620812251606762,8.38915643973623,6.539042064902093,-6.0,30.0,27.0,0.0,0.0,0.0,0.0687846465178416,0.1813354073680379,6.2740307513285245,6.620812251606762,8.38915643973623,6.539042064902093,6.332501840546897,6.566395286320879,6.539042064902093
41fb0192,2973,8.0,dtw_multi_soft,5.515309927211246,3.979382553731921,5.121550751024709,9.0,72.0,9.0,0.0,0.0,0.0,0.07171845253150234,0.03931254709148486,4.140417901686038,5.515309927211246,3.979382553731921,5.121550751024709,4.066686680332508,4.008537785104659,3.979382553731921
42669188,4282,8.0,dtw_raw,9.825843813723642,11.830195624052005,10.498021588209967,-21.0,-6.0,-18.0,0.0,0.0,0.0,0.0707783824809391,0.14348072378747134,12.841605584553841,9.825843813723642,11.830195624052005,10.498021588209967,11.591251300526261,10.49896241868122,9.825843813723642
42c538a1,3279,9.567627139238214,dtw_raw,31.586250411621037,33.936712156568625,37.77510549786177,-18.0,-12.0,-15.0,0.0,0.0,0.0,0.07555092518358493,0.1241729147315362,30.151039993275425,31.586250411621037,33.936712156568625,37.77510549786177,30.649446122330446,30.998790685590823,31.586250411621037
43b06c70,4846,13.508369609903722,dtw_raw,8.104099382900905,12.177680287139085,17.20813930561658,54.0,51.0,51.0,0.0,0.004333470903838217,0.0,0.07014748001953838,0.08906555056558929,8.081543550268092,8.104099382900905,12.177680287139085,17.20813930561658,7.801904658377818,7.779277024661414,8.104099382900905
43c7f85a,5978,12.361697651022558,dtw_multi_soft,9.599718022044497,7.239730106255923,8.721588604017294,-36.0,-75.0,-78.0,0.013549682167949146,0.02927400468384075,0.016895282703245234,0.0707783824809391,0.008869173261518594,12.32814473307248,9.599718022044497,7.239730106255923,8.721588604017294,10.0364171099648,11.989776604511123,7.239730106255923
43e16325,3720,8.0,dtw_raw,20.37609992731934,23.040458154644966,25.36778761359946,6.0,18.0,-21.0,0.0,0.0,0.0,0.07555092518358493,0.2,21.709271614202464,20.37609992731934,23.040458154644966,25.36778761359946,21.159520166870852,20.37609992731934,20.37609992731934
44441e54,4357,8.0,dtw_multi_stiff,2.4113475773823403,2.8171596659146187,1.8617513046709528,0.0,0.0,0.0,0.0,0.0,0.0,0.07171845253150234,0.07373324512908118,1.7039499656103196,2.4113475773823403,2.8171596659146187,1.8617513046709528,1.707750981273703,1.7127243525396747,1.8617513046709528
445af6c2,6041,8.0,dtw_multi_soft,28.15932451276077,24.878420246312725,32.10663316227,3.0,-87.0,3.0,0.0,0.09981791094189704,0.0,0.0707783824809391,0.11520946395282007,29.955708721398526,28.15932451276077,24.878420246312725,32.10663316227,29.26573322235839,28.86215911650271,24.878420246312725
4463446c,3256,11.381204445620858,dtw_multi_stiff,7.4049800953573754,12.989413613294447,7.136174810128437,39.0,-15.0,39.0,0.0,0.0,0.0,0.0687846465178416,0.06302312874799759,11.210540946571179,7.4049800953573754,12.989413613294447,7.136174810128437,9.862226754539932,9.973993421374818,7.136174810128437
44a94013,4903,8.794403116842071,dtw_multi_stiff,8.772639888901988,8.722311320501513,7.624173500668404,-24.0,-30.0,-33.0,0.0,0.0,0.0,0.0687846465178416,0.09132121154242512,11.016762564572188,8.772639888901988,8.722311320501513,7.624173500668404,9.927771572589869,9.633579097027106,7.624173500668404
45fb3e21,3649,11.018910942747805,dtw_multi_stiff,19.14912865420648,20.705029504242802,18.282775899680313,-21.0,-36.0,-36.0,0.0,0.022197862428062484,0.0,0.07555092518358493,0.12026798624832812,24.245262824086947,19.14912865420648,20.705029504242802,18.282775899680313,22.264495804594354,21.120903175720553,18.282775899680313
460f859e,3336,13.238134421830033,dtw_raw,8.70019292014094,10.86813596101814,11.908133458966672,-21.0,36.0,30.0,0.0,0.0,0.0,0.07014748001953838,0.03467799853623321,9.612550733278008,8.70019292014094,10.86813596101814,11.908133458966672,9.216836672663769,9.407592582583796,8.70019292014094
4630ab92,3373,9.585254369358221,dtw_multi_soft,23.11039616926135,19.67990304724595,24.748980903078913,42.0,-15.0,42.0,0.0,0.0,0.0,0.07171845253150234,0.07112340608480797,16.263763316075515,23.11039616926135,19.67990304724595,24.748980903078913,18.66366527416463,18.643439354229177,19.67990304724595
463c38f2,4460,8.0,dtw_raw,5.602426778420624,6.4349088447856575,11.137722011070615,-6.0,72.0,72.0,0.0,0.0,0.0,0.0687846465178416,0.18716616490903049,5.507981207666624,5.602426778420624,6.4349088447856575,11.137722011070615,5.4564329490982635,5.574350581583987,5.602426778420624
4654e7de,5373,8.0,dtw_multi_soft,6.455992572090128,4.426994182836703,4.618703403217626,18.0,30.0,-6.0,0.0,0.0,0.0,0.0687846465178416,0.07298545086916346,4.586553527601965,6.455992572090128,4.426994182836703,4.618703403217626,5.05498879244961,5.090824372610107,4.426994182836703
466fc788,6197,8.85380318123168,dtw_raw,10.877047773674144,13.87550377860279,19.443562404030704,-21.0,3.0,3.0,0.0,0.0,0.0,0.07555092518358493,0.13815639740711694,10.274184034362769,10.877047773674144,13.87550377860279,19.443562404030704,10.294382007824604,10.50559531750184,10.877047773674144
46a301e9,8226,10.54526860041035,dtw_multi_soft,14.345650848600512,12.097401944140143,12.741878706928155,36.0,36.0,36.0,0.0,0.0,0.0,0.0707783824809391,0.11371774423142059,11.567823042477553,14.345650848600512,12.097401944140143,12.741878706928155,12.378268474227959,12.970522848830024,12.097401944140143
46a7190b,4215,9.82935381412511,dtw_raw,15.111210841823036,19.81934578044065,21.161044017529438,12.0,12.0,12.0,0.0,0.0,0.0,0.0707783824809391,0.07505165337539736,18.335037272042925,15.111210841823036,19.81934578044065,21.161044017529438,16.88880968094221,16.810845540707714,15.111210841823036
46d24a09,4449,11.63827041576363,dtw_raw,19.373025224705934,24.158717631696614,20.64366806750292,18.0,9.0,9.0,0.0,0.0,0.0,0.07171845253150234,0.13637038964633438,23.826073303375495,19.373025224705934,24.158717631696614,20.64366806750292,22.21509924337086,20.775488264824336,19.373025224705934
46d41ff6,7901,10.34467971979482,dtw_raw,4.59903567094041,6.70473994432345,9.530270424155079,30.0,30.0,30.0,0.0,0.0,0.0,0.07171845253150234,-0.006613705114620657,3.989041339745417,4.59903567094041,6.70473994432345,9.530270424155079,3.7903301736928805,4.030860325201387,4.59903567094041
46dfcfca,3606,11.818032693788265,dtw_raw,12.773939157753338,15.52685913156348,18.81093883783067,33.0,33.0,3.0,0.0,0.0,0.0,0.07171845253150234,0.2,16.15247690406687,12.773939157753338,15.52685913156348,18.81093883783067,14.813221412641576,12.773939157753338,12.773939157753338
47222616,4406,11.442337292742215,dtw_multi_soft,8.410529150511012,7.988621012506129,11.60352941363683,-24.0,33.0,33.0,0.0,0.0,0.0,0.0707783824809391,0.16401849720581257,7.965537115273622,8.410529150511012,7.988621012506129,11.60352941363683,7.869322345964748,8.171831383325257,7.988621012506129
47ee27ab,6397,8.0,dtw_multi_soft,8.361272942616543,6.935093636839243,7.82273251773069,9.0,-9.0,-6.0,0.0,0.0,0.0,0.0687846465178416,0.11650884121381734,8.61240504891227,8.361272942616543,6.935093636839243,7.82273251773069,8.374027278818172,8.300982116947727,6.935093636839243
481de5fc,5952,8.0,dtw_multi_soft,23.873187948394946,21.448803909617343,24.290459149226198,54.0,54.0,54.0,0.0,0.0,0.0,0.0707783824809391,0.10810920440416591,18.877002153598994,23.873187948394946,21.448803909617343,24.290459149226198,20.520321261563343,21.44798661154112,21.448803909617343
48c1f673,2917,8.027931157269256,dtw_multi_soft,22.406009883067675,17.17067333363655,17.937051322864725,-30.0,18.0,9.0,0.0,0.0,0.0,0.0687846465178416,0.19463010105934206,16.416604324575058,22.406009883067675,17.17067333363655,17.937051322864725,18.45502479156204,22.243132991417493,17.17067333363655
4936af16,3991,10.56611551175721,dtw_multi_stiff,6.502815723219926,7.939975203605934,5.353898061727211,39.0,42.0,30.0,0.0,0.0,0.0,0.0687846465178416,0.07424824770363134,4.631932772594839,6.502815723219926,7.939975203605934,5.353898061727211,5.159296196730324,5.207534594025872,5.353898061727211
493b5b31,4671,9.64506053160105,dtw_multi_soft,28.11875824001534,24.588446324474724,29.8543282031412,-45.0,-60.0,-60.0,0.017555127381716978,0.02419182187968315,0.01969599657460929,0.0707783824809391,0.028903889091156407,20.316492744264668,28.11875824001534,24.588446324474724,29.8543282031412,23.02458977768915,21.413208795743838,24.588446324474724
49dbc14c,3872,13.707435367546305,dtw_multi_soft,4.525156526764378,3.1585958260052807,6.562763820083493,36.0,48.0,48.0,0.0,0.0,0.0,0.07555092518358493,0.0749309424690612,2.7540792510406313,4.525156526764378,3.1585958260052807,6.562763820083493,2.7683518638438733,2.7639558764743093,3.1585958260052807
4a035ec2,2588,8.0,dtw_multi_stiff,16.386644055037817,12.925219151764486,11.363499803016495,-3.0,-9.0,-12.0,0.0,0.0,0.0,0.0707783824809391,0.18754241992001167,14.751510754766906,16.386644055037817,12.925219151764486,11.363499803016495,15.317506844206827,16.281750600857276,11.363499803016495
4a335117,5015,18.402624118427944,dtw_raw,3.5235331413728708,5.327583743958637,6.649129972946206,-24.0,-36.0,-21.0,0.0,0.0,0.0,0.07014748001953838,0.11687400406439645,4.571319993247681,3.5235331413728708,5.327583743958637,6.649129972946206,4.10666573475732,3.848727841890575,3.5235331413728708
4a8ecc0b,5809,18.515926907696066,dtw_multi_soft,7.7075131349831905,5.0699085688235455,7.817013236192202,-45.0,-45.0,-42.0,0.0,0.0,0.0,0.07014748001953838,0.1393356174175852,4.049634087763333,7.7075131349831905,5.0699085688235455,7.817013236192202,4.448884104814243,5.9592177309038314,5.0699085688235455
4b462989,3106,8.0,dtw_raw,4.615105797555089,5.47760953353418,5.9171488588840875,-9.0,-3.0,-6.0,0.0,0.0,0.0,0.07171845253150234,0.1759119125253024,4.3933896441706,4.615105797555089,5.47760953353418,5.9171488588840875,4.339209881639025,4.528890774271869,4.615105797555089
4b831d20,7312,10.715926870224031,dtw_raw,6.533865619119358,6.610812917183683,8.530197772099772,-57.0,-57.0,-57.0,0.0,0.0,0.0,0.07555092518358493,0.05994607564334072,4.951348383618748,6.533865619119358,6.610812917183683,8.530197772099772,4.492839336153025,4.468341733773623,6.533865619119358
4c2208f5,5384,11.823313761909297,dtw_multi_stiff,14.194762847269661,15.232321384418096,13.08740687211219,-30.0,-30.0,-30.0,0.0,0.0,0.0,0.07555092518358493,0.10633617203396457,17.352910699301898,14.194762847269661,15.232321384418096,13.08740687211219,16.083285122663636,15.59007679099428,13.08740687211219
4c3168cf,4334,9.727119436844061,dtw_multi_soft,6.8063915459815165,3.343941977303793,9.638844591954035,54.0,51.0,54.0,0.0,0.0,0.0,0.07555092518358493,0.04749557310626508,4.431926393531387,6.8063915459815165,3.343941977303793,9.638844591954035,3.773139350658887,3.7482212860512134,3.343941977303793
4c3df468,5392,9.790218716811752,dtw_multi_soft,14.677847324320204,11.620058478845824,14.65439275975804,-45.0,-81.0,-81.0,0.0,0.050630563798219584,0.04673590504451038,0.0707783824809391,0.005580956643210406,12.032654107372357,14.677847324320204,11.620058478845824,14.65439275975804,12.14595946985344,12.004791700818979,11.620058478845824
4caa7289,5396,8.0,dtw_raw,7.6262275788982645,9.626747843925157,12.769427018525466,48.0,-51.0,-51.0,0.0,0.0,0.0,0.07014748001953838,0.07688886571122917,6.319157542605435,7.6262275788982645,9.626747843925157,12.769427018525466,6.022554686488878,6.040817503620518,7.6262275788982645
4cd1ac61,4489,18.819547229418028,dtw_multi_soft,10.91757150097887,8.324822594034742,10.54231983925318,-3.0,-18.0,-3.0,0.0,0.0,0.0,0.07555092518358493,0.01802169194146416,7.330349816416894,10.91757150097887,8.324822594034742,10.54231983925318,7.947123341890366,7.368450028990132,8.324822594034742
4cecf7b3,6019,11.853308587738935,dtw_raw,8.92741964235294,12.077544081855828,9.376316736541344,-33.0,39.0,-9.0,0.0,0.0,0.0,0.0687846465178416,0.1871436162099439,10.975177027895693,8.92741964235294,12.077544081855828,9.376316736541344,10.098151587169518,9.007131522777122,8.92741964235294
4ddde4c1,4472,8.453434832279378,dtw_multi_stiff,4.960120549161643,3.9142889829244236,3.1537197300103363,-21.0,12.0,15.0,0.0,0.0,0.0,0.0707783824809391,0.2,3.669837384087916,4.960120549161643,3.9142889829244236,3.1537197300103363,4.029966439733662,4.960120549161643,3.1537197300103363
4e050c92,3705,9.585804256219525,dtw_multi_soft,8.465538781603223,6.79041321896549,9.015569491376757,45.0,33.0,33.0,0.0,0.0,0.0,0.07555092518358493,0.11561495683828293,5.54580964262857,8.465538781603223,6.79041321896549,9.015569491376757,6.5068535579249165,7.098479353347644,6.79041321896549
4ed93db6,4657,9.8554755053531,dtw_raw,4.594883166818328,4.916500734711806,5.256483244593555,-33.0,-3.0,0.0,0.0,0.0,0.0,0.07555092518358493,0.028697883730658274,6.231577788074734,4.594883166818328,4.916500734711806,5.256483244593555,4.369611260091415,5.428548371613868,4.594883166818328
4f3eb9e9,4697,8.0,dtw_multi_stiff,24.424720109781294,27.4891308547712,20.55709318412631,36.0,-9.0,54.0,0.026399829678518203,0.03938684266553119,0.038748137108792845,0.07171845253150234,0.0763989202934919,31.394041611922255,24.424720109781294,27.4891308547712,20.55709318412631,28.73282086757862,28.564482209914274,20.55709318412631
4f4ac5ce,5162,8.0,dtw_raw,5.21233129524816,8.161663605828627,5.4335232775964855,-12.0,-12.0,-12.0,0.0,0.0,0.0,0.0707783824809391,0.1438078337367785,4.631287641666541,5.21233129524816,8.161663605828627,5.4335232775964855,4.49296950758012,4.760041192376129,5.21233129524816
4f4afcc6,5645,8.0,dtw_multi_stiff,15.175864785342924,12.18960420607382,9.28615718258983,39.0,75.0,-27.0,0.0,0.0,0.0,0.07014748001953838,0.09895226834878389,8.248229122285464,15.175864785342924,12.18960420607382,9.28615718258983,10.17672946182391,11.17352504728607,9.28615718258983
4f69febf,5460,11.046602848560008,dtw_multi_soft,11.283410635033702,8.47713241604232,12.83084286209219,-57.0,-54.0,-54.0,0.0,0.0,0.0,0.07555092518358493,0.053095811414492454,5.094636863045534,11.283410635033702,8.47713241604232,12.83084286209219,7.23752814316646,6.559199535597374,8.47713241604232
4fbe9c06,6287,9.288472676125007,dtw_multi_soft,24.94517416169276,24.209404886094198,26.42027688134207,-15.0,0.0,9.0,0.0,0.0,0.0,0.07014748001953838,-0.016707639617319945,22.53898227364395,24.94517416169276,24.209404886094198,26.42027688134207,23.344071472405677,22.35411992188257,24.209404886094198
504c8b08,6367,15.86495733795426,dtw_raw,22.957949710380003,26.48575594980273,28.066488659066444,-12.0,-24.0,-12.0,0.0,0.0,0.0,0.0707783824809391,0.08851992726833009,25.43283562729982,22.957949710380003,26.48575594980273,28.066488659066444,24.45835139741955,24.230040401196643,22.957949710380003
511e1db0,3821,8.020854140882491,dtw_raw,5.508254074687225,5.587196560636498,10.67572324934947,36.0,36.0,36.0,0.0,0.0,0.0,0.0687846465178416,0.09330152168889178,4.50974190364672,5.508254074687225,5.587196560636498,10.67572324934947,3.6926971319374493,3.7172200311205974,5.508254074687225
512943b2,5029,8.0,dtw_multi_soft,15.872331538370286,11.603215250969551,16.414450082707738,30.0,21.0,30.0,0.0,0.0,0.0,0.0687846465178416,0.06574391231349369,8.841810195217215,15.872331538370286,11.603215250969551,16.414450082707738,10.526889277566877,10.42937709067331,11.603215250969551
5138a660,3559,11.201872408208033,dtw_raw,20.135589830157397,24.48324242809245,23.975741965522772,-75.0,-15.0,-15.0,0.0,0.0,0.0,0.0687846465178416,0.14466792652829844,24.989097869237042,20.135589830157397,24.48324242809245,23.975741965522772,23.181133900567072,21.344756906697334,20.135589830157397
516088b7,6645,10.88000459266309,dtw_multi_stiff,3.1783631020842287,4.690143615744972,2.9656984648289533,6.0,6.0,6.0,0.0,0.03190368698269375,0.0,0.0687846465178416,0.02784408720589735,2.6791451917767244,3.1783631020842287,4.690143615744972,2.9656984648289533,2.725892794359123,2.680483766585422,2.9656984648289533
521a7819,5200,8.495403089903363,dtw_multi_soft,27.89064295094281,25.07381960663049,28.817912160121033,15.0,15.0,24.0,0.0,0.07634615384615384,0.0,0.07171845253150234,0.12082489247637172,26.711547745860862,27.89064295094281,25.07381960663049,28.817912160121033,27.112622022870152,27.401501073705035,25.07381960663049
5254b6db,3274,11.812799887499132,dtw_multi_soft,13.511687190841176,4.883739834492084,8.937596163558137,63.0,-54.0,-54.0,0.0,0.0,0.0,0.07014748001953838,0.04701874885781698,3.7636723741404765,13.511687190841176,4.883739834492084,8.937596163558137,6.271942343745546,5.195316382571573,4.883739834492084
529e88ca,3417,9.979449229293367,dtw_multi_stiff,23.556150314926175,23.198385118420546,16.319251733394537,9.0,3.0,81.0,0.0,0.02399765876499854,0.03277729002048581,0.07555092518358493,0.15342120182370816,27.60695698214402,23.556150314926175,23.198385118420546,16.319251733394537,26.030540450785548,24.462184107787973,16.319251733394537
52f1e77a,4442,10.883046621766836,dtw_multi_soft,9.09220652613547,8.457545478570141,9.505273726295943,-81.0,-81.0,-81.0,0.0,0.05222872579918955,0.0,0.0707783824809391,0.06718109070646368,3.9567092232698133,9.09220652613547,8.457545478570141,9.505273726295943,4.883761854952431,4.798386307266295,8.457545478570141
5305524b,4898,9.765111093810438,dtw_multi_soft,14.905436413181132,8.666673960987557,13.24112745643398,66.0,66.0,66.0,0.0,0.004287464271131074,0.0,0.07171845253150234,0.07842251704925086,6.337246218888115,14.905436413181132,8.666673960987557,13.24112745643398,8.249395807347158,8.532037984081015,8.666673960987557
53134831,5126,11.407448902200521,dtw_raw,6.677412497901257,9.221464668279312,15.280993404301393,24.0,24.0,57.0,0.0,0.060866172454155286,0.06281701131486539,0.07014748001953838,0.11958958338853999,4.346198814836906,6.677412497901257,9.221464668279312,15.280993404301393,4.769091927018979,5.367474598540366,6.677412497901257
5397ceb1,5255,10.969215489495205,dtw_multi_soft,4.3340494401000305,3.425652307708113,4.1278908179316565,3.0,0.0,0.0,0.0,0.0,0.0,0.0707783824809391,0.00403442185086186,3.2013389193367554,4.3340494401000305,3.425652307708113,4.1278908179316565,3.4419728205008995,3.20902272246008,3.425652307708113
53f23031,8550,8.0,dtw_raw,6.881683930862653,8.2228430042199,8.703794753185832,39.0,39.0,39.0,0.0,0.0,0.0,0.0687846465178416,0.05102092699416563,9.703571579980908,6.881683930862653,8.2228430042199,8.703794753185832,8.585390094723762,8.863014510208169,6.881683930862653
543198e8,6503,10.48623811746791,dtw_raw,10.51713184996917,13.681454446108425,12.439345806158308,-36.0,-60.0,-18.0,0.0,0.0,0.0,0.0687846465178416,0.10445650364835897,12.727508592194742,10.51713184996917,13.681454446108425,12.439345806158308,11.937586217688256,11.539074276667524,10.51713184996917
54753541,4026,8.0,dtw_raw,16.287135618294016,18.88282540171337,18.582273496785064,42.0,-15.0,-12.0,0.0,0.0,0.0,0.07555092518358493,0.09169365216108356,17.01849462889221,16.287135618294016,18.88282540171337,18.582273496785064,16.319226214611035,16.23445551389528,16.287135618294016
54a7e3c2,6155,11.0021979027077,dtw_raw,4.749047273176092,5.630784564404687,9.66122442597046,48.0,48.0,48.0,0.0,0.0,0.0,0.07171845253150234,0.13728906627364418,3.40246361281875,4.749047273176092,5.630784564404687,9.66122442597046,3.4369058014205227,3.955835305610646,4.749047273176092
5542c301,3591,8.0,dtw_multi_stiff,10.163204497096771,5.661738313064264,5.179910904235212,33.0,-12.0,-12.0,0.0,0.0,0.0,0.07014748001953838,0.11696255904383746,4.197507319959886,10.163204497096771,5.661738313064264,5.179910904235212,2.727370845147341,4.982679020802196,5.179910904235212
5567d551,6889,8.447209763686617,dtw_raw,9.74044860811362,10.67839387211973,11.131402688761408,36.0,18.0,30.0,0.0,0.0,0.0,0.07171845253150234,0.11121576336047191,10.660488369263042,9.74044860811362,10.67839387211973,11.131402688761408,10.17180971070073,9.975280227117707,9.74044860811362
55efee7f,4801,16.10649850613629,dtw_multi_soft,11.469012608116095,9.309023050785788,11.18732328977605,-21.0,-27.0,-27.0,0.0,0.12580712351593418,0.0,0.07171845253150234,0.17068404603670573,11.705094572481517,11.469012608116095,9.309023050785788,11.18732328977605,11.540976792684807,11.460028337236208,9.309023050785788
5663b2b7,4972,8.670313227658935,dtw_multi_soft,14.530475442926129,13.680940840110127,17.935722932075652,27.0,72.0,60.0,0.0,0.0022123893805309734,0.0,0.07555092518358493,0.1390854788133606,12.330136250780791,14.530475442926129,13.680940840110127,17.935722932075652,12.918620906486522,13.653006735720982,13.680940840110127
5693dde2,3488,10.684067640634801,dtw_multi_stiff,6.648250890789059,6.874960785301407,6.03192822676618,-39.0,-6.0,-12.0,0.0,0.0,0.0,0.0707783824809391,0.08668094962165705,7.381243529814471,6.648250890789059,6.874960785301407,6.03192822676618,6.1298941178144375,5.981350070307001,6.03192822676618
56b00794,6065,10.104373509630229,dtw_raw,31.858729228795504,32.336633208082176,32.01118361016818,24.0,24.0,24.0,0.0,0.0,0.0,0.0707783824809391,0.1267131744343601,31.23925905135056,31.858729228795504,32.336633208082176,32.01118361016818,31.442642540410553,31.615737269538393,31.858729228795504
57796579,5890,8.0,dtw_multi_stiff,14.200352803948848,17.701697353946713,10.962865953263622,21.0,-30.0,30.0,0.0,0.0,0.0,0.07014748001953838,0.1068673546820262,15.330266807141033,14.200352803948848,17.701697353946713,10.962865953263622,14.893427710804037,14.681588693622599,10.962865953263622
577eec7c,4539,8.0,dtw_raw,8.808596317020706,14.509652803284167,18.935892570655184,3.0,3.0,-9.0,0.0,0.0,0.0,0.07555092518358493,0.1643426637342609,10.813656917974015,8.808596317020706,14.509652803284167,18.935892570655184,9.797239262336449,8.98955458592309,8.808596317020706
57f05c51,4771,10.832853927915814,dtw_multi_stiff,14.251383651564145,17.075908504020287,13.260894397089277,-9.0,-9.0,-6.0,0.0,0.0,0.0,0.07555092518358493,0.10822272052418744,18.058671328591284,14.251383651564145,17.075908504020287,13.260894397089277,16.58014827820124,15.954258535932247,13.260894397089277
58850d2c,4995,13.586505859251856,dtw_multi_soft,19.876147393054197,18.02176669868001,19.944570039107575,60.0,60.0,60.0,0.0,0.028628628628628628,0.0,0.07171845253150234,0.14308770791182318,14.626561694284266,19.876147393054197,18.02176669868001,19.944570039107575,16.44231509055177,18.329319956547575,18.02176669868001
58fa8486,4475,13.214059447470362,dtw_raw,15.720828782374369,21.272356079965164,25.228210654298262,-15.0,27.0,30.0,0.0,0.0,0.0,0.07171845253150234,0.17192941466043946,17.73007366190628,15.720828782374369,21.272356079965164,25.228210654298262,16.998846027055155,15.996851306118462,15.720828782374369
591cc951,4609,10.762010844975347,dtw_raw,8.223442060214644,10.189583804205723,14.73825322945497,12.0,42.0,42.0,0.0,0.031026252983293555,0.0,0.07171845253150234,0.09669576972491797,9.500295348587171,8.223442060214644,10.189583804205723,14.73825322945497,8.954640346894552,8.78588020454067,8.223442060214644
593876b6,4842,8.0,dtw_raw,11.904465278349635,12.650958165510977,14.911314201454026,-18.0,30.0,36.0,0.0,0.0,0.0,0.07555092518358493,0.10094017130287809,10.208965418575033,11.904465278349635,12.650958165510977,14.911314201454026,10.727552003878237,10.937556568939083,11.904465278349635
59f8b2e8,3747,8.0,dtw_raw,5.110166214139901,6.889195744917359,9.225453820687777,-9.0,30.0,3.0,0.0,0.0,0.0,0.07014748001953838,0.004807238388677438,5.1241642868390915,5.110166214139901,6.889195744917359,9.225453820687777,4.111495733507956,5.029446858526156,5.110166214139901
5a1a8fd8,5260,11.28787885911955,dtw_multi_soft,14.649290111397349,10.188770067495994,16.1086542781581,66.0,72.0,72.0,0.0,0.0,0.0,0.0687846465178416,0.07150833326721709,5.921876994981716,14.649290111397349,10.188770067495994,16.1086542781581,7.987797675708052,8.102784057525373,10.188770067495994
5a5269a9,6513,8.0,dtw_raw,11.150728562190778,13.643695171637603,15.310629255964924,-30.0,-57.0,-6.0,0.0,0.003377859665284815,0.0,0.0687846465178416,0.12806167695477083,14.133170844797828,11.150728562190778,13.643695171637603,15.310629255964924,13.053181160196367,12.164079264941831,11.150728562190778
5a5d1982,3894,10.542473008129457,dtw_raw,4.207010083117591,5.547112153405571,8.691604397401504,60.0,51.0,54.0,0.0,0.0,0.0,0.07014748001953838,0.07444845482751643,6.161074815632772,4.207010083117591,5.547112153405571,8.691604397401504,3.9949405749001765,3.890275694615246,4.207010083117591
5a63b5d1,6217,8.0,dtw_multi_stiff,29.82385052834664,28.943059303913813,27.181297526808475,21.0,-36.0,-36.0,0.0,0.0,0.0,0.07014748001953838,0.16424067958795685,30.819387361680143,29.82385052834664,28.943059303913813,27.181297526808475,30.453393041407086,29.990834226643404,27.181297526808475
5aa03df7,4871,10.308741544310955,dtw_raw,7.218154031959898,10.338515648378927,10.207605438697463,33.0,-39.0,39.0,0.0,0.0,0.0,0.0687846465178416,0.0284290223383196,9.434913907397371,7.218154031959898,10.338515648378927,10.207605438697463,8.454178360016938,9.0083357271487,7.218154031959898
5aa403d0,3118,8.0,dtw_raw,12.259638925010085,19.44757732611904,19.290969182059705,48.0,21.0,3.0,0.0,0.0,0.0,0.07014748001953838,0.027402969634284614,19.91531719405558,12.259638925010085,19.44757732611904,19.290969182059705,17.208121048047463,18.85591670605426,12.259638925010085
5aef5c6c,3121,10.081102169780367,dtw_multi_stiff,4.540276323181882,9.57157230691825,3.116710528007473,9.0,18.0,33.0,0.0,0.0,0.0,0.07171845253150234,0.10310717547627979,6.641632691838731,4.540276323181882,9.57157230691825,3.116710528007473,5.697739057150949,5.338523918240975,3.116710528007473
5b7b6324,6564,8.0,dtw_multi_stiff,22.39471963757591,17.033071316996455,13.338025602366594,51.0,39.0,72.0,0.0,0.004875076173065204,0.0,0.0687846465178416,0.01817314253268985,22.54285276634245,22.39471963757591,17.033071316996455,13.338025602366594,22.384160916553103,22.49007148457359,13.338025602366594
5bd25f59,4210,8.0,dtw_multi_stiff,9.483313488186637,10.152615830895265,9.080864323685123,27.0,15.0,15.0,0.0,0.05558194774346793,0.0,0.07014748001953838,0.09380872914648727,12.453112487220718,9.483313488186637,10.152615830895265,9.080864323685123,11.39343124473449,11.03976426253349,9.080864323685123
5beded95,3057,13.432640814392002,dtw_raw,6.440473318879083,11.136962129394123,9.322108840321778,0.0,63.0,-15.0,0.0,0.0,0.0,0.07014748001953838,0.2,7.893730053681676,6.440473318879083,11.136962129394123,9.322108840321778,7.368703578930728,6.440473318879083,6.440473318879083
5cb483ac,3852,8.180591139920322,dtw_multi_stiff,5.269783322415206,5.552129390953598,5.216344622125515,15.0,72.0,51.0,0.0,0.0,0.0,0.07555092518358493,0.07882353322464732,8.798697682091008,5.269783322415206,5.552129390953598,5.216344622125515,6.6191545406304835,6.539496595584645,5.216344622125515
5cdd8dbc,4010,20.578288224792345,dtw_raw,7.204586464680557,14.898035077057596,9.991689177796513,24.0,-66.0,15.0,0.0,0.08079800498753117,0.0,0.07014748001953838,0.15445977560822918,8.920349034490675,7.204586464680557,14.898035077057596,9.991689177796513,8.243762173694432,7.532020858218862,7.204586464680557
5d11dfb5,5895,8.90291092923346,dtw_multi_stiff,15.462502920145251,12.201296384982523,10.245085447061372,9.0,48.0,45.0,0.0,0.012213740458015267,0.0,0.0707783824809391,0.07587908834595969,14.768150648466976,15.462502920145251,12.201296384982523,10.245085447061372,14.71078979835238,14.719761687363672,10.245085447061372
5d7198fd,3368,10.139365990627638,dtw_multi_soft,11.26046929631061,9.783351344717323,10.36216697858132,6.0,3.0,6.0,0.0,0.0,0.0,0.07555092518358493,0.08659763520717031,9.305150638758153,11.26046929631061,9.783351344717323,10.36216697858132,9.912321148765935,10.015914653797138,9.783351344717323
5def1ce5,6443,8.0,dtw_multi_soft,13.902235530578617,6.931094154462411,7.4727297527708565,39.0,-24.0,-27.0,0.0,0.0,0.0,0.07555092518358493,0.10948699021472656,8.016781948847223,13.902235530578617,6.931094154462411,7.4727297527708565,9.992640185611767,11.00146243956671,6.931094154462411
5eae34a8,4904,8.0,dtw_multi_soft,9.163657203672477,6.466356970324965,10.538802626974825,-6.0,-9.0,-9.0,0.0,0.0,0.0,0.07014748001953838,0.11143594254425288,3.6356967313862256,9.163657203672477,6.466356970324965,10.538802626974825,4.655753066328428,5.909072919033719,6.466356970324965
5f4d2a52,5225,14.86828453406207,dtw_raw,33.27115950063334,39.38297521958783,34.05144101451207,54.0,54.0,54.0,0.0,0.0308133971291866,0.0,0.07555092518358493,0.10722983014953379,42.37782299698798,33.27115950063334,39.38297521958783,34.05144101451207,38.86460529150551,37.414929359956325,33.27115950063334
5f6756c5,5931,11.417772770543811,dtw_multi_stiff,6.01986317371957,6.198953062465143,5.267395430727464,45.0,63.0,45.0,0.0,0.013825661777103355,0.015511718091384252,0.0707783824809391,0.13750915960574783,9.495950349168702,6.01986317371957,6.198953062465143,5.267395430727464,8.077708567822471,6.899776133646859,5.267395430727464
5f75f796,5562,10.111065848108927,dtw_multi_stiff,7.517930611929047,8.24703776420108,7.008083886728394,-12.0,-15.0,-12.0,0.0,0.0,0.0,0.07014748001953838,0.2,7.308799205166795,7.517930611929047,8.24703776420108,7.008083886728394,7.28307253536474,7.517930611929047,7.008083886728394
5fb1c15f,2860,8.0,dtw_multi_soft,17.762682182041328,17.444321656822833,18.643961221952985,-36.0,-60.0,-60.0,0.0,0.0,0.0,0.0687846465178416,0.15278163177914456,13.232622881092492,17.762682182041328,17.444321656822833,18.643961221952985,14.769879490878663,16.678490811536292,17.444321656822833
5fffa282,4201,8.0,dtw_multi_soft,9.334294935082006,7.62836200946525,11.549937169273097,51.0,51.0,51.0,0.0,0.0,0.0,0.07014748001953838,0.08185628440976163,5.622884879004775,9.334294935082006,7.62836200946525,11.549937169273097,6.725193607600797,6.936618208599814,7.62836200946525
60e37807,2699,11.886349652581405,dtw_raw,14.969526228836012,22.130201218179625,25.834956953967666,60.0,-27.0,-45.0,0.0,0.0,0.0,0.07171845253150234,0.1964726417854343,18.487086683215566,14.969526228836012,22.130201218179625,25.834956953967666,17.138412085060235,15.024045472900056,14.969526228836012
61f27424,6220,8.0,dtw_raw,4.264174344108371,6.239673453072079,7.073455897226035,18.0,-3.0,-3.0,0.0,0.0,0.0,0.07171845253150234,0.13177470256508572,5.880838044137255,4.264174344108371,6.239673453072079,7.073455897226035,5.177736084198427,4.682649263454555,4.264174344108371
62569ae3,3588,8.0,dtw_multi_stiff,9.806545656176231,10.874107525639333,9.201104741468486,12.0,-9.0,-18.0,0.0,0.0,0.0,0.07171845253150234,0.2,11.93595995820057,9.806545656176231,10.874107525639333,9.201104741468486,11.15420928193226,9.806545656176231,9.201104741468486
62a6f539,3693,16.773905084398002,dtw_raw,9.841523184612994,13.486222541694307,16.39463743160582,6.0,0.0,0.0,0.0,0.0,0.0,0.07555092518358493,0.2,11.203996097237356,9.841523184612994,13.486222541694307,16.39463743160582,10.630606494338405,9.841523184612994,9.841523184612994
633774dc,6233,13.9820036245662,dtw_multi_stiff,16.13037785251826,13.49513158761838,10.48493493850816,-15.0,45.0,48.0,0.0,0.0,0.0,0.0707783824809391,0.06179952221321258,16.845796588854007,16.13037785251826,13.49513158761838,10.48493493850816,16.315759995969408,16.36685518100971,10.48493493850816
63559d57,4069,8.0,dtw_multi_stiff,9.386485262563665,8.133758274936026,7.0644114043105946,0.0,-27.0,0.0,0.0,0.0,0.0,0.0687846465178416,0.13768383797097852,8.454523826428371,9.386485262563665,8.133758274936026,7.0644114043105946,8.740980265880227,9.064869453460082,7.0644114043105946
647f2a41,3881,13.329457452302435,dtw_raw,3.7473861580698182,6.723041395417411,10.535741859546905,-63.0,-48.0,-48.0,0.0,0.0,0.0,0.07171845253150234,0.024198722838781776,3.0769469856767855,3.7473861580698182,6.723041395417411,10.535741859546905,1.5365719815416454,2.4446794334558466,3.7473861580698182
65156b96,3221,8.0,dtw_multi_soft,9.606969575982617,8.70483128590765,9.274172276798051,9.0,9.0,9.0,0.0,0.0,0.0,0.07555092518358493,0.12600914738654284,8.09297713580582,9.606969575982617,8.70483128590765,9.274172276798051,8.637344633874381,9.02069934997576,8.70483128590765
653612bc,4605,8.0,dtw_raw,1.5017628172172135,4.407158298074837,4.095788034692187,0.0,-87.0,-21.0,0.0,0.015418023887079262,0.0,0.07014748001953838,0.2,2.6211310442110363,1.5017628172172135,4.407158298074837,4.095788034692187,2.1490243045358732,1.5017628172172135,1.5017628172172135
656a067b,3051,11.504958671017604,dtw_raw,8.98589559921544,13.764175701281546,15.384633329590585,-27.0,33.0,21.0,0.0,0.0,0.0,0.0707783824809391,0.0705428434469536,11.43654230120376,8.98589559921544,13.764175701281546,15.384633329590585,10.46842108067868,10.471488094769375,8.98589559921544
65a5466a,4683,8.284321182084508,dtw_multi_stiff,7.844658317951033,8.745265137151367,7.40392673291186,-21.0,-9.0,0.0,0.0,0.0,0.0,0.0707783824809391,0.14166686985123042,5.267493379843112,7.844658317951033,8.745265137151367,7.40392673291186,5.923091667498974,6.892478158829926,7.40392673291186
660d9546,4732,8.8436289551052,dtw_multi_soft,15.801932419807766,11.699923589630254,16.03440647515204,-6.0,66.0,66.0,0.0,0.0,0.0,0.07555092518358493,0.04447027830175202,8.056539721967905,15.801932419807766,11.699923589630254,16.03440647515204,10.92470325491197,9.731082633318675,11.699923589630254
6767c111,6783,11.350134824317308,dtw_multi_stiff,51.02822269899075,51.3346338704933,50.45824317978136,60.0,60.0,60.0,0.009140498304584991,0.027126640129736104,0.04024767801857585,0.0707783824809391,0.0618832549066029,52.77503922969482,51.02822269899075,51.3346338704933,50.45824317978136,51.98593708007738,52.0750768344118,50.45824317978136
67847288,7429,10.051861739866284,dtw_raw,22.997937568641127,23.07472765471084,25.791032585835193,6.0,36.0,30.0,0.0,0.0,0.0,0.07555092518358493,-0.00417923656979095,20.472520806482656,22.997937568641127,23.07472765471084,25.791032585835193,21.37643438891088,20.424511729489492,22.997937568641127
67a8da4a,4911,9.121218552655817,dtw_multi_soft,7.556907960267699,7.173069056294573,7.258736818075082,0.0,9.0,0.0,0.0,0.006515984524536754,0.0,0.07014748001953838,0.08693219587490333,8.700907080346992,7.556907960267699,7.173069056294573,7.258736818075082,8.193097865935458,8.08723624154708,7.173069056294573
684a6fc1,9818,8.0,dtw_raw,19.158492275123198,21.126458931758606,19.178843418545767,30.0,30.0,30.0,0.0,0.0,0.0,0.07014748001953838,0.0643852737382995,23.561697291978696,19.158492275123198,21.126458931758606,19.178843418545767,21.945367165636192,22.075609348293646,19.158492275123198
698930d1,4741,9.26722330341796,dtw_raw,4.370832698081259,4.8687933197664215,6.448420196633177,33.0,33.0,27.0,0.0,0.0,0.0,0.07171845253150234,0.0430415465371794,5.156152986811668,4.370832698081259,4.8687933197664215,6.448420196633177,4.076822341030595,4.430368828344141,4.370832698081259
699ea575,4120,10.56140679258192,dtw_multi_soft,15.423409206908351,9.541154594655294,9.810399908229524,21.0,36.0,36.0,0.0,0.0,0.0,0.07014748001953838,0.032113599941294015,7.964183233108092,15.423409206908351,9.541154594655294,9.810399908229524,10.52730894924961,9.125617300996524,9.541154594655294
69c1bdad,2714,12.115887494006754,dtw_multi_soft,7.076574506044877,6.030349804198726,6.236661287248912,30.0,51.0,-6.0,0.0,0.0,0.0,0.0687846465178416,0.09106990795410627,5.641483044766482,7.076574506044877,6.030349804198726,6.236661287248912,5.55102568387276,5.6678938369788305,6.030349804198726
69e41fa6,5772,9.631588691688384,dtw_raw,4.687979846746353,12.414746909247233,14.85882671177139,12.0,21.0,18.0,0.0,0.11642411642411643,0.11798336798336799,0.07171845253150234,0.17429912393521704,6.114416064908889,4.687979846746353,12.414746909247233,14.85882671177139,5.565972813354617,4.8506228957911155,4.687979846746353
6a0ff78e,6465,8.0,dtw_multi_soft,16.951369842190957,12.544298282516833,17.033081221843204,54.0,42.0,48.0,0.0,0.0,0.0,0.07014748001953838,0.06055220279329429,11.488700733140687,16.951369842190957,12.544298282516833,17.033081221843204,13.232940134816763,12.980260172251743,12.544298282516833
6a8fa194,3017,10.370882765260468,dtw_multi_soft,6.466188444555614,4.887569002100738,4.99678572789166,12.0,-15.0,12.0,0.0,0.0,0.0,0.0707783824809391,0.1628244085701125,5.083100403127719,6.466188444555614,4.887569002100738,4.99678572789166,5.286950783688542,6.041542436556514,4.887569002100738
6ae68655,4204,8.0,dtw_raw,5.503821714173866,8.781344003827,12.09907236457567,51.0,-36.0,-54.0,0.0,0.0,0.0,0.07014748001953838,0.1619542231506557,5.852033875605552,5.503821714173866,8.781344003827,12.09907236457567,4.669925537702601,4.854758037989194,5.503821714173866
6d1d74e1,5830,13.161006953647917,dtw_multi_stiff,24.465150588643084,17.67266151008342,15.891424478867684,21.0,-75.0,-75.0,0.0,0.08113207547169811,0.07392795883361922,0.0687846465178416,-0.007157621503609982,21.400705037646677,24.465150588643084,17.67266151008342,15.891424478867684,22.38498018990986,21.303081422061208,15.891424478867684
6d590e26,6096,9.959196185874466,dtw_multi_soft,11.894250429370642,10.01089112995121,12.132254815460842,57.0,-6.0,57.0,0.0,0.0,0.0,0.0707783824809391,0.019357548833584384,10.015863834174594,11.894250429370642,10.01089112995121,12.132254815460842,10.055202487147671,9.951598431981274,10.01089112995121
6d6d93af,3595,8.932071740285892,dtw_multi_soft,27.423076135708282,25.492860071064595,27.182830182349836,-3.0,-3.0,21.0,0.0,0.0,0.0,0.0687846465178416,0.05625908299679249,23.493557456860643,27.423076135708282,25.492860071064595,27.182830182349836,24.822413828785653,24.578465445825916,25.492860071064595
6dbe4b60,4648,8.627197404003107,dtw_multi_stiff,7.12834430444584,5.568376885466618,4.082272582366118,15.0,-66.0,-51.0,0.0,0.0,0.0,0.07555092518358493,0.2,5.687858635255003,7.12834430444584,5.568376885466618,4.082272582366118,6.1437897447601415,7.12834430444584,4.082272582366118
6e6d122c,5632,12.621682653745966,dtw_multi_soft,6.811323681709496,3.9283869628282813,6.886504545462111,-6.0,-6.0,-3.0,0.0,0.0,0.0,0.07555092518358493,0.2,6.556653774767003,6.811323681709496,3.9283869628282813,6.886504545462111,6.604882497176443,6.811323681709496,3.9283869628282813
6e9ccd38,8282,8.0,dtw_multi_soft,16.464195209367123,12.959886806456,14.567368530857307,27.0,-72.0,-72.0,0.0,0.07594783868630765,0.05687032117845931,0.07014748001953838,-0.01217880044120147,14.78378997939311,16.464195209367123,12.959886806456,14.567368530857307,15.278019797803408,14.709614125105341,12.959886806456
6ea22614,5971,8.0,dtw_raw,13.379864643073129,14.328256189093565,16.559165876425926,-21.0,57.0,57.0,0.0,0.0,0.0,0.0707783824809391,0.07368534793967178,12.233022573375552,13.379864643073129,14.328256189093565,16.559165876425926,12.392158968870701,12.404766439503753,13.379864643073129
6ede926a,4938,9.902405287031694,dtw_multi_soft,9.921808958654424,5.911152043126392,10.520537338611348,42.0,-57.0,-57.0,0.0,0.0,0.0,0.07014748001953838,-0.04517108642259779,4.263416432929614,9.921808958654424,5.911152043126392,10.520537338611348,5.810350977901277,3.91528893061011,5.911152043126392
708caea9,6548,12.222844493028887,dtw_raw,39.96424582665804,40.824328902676555,42.50486098587024,6.0,87.0,6.0,0.0,0.023060476481368358,0.0,0.07014748001953838,0.16755073385269192,43.771919852168736,39.96424582665804,40.824328902676555,42.50486098587024,42.36916213948756,40.54005522456673,39.96424582665804
70925e23,5947,14.210735114278574,dtw_multi_soft,23.83377624424525,16.885214550150323,17.69634750448181,24.0,-42.0,-54.0,0.0,0.10274087775348915,0.0,0.07014748001953838,0.07766532841763073,15.213323475789574,23.83377624424525,16.885214550150323,17.69634750448181,17.918736144204253,18.234843586628866,16.885214550150323
70e1788b,9285,9.2656212251311,dtw_multi_soft,6.8033318827558045,6.513273677029906,9.810390031132233,3.0,-45.0,-45.0,0.0,0.0,0.0,0.0707783824809391,0.07636352978134803,5.657858442508004,6.8033318827558045,6.513273677029906,9.810390031132233,5.195586574937248,5.202665770074895,6.513273677029906
71642c7d,4648,8.21294207886126,dtw_raw,4.820860393457817,7.478549614703128,10.404235056413368,6.0,30.0,33.0,0.0,0.0,0.0,0.0707783824809391,0.2,5.2434833387415205,4.820860393457817,7.478549614703128,10.404235056413368,4.97852097403428,4.820860393457817,4.820860393457817
71ccf778,2698,8.0,dtw_multi_stiff,6.0000008786152685,6.903824159310051,5.866968620162854,-9.0,-9.0,-9.0,0.0,0.0,0.0,0.07555092518358493,0.184386135159132,8.351099488608893,6.0000008786152685,6.903824159310051,5.866968620162854,7.257808661797767,6.1083186067911015,5.866968620162854
7224331b,6063,8.203995913978224,dtw_multi_soft,6.096159025228178,4.0502735190672885,8.909135640405598,-3.0,-57.0,-6.0,0.0,0.0,0.0,0.0707783824809391,0.12096080188684065,4.767538945634114,6.096159025228178,4.0502735190672885,8.909135640405598,4.320817830120287,4.6771279369851,4.0502735190672885
722cf0d8,5143,10.543390815555346,dtw_multi_soft,7.295723456241397,6.545767538104372,7.99540642477064,0.0,-36.0,-36.0,0.0,0.0,0.0,0.07171845253150234,0.13080934655525758,7.764855864971576,7.295723456241397,6.545767538104372,7.99540642477064,7.395872037201782,7.256797218612,6.545767538104372
7256229b,5415,9.798191023487888,dtw_raw,9.87304810588709,10.738853572469274,13.067641708642864,-15.0,0.0,21.0,0.0,0.0,0.0,0.0707783824809391,0.06364887783142677,9.92643674488028,9.87304810588709,10.738853572469274,13.067641708642864,9.786020182688892,9.794193942785634,9.87304810588709
726f3dc2,6723,8.196158397253926,dtw_multi_soft,8.76570653768074,4.882173811565372,8.584872219877564,9.0,-78.0,-75.0,0.0,0.02127026625018593,0.0,0.07171845253150234,0.2,6.737647498314808,8.76570653768074,4.882173811565372,8.584872219877564,7.397364546378969,8.76570653768074,4.882173811565372
7271dd80,4340,8.0,dtw_multi_stiff,3.4711637953785246,4.465373346914026,3.2840747372320593,-18.0,-18.0,-18.0,0.0,0.0,0.0,0.0687846465178416,0.2,5.28680798886635,3.4711637953785246,4.465373346914026,3.2840747372320593,4.597044499189866,3.4711637953785246,3.2840747372320593
727a3a10,4397,13.89355185498719,dtw_multi_stiff,19.02870711977237,14.62505158004167,13.56242480471488,18.0,-33.0,-3.0,0.0,0.0,0.0,0.07171845253150234,0.09426770830570429,15.46277211928237,19.02870711977237,14.62505158004167,13.56242480471488,16.712242877296806,17.112592790401973,13.56242480471488
729665c0,4263,14.023922074747526,dtw_multi_stiff,9.167569178495773,3.152933463040562,3.133240282484373,45.0,-39.0,-42.0,0.0,0.0,0.0,0.07171845253150234,0.13955729950095092,4.886579198961166,9.167569178495773,3.152933463040562,3.133240282484373,6.225408513122561,7.727900465827984,3.133240282484373
729e9750,5919,11.618569076537273,dtw_multi_soft,6.49138010627029,5.088003237518136,10.270659125410962,9.0,-87.0,-84.0,0.015374218618009798,0.07247845919918905,0.0849805710424058,0.0707783824809391,-0.00705116309554124,7.242778558978782,6.49138010627029,5.088003237518136,10.270659125410962,4.988264205032704,7.5259811655536515,5.088003237518136
729f4217,6195,9.905238119139558,dtw_multi_soft,19.838631254486664,15.708650463826313,18.85488772985277,33.0,33.0,30.0,0.0,0.0,0.0,0.07171845253150234,0.08006078743454803,13.093954692507783,19.838631254486664,15.708650463826313,18.85488772985277,15.40636321199171,15.685023746455508,15.708650463826313
72dd8501,5193,8.726203586806017,dtw_multi_soft,8.451398325659753,5.4072140419920025,8.745815773572922,-12.0,-12.0,-6.0,0.0,0.0,0.0,0.07171845253150234,0.05017526841874332,2.4034989706450682,8.451398325659753,5.4072140419920025,8.745815773572922,4.23606812353179,3.599029743859207,5.4072140419920025
73348914,4221,11.081676107688862,dtw_multi_soft,15.460399684991028,13.287555458011227,14.8181221433749,-21.0,-15.0,-30.0,0.0,0.0,0.0,0.07171845253150234,0.2,16.323549438133618,15.460399684991028,13.287555458011227,14.8181221433749,15.980045482859751,15.460399684991028,13.287555458011227
739a914f,5505,9.170918613051489,dtw_multi_soft,27.761417379847842,25.752276531494346,28.565140817287848,15.0,12.0,15.0,0.0,0.0,0.0,0.0687846465178416,0.06496861147844461,24.251889239534798,27.761417379847842,25.752276531494346,28.565140817287848,25.40942022762624,25.343717884117094,25.752276531494346
73b1447d,5670,12.646475139078275,dtw_multi_stiff,18.865754887499705,23.387132959278222,16.808735507033283,24.0,24.0,24.0,0.0,0.09206349206349207,0.0,0.07171845253150234,0.19935501855699722,22.46107371797271,18.865754887499705,23.387132959278222,16.808735507033283,21.152010985514682,18.877039098269673,16.808735507033283
74b6186b,3405,11.380454708843283,dtw_multi_soft,2.2892527497896453,1.4546717103553772,1.7395474615043964,3.0,-3.0,-6.0,0.0,0.0,0.0,0.0687846465178416,0.17480173441574307,1.848462463837911,2.2892527497896453,1.4546717103553772,1.7395474615043964,1.952713581597804,2.213178109678496,1.4546717103553772
75c20ec7,5361,10.76570554449295,dtw_multi_stiff,8.269997428768146,4.8999721113968,3.9131605287817752,33.0,72.0,72.0,0.0,0.0,0.0,0.07171845253150234,0.10705191172387613,8.82108775832148,8.269997428768146,4.8999721113968,3.9131605287817752,8.538748806485044,8.433386227390784,3.9131605287817752
75cd5f11,4946,8.32244825079925,dtw_multi_soft,5.041746128427024,4.869355986977237,9.296411733665376,27.0,-69.0,27.0,0.0,0.0022240194096239383,0.0,0.07014748001953838,0.056270495025390825,6.23309735099612,5.041746128427024,4.869355986977237,9.296411733665376,5.4759549492482575,5.602121681043528,4.869355986977237
75d20a82,5067,10.44929892813779,dtw_raw,11.307246831139198,19.59461975192173,15.294989547391216,39.0,-90.0,33.0,0.0,0.0909808565225972,0.0,0.0707783824809391,0.11524113728582007,14.700657440733526,11.307246831139198,19.59461975192173,15.294989547391216,13.442933761275837,12.681050974307288,11.307246831139198
76201745,4448,8.0,dtw_multi_soft,11.021904791248417,7.8415418236968595,7.845155045088763,-3.0,-27.0,-12.0,0.0,0.0,0.0,0.0687846465178416,0.13292489053345993,8.599572579231086,11.021904791248417,7.8415418236968595,7.845155045088763,9.08660218749076,9.894601007591243,7.8415418236968595
764072a5,2949,9.002412469123975,dtw_multi_stiff,4.129909180333343,2.485264918434734,2.3365558449300914,12.0,-15.0,-15.0,0.0,0.0,0.0,0.0707783824809391,0.12116732500267179,3.0326488226298762,4.129909180333343,2.485264918434734,2.3365558449300914,3.305544673886295,3.586090075115496,2.3365558449300914
77b0d905,4174,8.0,dtw_multi_soft,7.668366600359508,7.3811435637338345,9.780255364819617,-18.0,-18.0,-27.0,0.0,0.0,0.0,0.0687846465178416,0.2,5.3495974613365345,7.668366600359508,7.3811435637338345,9.780255364819617,6.013034384980263,7.668366600359508,7.3811435637338345
77e4821c,5393,11.9804911572901,dtw_multi_stiff,18.963501397184604,20.96546453675793,15.867425467077766,15.0,75.0,75.0,0.0,0.0,0.0,0.07171845253150234,0.13470817934581172,22.026069959722978,18.963501397184604,20.96546453675793,15.867425467077766,20.80577894426579,19.840941667470663,15.867425467077766
7850c72e,5497,11.084432066100533,dtw_multi_soft,11.677881412660696,11.49046419368741,15.693992793073276,-12.0,-21.0,18.0,0.0,0.0,0.0,0.07555092518358493,0.08040990046106873,11.255931815543432,11.677881412660696,11.49046419368741,15.693992793073276,11.316065527609682,11.324139467942206,11.49046419368741
78a4a386,5119,8.0,dtw_raw,7.144036355120665,8.888805591924815,7.910192194062078,33.0,72.0,30.0,0.0,0.04961906622387185,0.0,0.07555092518358493,0.0863392573104838,6.239955891310388,7.144036355120665,8.888805591924815,7.910192194062078,5.8367482649777855,5.8572629059820285,7.144036355120665
79507629,5302,8.121947537296428,dtw_multi_soft,10.57381068805273,3.726752619155281,11.26466420237498,42.0,-54.0,42.0,0.0,0.0,0.0,0.07014748001953838,0.032340872806423476,5.615202190914015,10.57381068805273,3.726752619155281,11.26466420237498,7.254381032274811,6.34891691968973,3.726752619155281
796dbd4c,6248,11.037945739255502,dtw_multi_soft,19.267514600579347,16.242766282845402,16.592926420569217,6.0,-60.0,-63.0,0.0,0.0,0.0,0.07171845253150234,0.18845206532155412,18.228424602092577,19.267514600579347,16.242766282845402,16.592926420569217,18.571982211821485,19.20086686314283,16.242766282845402
7987f2f2,3705,9.005813945305276,dtw_raw,5.248595369737571,7.98006833888752,11.761868153310564,-27.0,48.0,6.0,0.0,0.0,0.0,0.07171845253150234,0.18284806176538002,5.358266279434138,5.248595369737571,7.98006833888752,11.761868153310564,5.23576277332077,5.229465322976121,5.248595369737571
7993a768,5487,11.434671894649819,dtw_multi_stiff,3.8136412549964693,3.8243544980165924,2.9604594256684806,-3.0,3.0,-3.0,0.0,0.0,0.0,0.0707783824809391,0.2,3.6383014641236007,3.8136412549964693,3.8243544980165924,2.9604594256684806,3.601660657925153,3.8136412549964693,2.9604594256684806
7a5660b0,4998,8.0,dtw_raw,11.895729040629043,14.640735296529625,12.308146410079647,-12.0,-6.0,-12.0,0.0,0.0,0.0,0.07014748001953838,0.2,16.940059668844697,11.895729040629043,14.640735296529625,12.308146410079647,15.15016332870427,11.895729040629043,11.895729040629043
7acda2df,3091,14.56156374584921,dtw_raw,19.550528183019125,22.891194803473688,30.538927478289235,0.0,-54.0,-51.0,0.0,0.006793917825946296,0.0,0.07014748001953838,0.1291399433261123,20.77397489435995,19.550528183019125,22.891194803473688,30.538927478289235,20.26839593818771,19.90577899786867,19.550528183019125
7b2c7b3c,2584,10.828955867472132,dtw_multi_stiff,5.079722711921433,5.104931783795642,5.058754658578854,12.0,12.0,3.0,0.0,0.0,0.0,0.0707783824809391,0.12540300189987133,5.595461340480812,5.079722711921433,5.104931783795642,5.058754658578854,5.359784162189243,5.21623717242548,5.058754658578854
7b38844c,3749,8.0,dtw_multi_soft,6.513186919982383,2.7575164597585093,5.932962981365436,-27.0,48.0,-27.0,0.0,0.0,0.0,0.07171845253150234,0.1547165659582679,4.3467527695078765,6.513186919982383,2.7575164597585093,5.932962981365436,2.859149833096421,4.7441282937906255,2.7575164597585093
7bb17b96,3922,8.0,dtw_multi_soft,4.904540388241111,4.49425351181891,8.879853179155054,-15.0,60.0,-33.0,0.0,0.0,0.0,0.0707783824809391,0.19915681979900351,3.5880849393629397,4.904540388241111,4.49425351181891,8.879853179155054,3.9908868768049706,4.898039295074773,4.49425351181891
7c607683,5328,8.448328214723396,dtw_multi_soft,17.00889978627584,16.402577822464576,20.715495047468544,39.0,-60.0,36.0,0.0,0.0,0.0,0.07555092518358493,0.06870615144162415,13.641716646536283,17.00889978627584,16.402577822464576,20.715495047468544,14.767804301590738,14.657414118979217,16.402577822464576
7cbbd047,5121,9.040784247822593,dtw_raw,5.244765502190658,7.171809422003096,14.089767956707046,-39.0,-39.0,51.0,0.0,0.0,0.0,0.07014748001953838,0.13063150969022172,5.816537651507172,5.244765502190658,7.171809422003096,14.089767956707046,4.604320775714953,4.397836738736454,5.244765502190658
7cd4bb31,6439,8.0,dtw_multi_stiff,12.799391097286415,12.414367669287584,6.890278539146109,-30.0,-84.0,-45.0,0.0,0.0,0.0,0.0707783824809391,0.07933135636365955,10.588860213111092,12.799391097286415,12.414367669287584,6.890278539146109,11.141766538452595,11.227504978475444,6.890278539146109
7d50373e,5122,11.611087451623309,dtw_multi_soft,7.302319243672771,6.595738679471007,10.092104483442846,12.0,60.0,60.0,0.0,0.0,0.0,0.07171845253150234,0.08208021687958955,4.716879754005381,7.302319243672771,6.595738679471007,10.092104483442846,5.210128687442039,5.332011666210476,6.595738679471007
7d57c75d,4405,8.0,dtw_raw,6.060687216400976,6.330986447736518,7.75395815234767,36.0,-12.0,12.0,0.0,0.0,0.0,0.07171845253150234,0.09846189445823315,6.058844009056661,6.060687216400976,6.330986447736518,7.75395815234767,5.837355412102231,5.817956435447389,6.060687216400976
7e208414,4226,8.0,dtw_raw,5.560621093103288,6.359503667725934,7.068244083063155,27.0,-9.0,-18.0,0.0,0.0,0.0,0.0707783824809391,0.13553199830678855,6.241385990484873,5.560621093103288,6.359503667725934,7.068244083063155,5.720483498797023,5.502181586770858,5.560621093103288
7e721392,6174,8.0,dtw_multi_soft,43.03864272157578,41.521912102177644,41.58939102102185,0.0,15.0,15.0,0.0,0.0,0.0,0.07555092518358493,0.1564914367247887,41.14763842401283,43.03864272157578,41.521912102177644,41.58939102102185,41.844374972464564,42.61475339445146,41.521912102177644
7ff89f8f,7337,9.086026999455274,dtw_raw,16.139824848323478,18.869659041940128,23.614997656685144,24.0,-81.0,-81.0,0.0,0.004225160147199127,0.0,0.07171845253150234,0.06511837597699512,15.156944448131483,16.139824848323478,18.869659041940128,23.614997656685144,15.4387264343951,15.409358291906475,16.139824848323478
8050c789,3077,9.00872778100649,dtw_multi_stiff,13.384216324924857,14.51656092172449,9.185673757347658,-9.0,-9.0,-39.0,0.0,0.0,0.0,0.0687846465178416,0.1912085906160847,14.333632436410856,13.384216324924857,14.51656092172449,9.185673757347658,13.989911227944491,13.42261035360604,9.185673757347658
807f0298,3747,10.736787500341057,dtw_multi_soft,14.171367755779661,11.942389623704385,12.331562441794784,-9.0,42.0,42.0,0.0,0.0,0.0,0.0707783824809391,0.04325220650035016,12.173287971905548,14.171367755779661,11.942389623704385,12.331562441794784,12.66123662549737,12.439721649564307,11.942389623704385
811f52b3,4836,8.0,dtw_multi_stiff,4.737777470830706,10.471893091894529,4.145958146430047,12.0,-66.0,42.0,0.0,0.012613730355665839,0.0,0.0707783824809391,0.15353182693283712,5.655940101857651,4.737777470830706,10.471893091894529,4.145958146430047,5.232429969374635,4.868381840863886,4.145958146430047
81bf5923,4543,16.148735366377867,dtw_multi_stiff,32.664705720730886,32.6680290001392,32.026054777722166,-15.0,-18.0,-12.0,0.0,0.0,0.0,0.0707783824809391,0.17074111506186054,34.17390556502391,32.664705720730886,32.6680290001392,32.026054777722166,33.63368417669854,32.8820695513694,32.026054777722166
81fc01c6,5909,8.612514712387304,dtw_multi_stiff,13.177360171946372,14.04527149211252,13.132064602419563,6.0,6.0,9.0,0.0,0.0,0.0,0.07555092518358493,0.15758527708724054,14.440266149997427,13.177360171946372,14.04527149211252,13.132064602419563,13.915483059750244,13.409976801358754,13.132064602419563
8255c867,3589,12.131118404466994,dtw_raw,14.281154520264986,15.921166485656437,19.991273806166074,21.0,-42.0,-42.0,0.0,0.0,0.0,0.07014748001953838,0.14744035112111817,12.734257917330483,14.281154520264986,15.921166485656437,19.991273806166074,13.151166586156403,13.772452074030753,14.281154520264986
82aab6d2,6140,9.432310879670528,dtw_multi_soft,9.560397870818516,9.39561487821735,9.684693941465426,0.0,-27.0,-3.0,0.0,0.0,0.0,0.0687846465178416,0.11323439145299874,9.699697162859172,9.560397870818516,9.39561487821735,9.684693941465426,9.58377226200142,9.546526594803149,9.39561487821735
82fcf37c,6014,11.386785496495909,dtw_multi_soft,10.517323001852786,5.6807657371309315,10.209551306490527,-18.0,-60.0,-63.0,0.0,0.03192550714998337,0.023611572996341867,0.07555092518358493,-0.01360545609160375,7.292140459560876,10.517323001852786,5.6807657371309315,10.209551306490527,8.157316648597357,7.2002132950179485,5.6807657371309315
833af382,3628,24.613009967974985,dtw_multi_soft,8.548366394129907,3.767988664134129,5.109735711789907,9.0,-57.0,-57.0,0.0,0.0,0.0,0.07555092518358493,0.1859722416848891,6.769937717663533,8.548366394129907,3.767988664134129,5.109735711789907,7.38557693695783,8.409901775454786,3.767988664134129
8382f4b6,4967,10.422234061336102,dtw_multi_soft,27.94119195336448,25.43541077556031,28.194651146427535,12.0,12.0,12.0,0.0,0.0,0.0,0.0707783824809391,0.04538420877900112,23.39574363332977,27.94119195336448,25.43541077556031,28.194651146427535,24.92850530056048,24.367661500249614,25.43541077556031
84633df4,4972,10.67606857876576,dtw_raw,11.086015654642253,18.57090971939898,19.777388700192386,45.0,12.0,-51.0,0.0,0.05651649235720032,0.0,0.07555092518358493,0.06566171788101874,14.66479427725015,11.086015654642253,18.57090971939898,19.777388700192386,12.892810021488554,13.10145612794877,11.086015654642253
8478df29,4857,10.182663605952515,dtw_multi_soft,7.1612485802333525,4.981662966452303,6.024569384475182,-21.0,-48.0,18.0,0.0,0.0,0.0,0.07171845253150234,0.15535816073897088,6.211326186876671,7.1612485802333525,4.981662966452303,6.024569384475182,6.39106778009993,6.835333321281041,4.981662966452303
84815d5a,3647,11.534441732662401,dtw_raw,4.157825779845608,4.9148431270833655,6.22274494925459,-12.0,-12.0,3.0,0.0,0.0,0.0,0.0687846465178416,0.2,5.272626093663101,4.157825779845608,4.9148431270833655,6.22274494925459,4.8652185956311085,4.157825779845608,4.157825779845608
84c3b497,5312,9.474448694628927,dtw_multi_stiff,17.569479599307115,13.341061919820424,12.013101828443931,42.0,42.0,42.0,0.0,0.0,0.0,0.0687846465178416,0.027219614956777854,15.712484754926113,17.569479599307115,13.341061919820424,12.013101828443931,15.829603670431988,15.688933152306104,12.013101828443931
85380836,6618,9.809988023976505,dtw_raw,8.787981250731141,23.616130838005947,27.928907993025394,57.0,-36.0,-39.0,0.0,0.0,0.0,0.0707783824809391,0.033037657768181926,19.480932310823093,8.787981250731141,23.616130838005947,27.928907993025394,15.370117595658764,17.5409755120126,8.787981250731141
8612b37f,5165,12.911577859532525,dtw_multi_stiff,17.577182179409103,21.993530021807288,13.985401985390261,-18.0,-6.0,63.0,0.0,0.0,0.0,0.07171845253150234,0.07218768676037476,19.798494428258984,17.577182179409103,21.993530021807288,13.985401985390261,18.74726585548326,18.741249651539686,13.985401985390261
861e71df,4700,8.0,dtw_multi_soft,23.875048749812034,23.303968658254995,26.2986008983059,-15.0,-21.0,3.0,0.0,0.0,0.0,0.07171845253150234,0.061145817508511065,21.54477567185994,23.875048749812034,23.303968658254995,26.2986008983059,22.229113418318068,22.11685846920207,23.303968658254995
86454a6f,7964,8.0,dtw_multi_stiff,49.72213795521775,50.23179456047501,42.59518567345145,24.0,57.0,57.0,0.0,0.0,0.0,0.0707783824809391,0.1290508776989433,52.634720823875476,49.72213795521775,50.23179456047501,42.59518567345145,51.5602540575631,50.71085657130221,42.59518567345145
8648abae,4244,12.451136937330384,dtw_raw,4.5014626821410655,4.678874435441261,6.030714475665017,27.0,-51.0,-51.0,0.0,0.0,0.0,0.07555092518358493,0.19146632945700398,3.266113074099177,4.5014626821410655,4.678874435441261,6.030714475665017,3.548842420938692,4.422516775066221,4.5014626821410655
865033f8,3557,16.13982595997501,dtw_multi_soft,10.956237885276801,7.853597759096833,11.130560297805413,48.0,57.0,51.0,0.0,0.0,0.0,0.0687846465178416,0.034291673042205664,4.307387332763715,10.956237885276801,7.853597759096833,11.130560297805413,6.509614021928951,5.383046415292733,7.853597759096833
87695469,7003,9.89428414001683,dtw_multi_soft,10.520056329498255,8.574911417394501,10.786751792472046,-87.0,-9.0,-87.0,0.09353134370983864,0.0,0.15336284449521634,0.07555092518358493,0.05318725488915838,6.103931851591621,10.520056329498255,8.574911417394501,10.786751792472046,5.4180951855127,5.214097097378623,8.574911417394501
877ed19c,3708,12.697066197270209,dtw_multi_soft,13.180675268451386,9.38450288652333,13.103790883131962,33.0,9.0,33.0,0.0,0.0,0.0,0.0687846465178416,0.09782869617782448,5.7910630119749955,13.180675268451386,9.38450288652333,13.103790883131962,8.286126184366417,9.360141718765709,9.38450288652333
87aa3730,5607,10.454430706483617,dtw_multi_soft,17.302764324798098,12.66236987432039,17.771876214146207,45.0,45.0,45.0,0.0,0.05029427501337614,0.0,0.0707783824809391,0.06219421247942156,12.59154570560746,17.302764324798098,12.66236987432039,17.771876214146207,14.027115817587921,13.836423589314828,12.66236987432039
884ecb5f,6724,8.0,dtw_raw,6.649608160824716,12.859439865964482,9.887625053563804,-42.0,36.0,-60.0,0.0,0.0,0.0,0.0687846465178416,0.0283587665268663,9.542570782734575,6.649608160824716,12.859439865964482,9.887625053563804,7.823583213321318,8.775399004940228,6.649608160824716
8902c3f6,4959,8.0,dtw_multi_soft,9.423597523954202,8.052337970803068,9.530458100131305,21.0,9.0,15.0,0.0,0.0,0.0,0.07014748001953838,0.17144328860611913,6.728802364071914,9.423597523954202,8.052337970803068,9.530458100131305,7.505300951203513,8.962380762530552,8.052337970803068
896d15b9,4279,8.47914011602601,dtw_multi_soft,51.17753476442543,46.87835726007989,49.30504093963908,-36.0,-36.0,-36.0,0.0,0.0,0.0,0.0687846465178416,0.12324051122172944,44.78273882518027,51.17753476442543,46.87835726007989,49.30504093963908,46.96484250964331,48.705829777090194,46.87835726007989
8995c945,6724,8.400236446370274,dtw_multi_stiff,38.33944148625374,40.39038975825536,36.0023082701525,69.0,72.0,69.0,0.0,0.0,0.0,0.0687846465178416,-0.003217594482069249,44.384460387609344,38.33944148625374,40.39038975825536,36.0023082701525,42.296667297673956,44.48231673243015,36.0023082701525
89969c7a,4947,8.700549182870995,dtw_multi_soft,5.51717359899583,4.196649929905828,4.698053610426893,3.0,36.0,3.0,0.0,0.0,0.0,0.0707783824809391,0.11618227028452874,4.068683919639043,5.51717359899583,4.196649929905828,4.698053610426893,4.459391896589768,4.789149443848947,4.196649929905828
89f1085d,5994,17.789538756216746,dtw_multi_soft,12.72146329401175,5.072398566583652,7.343462922828148,39.0,-78.0,-78.0,0.0,0.005171838505171838,0.0,0.07014748001953838,0.03358573842858642,6.527033656157441,12.72146329401175,5.072398566583652,7.343462922828148,8.458941402362596,7.397908928223579,5.072398566583652
89f36adf,5292,10.783893661249135,dtw_multi_stiff,9.661892468479321,4.641081510055907,4.401050201476605,-12.0,57.0,18.0,0.0,0.0,0.0,0.0707783824809391,0.04735916785431314,6.571251428824294,9.661892468479321,4.641081510055907,4.401050201476605,7.559119496340551,7.215344766486903,4.401050201476605
89fdb2f2,2031,8.0,dtw_multi_stiff,2.832534919259158,2.0721926887442526,2.04769718280225,12.0,30.0,15.0,0.0,0.0,0.0,0.0707783824809391,0.2,3.4109299924192684,2.832534919259158,2.0721926887442526,2.04769718280225,3.180576277118572,2.832534919259158,2.04769718280225
8a3da6d1,4593,8.948750466969777,dtw_multi_soft,15.018348223846793,10.689118744444915,13.654579612988847,-66.0,-66.0,-66.0,0.0,0.006749401262791204,0.0,0.0687846465178416,0.0875268050585379,9.015359591029894,15.018348223846793,10.689118744444915,13.654579612988847,10.793896128461919,11.34561383958002,10.689118744444915
8a89da23,3935,8.0,dtw_raw,19.227991183239354,23.033477415028024,28.562009900884977,-30.0,-48.0,-51.0,0.0,0.0,0.0,0.07171845253150234,0.08644812887038489,18.05840554269764,19.227991183239354,23.033477415028024,28.562009900884977,18.448539000157535,18.53286013921476,19.227991183239354
8a9c8932,4663,11.073934957566964,dtw_raw,3.806830793753178,9.512831334577214,11.842127532654949,-45.0,78.0,-45.0,0.0,0.0,0.0,0.07014748001953838,0.11494982485188877,5.679721946036032,3.806830793753178,9.512831334577214,11.842127532654949,4.701295569924971,4.223075747197064,3.806830793753178
8ac2f237,5319,9.905712307699059,dtw_raw,16.20050600267861,20.13500009016825,22.05106876077513,-42.0,-21.0,-21.0,0.0,0.0,0.0,0.07555092518358493,0.043307881666620925,19.071486355270373,16.20050600267861,20.13500009016825,22.05106876077513,17.765961893469186,18.294605898247376,16.20050600267861
8b12bab6,5234,17.290275053513323,dtw_multi_soft,7.0650001583445325,6.560195659509626,7.780240910773909,39.0,-33.0,-21.0,0.0,0.0,0.0,0.0687846465178416,0.11970688712428633,5.030267535810782,7.0650001583445325,6.560195659509626,7.780240910773909,4.587651321888125,5.146522438618989,6.560195659509626
8b5be31b,5672,9.564591473810895,dtw_multi_soft,7.697213429298465,7.100960956664086,10.044461095899306,-63.0,-69.0,-60.0,0.0,0.0,0.0,0.07555092518358493,0.09136969239690543,4.308400821172519,7.697213429298465,7.100960956664086,10.044461095899306,5.078476734006471,5.343762814574804,7.100960956664086
8b95d6d1,1731,9.383298000473616,dtw_multi_stiff,11.938351196774214,7.569647850295708,7.291993650639021,6.0,6.0,6.0,0.0,0.0,0.0,0.07555092518358493,0.05862721897790371,8.045441597799561,11.938351196774214,7.569647850295708,7.291993650639021,9.310503612133704,8.999054756316438,7.291993650639021
8b9d8326,6163,10.844893637735142,dtw_multi_soft,10.784786769396103,8.39746518135186,10.963531206577814,78.0,72.0,72.0,0.0,0.0,0.0,0.07171845253150234,0.06749663874498468,5.3808799014821815,10.784786769396103,8.39746518135186,10.963531206577814,6.849683624088658,6.741425779820344,8.39746518135186
8bb9c1e6,4546,8.958763193538289,dtw_raw,4.253387773759441,9.1046210229672,11.605842830571536,12.0,-24.0,-21.0,0.0,0.0,0.0,0.07171845253150234,0.11418596489553853,6.625697328531288,4.253387773759441,9.1046210229672,11.605842830571536,4.8821697751803566,4.201444695044055,4.253387773759441
8bda1a11,5981,13.308442057478452,dtw_multi_soft,12.007293595080645,10.859623409234072,15.820939304352848,-51.0,-51.0,-54.0,0.0,0.014044474168199298,0.0,0.0687846465178416,0.02937484676119972,6.40311241041512,12.007293595080645,10.859623409234072,15.820939304352848,8.099861215616878,7.079105068317269,10.859623409234072
8bfa881d,4089,12.134322887463425,dtw_multi_stiff,15.193384049557876,12.348411650750306,8.752830206413089,-12.0,45.0,48.0,0.0,0.0,0.0,0.07014748001953838,0.12329462550539773,16.3542656441421,15.193384049557876,12.348411650750306,8.752830206413089,15.887631111492938,15.575640504137613,8.752830206413089
8c167025,5368,10.061346886772327,dtw_raw,8.24287790967627,13.436186625226263,15.533165846749124,6.0,24.0,18.0,0.0,0.0,0.0,0.07014748001953838,0.06721391213259444,11.651049606627721,8.24287790967627,13.436186625226263,15.533165846749124,10.361743007965332,10.414078656658472,8.24287790967627
8c8348e8,3888,11.363190846536881,dtw_multi_stiff,15.721131570674698,16.110446259015653,14.620232615165845,6.0,6.0,15.0,0.0,0.0,0.0,0.0707783824809391,0.1994506143345692,16.269279804024052,15.721131570674698,16.110446259015653,14.620232615165845,16.055738491793015,15.722397890569107,14.620232615165845
8cc21f01,4044,10.900203696663,dtw_raw,7.446504590090088,10.181140440334932,15.449658038269451,42.0,-66.0,-66.0,0.0,0.020029673590504452,0.0,0.07555092518358493,-0.01925097920673601,5.81486840236874,7.446504590090088,10.181140440334932,15.449658038269451,5.511782556936115,6.077858572612244,7.446504590090088
8cc800b3,6576,8.0,dtw_raw,27.325164823064245,27.712924928642884,28.044426572165793,3.0,-66.0,-36.0,0.0,0.0,0.0,0.07171845253150234,0.2,28.94586753753878,27.325164823064245,27.712924928642884,28.044426572165793,28.320408149878233,27.325164823064245,27.325164823064245
8d5d46d7,5755,8.110530744242647,dtw_raw,13.253432901275012,18.678480402483945,20.457308608715653,48.0,-51.0,-51.0,0.0,0.008861859252823632,0.0,0.0707783824809391,0.05442958972710705,13.500193519236571,13.253432901275012,18.678480402483945,20.457308608715653,13.09060804103411,13.154747922997924,13.253432901275012
8d92cb49,3589,10.831851584109954,dtw_raw,7.646364138383382,8.10960398424081,8.554784278503899,3.0,3.0,3.0,0.0,0.0,0.0,0.0687846465178416,0.04790431378173331,8.313905916570059,7.646364138383382,8.10960398424081,8.554784278503899,6.898684723531336,7.2213151482184985,7.646364138383382
8f201368,6349,11.263531427316142,dtw_raw,30.426702984029642,35.1639209868597,37.53269735970405,-6.0,-6.0,-6.0,0.03197353914002205,0.0,0.0,0.07555092518358493,0.055762311102444194,32.76133929397986,30.426702984029642,35.1639209868597,37.53269735970405,31.47663473711192,31.768679819240056,30.426702984029642
90386ee4,3840,8.939619625854444,dtw_multi_soft,7.076800978059268,6.035458038092731,7.79158381486855,-27.0,-21.0,-27.0,0.0,0.0,0.0,0.07555092518358493,0.0878547301382816,2.9811199015443632,7.076800978059268,6.035458038092731,7.79158381486855,3.6169427342607205,3.8822932342929546,6.035458038092731
91abc4c7,5848,9.961219029666077,dtw_multi_soft,10.133833867566153,5.149969347259654,9.67991671116966,-63.0,-3.0,27.0,0.010430916552667579,0.0140218878248974,0.015560875512995896,0.07014748001953838,0.07375368920603267,2.7074860276362682,10.133833867566153,5.149969347259654,9.67991671116966,4.1370314520832645,4.2789007411513635,5.149969347259654
91b301ce,6570,8.0,dtw_multi_stiff,31.431488708480426,28.04856403384608,27.329331739855288,39.0,-66.0,-72.0,0.0,0.038356164383561646,0.04124809741248098,0.07171845253150234,0.2,29.535380469623217,31.431488708480426,28.04856403384608,27.329331739855288,30.142994833914056,31.431488708480426,27.329331739855288
91db7070,4073,11.692507868202462,dtw_multi_stiff,33.159296504556124,30.18439602591352,25.41986206943109,-9.0,-12.0,27.0,0.0,0.0,0.0,0.0687846465178416,0.13647664631343367,31.66094487168352,33.159296504556124,30.18439602591352,25.41986206943109,32.146682281116846,32.655423375063755,25.41986206943109
925a7cd1,4517,9.204853622815907,dtw_raw,2.228590720063783,2.8557803865395552,4.08576609575809,-42.0,-42.0,-45.0,0.0,0.0,0.0,0.07555092518358493,0.14122343293902623,5.523937707878355,2.228590720063783,2.8557803865395552,4.08576609575809,4.029728460705739,2.8968574921741683,2.228590720063783
9283ae69,3371,10.5437405749969,dtw_raw,7.586423394255926,9.201649376581631,10.236120659502111,0.0,-21.0,-21.0,0.0,0.0,0.0,0.07171845253150234,0.2,7.305404585154745,7.586423394255926,9.201649376581631,10.236120659502111,7.394727808888482,7.586423394255926,7.586423394255926
9298ad5b,3964,15.688801959318202,dtw_multi_stiff,12.395115245494019,12.788956353822103,11.871655466160178,42.0,27.0,33.0,0.0,0.0,0.0,0.07555092518358493,0.12417390262109591,9.309160789799956,12.395115245494019,12.788956353822103,11.871655466160178,10.370584852541702,11.127722071696638,11.871655466160178
9314ff13,2748,9.760272443772315,dtw_raw,3.670101215478878,5.773942026722634,3.9050297206115836,-15.0,-15.0,-15.0,0.0,0.0,0.0,0.07171845253150234,0.09417191963296476,7.762608005526608,3.670101215478878,5.773942026722634,3.9050297206115836,5.798706803990483,5.248979424544633,3.670101215478878
93209a3d,4697,10.661693227978326,dtw_multi_stiff,12.205742172596763,10.351059191009025,7.415200780759157,24.0,78.0,78.0,0.0,0.0,0.0,0.07014748001953838,0.10899888021110414,9.31476546756794,12.205742172596763,10.351059191009025,7.415200780759157,10.161918554050594,10.718069710343588,7.415200780759157
939d9c34,5101,15.54970618569722,dtw_raw,6.393332969654301,7.837213981346267,6.621191716205755,-60.0,-60.0,-60.0,0.0,0.0,0.0,0.0707783824809391,0.10723912817179676,10.633717667616477,6.393332969654301,7.837213981346267,6.621191716205755,8.888756922901957,8.068537216015729,6.393332969654301
93f5d2e6,3691,8.0,dtw_raw,12.395310485550684,14.142277111562748,18.06838638904518,-51.0,-81.0,15.0,0.0,0.1094554321322135,0.0,0.07014748001953838,0.18182869406335783,16.257600866676356,12.395310485550684,14.142277111562748,18.06838638904518,14.859289811641773,12.727721330323593,12.395310485550684
940a48d9,3963,9.625564463054884,dtw_raw,5.842927406882782,7.569722061535703,6.156501360249328,-6.0,9.0,-9.0,0.0,0.0,0.0,0.0707783824809391,0.0952516805893224,6.333522324980868,5.842927406882782,7.569722061535703,6.156501360249328,6.099442815777144,6.0332283036502625,5.842927406882782
940e709a,3348,9.219530153020784,dtw_multi_stiff,3.6348017226611566,11.97714985918828,2.809257087616779,-6.0,-78.0,15.0,0.0,0.07616487455197132,0.0,0.0687846465178416,0.13574096220013238,5.217400591834207,3.6348017226611566,11.97714985918828,2.809257087616779,4.591055776244949,4.053661264575514,2.809257087616779
9426ec1e,2532,9.88912725334856,dtw_multi_soft,12.838751946649328,10.059464952349597,11.726374379518841,15.0,6.0,0.0,0.0,0.0,0.0,0.07014748001953838,0.03165724480544769,9.163393399391627,12.838751946649328,10.059464952349597,11.726374379518841,10.221370910738907,9.60065633176968,10.059464952349597
94467f50,3035,8.467336162014794,dtw_multi_soft,11.777859335083955,6.847740274073232,12.400585093813728,27.0,-18.0,24.0,0.0,0.0,0.0,0.07014748001953838,0.08801427577408004,8.55272797379824,11.777859335083955,6.847740274073232,12.400585093813728,8.794083446219902,9.036023946558178,6.847740274073232
944f36b9,4630,8.725997879148109,dtw_raw,3.3248280500046117,3.8531432717254224,5.286048210523238,-18.0,21.0,18.0,0.0,0.0,0.0,0.07014748001953838,0.1318573547384319,3.868311936211102,3.3248280500046117,3.8531432717254224,5.286048210523238,3.443319891735951,3.267078888919984,3.3248280500046117
94d813a4,4847,10.831789656747972,dtw_raw,35.18395852380011,40.8095658128453,45.15487671503128,-12.0,51.0,51.0,0.0,0.0,0.0,0.07014748001953838,0.10826272034397699,36.574636683916204,35.18395852380011,40.8095658128453,45.15487671503128,36.04869079113878,35.779900747735894,35.18395852380011
95b559e7,2887,8.299105188867674,dtw_raw,9.877461425794223,14.125293849582212,10.5617436526793,-3.0,6.0,6.0,0.0,0.0,0.0,0.07171845253150234,0.18640343927916908,12.814657643813963,9.877461425794223,14.125293849582212,10.5617436526793,11.735985831221818,10.068974004208677,9.877461425794223
95c8427f,6335,12.183102816124716,dtw_raw,18.77626001549315,25.367173220689434,26.848952863929185,-21.0,-15.0,-12.0,0.0,0.0,0.0,0.0707783824809391,0.08798174849699791,23.987767275459433,18.77626001549315,25.367173220689434,26.848952863929185,21.994279036610383,21.531040189862725,18.77626001549315
96936c22,3346,8.0,dtw_multi_soft,3.473919587225871,2.8620460410088255,5.231289696537935,-24.0,-42.0,-3.0,0.0,0.0,0.0,0.0707783824809391,0.1064919047691649,4.876162595067265,3.473919587225871,2.8620460410088255,5.231289696537935,3.1941632020275432,2.6971925349519825,2.8620460410088255
96ae5806,9839,8.656675398288673,dtw_raw,13.300525038382082,14.942180900691747,16.127178898326004,0.0,0.0,-6.0,0.0,0.039434901920926926,0.0,0.0687846465178416,0.16021736324322303,13.3453155128872,13.300525038382082,14.942180900691747,16.127178898326004,13.25379672623058,13.255644932364754,13.300525038382082
96b7eea1,4332,15.759110655085907,dtw_multi_soft,8.8616864511272,7.5910441088731,12.933652769329496,-9.0,-39.0,51.0,0.0,0.0,0.0,0.07171845253150234,0.021944743263023817,4.122788367459871,8.8616864511272,7.5910441088731,12.933652769329496,4.843212171979625,4.1377637305646875,7.5910441088731
9719aa04,4871,8.06413234499625,dtw_multi_soft,8.603877131682532,7.1266641839872,7.268214866215853,-12.0,12.0,12.0,0.0,0.0,0.0,0.07555092518358493,0.08363996855369049,7.732856924973678,8.603877131682532,7.1266641839872,7.268214866215853,7.834257210839519,7.862429857130386,7.1266641839872
974802e7,5843,12.809637861301828,dtw_multi_stiff,13.256573657801894,11.812782418970516,11.613462775557004,-3.0,-3.0,-3.0,0.0,0.0,0.0,0.07555092518358493,0.09190615370024734,10.348433697356537,13.256573657801894,11.812782418970516,11.613462775557004,10.628064850105813,10.83667479417159,11.613462775557004
97cd5bf9,3449,11.807620116889947,dtw_multi_stiff,3.743429267432609,7.9279882530098345,3.3753493280784457,57.0,63.0,63.0,0.0,0.0,0.0,0.07014748001953838,0.05170384974300338,7.7340288353395925,3.743429267432609,7.9279882530098345,3.3753493280784457,6.088255190055345,6.50755370831885,3.3753493280784457
98177ced,4772,8.33143530445504,dtw_raw,13.010896309607228,14.322265801904573,16.294003099810077,72.0,72.0,57.0,0.0,0.0,0.0,0.07171845253150234,0.08244783804198857,10.916818966794859,13.010896309607228,14.322265801904573,16.294003099810077,11.204287809061038,11.296177079918248,13.010896309607228
9896fc0b,3595,8.0,dtw_multi_stiff,13.347056745396383,14.613171102537592,13.246461548395718,-51.0,-87.0,-57.0,0.0,0.0,0.0,0.07555092518358493,0.15746430346784931,16.331379786314468,13.347056745396383,14.613171102537592,13.246461548395718,15.1599196604434,13.9475899693929,13.246461548395718
98bc6f66,6063,10.954627387376556,dtw_raw,7.05111328913806,10.804777102890473,14.214927555944671,27.0,-48.0,-48.0,0.0,0.018472703282203528,0.0,0.07555092518358493,0.003911696012348614,6.652498354348326,7.05111328913806,10.804777102890473,14.214927555944671,6.4252463688072465,6.629613954886772,7.05111328913806
992c99e8,4904,8.848701755913567,dtw_raw,10.969301257208652,13.948372013856062,13.976595759830474,-21.0,-30.0,-30.0,0.0,0.0,0.0,0.07014748001953838,0.1127347974127425,13.313802603804016,10.969301257208652,13.948372013856062,13.976595759830474,12.327054242256834,11.807057252325182,10.969301257208652
992ce078,2879,10.150456041273475,dtw_multi_stiff,2.825214914538236,3.432704009304933,2.7903885928294567,-3.0,-3.0,-6.0,0.0,0.0,0.0,0.07171845253150234,0.13273097386621738,5.71551567230183,2.825214914538236,3.432704009304933,2.7903885928294567,3.9239953268615855,2.8487818725331135,2.7903885928294567
99529c45,5840,8.0,dtw_multi_stiff,10.276178640859328,10.2570581846125,9.035452880280687,9.0,-51.0,-63.0,0.0,0.007020547945205479,0.0,0.07171845253150234,0.1784686273686353,8.428759583828558,10.276178640859328,10.2570581846125,9.035452880280687,8.936911905264358,10.019471105306335,9.035452880280687
995ff498,4526,8.0,dtw_multi_soft,12.296500622424105,6.7651564664304304,9.81557534939653,30.0,-69.0,-72.0,0.0,0.038886433937251434,0.017896597437030492,0.07171845253150234,0.02117509322565046,8.471135947567987,12.296500622424105,6.7651564664304304,9.81557534939653,9.730665612466419,8.825076408026518,6.7651564664304304
999daf80,3564,18.03971228964233,dtw_multi_stiff,7.110475030258932,15.798441394128451,6.114121000672182,-18.0,51.0,-18.0,0.0,0.0,0.0,0.07555092518358493,0.2,9.783295535635569,7.110475030258932,15.798441394128451,6.114121000672182,8.68441550359523,7.110475030258932,6.114121000672182
9a6b0392,4255,8.0,dtw_raw,9.13420549850972,10.0861649242922,10.637146236601778,-15.0,15.0,12.0,0.0,0.0,0.0,0.0707783824809391,0.2,9.39432976056196,9.13420549850972,10.0861649242922,10.637146236601778,9.27030621203156,9.13420549850972,9.13420549850972
9a8ae0d6,6294,8.0,dtw_raw,7.277375015632748,8.804937386302171,11.684568456192842,6.0,6.0,-45.0,0.0,0.0,0.0,0.07014748001953838,0.2,7.699033072085665,7.277375015632748,8.804937386302171,11.684568456192842,7.524600401742914,7.277375015632748,7.277375015632748
9a95e33f,6447,8.891869919233606,dtw_multi_soft,30.369194261803983,24.104814685485014,29.256581507541217,51.0,36.0,36.0,0.0,0.01737242128121607,0.0,0.07014748001953838,0.11203128566901702,23.797819276611342,30.369194261803983,24.104814685485014,29.256581507541217,26.0424980181782,27.41700097367416,24.104814685485014
9ab94eeb,4442,11.11676188155638,dtw_multi_stiff,6.995706937132391,6.829975715633595,4.360868769759741,-9.0,-9.0,-27.0,0.0,0.0,0.0,0.07171845253150234,0.2,9.369794552446743,6.995706937132391,6.829975715633595,4.360868769759741,8.485282048771571,6.995706937132391,4.360868769759741
9ad5410a,4205,13.109579983732827,dtw_multi_soft,5.852380489841992,5.848995685165505,12.06392998084901,48.0,66.0,27.0,0.0,0.0,0.0,0.07555092518358493,0.04812992545689565,8.927950243017916,5.852380489841992,5.848995685165505,12.06392998084901,7.471416093562866,7.971764740954674,5.848995685165505
9ae248be,5271,10.068621788544153,dtw_multi_stiff,14.456838895713089,20.01686330629533,14.414585308253134,15.0,-42.0,15.0,0.0,0.004173781066211345,0.0,0.0707783824809391,0.06335616481301197,16.45402154060482,14.456838895713089,20.01686330629533,14.414585308253134,15.22928978511719,15.333904606371052,14.414585308253134
9af1ffd0,3525,12.439800583973733,dtw_multi_stiff,11.444162981104848,15.695853776846239,10.801933137267406,-27.0,9.0,-24.0,0.0,0.0,0.0,0.0687846465178416,0.2,14.183695878531736,11.444162981104848,15.695853776846239,10.801933137267406,13.217652913670584,11.444162981104848,10.801933137267406
9b5b61c1,5532,9.831824900790894,dtw_multi_soft,11.377706846940251,5.961022782786769,11.052029949397035,60.0,66.0,66.0,0.0,0.0,0.0,0.0687846465178416,0.0682176157821664,2.0041378372123284,11.377706846940251,5.961022782786769,11.052029949397035,4.604447554812172,4.576902493843541,5.961022782786769
9b9e3b49,5118,14.371738440296923,dtw_raw,12.336805811323847,22.389763095824627,13.93272282280338,51.0,-36.0,6.0,0.0,0.0,0.0,0.0707783824809391,0.14894803243210147,17.583202333132355,12.336805811323847,22.389763095824627,13.93272282280338,15.686778501769929,13.637976107208864,12.336805811323847
9bd2bba3,7439,8.0,dtw_multi_soft,6.444783743009881,4.869530597326815,8.437602456427985,27.0,27.0,39.0,0.0,0.0,0.0,0.0707783824809391,0.06420729552369071,4.166660241226082,6.444783743009881,4.869530597326815,8.437602456427985,4.83131728537044,4.761053195417659,4.869530597326815
9c211c53,7265,8.0,dtw_raw,4.513913757899053,6.875739978527294,9.857887758466749,57.0,57.0,57.0,0.0,0.0,0.0,0.0687846465178416,0.07673781877116989,4.543485259351169,4.513913757899053,6.875739978527294,9.857887758466749,3.763479502249265,3.7210892277110723,4.513913757899053
9c350a6a,6052,8.0,dtw_multi_stiff,15.69058696790428,20.240127702844635,15.462240061542536,90.0,42.0,42.0,0.0036351619299405157,0.02858559153998678,0.021810971579643092,0.0687846465178416,0.05346130568872286,24.60987780228613,15.69058696790428,20.240127702844635,15.462240061542536,21.42441622904424,22.12654509694673,15.462240061542536
9c8375f7,3674,15.956147909737325,dtw_raw,9.784715781736056,11.071264733143934,13.477226884004429,-6.0,-9.0,-6.0,0.0,0.0,0.0,0.0687846465178416,0.2,9.657362227204725,9.784715781736056,11.071264733143934,13.477226884004429,9.653480883798101,9.784715781736056,9.784715781736056
9d072e4c,5107,10.760799864532514,dtw_multi_soft,18.215989892839126,14.714799989944295,20.077643661104855,-6.0,-30.0,60.0,0.0,0.0,0.0,0.0687846465178416,0.03983085001421319,10.34612289526568,18.215989892839126,14.714799989944295,20.077643661104855,13.022099283727869,11.88970515935848,14.714799989944295
9d3ec64c,3480,9.504651002271972,dtw_multi_stiff,2.7164569839979578,3.8074786930149593,2.503440153103466,-21.0,-33.0,0.0,0.0,0.0,0.0,0.0707783824809391,0.1844441019126644,4.777827391875103,2.7164569839979578,3.8074786930149593,2.503440153103466,3.476682924557943,2.63181906161043,2.503440153103466
9d4272e3,4030,10.183801966802749,dtw_multi_soft,9.029597129589769,8.148748650001686,9.75487308435654,-15.0,69.0,-15.0,0.0,0.06277915632754343,0.0,0.07555092518358493,0.2,8.68011317031748,9.029597129589769,8.148748650001686,9.75487308435654,8.768899889095986,9.029597129589769,8.148748650001686
9d5e14d4,5400,8.583274551496277,dtw_multi_soft,24.38796961688222,20.886887048054863,22.21492373836227,36.0,30.0,9.0,0.0,0.0,0.0,0.07171845253150234,0.10132253893010904,21.901194102742338,24.38796961688222,20.886887048054863,22.21492373836227,22.731346663005272,23.095156779091944,20.886887048054863
9da441ba,5783,8.498345290206627,dtw_raw,9.804816898901217,10.135511366787497,13.769278195655202,-9.0,57.0,63.0,0.0,0.0,0.0,0.07171845253150234,0.09806006119962886,5.10529980247003,9.804816898901217,10.135511366787497,13.769278195655202,6.290050836574681,6.912855854604594,9.804816898901217
9dede370,6297,9.47083517874497,dtw_multi_stiff,21.578293796988188,16.883837112546583,15.214262747435258,-69.0,42.0,42.0,0.0,0.04795934572018421,0.0,0.0687846465178416,0.10841251206440702,20.838727988174814,21.578293796988188,16.883837112546583,15.214262747435258,21.041089221055348,21.182809535871577,15.214262747435258
9def2eb2,6003,10.186482179406553,dtw_multi_stiff,6.624320617011013,7.439571648286474,6.132216196455723,0.0,-87.0,-69.0,0.0,0.01532567049808429,0.0,0.07171845253150234,0.2,8.318969611458806,6.624320617011013,7.439571648286474,6.132216196455723,7.568305806875431,6.624320617011013,6.132216196455723
9df1b1f9,4701,9.37268792157941,dtw_multi_soft,6.566817072913967,5.733210102948269,6.524797196061856,9.0,27.0,3.0,0.0,0.0,0.0,0.07014748001953838,0.013127689381794457,5.5483294532701555,6.566817072913967,5.733210102948269,6.524797196061856,5.7798687029027755,5.579849705949092,5.733210102948269
9dfff011,4319,10.822859906296369,dtw_raw,10.216667302286245,12.64376281885223,18.018216364148703,-9.0,42.0,42.0,0.0,0.0,0.0,0.07555092518358493,0.06366499779013214,9.137179934086788,10.216667302286245,12.64376281885223,18.018216364148703,9.419175293191945,9.363951640448658,10.216667302286245
9e3e364d,4290,10.099840222774025,dtw_raw,5.34596888777337,7.213692889430067,6.9226199421418455,-3.0,-69.0,6.0,0.0,0.0,0.0,0.07171845253150234,0.16289530082632464,5.9303430652765545,5.34596888777337,7.213692889430067,6.9226199421418455,5.6862986066061065,5.43063688486043,5.34596888777337
9efc812e,4450,8.0,dtw_multi_stiff,18.90554509479605,18.883095002523564,17.124087270874597,51.0,48.0,51.0,0.05662921348314607,0.09101123595505618,0.07258426966292135,0.0687846465178416,0.09216219433882668,22.729557251216352,18.90554509479605,18.883095002523564,17.124087270874597,21.001292876270316,20.50214850868093,17.124087270874597
9f0c7bae,2542,8.110180202088916,dtw_raw,12.378222351093411,17.984218978931132,18.26756605852349,21.0,-9.0,-9.0,0.0,0.0,0.0,0.07555092518358493,0.2,14.727320981778849,12.378222351093411,17.984218978931132,18.26756605852349,13.79657596912408,12.378222351093411,12.378222351093411
9ffce529,5212,14.513109677040346,dtw_raw,21.327307443379393,27.510818843856832,28.84734992658163,-9.0,12.0,-9.0,0.0,0.0,0.0,0.0707783824809391,0.181381002023888,25.10030522845365,21.327307443379393,27.510818843856832,28.84734992658163,23.737981023389697,21.667592245158986,21.327307443379393
a0383629,5832,8.0,dtw_multi_soft,17.580087748835833,14.019474282215999,17.77957973761883,6.0,54.0,54.0,0.0,0.0,0.0,0.0687846465178416,0.02539635185683308,10.83188302747839,17.580087748835833,14.019474282215999,17.77957973761883,13.125952852797278,11.673974669750022,14.019474282215999
a056d01e,6557,10.314216689645422,dtw_multi_soft,15.105394900236865,8.584628782556202,10.983942414614432,42.0,60.0,39.0,0.0,0.0,0.0,0.0687846465178416,0.046917549028221844,7.817503974116681,15.105394900236865,8.584628782556202,10.983942414614432,10.008208599405416,9.255139763829527,8.584628782556202
a08d9e63,3685,8.384736534379092,dtw_raw,10.968933861254317,20.221442131012928,24.585181609312436,51.0,51.0,-12.0,0.00841248303934871,0.0,0.0,0.0687846465178416,0.08304774066994443,17.57929116236273,10.968933861254317,20.221442131012928,24.585181609312436,14.880548536215708,14.361224859123066,10.968933861254317
a0b83014,5035,8.0,dtw_raw,9.484055837584226,16.35848638614278,23.322614198534843,-27.0,18.0,-63.0,0.0,0.0,0.0,0.07014748001953838,0.03721958796218592,10.319351079154094,9.484055837584226,16.35848638614278,23.322614198534843,9.987018077237442,10.138094268631535,9.484055837584226
a0e92ed6,4897,8.26762288670804,dtw_multi_stiff,9.085979821442368,10.770160253541114,8.479235457901027,21.0,27.0,21.0,0.0,0.0,0.0,0.07014748001953838,-0.046782784113678706,11.874844188452547,9.085979821442368,10.770160253541114,8.479235457901027,10.827955751468375,12.602507272280244,8.479235457901027
a15bc102,3236,11.464858109419216,dtw_raw,2.9583447677233954,3.6964356969425527,4.600293009371405,6.0,-15.0,-15.0,0.0,0.0,0.0,0.0707783824809391,0.2,3.3272695274440256,2.9583447677233954,3.6964356969425527,4.600293009371405,3.0621474754051237,2.9583447677233954,2.9583447677233954
a247e7cf,5674,12.26469643247974,dtw_multi_soft,9.700756224774032,4.361797044236307,9.740457349489512,-66.0,-69.0,-69.0,0.0,0.0,0.0,0.07555092518358493,0.030203405741139788,3.7906006920663313,9.700756224774032,4.361797044236307,9.740457349489512,3.6132366926882873,3.0437855820421227,4.361797044236307
a2e8e7f6,4760,8.919497420140408,dtw_raw,13.590715663063488,14.507108117463613,16.520855117349306,36.0,-66.0,-57.0,0.0,0.0,0.0,0.0707783824809391,0.1269595994610509,13.124401250448248,13.590715663063488,14.507108117463613,16.520855117349306,13.04509505055579,13.175121947290709,13.590715663063488
a3518960,4967,8.0,dtw_raw,4.3045016898769335,4.770104137494794,4.821548130764433,9.0,9.0,9.0,0.0,0.0,0.0,0.07014748001953838,0.16230126312069884,4.832187512743377,4.3045016898769335,4.770104137494794,4.821548130764433,4.409138926564941,4.236425711055319,4.3045016898769335
a3f71395,5543,8.868542281651614,dtw_raw,16.568467084884226,22.02801382039535,23.455742126670845,12.0,-45.0,-45.0,0.0,0.0,0.0,0.07171845253150234,0.11104758794332431,19.94281441859297,16.568467084884226,22.02801382039535,23.455742126670845,18.23082541473559,17.509311580093097,16.568467084884226
a4719920,5884,10.602344181495367,dtw_multi_soft,5.155011982462308,4.664677448443695,5.049251666232723,-12.0,-21.0,-21.0,0.0,0.003569000679809653,0.0,0.0687846465178416,0.1594203749803223,6.106950842003292,5.155011982462308,4.664677448443695,5.049251666232723,5.1350351802356275,4.853925410278313,4.664677448443695
a48640d9,4532,10.426542026359002,dtw_raw,11.694178787188793,13.51372719542398,12.829505565092306,57.0,69.0,54.0,0.0,0.0,0.0,0.07014748001953838,0.051369350081640744,14.839361020676403,11.694178787188793,13.51372719542398,12.829505565092306,13.372871903132811,13.734166819543557,11.694178787188793
a4cdbb0f,5204,9.02646992142349,dtw_raw,5.829313342213672,9.223148632548623,13.675953077695171,48.0,-60.0,-57.0,0.0,0.0,0.0,0.0707783824809391,0.11424894384478267,6.606869104871606,5.829313342213672,9.223148632548623,13.675953077695171,6.08591473853188,5.891482128449692,5.829313342213672
a4f989c2,5385,11.826810935264291,dtw_multi_soft,11.055984089688353,8.367419042880273,11.18443840543903,30.0,24.0,30.0,0.0,0.0,0.0,0.07171845253150234,0.08271861759533815,6.955709243992603,11.055984089688353,8.367419042880273,11.18443840543903,8.345589642669207,8.568936769869447,8.367419042880273
a5aa7973,4616,9.801225104102498,dtw_multi_soft,21.086301141608462,18.66489261079709,20.84367287372033,36.0,39.0,36.0,0.0,0.0,0.0,0.07555092518358493,0.09955088605762036,16.87929188364419,21.086301141608462,18.66489261079709,20.84367287372033,18.417541978494413,18.92058482424031,18.66489261079709
a5e6f7dc,5649,9.300898455910891,dtw_raw,22.57632952958192,24.242093801680067,22.89780191127993,12.0,12.0,12.0,0.0,0.021950787750044255,0.0,0.0687846465178416,0.11378120166797051,27.18184047867372,22.57632952958192,24.242093801680067,22.89780191127993,25.575995077743418,24.5369244473619,22.57632952958192
a612d5a0,5329,10.98406535761437,dtw_raw,12.1598993090557,17.074051050069528,18.29307224430171,51.0,45.0,51.0,0.0,0.0,0.0,0.07014748001953838,0.08690656043453403,15.487714081001503,12.1598993090557,17.074051050069528,18.29307224430171,14.11157923541227,13.811527873058532,12.1598993090557
a622ce4d,6298,8.863262520899509,dtw_multi_stiff,9.347994578368459,10.493443587287661,8.141250251878036,-30.0,-51.0,-42.0,0.0,0.014607812003810734,0.0,0.0687846465178416,0.12935349937144291,11.322782763222218,9.347994578368459,10.493443587287661,8.141250251878036,10.606031606589543,10.005234099185603,8.141250251878036
a645da9a,5153,11.174012624482888,dtw_multi_soft,25.5654749767422,23.37040567616293,25.832852171980257,39.0,39.0,39.0,0.0,0.0,0.0,0.0687846465178416,0.08425656332464346,21.507348181666327,25.5654749767422,23.37040567616293,25.832852171980257,22.765251076131158,23.070085109411405,23.37040567616293
a692b17e,3566,10.113280783998343,dtw_raw,2.978246466686147,7.365025219016295,10.506689096836196,15.0,-45.0,-42.0,0.0,0.0,0.0,0.0707783824809391,0.06846118844149914,4.689130021001913,2.978246466686147,7.365025219016295,10.506689096836196,3.5322345057084568,3.564213310486045,2.978246466686147
a6b8ac67,5453,8.723158556286922,dtw_raw,12.479492187519263,18.78462465396263,21.104821075806555,21.0,-18.0,-18.0,0.0,0.0,0.0,0.0707783824809391,0.18014691416880146,16.711272658788168,12.479492187519263,18.78462465396263,21.104821075806555,15.141551511343293,12.866333031440968,12.479492187519263
a6ed2eff,5275,8.0,dtw_raw,4.649148280943046,5.396911112632905,10.674112552948715,-27.0,-63.0,-63.0,0.0,0.0,0.0,0.0707783824809391,0.18817515950561892,3.1590183343240374,4.649148280943046,5.396911112632905,10.674112552948715,3.452397277293979,4.516280452803552,4.649148280943046
a6f967fb,4670,16.436337543783967,dtw_multi_soft,10.986721368662664,10.473277389554669,11.890191074744315,-12.0,84.0,21.0,0.0,0.0,0.0,0.07555092518358493,0.061235058959738256,8.929034458544281,10.986721368662664,10.473277389554669,11.890191074744315,9.156070566790858,9.055113347284037,10.473277389554669
a76db406,4672,9.742713292132256,dtw_multi_soft,13.774554759533704,13.094394955122413,13.910876619328214,30.0,-57.0,-39.0,0.0,0.0,0.0,0.07171845253150234,0.10650414956359996,11.810111363847271,13.774554759533704,13.094394955122413,13.910876619328214,12.056185612950358,12.373066460938784,13.094394955122413
a7744f5b,4377,8.0,dtw_raw,9.312220041222126,12.643315720827774,18.176172284053578,27.0,54.0,-45.0,0.0,0.0,0.0,0.0687846465178416,0.06939788704078387,10.733425268709755,9.312220041222126,12.643315720827774,18.176172284053578,10.006912282008717,10.001440154567959,9.312220041222126
a783cc24,1889,8.3307854552092,dtw_multi_stiff,10.627892313895135,14.027378186031722,10.337553970985173,-30.0,-39.0,-27.0,0.0,0.0,0.0,0.07014748001953838,0.18388405755346224,13.590536636555203,10.627892313895135,14.027378186031722,10.337553970985173,12.485961373739045,10.842057132804937,10.337553970985173
a79fd2e7,4404,8.0,dtw_multi_stiff,6.51596729491968,7.733896266759722,6.116144498155832,15.0,18.0,27.0,0.0,0.0,0.0,0.07171845253150234,0.1614173305469599,8.369087328496082,6.51596729491968,7.733896266759722,6.116144498155832,7.577736434621419,6.777337013872372,6.116144498155832
a7fc3e6b,4764,8.0,dtw_raw,14.243934947501344,15.60892054778596,16.183912940567264,-6.0,-6.0,-6.0,0.0,0.0,0.0,0.07014748001953838,0.11800276853150189,15.330844155848864,14.243934947501344,15.60892054778596,16.183912940567264,14.795080292366354,14.522393323583485,14.243934947501344
a85bb86f,3099,16.512286178925443,dtw_raw,4.339646927314671,5.447748211542796,6.968198536018021,24.0,-3.0,-3.0,0.0,0.0,0.0,0.0687846465178416,0.12034266594116248,3.2506410422712184,4.339646927314671,5.447748211542796,6.968198536018021,2.8984420818096934,3.196990659243071,4.339646927314671
a85e4bc3,4581,8.0,dtw_multi_soft,11.532489805071107,8.587976472202364,9.184327163769275,-60.0,21.0,27.0,0.0,0.0,0.0,0.07555092518358493,0.08637515905532402,7.840472554015041,11.532489805071107,8.587976472202364,9.184327163769275,8.801884315550089,8.992286703036298,8.587976472202364
a87433c9,5721,8.0,dtw_raw,5.112195864124343,5.566118713079844,5.247876308430194,21.0,-45.0,12.0,0.0,0.0,0.0,0.0687846465178416,0.13939516405867985,6.208592057245142,5.112195864124343,5.566118713079844,5.247876308430194,5.77176282897703,5.38450178502504,5.112195864124343
a8ed028a,5538,8.0,dtw_multi_stiff,25.726641031557385,21.375095634673254,16.582416085945567,-66.0,42.0,42.0,0.0,0.0,0.0,0.0687846465178416,0.04734425589033697,25.466126712928194,25.726641031557385,21.375095634673254,16.582416085945567,25.34164965588859,25.356328725725376,16.582416085945567
a959858c,4404,10.752863099598652,dtw_multi_stiff,5.472893879950926,10.732921689409036,3.529091897477286,6.0,18.0,-3.0,0.0,0.0,0.0,0.07014748001953838,0.1407520415844252,7.190564277882841,5.472893879950926,10.732921689409036,3.529091897477286,6.566029029347092,5.95946426946336,3.529091897477286
a9c9b150,3986,11.368698429215971,dtw_raw,5.329485077999664,6.299182492245234,6.923961063689474,-15.0,33.0,33.0,0.0,0.0,0.0,0.0707783824809391,0.19515488849368914,5.78284718579732,5.329485077999664,6.299182492245234,6.923961063689474,5.462271073688579,5.323259350652956,5.329485077999664
aa95015b,4300,8.0,dtw_multi_soft,6.612006328946293,3.7422483129375497,8.145168496171356,18.0,51.0,63.0,0.0,0.0,0.0,0.0687846465178416,0.05691305517926428,2.665142412226315,6.612006328946293,3.7422483129375497,8.145168496171356,3.1424688508198093,2.9430405240857747,3.7422483129375497
aaaf3c03,2997,10.339324402118512,dtw_multi_soft,21.25716049222284,16.61868116090666,17.183280351894886,30.0,30.0,-21.0,0.0,0.0,0.0,0.07555092518358493,0.13301155028456524,17.49864706429199,21.25716049222284,16.61868116090666,17.183280351894886,18.816004655096258,19.90647753355202,16.61868116090666
aaeffccb,2712,12.906500816343208,dtw_multi_stiff,6.129538348181319,4.964296124407486,4.074495478507424,12.0,36.0,42.0,0.0,0.0,0.0,0.0687846465178416,0.14790089273240492,7.821751897802149,6.129538348181319,4.964296124407486,4.074495478507424,7.208333633321882,6.540786328677796,4.074495478507424
ab112491,5185,11.447650844868626,dtw_raw,18.120172292209123,19.137918331869372,24.648527077926044,18.0,12.0,-39.0,0.0,0.0,0.0,0.0707783824809391,0.15099011558356074,19.150198415662746,18.120172292209123,19.137918331869372,24.648527077926044,18.717801033816837,18.316439871643496,18.120172292209123
ab18d3fc,5694,11.726049631891366,dtw_multi_stiff,19.32051017729032,18.505831712130075,15.67209060685515,15.0,24.0,-42.0,0.0,0.0,0.0,0.07171845253150234,0.2,19.040794165085302,19.32051017729032,18.505831712130075,15.67209060685515,19.130739760701704,19.32051017729032,15.67209060685515
ab3ced07,4250,10.126345852153753,dtw_raw,7.072219516205069,16.347883668841373,13.422204432208112,0.0,42.0,6.0,0.0,0.26729411764705885,0.0,0.07171845253150234,0.08687791722996063,9.191790975183475,7.072219516205069,16.347883668841373,13.422204432208112,8.32271316200043,8.152270248876846,7.072219516205069
ab6fe95d,5491,10.912570198088854,dtw_raw,6.997428206893263,8.337962546833833,9.331218070367388,24.0,-15.0,-6.0,0.0,0.0,0.0,0.07171845253150234,0.09308981681206323,7.402025415199243,6.997428206893263,8.337962546833833,9.331218070367388,6.81640439855809,6.732824273249464,6.997428206893263
ab94878e,6004,8.0,dtw_multi_soft,7.32993070375161,7.221747386082775,11.110823008416029,-30.0,15.0,78.0,0.0,0.0,0.0,0.0707783824809391,0.1168412853996112,3.9100123828690476,7.32993070375161,7.221747386082775,11.110823008416029,4.960626259773076,5.761416841253806,7.221747386082775
abf460d2,3217,8.0,dtw_multi_soft,6.553723353595644,3.814163399517503,7.673933705261043,27.0,-30.0,-33.0,0.0,0.0,0.0,0.0707783824809391,0.1276361618866377,3.8080208174192154,6.553723353595644,3.814163399517503,7.673933705261043,4.397387452540708,5.231972937048834,3.814163399517503
ac6f01d5,5004,12.413416298133523,dtw_multi_stiff,14.199540735512478,9.569635793811711,7.0687016961117966,24.0,-48.0,24.0,0.0,0.0,0.0,0.07014748001953838,0.04557050624566754,6.919416887086794,14.199540735512478,9.569635793811711,7.0687016961117966,9.283442425820335,8.41672854698336,7.0687016961117966
ad2133a8,5729,13.594112542707096,dtw_multi_soft,25.30327066369801,24.862418170879433,27.935114099355147,-24.0,57.0,6.0,0.0,0.0,0.0,0.0707783824809391,0.16741172593310943,21.441812746496478,25.30327066369801,24.862418170879433,27.935114099355147,22.736924782261863,24.634725242966898,24.862418170879433
add9c322,3932,9.096624457047573,dtw_multi_soft,12.270100897708597,8.376426568276498,8.657768985915537,54.0,12.0,12.0,0.0,0.0,0.0,0.07555092518358493,0.12948493260124064,7.256959278969065,12.270100897708597,8.376426568276498,8.657768985915537,9.090327367689708,10.451556119308853,8.376426568276498
ae069086,4770,8.614222188510755,dtw_multi_stiff,7.594041571948265,8.276145776344645,7.280111181278908,-21.0,-69.0,-69.0,0.0,0.06331236897274634,0.0631027253668763,0.0687846465178416,0.11144991795337351,10.008599480445952,7.594041571948265,8.276145776344645,7.280111181278908,9.122089041403889,8.598067757891169,7.280111181278908
ae0784a8,7823,8.171296809294372,dtw_multi_soft,14.379939578115595,9.107386640370946,13.29253666273978,72.0,-48.0,48.0,0.03106225233286463,0.02236993480761856,0.025693467979036176,0.07014748001953838,0.17318299926357061,7.231596820746539,14.379939578115595,9.107386640370946,13.29253666273978,9.16136691042713,13.21253654754271,9.107386640370946
ae35f33a,4450,11.58206133334184,dtw_multi_stiff,7.036408590136055,7.316477918525711,6.509020761038649,21.0,15.0,15.0,0.0,0.0,0.0,0.07171845253150234,0.2,8.074924276026367,7.036408590136055,7.316477918525711,6.509020761038649,7.595402254555832,7.036408590136055,6.509020761038649
ae8959c3,4518,8.0,dtw_raw,22.42964861162726,24.837043217652294,22.665208926943453,42.0,72.0,54.0,0.0,0.0,0.0,0.07014748001953838,0.007414147147866879,26.56111705895839,22.42964861162726,24.837043217652294,22.665208926943453,25.098465436726613,26.405935018099793,22.42964861162726
aed44918,2719,8.404404169539275,dtw_raw,3.8418046378038753,6.366986383188353,5.914009937092438,9.0,-6.0,-6.0,0.0,0.0,0.0,0.0687846465178416,0.1498819685897,4.953996106381385,3.8418046378038753,6.366986383188353,5.914009937092438,4.199083791402535,3.7762705236996195,3.8418046378038753
aee6393a,5865,10.334046184700027,dtw_raw,13.266269333774906,17.36070974367768,20.180353001012005,54.0,6.0,-24.0,0.0,0.0,0.0,0.07555092518358493,0.1521737996759207,15.86127201150044,13.266269333774906,17.36070974367768,20.180353001012005,14.810744007947623,13.828556502136294,13.266269333774906
af7a59ce,3024,9.222678613221113,dtw_multi_soft,9.032331714509079,5.290382596598906,10.051364838533637,33.0,33.0,33.0,0.0,0.0,0.0,0.07014748001953838,0.021979546058984993,1.508321278533759,9.032331714509079,5.290382596598906,10.051364838533637,3.61825050936702,1.9205272672039522,5.290382596598906
aff4e561,6026,13.354993544521351,dtw_multi_soft,8.079272265508838,4.95578851968928,9.50030706435591,-54.0,-48.0,-90.0,0.03733820112844341,0.08413541320942582,0.10073016926651178,0.07171845253150234,0.024823248257653533,4.6623285966498225,8.079272265508838,4.95578851968928,9.50030706435591,3.953177093721916,4.107816744664509,4.95578851968928
b04b58a3,3402,8.0,dtw_raw,2.547395386366329,6.347394491222178,7.3801177084488145,0.0,66.0,63.0,0.0,0.0,0.0,0.07171845253150234,0.12121922041012684,3.3728566625076124,2.547395386366329,6.347394491222178,7.3801177084488145,2.72585057984199,2.4773729178326,2.547395386366329
b0d42b0d,4971,12.591989977984944,dtw_multi_soft,19.33096108048948,18.990924736428774,19.801257959008716,3.0,-33.0,-15.0,0.0,0.0,0.0,0.07171845253150234,0.17357896586244248,18.01724698348166,19.33096108048948,18.990924736428774,19.801257959008716,18.47313338211711,19.15010129624295,18.990924736428774
b0f53bf4,2755,14.459579758088875,dtw_raw,11.728689952655966,13.30013066200478,16.07185762110899,21.0,24.0,21.0,0.0,0.0,0.0,0.07014748001953838,0.02282187245022685,10.425759277755718,11.728689952655966,13.30013066200478,16.07185762110899,10.818981608594614,10.545350097797428,11.728689952655966
b19b0395,5813,8.0,dtw_multi_soft,8.37460449470227,5.766073771654747,9.524257306337311,33.0,-36.0,-39.0,0.0,0.0,0.0,0.07014748001953838,0.11778462785360108,2.440124750126939,8.37460449470227,5.766073771654747,9.524257306337311,2.6304079220825582,4.56573914761097,5.766073771654747
b1efb8a4,5998,10.228045323911756,dtw_multi_soft,11.828849339555418,8.926065485655533,12.834034517735184,12.0,12.0,12.0,0.0,0.0,0.0,0.07171845253150234,0.04051201791403405,5.435355598616236,11.828849339555418,8.926065485655533,12.834034517735184,7.089880496924483,6.217546200161832,8.926065485655533
b32902c0,3808,9.63974393911887,dtw_raw,8.3587249409172,9.855649122487684,8.823130314405773,12.0,9.0,12.0,0.0,0.0,0.0,0.07171845253150234,0.1908847266038445,8.623169984774954,8.3587249409172,9.855649122487684,8.823130314405773,8.446821507563609,8.355130170224886,8.3587249409172
b32e4903,5770,11.152198784565266,dtw_multi_soft,12.717276211683366,9.541951459040249,13.410335417919002,-30.0,-60.0,-30.0,0.0,0.0,0.0,0.07014748001953838,0.09329046105937679,6.053356277813918,12.717276211683366,9.541951459040249,13.410335417919002,8.12276727109183,8.89400612890652,9.541951459040249
b3388334,6080,9.908213519596567,dtw_multi_soft,20.363424381873738,17.237184460797266,19.42370822879097,21.0,-48.0,27.0,0.0,0.0,0.0,0.07014748001953838,0.10377240173585527,15.009222131946752,20.363424381873738,17.237184460797266,19.42370822879097,16.684665125509746,17.57659364799839,17.237184460797266
b37fd114,8161,11.161901900024512,dtw_multi_stiff,9.439451355309311,7.682674610203293,7.516524212056704,18.0,30.0,33.0,0.0,0.0,0.0,0.07171845253150234,0.08622067002198369,7.920065802933363,9.439451355309311,7.682674610203293,7.516524212056704,7.6973166308020025,7.765532533283725,7.516524212056704
b38e3116,6211,8.0,dtw_multi_soft,10.178977441050776,6.097890276274445,11.654272075629857,15.0,15.0,-27.0,0.0,0.0,0.0,0.07014748001953838,0.09796142452408968,3.868480328943559,10.178977441050776,6.097890276274445,11.654272075629857,5.019513903202296,5.957523731945016,6.097890276274445
b4d8dd4f,4259,12.992945943912124,dtw_multi_soft,10.64250932429844,8.749444669331849,10.5091712859741,-27.0,15.0,18.0,0.0,0.0,0.0,0.0707783824809391,0.1027417025405043,8.614358703243585,10.64250932429844,8.749444669331849,10.5091712859741,8.906348328760702,9.206474954569032,8.749444669331849
b4f37e6e,2992,12.94955136339142,dtw_multi_stiff,13.20009414201703,10.358633576405166,9.91139102447602,12.0,27.0,30.0,0.0,0.0,0.0,0.07171845253150234,0.05493721444712533,13.687153847552793,13.20009414201703,10.358633576405166,9.91139102447602,13.138823650463676,13.231292950538156,9.91139102447602
b56bc0aa,5602,15.697853809871585,dtw_multi_stiff,9.693972773827944,11.642006153042978,7.9720757895863645,-33.0,42.0,42.0,0.0,0.028918243484469832,0.0,0.0687846465178416,0.11669640377744493,10.40841490359505,9.693972773827944,11.642006153042978,7.9720757895863645,10.060990357003146,9.880059295394956,7.9720757895863645
b585b4fa,4294,8.919237906113441,dtw_multi_soft,4.148128708031429,3.849794221599051,4.192742006900492,18.0,-81.0,21.0,0.0,0.0,0.0,0.07555092518358493,0.1567873139154712,4.157025447666157,4.148128708031429,3.849794221599051,4.192742006900492,4.049244997146263,4.075009407573688,3.849794221599051
b5aa9634,7326,10.8470020089561,dtw_raw,8.404343391546591,10.54394066862714,14.702800033116153,-33.0,54.0,45.0,0.0,0.0,0.0,0.07171845253150234,0.05716364035984206,7.204565037090471,8.404343391546591,10.54394066862714,14.702800033116153,7.021592831160136,6.999165980507173,8.404343391546591
b7974e66,5558,8.0,dtw_raw,7.15849265763445,9.659975925760408,7.620362102499984,60.0,51.0,60.0,0.0,0.04066210867218424,0.0,0.07171845253150234,0.12381806717195368,3.7533398143494683,7.15849265763445,9.659975925760408,7.620362102499984,4.415302822744182,5.382748408921109,7.15849265763445
b7cdcecb,6168,11.60486457520061,dtw_raw,7.502244506058329,8.983892314808736,11.7627226172342,-18.0,-57.0,-66.0,0.0,0.029831387808041506,0.014753566796368352,0.07555092518358493,0.012866134258249598,10.382684873316606,7.502244506058329,8.983892314808736,11.7627226172342,8.114170247131755,9.936015058559098,7.502244506058329
b7fea9ef,3866,8.0,dtw_multi_soft,6.350568753619887,5.560793353399907,5.943995285364065,-9.0,-9.0,-3.0,0.0,0.0,0.0,0.07555092518358493,0.1360460373028185,5.339145818544056,6.350568753619887,5.560793353399907,5.943995285364065,5.667407552907533,5.979917877610718,5.560793353399907
b85f7b06,3803,8.36824185963102,dtw_multi_soft,5.076052436393211,3.4609096165187423,8.100020023475349,-12.0,6.0,-72.0,0.0,0.002892453326321325,0.0,0.0687846465178416,0.09428033248423473,4.27797146899,5.076052436393211,3.4609096165187423,8.100020023475349,4.424385007904679,4.515739528803809,3.4609096165187423
b881d27e,4009,11.029339395234627,dtw_raw,9.017635033319221,9.749792879293356,12.790298423495068,6.0,-36.0,-33.0,0.0,0.0,0.0,0.07555092518358493,0.05449538119221036,6.6293726337544925,9.017635033319221,9.749792879293356,12.790298423495068,7.04779454770825,6.859457944400981,9.017635033319221
b8c49c1a,4319,10.455788630572084,dtw_multi_soft,12.917885180110352,10.27735875335272,14.870545630681118,-15.0,-15.0,-45.0,0.0,0.0,0.0,0.0707783824809391,0.10051755850491645,6.605333243074679,12.917885180110352,10.27735875335272,14.870545630681118,8.67021095136159,9.610999886270426,10.27735875335272
b95e7121,6306,9.97320190700211,dtw_raw,29.186107079936637,30.563919355278717,31.29718057308568,-6.0,-51.0,-36.0,0.0,0.0,0.0,0.07014748001953838,0.11370332081157979,29.32801829935577,29.186107079936637,30.563919355278717,31.29718057308568,29.208250006030127,29.171852772067943,29.186107079936637
b977be4a,5917,11.928480166767262,dtw_multi_soft,34.31494383136719,33.96556178856152,34.00313615022737,3.0,-18.0,-12.0,0.0,0.0,0.0,0.07555092518358493,0.1689884006423259,33.33809846231301,34.31494383136719,33.96556178856152,34.00313615022737,33.6793849852503,34.14823416440312,33.96556178856152
ba48188d,4166,10.166745870980531,dtw_multi_soft,52.54841393833674,49.30870932765464,52.518801295567464,81.0,87.0,84.0,0.0,0.017042726836293806,0.0,0.0707783824809391,0.04126022421920644,45.40428151732524,52.54841393833674,49.30870932765464,52.518801295567464,47.91314254847566,46.863927271292404,49.30870932765464
bb2cdd83,3825,8.976615469226246,dtw_multi_soft,7.277748451056073,3.57285490995201,5.855033652628848,21.0,-75.0,-3.0,0.0,0.03686274509803922,0.0,0.07171845253150234,0.17771311997434389,6.384870391900584,7.277748451056073,3.57285490995201,5.855033652628848,6.639055014165419,7.151795160215897,3.57285490995201
bb337fa0,6873,8.105114390847216,dtw_raw,12.281075213459387,17.69241943111328,22.210206504541787,30.0,-42.0,-45.0,0.0,0.0,0.0,0.0687846465178416,0.16487184034712693,15.08369632867927,12.281075213459387,17.69241943111328,22.210206504541787,14.097763787566356,12.7576944775854,12.281075213459387
bb682ebd,4139,13.065498849322347,dtw_raw,9.606108119839194,14.514213099490117,14.513533626849746,45.0,3.0,30.0,0.0,0.0,0.0,0.07014748001953838,0.11816984836900801,16.14258676707329,9.606108119839194,14.514213099490117,14.513533626849746,13.723679577460668,12.129030422086934,9.606108119839194
bc4381e2,4955,8.931627780017875,dtw_multi_stiff,15.445179539527876,14.544392048210677,10.567229761384416,-30.0,-30.0,-39.0,0.0,0.0,0.0,0.0687846465178416,0.19584265804198825,13.913489293354596,15.445179539527876,14.544392048210677,10.567229761384416,14.277835268719777,15.399683726352565,10.567229761384416
bcebcc5f,6258,8.0,dtw_multi_stiff,12.679449447125418,14.05246284169104,9.275703265509843,36.0,36.0,36.0,0.0,0.0,0.004953659316075424,0.0687846465178416,0.08958472173460232,16.050611877498238,12.679449447125418,14.05246284169104,9.275703265509843,14.827435201619998,14.46900853822597,9.275703265509843
bd2c2f34,9823,8.0,dtw_multi_soft,8.064910140318704,5.230325759781555,7.722535064016134,12.0,-30.0,-39.0,0.0,0.0,0.0,0.07014748001953838,0.08991960450080813,5.348933481209605,8.064910140318704,5.230325759781555,7.722535064016134,5.897108289294774,6.148521191971905,5.230325759781555
bd4ae5da,5006,14.029227594483071,dtw_multi_soft,6.560852577583213,4.560008197599759,6.243114341174291,-9.0,9.0,6.0,0.0,0.008190171793847383,0.0,0.07171845253150234,0.04889638048070499,4.258117393820927,6.560852577583213,4.560008197599759,6.243114341174291,2.7729890936231505,2.9431572550237224,4.560008197599759
bd6f0e19,5140,8.0,dtw_multi_soft,7.002992709245446,4.993700254982902,7.043070437526204,21.0,21.0,33.0,0.0,0.0,0.0,0.07171845253150234,0.08507424151896975,8.098701650966701,7.002992709245446,4.993700254982902,7.043070437526204,5.971857699867238,5.7491918899069185,4.993700254982902
bd8f847e,4961,11.145913844401106,dtw_multi_soft,15.947310262693618,8.121710081249885,11.207771228965827,63.0,-66.0,0.0,0.0,0.006248740173352147,0.0,0.0687846465178416,0.02645393180936854,11.890740788489012,15.947310262693618,8.121710081249885,11.207771228965827,12.81190178260797,12.171510807906442,8.121710081249885
be063506,4500,17.273231750761145,dtw_multi_stiff,6.74894419968194,3.6337935779209376,3.511277146653467,30.0,-9.0,-12.0,0.0,0.0,0.0,0.0687846465178416,0.11956164983082283,5.3420900228951576,6.74894419968194,3.6337935779209376,3.511277146653467,5.349564017340488,5.705977916535002,3.511277146653467
be35c8f2,4226,12.43026801905138,dtw_raw,10.557500516180207,11.925713166433287,13.003093245776622,-9.0,6.0,6.0,0.0,0.0,0.0,0.0687846465178416,0.2,11.249936781810298,10.557500516180207,11.925713166433287,13.003093245776622,10.98578759023712,10.557500516180207,10.557500516180207
be83e781,3221,12.229853939061655,dtw_multi_soft,16.916326670351538,2.7560668654341365,4.648825845205601,24.0,-72.0,-66.0,0.0,0.0,0.0,0.0687846465178416,0.009684072868412046,6.766840831376776,16.916326670351538,2.7560668654341365,4.648825845205601,10.093518823417291,7.21119098594804,2.7560668654341365
beda8696,5912,10.6139230022125,dtw_multi_soft,20.903924753639732,15.67927291768229,16.17698242560657,12.0,-57.0,-42.0,0.0,0.0,0.0,0.0687846465178416,0.013579302378194843,17.690851546255363,20.903924753639732,15.67927291768229,16.17698242560657,18.478814037969332,17.81621512632335,15.67927291768229
bf39bc20,3303,14.20044682815962,dtw_raw,5.591808763684603,6.397442924892124,6.4219839154689335,45.0,54.0,54.0,0.0,0.0,0.0,0.0687846465178416,0.049016119109918196,7.979184417568008,5.591808763684603,6.397442924892124,6.4219839154689335,6.547358588988041,6.914397379925085,5.591808763684603
bf70b410,6347,11.112996168257087,dtw_multi_soft,23.493804703660004,21.27723867156897,24.345440502764777,-33.0,-90.0,-21.0,0.0,0.03151095005514416,0.0,0.0687846465178416,0.06907415701220457,24.89204861190027,23.493804703660004,21.27723867156897,24.345440502764777,24.104307639191507,24.101642243924807,21.27723867156897
bffe3082,5723,11.650928673044767,dtw_multi_soft,30.20509365610865,25.63834040203707,29.945276149865098,-60.0,-42.0,-45.0,0.02655949676742967,0.0,0.0,0.07171845253150234,0.15845945651853494,23.430578508774474,30.20509365610865,25.63834040203707,29.945276149865098,25.72619232808377,28.712219302315283,25.63834040203707
c03b9305,4255,15.456846253597499,dtw_raw,8.083105511631045,10.668881569637929,18.016902903251086,45.0,39.0,-24.0,0.0,0.0,0.0,0.07014748001953838,0.1802710188560616,13.936494755565167,8.083105511631045,10.668881569637929,18.016902903251086,11.596925863805037,8.507481475393638,8.083105511631045
c03d4aed,4641,8.0,dtw_multi_soft,6.151164613926185,5.394257269844514,6.768159425763577,21.0,-90.0,21.0,0.0,0.01098901098901099,0.0,0.0707783824809391,0.1275501934056047,5.043925344932297,6.151164613926185,5.394257269844514,6.768159425763577,5.268518067619485,5.590564886913127,5.394257269844514
c03fba65,3699,10.090828841442363,dtw_raw,14.78633563248067,17.337337024972385,18.536914553315928,-24.0,-30.0,-24.0,0.0,0.0,0.0,0.07555092518358493,0.1786101478754263,16.577212781572744,14.78633563248067,17.337337024972385,18.536914553315928,15.852638646222191,14.957153178209202,14.78633563248067
c07fd0cd,4191,8.644099695727377,dtw_raw,9.18744501700407,9.256409930865415,9.19646782830014,12.0,18.0,9.0,0.0,0.0,0.0,0.07555092518358493,0.06191443900828256,9.65450652632979,9.18744501700407,9.256409930865415,9.19646782830014,9.10839186853765,9.175547045659373,9.18744501700407
c1708b88,6315,9.32461797122147,dtw_multi_stiff,18.391428188598162,19.003287969929453,16.480544837619398,-24.0,-69.0,-69.0,0.0,0.03531274742676168,0.027078384798099764,0.0707783824809391,0.08533964443970513,22.403345895515283,18.391428188598162,19.003287969929453,16.480544837619398,20.886494740818485,20.586129946654644,16.480544837619398
c1d046f4,5513,9.445063871714781,dtw_multi_stiff,8.856878342541929,8.344993100382542,8.063947617391944,-21.0,48.0,48.0,0.0,0.0,0.0,0.0687846465178416,0.0930069386911226,6.7349009291632145,8.856878342541929,8.344993100382542,8.063947617391944,7.159053965563061,7.395712801594919,8.063947617391944
c2717d4f,4721,8.0,dtw_raw,16.88463091205377,19.84196862893872,24.4557446185947,-12.0,-60.0,-60.0,0.0,0.0,0.0,0.0687846465178416,0.18755174392907026,15.52120844626195,16.88463091205377,19.84196862893872,24.4557446185947,15.973492033906588,16.79567717408353,16.88463091205377
c2c4db09,6039,10.039146301693062,dtw_raw,20.942395529376377,21.9502653370684,23.64110816370429,-3.0,-30.0,-3.0,0.0,0.0,0.0,0.07555092518358493,0.1630926794544219,20.67152571234992,20.942395529376377,21.9502653370684,23.64110816370429,20.704320963893725,20.84817875367035,20.942395529376377
c2c6fc71,7119,8.0,dtw_raw,9.745850313480114,10.450049144817891,12.071883456279574,6.0,-9.0,-9.0,0.0,0.0,0.0,0.07171845253150234,0.11887563833797754,8.178858668821722,9.745850313480114,10.450049144817891,12.071883456279574,8.614804254325886,8.983593235838036,9.745850313480114
c36625df,4742,16.27068261684586,dtw_multi_soft,8.826587900567528,5.129808465223224,8.534598595493055,84.0,75.0,81.0,0.0,0.0,0.0,0.0687846465178416,0.057022940374038086,3.1510369986774216,8.826587900567528,5.129808465223224,8.534598595493055,4.363708178023867,4.052596840760553,5.129808465223224
c3957531,5316,10.673346659234163,dtw_raw,3.8206476123843833,8.62348648190662,10.052328187174835,-18.0,33.0,-15.0,0.0,0.006207674943566591,0.0,0.07171845253150234,0.1810828936501623,4.1969370679049085,3.8206476123843833,8.62348648190662,10.052328187174835,3.804442379570849,3.7571522747019586,3.8206476123843833
c42fe306,5095,8.768943723013349,dtw_raw,9.425362658475054,13.42458957960731,16.38134500367954,6.0,-87.0,-87.0,0.0,0.06535819430814524,0.04730127576054956,0.0707783824809391,0.1494126678148387,9.439020488053227,9.425362658475054,13.42458957960731,16.38134500367954,9.400321022840187,9.400822870091243,9.425362658475054
c43812e2,5527,9.643015286142907,dtw_multi_soft,8.65873736314472,7.56108938797273,8.493878417332272,-9.0,75.0,-27.0,0.0,0.031119956576804778,0.0,0.07014748001953838,0.07855162964632544,10.229337409177315,8.65873736314472,7.56108938797273,8.493878417332272,9.636951309493694,9.568684013448967,7.56108938797273
c472c0b5,3054,8.0,dtw_multi_soft,7.127198030673262,4.354694053994914,5.739303997079372,12.0,90.0,90.0,0.0,0.15979043876882776,0.13621480026195154,0.07014748001953838,0.2,8.782303821211778,7.127198030673262,4.354694053994914,5.739303997079372,8.195333126000827,7.127198030673262,4.354694053994914
c47e0767,4356,8.0,dtw_multi_stiff,19.24434737554922,19.306180845484853,17.639166424241143,0.0,18.0,21.0,0.0,0.0,0.0,0.07014748001953838,0.03525835421570202,20.56708186902993,19.24434737554922,19.306180845484853,17.639166424241143,20.081794054075196,20.32043400114843,17.639166424241143
c50b42f6,6014,12.157918039048283,dtw_raw,18.477733816399958,20.756858301462035,25.725479699511173,3.0,-48.0,-51.0,0.0,0.011805786498170934,0.0,0.0707783824809391,0.026671511569005185,15.963805538972963,18.477733816399958,20.756858301462035,25.725479699511173,16.702377957330643,16.22025543852761,18.477733816399958
c593337f,5208,8.974988166562646,dtw_multi_stiff,15.730397872492299,19.070203013835748,15.410903243092948,-6.0,-45.0,-69.0,0.0,0.004032258064516129,0.0,0.07555092518358493,0.1494933577026666,18.182437869804843,15.730397872492299,19.070203013835748,15.410903243092948,17.15522152202924,16.264086355562565,15.410903243092948
c59b6c4a,5499,14.728877965856023,dtw_multi_stiff,22.519423556406878,20.02352086594234,17.22354519819153,9.0,-48.0,-48.0,0.0,0.0,0.0,0.07171845253150234,0.1439608844337585,22.827576285634407,22.519423556406878,20.02352086594234,17.22354519819153,22.69332407408687,22.584838467449774,17.22354519819153
c66be2b8,4154,11.550356094784393,dtw_raw,20.240313500893905,20.365789212283115,21.534122268068185,57.0,57.0,57.0,0.0,0.0,0.0,0.07171845253150234,0.07770947239815615,19.995772901353273,20.240313500893905,20.365789212283115,21.534122268068185,19.958784630777497,19.96203798170607,20.240313500893905
c6797dd7,4664,8.0,dtw_raw,3.2349178507874874,3.56837986596917,5.016204899928543,3.0,-3.0,3.0,0.0,0.0,0.0,0.07171845253150234,0.1631844790278358,2.7891987275963297,3.2349178507874874,3.56837986596917,5.016204899928543,2.645345600170795,2.971732312235556,3.2349178507874874
c6b782a4,4877,9.502682954528014,dtw_multi_soft,14.413799814364943,8.316051743221188,13.79332654516899,6.0,6.0,6.0,0.0,0.033832273938896866,0.0,0.07555092518358493,0.15457371218317392,11.501453554008858,14.413799814364943,8.316051743221188,13.79332654516899,12.588525135548917,13.743364725483515,8.316051743221188
c6c96179,4004,8.0,dtw_multi_stiff,5.923698758485675,4.6855162876242655,3.752635615451957,-9.0,-6.0,-6.0,0.0,0.0,0.0,0.07555092518358493,0.1647292013580814,4.168760595055071,5.923698758485675,4.6855162876242655,3.752635615451957,4.770402306095349,5.581723588204885,3.752635615451957
c70c0e01,4312,12.55646307810986,dtw_raw,5.921051909860803,9.775304135902116,8.899754334183195,-60.0,-9.0,-9.0,0.0,0.0,0.0,0.07171845253150234,0.1533667078124041,9.442221247523332,5.921051909860803,9.775304135902116,8.899754334183195,8.110681059995889,6.6770720022659775,5.921051909860803
c84c65be,8496,8.0,dtw_raw,10.513913357013365,11.541884237976967,11.60672302024764,15.0,15.0,9.0,0.0,0.0,0.0,0.0707783824809391,0.010100122989972055,11.955418934821845,10.513913357013365,11.541884237976967,11.60672302024764,11.235473210914202,11.840556777405052,10.513913357013365
c8d9680c,6281,11.162941339201303,dtw_multi_stiff,34.29097522307879,36.18332322586329,30.819706473212847,24.0,-15.0,42.0,0.0,0.0,0.0,0.0687846465178416,0.05011454503413067,38.72502031443989,34.29097522307879,36.18332322586329,30.819706473212847,37.15205726777202,37.57447315542616,30.819706473212847
c908edd0,5293,8.816483276751029,dtw_multi_soft,8.971199230378426,5.769294722535462,8.207695296883545,-33.0,-54.0,-54.0,0.0,0.017192518420555452,0.0,0.07171845253150234,0.045652451135643576,6.833211715856752,8.971199230378426,5.769294722535462,8.207695296883545,6.618509409715809,6.550845702571399,5.769294722535462
c9578d27,4487,8.714814587426325,dtw_multi_stiff,16.46399599538585,19.956113219606145,11.874445242408326,-36.0,-57.0,45.0,0.0,0.02050367728994874,0.0,0.07014748001953838,0.09552753063047381,15.130475500622593,16.46399599538585,19.956113219606145,11.874445242408326,15.558845408754875,15.724765243602418,11.874445242408326
c96c018a,6236,8.019061618405141,dtw_multi_soft,9.803262072994738,6.997027063658962,9.460690515194743,54.0,51.0,54.0,0.0,0.0,0.0,0.07555092518358493,0.15339634938057606,4.192480048067259,9.803262072994738,6.997027063658962,9.460690515194743,6.093226733837158,8.373537831323409,6.997027063658962
c99f9fae,6361,8.678112705731301,dtw_raw,25.355118566959696,25.554846219922077,27.479349800590086,18.0,72.0,39.0,0.0,0.0,0.0,0.07171845253150234,0.030373586765045573,22.149776253031035,25.355118566959696,25.554846219922077,27.479349800590086,23.26827697209458,22.618753089221336,25.355118566959696
c9e6734f,4735,10.719794839309904,dtw_multi_soft,37.45202306352655,32.85033210676474,37.782925438037914,-42.0,-51.0,-42.0,0.0,0.0,0.0,0.0707783824809391,0.139379948985657,32.15725169118158,37.45202306352655,32.85033210676474,37.782925438037914,34.00444492074613,35.823864202730874,32.85033210676474
c9e980e8,4359,10.490115214458818,dtw_raw,3.942564627194253,8.6417302125508,11.930256835260355,-21.0,36.0,36.0,0.0,0.0,0.0,0.07014748001953838,0.08955223632199985,5.850315504155204,3.942564627194253,8.6417302125508,11.930256835260355,4.251226374120586,3.9288737276353642,3.942564627194253
c9fedcf3,3517,8.593099781886634,dtw_multi_stiff,6.354272761867054,5.645852017520756,4.810218298328655,-3.0,-3.0,-3.0,0.0,0.0,0.0,0.0707783824809391,0.05259814853111934,5.311310602135588,6.354272761867054,5.645852017520756,4.810218298328655,5.627442414367907,5.53996723891801,4.810218298328655
cad13e8f,4848,9.62374976406515,dtw_raw,6.939959234682975,7.358562321984116,6.989785612667547,0.0,0.0,3.0,0.0,0.0,0.0,0.0687846465178416,0.1267456674967826,7.818814330349044,6.939959234682975,7.358562321984116,6.989785612667547,7.442900358016874,7.183392340170431,6.939959234682975
cb34231f,5609,12.315432552033068,dtw_multi_stiff,7.860764596342992,8.428852877612863,7.649852188410264,6.0,30.0,30.0,0.0,0.0,0.0,0.07555092518358493,0.17615359481437756,9.282073647902024,7.860764596342992,8.428852877612863,7.649852188410264,8.661555060676113,7.989640787868895,7.649852188410264
cb879f40,6315,8.0,dtw_raw,11.55404326267402,15.813075390175134,19.32485038148649,3.0,24.0,-33.0,0.0,0.0,0.0,0.07171845253150234,0.1904075697848639,12.814462592595302,11.55404326267402,15.813075390175134,19.32485038148649,12.326692084089249,11.606940515681377,11.55404326267402
cbb406b5,6328,13.098264578822318,dtw_multi_stiff,7.854285394942254,14.124157655579504,6.630735218705548,-9.0,-51.0,18.0,0.0,0.0,0.0,0.0707783824809391,0.03778833023676581,8.482236757379294,7.854285394942254,14.124157655579504,6.630735218705548,8.12641169726379,8.275412383117033,6.630735218705548
cbe51de1,3963,8.634413377218763,dtw_multi_soft,9.256359043419277,7.736572149277323,13.21110716666232,-3.0,63.0,63.0,0.0,0.0,0.0,0.07171845253150234,0.06782616301138833,4.435098754761938,9.256359043419277,7.736572149277323,13.21110716666232,5.059147605411573,4.976364444088869,7.736572149277323
cbe62450,6258,9.287133118433244,dtw_multi_stiff,33.18646956779899,34.12792326286791,32.59417154366728,-6.0,84.0,87.0,0.0,0.03371684244167466,0.03371684244167466,0.07555092518358493,0.14990558704361193,32.799468805806825,33.18646956779899,34.12792326286791,32.59417154366728,32.90643542647952,33.05834858200848,32.59417154366728
cc08aa63,3274,14.99280269465135,dtw_multi_stiff,5.487371305009877,5.357073155285111,4.109390446539844,-6.0,30.0,45.0,0.0,0.0,0.0,0.07014748001953838,0.07785119894523318,7.611887916874085,5.487371305009877,5.357073155285111,4.109390446539844,6.732067095174766,6.642516269341135,4.109390446539844
cc8a1d57,6638,12.479487062134181,dtw_raw,20.030148936723048,20.227790028374887,23.061019753612253,63.0,57.0,57.0,0.0,0.023199758963543236,0.0,0.07014748001953838,0.09656753714626366,15.871086929805713,20.030148936723048,20.227790028374887,23.061019753612253,17.15295495672117,17.69122319425441,20.030148936723048
ccedb12b,4401,10.218568611711031,dtw_multi_stiff,10.54824173070245,13.506017699128613,8.794074709191047,-36.0,-39.0,-39.0,0.0,0.0,0.0,0.07014748001953838,0.050860220899876,11.973963631772618,10.54824173070245,13.506017699128613,8.794074709191047,11.246477620354776,11.424604169959364,8.794074709191047
cd7f1687,4232,11.510202975327797,dtw_multi_soft,6.570627361411009,5.060759559427477,5.5434004305670435,15.0,-42.0,3.0,0.0,0.0,0.0,0.07171845253150234,0.13527249483723552,6.448668986890805,6.570627361411009,5.060759559427477,5.5434004305670435,6.410297523644964,6.453510617835835,5.060759559427477
cda7eb37,5973,8.893075767804145,dtw_multi_soft,21.88103357715462,19.48849418899628,21.95901516888134,-6.0,36.0,-6.0,0.0,0.0,0.0,0.0707783824809391,0.08625656148000518,17.20269593244613,21.88103357715462,19.48849418899628,21.95901516888134,18.77347788136302,19.13107739005745,19.48849418899628
cdc31d65,4840,11.34702329641932,dtw_multi_stiff,7.740470620094509,7.225660195347316,6.519051041640887,9.0,-39.0,-42.0,0.0,0.0,0.0,0.07555092518358493,0.13648125837128428,5.91722264491789,7.740470620094509,7.225660195347316,6.519051041640887,6.448791966263625,7.02809179019234,6.519051041640887
cdc60a53,5878,8.713783534550615,dtw_multi_soft,10.268435376770965,4.410051054132718,10.549288014015236,54.0,18.0,54.0,0.0,0.0,0.0,0.0687846465178416,0.05181088753442511,7.6254758775812155,10.268435376770965,4.410051054132718,10.549288014015236,7.405116188955174,7.331134010874427,4.410051054132718
ce55ba43,4104,8.0,dtw_multi_stiff,5.40818247553172,9.568209707040051,4.194363206129314,-9.0,-48.0,6.0,0.0,0.009990253411306042,0.0,0.07555092518358493,0.19319353636176317,5.982455955002248,5.40818247553172,9.568209707040051,4.194363206129314,5.495926645150699,5.388469619481933,4.194363206129314
ce8399b7,1615,8.931487928089663,dtw_multi_soft,6.549972072050527,3.1563860036815634,7.63730371668333,3.0,66.0,66.0,0.0,0.0,0.0,0.0687846465178416,0.17557634059598273,7.850406095952217,6.549972072050527,3.1563860036815634,7.63730371668333,7.377934340348314,6.695564507812466,3.1563860036815634
cf50c9d1,4858,9.934788369314,dtw_multi_soft,22.516720741721457,20.17957922692513,23.61939567784023,33.0,33.0,36.0,0.0,0.024907369287772745,0.0,0.07014748001953838,0.034713818032665496,18.830707515478505,22.516720741721457,20.17957922692513,23.61939567784023,20.103686566270817,19.45756866927538,20.17957922692513
d00e7eb9,5704,9.211264870942408,dtw_raw,8.795876289096787,13.453512786078218,9.873793017614146,-54.0,-54.0,-36.0,0.0,0.0,0.0,0.0707783824809391,0.07402729251295216,17.723112613095807,8.795876289096787,13.453512786078218,9.873793017614146,14.467943502922948,14.320047942916695,8.795876289096787
d011f41b,2267,10.888657070583783,dtw_raw,8.76613751187477,11.078937068142256,13.574411409449885,21.0,6.0,18.0,0.0,0.0,0.0,0.07555092518358493,0.06701515877215893,8.88184804478086,8.76613751187477,11.078937068142256,13.574411409449885,8.757335441308111,8.766548500412064,8.76613751187477
d07aed8f,2957,8.0,dtw_multi_stiff,19.565446006991785,11.651345582523328,10.240152285076418,-36.0,24.0,18.0,0.0,0.0,0.0,0.07014748001953838,0.07739373592405334,12.894701881633285,19.565446006991785,11.651345582523328,10.240152285076418,15.19314735475769,15.433786454171129,10.240152285076418
d085e611,6191,8.0,dtw_raw,6.170539042003516,7.027730259299826,8.965267390440568,-18.0,9.0,-15.0,0.0,0.0,0.0,0.0687846465178416,0.2,6.668801141706056,6.170539042003516,7.027730259299826,8.965267390440568,6.3884025179923585,6.170539042003516,6.170539042003516
d0a0e7b5,3816,11.1723803334627,dtw_multi_soft,4.697425752489294,2.968590628472237,3.532226345516065,15.0,3.0,12.0,0.0,0.0,0.0,0.0707783824809391,0.05831084644386114,3.4804863324276814,4.697425752489294,2.968590628472237,3.532226345516065,3.8053400030270335,3.7378981197067263,2.968590628472237
d0a43760,4041,11.215942460287303,dtw_multi_stiff,19.222125809299392,19.978663923025948,19.032414906801574,30.0,30.0,30.0,0.0,0.0,0.0,0.07171845253150234,0.07938361531302662,22.915917719417784,19.222125809299392,19.978663923025948,19.032414906801574,21.006397180938727,20.836514879480106,19.032414906801574
d0cb63ae,5223,12.151177545651796,dtw_multi_soft,12.650733196713126,10.791370037876492,12.310187501951708,27.0,54.0,54.0,0.0,0.0,0.0,0.07555092518358493,0.12428591275007918,12.47021515509417,12.650733196713126,10.791370037876492,12.310187501951708,11.970127535980113,12.015705600473222,10.791370037876492
d114d9c2,6206,10.984857702167943,dtw_multi_stiff,19.08530817660568,11.24932285052072,10.930834191899876,12.0,-90.0,-90.0,0.0,0.12101192394456978,0.11392201095713825,0.07555092518358493,-0.0459824363994415,15.491577372335222,19.08530817660568,11.24932285052072,10.930834191899876,16.71016523505816,14.855373653375095,10.930834191899876
d1457cc5,6920,13.350623809546427,dtw_multi_soft,11.568616377812642,8.175754993376225,13.289250058327283,33.0,-78.0,-78.0,0.0,0.02615606936416185,0.0,0.07171845253150234,0.08423895766400502,7.506461525532941,11.568616377812642,8.175754993376225,13.289250058327283,8.661798194753384,8.906838164858922,8.175754993376225
d1ecf309,6168,14.481594578597077,dtw_multi_soft,19.486270671232216,15.669906889075143,20.85376490283841,27.0,21.0,30.0,0.019779507133592736,0.0,0.0,0.07555092518358493,0.02221778727028001,10.568938762955527,19.486270671232216,15.669906889075143,20.85376490283841,13.417053593014158,11.297895692659328,15.669906889075143
d1ee630d,6290,8.692522734862818,dtw_multi_soft,11.837674128731269,9.63044836814273,9.820903363466055,18.0,9.0,-3.0,0.0,0.003338632750397456,0.0,0.07555092518358493,0.09769187313268404,10.803768063557081,11.837674128731269,9.63044836814273,9.820903363466055,10.315383873263036,10.382271607480286,9.63044836814273
d217e0c5,3838,10.2629451453885,dtw_multi_soft,7.60909617080205,3.6209470229774814,7.540369599551362,-33.0,33.0,33.0,0.0,0.0,0.0,0.0707783824809391,0.0324200044474219,2.755410447184864,7.60909617080205,3.6209470229774814,7.540369599551362,4.346807174860851,3.4475368587212425,3.6209470229774814
d24ff243,5641,8.0,dtw_raw,12.427160427426314,18.195719409118585,22.84959701022331,75.0,-21.0,-24.0,0.0,0.0,0.0,0.07014748001953838,0.024008931459767843,13.999608757990416,12.427160427426314,18.195719409118585,22.84959701022331,12.669627513229477,13.465067853752252,12.427160427426314
d273674e,3899,8.35300038853813,dtw_multi_stiff,7.790792693029654,8.208746362017026,7.671489027563894,-21.0,-21.0,-3.0,0.0,0.0,0.0,0.0707783824809391,0.06153007264957676,8.510122631014568,7.790792693029654,8.208746362017026,7.671489027563894,8.213836052130123,8.250118167482247,7.671489027563894
d2f3b1ab,5581,8.0,dtw_raw,8.957109374394024,11.987484986128228,13.112853892229651,-21.0,-18.0,-18.0,0.0,0.0,0.0,0.07555092518358493,0.08765703422170286,11.402741788987257,8.957109374394024,11.987484986128228,13.112853892229651,9.626448688846677,9.422103263195362,8.957109374394024
d3df146b,5787,9.236010772348015,dtw_multi_stiff,8.253974982391917,9.508752749407115,7.989161210420459,27.0,27.0,27.0,0.0,0.0,0.0,0.07014748001953838,-0.05,11.5595264679433,8.253974982391917,9.508752749407115,7.989161210420459,10.245702866122064,12.561313064853595,7.989161210420459
d40f61d5,4039,10.937259688916942,dtw_raw,5.820163194480405,8.567957713561228,13.916703506854585,54.0,-51.0,-51.0,0.0,0.0,0.0,0.07014748001953838,-0.03373569282531734,4.081178798571104,5.820163194480405,8.567957713561228,13.916703506854585,3.536250308989358,4.751092903681187,5.820163194480405
d41beaf2,4753,9.30628027191598,dtw_multi_soft,10.506524248215369,7.137850856318352,11.647962033474197,-24.0,18.0,-9.0,0.0,0.08710288239006943,0.0,0.07555092518358493,0.1002793421944229,10.065239478502116,10.506524248215369,7.137850856318352,11.647962033474197,10.142526687746477,10.191887028762734,7.137850856318352
d463e527,4767,13.599606581816447,dtw_multi_soft,13.757281331916225,9.768088281593526,11.78500976600025,33.0,33.0,18.0,0.0,0.012796307950492972,0.0,0.0707783824809391,0.09388334299527519,10.143614971123469,13.757281331916225,9.768088281593526,11.78500976600025,11.081192205896876,11.481225325225346,9.768088281593526
d4f60a28,4501,9.860722382622667,dtw_multi_stiff,8.624626622860399,9.680620332287955,8.374379151549077,-24.0,-24.0,-15.0,0.0,0.0,0.0,0.07555092518358493,0.2,11.968514954312894,8.624626622860399,9.680620332287955,8.374379151549077,10.67650695201141,8.624626622860399,8.374379151549077
d50c649a,4873,12.849295442921655,dtw_multi_stiff,11.617562270564422,11.51461784197177,4.715156908767115,-12.0,36.0,36.0,0.0,0.004309460291401601,0.0,0.07171845253150234,0.10922287588450784,8.629643735657831,11.617562270564422,11.51461784197177,4.715156908767115,9.652084754673051,10.211466626657105,4.715156908767115
d543916f,4799,8.0,dtw_multi_stiff,8.43982417545207,8.595402229673466,5.53046479937771,72.0,69.0,69.0,0.0,0.0,0.0,0.07171845253150234,0.09604126414801882,13.253409598594006,8.43982417545207,8.595402229673466,5.53046479937771,11.1431872624898,10.501187929940887,5.53046479937771
d5df0ff5,4032,8.0,dtw_multi_stiff,6.2254639231491256,5.585881496509137,4.868822107639136,-15.0,-15.0,-12.0,0.0,0.0,0.0,0.07014748001953838,0.07161659764482191,6.3556624157083075,6.2254639231491256,5.585881496509137,4.868822107639136,6.164831826078451,6.162473015721677,4.868822107639136
d60430e6,2511,14.819048342502931,dtw_multi_soft,15.809247400342393,8.436031598022925,15.118400031130719,-84.0,-84.0,-84.0,0.06013540422142573,0.03225806451612903,0.03225806451612903,0.07555092518358493,-0.014661285492219808,5.256567956104321,15.809247400342393,8.436031598022925,15.118400031130719,7.388641082011719,5.51542628762381,8.436031598022925
d63196fe,4510,9.653495251325543,dtw_multi_soft,28.59719041607512,27.15774333768266,31.247289979968084,3.0,21.0,18.0,0.0,0.0,0.0,0.0707783824809391,0.12263058628521098,25.867007699084045,28.59719041607512,27.15774333768266,31.247289979968084,26.765569732285243,27.472677023103046,27.15774333768266
d6c320d9,5452,8.0,dtw_multi_soft,12.762943954228103,11.647622353647032,13.115207990371749,-24.0,-24.0,-24.0,0.0,0.0,0.0,0.0707783824809391,0.1911229660498691,10.679839528053467,12.762943954228103,11.647622353647032,13.115207990371749,11.322906790832171,12.654806964785834,11.647622353647032
d6dd7330,6193,8.0,dtw_multi_stiff,9.355201517526623,10.796132519369564,9.295435595575594,-3.0,30.0,3.0,0.0,0.0,0.0,0.0687846465178416,0.1424079602945913,11.529850625650088,9.355201517526623,10.796132519369564,9.295435595575594,10.774330145506259,9.973945766275673,9.295435595575594
d7ba4f9d,6023,11.822903423767954,dtw_raw,20.100807106271624,23.79343017478043,20.101366211160684,-15.0,-9.0,-12.0,0.0,0.0,0.0,0.07014748001953838,0.154282739873965,25.924895893922457,20.100807106271624,23.79343017478043,20.101366211160684,23.86918770438172,21.42091202346537,20.100807106271624
d7eb0be8,5401,8.0,dtw_raw,23.05174783588463,26.67419107206611,25.334546864638835,-42.0,-24.0,-27.0,0.0,0.0,0.0,0.0707783824809391,0.13307243589080694,27.31019055817507,23.05174783588463,26.67419107206611,25.334546864638835,25.769412582161785,24.4421367114962,23.05174783588463
d84b621b,3994,8.648252823850555,dtw_multi_soft,15.771327833077505,4.343194267151124,5.3146116894352655,18.0,-75.0,-42.0,0.0,0.0,0.0,0.07171845253150234,0.09947580392875852,7.612328574978119,15.771327833077505,4.343194267151124,5.3146116894352655,10.315330848288761,11.45209234614593,4.343194267151124
d90aa14c,10018,8.102305841493742,dtw_multi_soft,8.237989753003816,7.503479289687894,9.231075940086972,-12.0,3.0,3.0,0.0,0.0011978438810141745,0.0,0.0687846465178416,0.12582355262349795,7.203829143990818,8.237989753003816,7.503479289687894,9.231075940086972,7.277294088457324,7.573802089048256,7.503479289687894
d924e971,3184,12.171262079434518,dtw_multi_stiff,21.095005294258822,27.83940029058874,20.440371630430484,48.0,54.0,54.0,0.0,0.0,0.0,0.0687846465178416,0.1288817575337166,26.044063672118007,21.095005294258822,27.83940029058874,20.440371630430484,24.31423223063697,22.82484539406443,20.440371630430484
d9ae59b2,3648,19.31570709468105,dtw_multi_soft,12.372392376048548,11.050073234216223,12.071917989698687,30.0,21.0,24.0,0.0,0.0,0.0,0.07014748001953838,0.060877330431482676,9.092697507315297,12.372392376048548,11.050073234216223,12.071917989698687,10.161938770032663,10.0144905873333,11.050073234216223
d9d6d94d,4919,11.185061915660444,dtw_multi_stiff,7.148477590400611,7.905191627242876,6.685749890279158,-45.0,-81.0,-60.0,0.0,0.0,0.0,0.07014748001953838,0.2,9.094211843306828,7.148477590400611,7.905191627242876,6.685749890279158,8.351591547748985,7.148477590400611,6.685749890279158
d9eca87b,6373,12.412289177417994,dtw_multi_soft,32.38932208346061,31.548746667664265,32.62058845242288,24.0,21.0,18.0,0.0,0.0,0.0,0.07014748001953838,-0.05,31.073136771035937,32.38932208346061,31.548746667664265,32.62058845242288,31.478659002633503,30.822903403255303,31.548746667664265
da2d4d7c,2114,12.350232939445373,dtw_multi_stiff,10.601106837045394,16.048607448863528,9.840291249848631,9.0,-21.0,12.0,0.0,0.0,0.0,0.07171845253150234,0.14122902238826696,12.781231933607577,10.601106837045394,16.048607448863528,9.840291249848631,11.979551170980516,11.222578813535005,9.840291249848631
da3bfe4e,5549,15.758891291845272,dtw_multi_stiff,19.740793188105627,12.292550049181532,7.296402497979517,0.0,-60.0,-57.0,0.0,0.05856911155163092,0.018381690394665706,0.0707783824809391,0.053554422444909294,17.222223023218987,19.740793188105627,12.292550049181532,7.296402497979517,18.077124368084416,17.865038102137348,7.296402497979517
da3cf798,5844,8.0,dtw_raw,13.579157490386429,18.359063431283463,22.20841140777001,21.0,-42.0,-42.0,0.0,0.0,0.0,0.07171845253150234,0.16847251884285996,14.750857556072315,13.579157490386429,18.359063431283463,22.20841140777001,14.238514122261806,13.708517837455823,13.579157490386429
da940160,5132,9.686668477074386,dtw_multi_soft,6.028875959002453,4.066103371543765,5.418751162332843,-9.0,48.0,48.0,0.0,0.0,0.0,0.07555092518358493,0.04543833981741254,7.546013684647366,6.028875959002453,4.066103371543765,5.418751162332843,6.01813852026007,6.526438940567897,4.066103371543765
dafc88c3,5572,8.0,dtw_raw,17.73203715645292,26.662448308598336,29.593917426945794,21.0,3.0,-3.0,0.0,0.0,0.0,0.07555092518358493,0.08483118337854877,24.309538666154715,17.73203715645292,26.662448308598336,29.593917426945794,21.72066547322582,21.409833003671768,17.73203715645292
dbee6c86,7369,8.0,dtw_multi_stiff,9.151527091799075,5.229264722487495,4.85017858127189,-9.0,0.0,-3.0,0.0,0.0,0.0,0.0687846465178416,0.09145199557454291,5.455051139765117,9.151527091799075,5.229264722487495,4.85017858127189,6.652241219920184,7.068576746553109,4.85017858127189
dc5fbe29,5203,8.19475853097059,dtw_multi_soft,9.769120072721298,5.54178128992102,9.236408385906238,-42.0,69.0,69.0,0.011724005381510668,0.006150297905054776,0.0021141649048625794,0.0687846465178416,0.04949362994649006,7.408463150552131,9.769120072721298,5.54178128992102,9.236408385906238,7.436279069392995,7.331494194073366,5.54178128992102
dc7da28f,4774,8.0,dtw_raw,20.697336681596383,26.000481029273576,29.19420041958005,39.0,-9.0,-9.0,0.0,0.0,0.0,0.0687846465178416,0.11295236081861039,22.80058968385633,20.697336681596383,26.000481029273576,29.19420041958005,21.88450647701298,21.398161569403882,20.697336681596383
dc7f9757,4360,13.067384162142636,dtw_multi_soft,5.369255790244079,3.6978278411229155,6.786405996255672,-30.0,-81.0,0.0,0.0,0.0,0.0,0.07014748001953838,0.10253927145916557,5.758102793255071,5.369255790244079,3.6978278411229155,6.786405996255672,5.353851962235209,5.260613911448636,3.6978278411229155
dd168de0,3304,8.0,dtw_raw,5.368358696184262,6.991573290237208,7.692268663402114,15.0,-15.0,-15.0,0.0,0.0,0.0,0.07555092518358493,0.19070575725459196,5.747734547545122,5.368358696184262,6.991573290237208,7.692268663402114,5.494435054136462,5.364582509311715,5.368358696184262
dd64382d,3124,9.32756680562584,dtw_multi_stiff,3.710961263662596,4.436942947015565,3.252209342680684,-9.0,-48.0,0.0,0.0,0.0,0.0,0.0687846465178416,0.09329450166238376,3.0738994935556043,3.710961263662596,4.436942947015565,3.252209342680684,3.24344116668749,3.3176537001841955,3.252209342680684
dd6bc5b2,3602,12.808675963768868,dtw_multi_stiff,4.629701466512093,4.125409823458387,3.764682769697726,36.0,21.0,21.0,0.0,0.0,0.0,0.07555092518358493,0.1521218441766265,6.080013720006634,4.629701466512093,4.125409823458387,3.764682769697726,5.063927866509842,4.574520152700164,3.764682769697726
dd7d638e,4301,17.419781000192575,dtw_multi_soft,11.282436549333088,6.656811403796163,13.46490182271292,-87.0,-90.0,-90.0,0.009532666821669379,0.06789118809579167,0.06789118809579167,0.0687846465178416,0.013151148640562745,2.402338756474081,11.282436549333088,6.656811403796163,13.46490182271292,4.873381183039974,2.6977847149232534,6.656811403796163
ddc790ff,4726,8.0,dtw_raw,3.9124706240727622,4.400164640766946,9.796317862923782,12.0,-60.0,-60.0,0.0,0.0,0.0,0.0707783824809391,0.15605381554828554,2.6256574674795443,3.9124706240727622,4.400164640766946,9.796317862923782,2.9633529213435454,3.5554774368402864,3.9124706240727622
df71d1ff,6228,10.226081962283637,dtw_multi_stiff,34.94377638511091,27.616833576517497,26.254583441752608,18.0,15.0,15.0,0.0,0.027938342967244702,0.01798330122029544,0.0687846465178416,0.11045814676841136,32.220232347023185,34.94377638511091,27.616833576517497,26.254583441752608,33.11830599616597,33.6828136736298,26.254583441752608
df73b8f3,5311,12.85088472007596,dtw_raw,13.785351256903482,19.522256702830038,21.429564051286718,-33.0,36.0,9.0,0.0,0.0,0.0,0.07171845253150234,0.040795562952593026,17.639014088000444,13.785351256903482,19.522256702830038,21.429564051286718,16.01961587171997,16.691623444790217,13.785351256903482
df8290be,3972,9.171607060379312,dtw_raw,11.040347942213694,14.736959432288089,11.181716299270521,6.0,-42.0,9.0,0.0,0.008308157099697885,0.0,0.07171845253150234,0.09991842575441609,11.840120758196944,11.040347942213694,14.736959432288089,11.181716299270521,11.396115222786744,11.267865971990615,11.040347942213694
e0079ed1,3471,11.29129987596411,dtw_raw,3.727874046618427,5.566451756072894,7.998198833124006,-33.0,-33.0,-18.0,0.0,0.0,0.0,0.07014748001953838,0.12525101279537038,7.250735962200023,3.727874046618427,5.566451756072894,7.998198833124006,5.611382511139715,4.541179898188744,3.727874046618427
e03b45fd,5342,8.689285873992262,dtw_raw,6.980691216666673,12.034296003104735,8.658405736246378,-39.0,48.0,-33.0,0.0,0.020778734556345938,0.0,0.07171845253150234,0.2,9.510732702076472,6.980691216666673,12.034296003104735,8.658405736246378,8.44115938419854,6.980691216666673,6.980691216666673
e0f36d98,4976,8.0,dtw_multi_stiff,8.246567086828689,7.213219523359427,6.617137437936872,6.0,6.0,6.0,0.0,0.0,0.0,0.07555092518358493,0.19519285180236803,7.861989356434105,8.246567086828689,7.213219523359427,6.617137437936872,7.896796787370777,8.226673919395648,6.617137437936872
e149204f,6097,10.650602644353253,dtw_multi_soft,12.654566608659442,9.700896428420172,14.236382897569195,-45.0,-66.0,-42.0,0.0,0.06216171887813679,0.05609316057077251,0.07555092518358493,0.006706736990353613,5.621766154978968,12.654566608659442,9.700896428420172,14.236382897569195,7.2145580935785265,5.660290552525897,9.700896428420172
e14d641e,3184,8.0,dtw_raw,3.8229752750826047,5.739737543542074,6.448419877522892,-48.0,9.0,15.0,0.0,0.0,0.0,0.0707783824809391,0.0676529849631304,5.464766174687516,3.8229752750826047,5.739737543542074,6.448419877522892,4.744737393930883,4.774091434989584,3.8229752750826047
e161bd0c,2949,10.733796653999923,dtw_multi_stiff,9.888641125134974,7.372472313888767,3.9068669304046897,-21.0,-42.0,45.0,0.0,0.0,0.0,0.0707783824809391,0.09134561772785399,4.952517123885906,9.888641125134974,7.372472313888767,3.9068669304046897,6.603683658089784,7.110502899860317,3.9068669304046897
e201fd6d,5070,16.223722172107138,dtw_multi_stiff,13.52664699999818,14.730327184816272,12.450939436716888,9.0,72.0,9.0,0.0,0.014201183431952662,0.0,0.07014748001953838,0.01917494593586228,11.015708194058739,13.52664699999818,14.730327184816272,12.450939436716888,11.734719994059077,11.191660974243828,12.450939436716888
e25f1537,3177,8.0,dtw_multi_stiff,7.552348508306845,9.02512715899317,7.167162857661532,-6.0,-18.0,-18.0,0.0,0.0,0.0,0.07555092518358493,0.19394169334524086,8.841439440821176,7.552348508306845,9.02512715899317,7.167162857661532,8.295722318071402,7.5833404948190895,7.167162857661532
e2fc7745,3692,8.406086633408727,dtw_multi_soft,10.41162442388798,7.170993949063601,10.817788482357814,12.0,12.0,27.0,0.002979414951245937,0.0005417118093174431,0.0,0.07555092518358493,0.07134521589057902,5.529210026788077,10.41162442388798,7.170993949063601,10.817788482357814,6.152178918283896,6.061202415165989,7.170993949063601
e32da4ec,4689,9.354248930823807,dtw_multi_soft,14.178392996807876,11.262906839271059,13.271896218097867,54.0,54.0,54.0,0.03220302836425677,0.04307954787801237,0.03433567924930689,0.07014748001953838,0.09794693743541179,6.2797138245970805,14.178392996807876,11.262906839271059,13.271896218097867,8.46722526581159,9.580039816813857,11.262906839271059
e3b34f5b,5455,9.877341076571735,dtw_multi_stiff,13.077187107902857,7.699168122422194,5.178109063216807,-12.0,-27.0,-27.0,0.0,0.0,0.0,0.0707783824809391,0.16209129509927073,9.066648178884765,13.077187107902857,7.699168122422194,5.178109063216807,10.41592576260491,12.277035844770525,5.178109063216807
e45a2a62,5007,8.0,dtw_raw,17.02687076246297,26.05999185897941,31.783153231028702,18.0,-72.0,-15.0,0.0,0.030956660675054922,0.024166167365688038,0.0707783824809391,0.08439796641056566,20.501751267646394,17.02687076246297,26.05999185897941,31.783153231028702,19.265768617189174,19.0286362851122,17.02687076246297
e46f4ef4,7195,17.295679878998936,dtw_raw,8.895656093000923,12.314642564893115,13.336594910043953,81.0,78.0,36.0,0.0,0.0,0.0,0.07171845253150234,0.11307544772867271,16.22297174328596,8.895656093000923,12.314642564893115,13.336594910043953,13.331235441107756,11.761471309005456,8.895656093000923
e4726608,4733,8.786378709755391,dtw_multi_stiff,6.965405752320115,6.499486907836261,5.322345591896903,-24.0,-69.0,-24.0,0.0,0.012888231565603212,0.0,0.0687846465178416,0.1903640217596661,4.002935731504965,6.965405752320115,6.499486907836261,5.322345591896903,4.8745463416494434,6.800934880362904,5.322345591896903
e5864244,4469,12.104731901689561,dtw_raw,5.479411579458898,5.971543624117773,6.328650784771214,12.0,24.0,24.0,0.0,0.0,0.0,0.0707783824809391,0.2,6.761969328979785,5.479411579458898,5.971543624117773,6.328650784771214,6.292292687565348,5.479411579458898,5.479411579458898
e5c92e59,4295,8.0,dtw_multi_stiff,9.143319145434766,6.136384265875636,5.840642569088713,84.0,57.0,57.0,0.0,0.04284051222351572,0.049825378346915014,0.0687846465178416,0.06810330310664776,11.244751443164395,9.143319145434766,6.136384265875636,5.840642569088713,10.312166760919885,10.320480549910496,5.840642569088713
e5ff9fd2,2354,13.026487136723684,dtw_multi_stiff,4.942616273521452,12.560969085313229,4.9188749930871385,21.0,-90.0,21.0,0.0,0.05777400169923534,0.0,0.07171845253150234,0.2,5.963661024912052,4.942616273521452,12.560969085313229,4.9188749930871385,5.15218492752953,4.942616273521452,4.9188749930871385
e6c55748,4472,8.0,dtw_multi_soft,21.294631162722638,15.984230468109725,22.340583157972606,-75.0,-66.0,-66.0,0.06283542039355992,0.10107334525939177,0.09414132379248659,0.07555092518358493,0.004899043892698724,10.603659074464918,21.294631162722638,15.984230468109725,22.340583157972606,14.17744663117436,10.802694917960215,15.984230468109725
e730c32b,4728,11.368568035770817,dtw_multi_stiff,15.239707529224658,8.743331164870979,6.012850371180236,9.0,69.0,69.0,0.0,0.0,0.0,0.0687846465178416,0.08057367641757027,13.366884261271608,15.239707529224658,8.743331164870979,6.012850371180236,13.833905533480749,13.934002171583517,6.012850371180236
e737965a,5955,8.398892926458984,dtw_multi_stiff,6.850441550542473,7.248311378116139,4.873759507374893,-45.0,-45.0,-45.0,0.0,0.042821158690176324,0.0,0.07171845253150234,0.05456144797956206,12.363049914868265,6.850441550542473,7.248311378116139,4.873759507374893,9.62763472368353,10.238440597294348,4.873759507374893
e748dd88,4812,8.782468872322804,dtw_multi_soft,7.09507195783308,6.225684007029903,8.684286737929133,15.0,81.0,15.0,0.0,0.0,0.0,0.07555092518358493,0.14705138926309153,6.355236539094729,7.09507195783308,6.225684007029903,8.684286737929133,6.432485688496166,6.738746356033248,6.225684007029903
e7818f7a,5371,16.219181735105394,dtw_multi_soft,18.91169543117188,14.733423409821427,18.26365031113057,6.0,-75.0,6.0,0.0,0.0,0.0,0.07555092518358493,0.06825217293674903,13.633099411873042,18.91169543117188,14.733423409821427,18.26365031113057,15.492830017969544,15.304460413828627,14.733423409821427
e7c36e81,3531,15.386269939528637,dtw_raw,5.309652821080379,15.02104740598495,18.272440978529293,-84.0,18.0,33.0,0.0,0.0,0.0,0.0707783824809391,0.05902678466121638,11.830721925563328,5.309652821080379,15.02104740598495,18.272440978529293,9.157797819667627,9.587756143386114,5.309652821080379
e7d0c1de,4711,8.0,dtw_multi_soft,5.711113470674077,4.3643530024234884,4.884613419999974,-24.0,-78.0,-78.0,0.0,0.0,0.0,0.0707783824809391,0.15776983674513284,6.983763834478576,5.711113470674077,4.3643530024234884,4.884613419999974,6.476745140497899,5.93478196499531,4.3643530024234884
e85074c5,5675,8.749845958600119,dtw_raw,13.970876333350898,14.70544691785225,15.943215352064211,9.0,9.0,9.0,0.0,0.0,0.0,0.0687846465178416,0.15215342168048349,14.05899064844682,13.970876333350898,14.70544691785225,15.943215352064211,13.675804886911878,13.70726925311073,13.970876333350898
e97032ad,3530,19.623964155016974,dtw_multi_stiff,6.397967904598938,8.145234947281383,6.0623481839961775,-45.0,0.0,12.0,0.0,0.07053824362606233,0.0,0.07555092518358493,0.15170329516230882,3.7381310336816345,6.397967904598938,8.145234947281383,6.0623481839961775,3.824911112591827,5.196025115132333,6.0623481839961775
e9949a23,4559,9.916823083330238,dtw_multi_soft,17.991065398269907,16.506916820056002,19.784135336729772,-36.0,24.0,24.0,0.0,0.0,0.0,0.07014748001953838,0.039294995026788196,13.305009593894125,17.991065398269907,16.506916820056002,19.784135336729772,14.716837462371403,14.057184638571863,16.506916820056002
ea0b99b7,9239,12.877207316312303,dtw_raw,7.8852570143377925,9.494840625997162,12.705779603299007,0.0,51.0,51.0,0.0,0.0,0.0,0.0707783824809391,0.11860140407220163,6.749080199453207,7.8852570143377925,9.494840625997162,12.705779603299007,7.021278601625966,7.29078561824674,7.8852570143377925
ea3a0e38,10052,8.198893938782927,dtw_multi_stiff,9.252518536758178,9.766438972231745,9.060319355544056,12.0,0.0,0.0,0.0,0.0,0.0,0.0707783824809391,0.1525869026562843,11.441874262391837,9.252518536758178,9.766438972231745,9.060319355544056,10.575201283233675,9.692222593545514,9.060319355544056
ea41324e,5025,8.588891768756618,dtw_multi_soft,7.642826253173559,5.754002075009324,7.859025866431546,48.0,30.0,48.0,0.0,0.0023880597014925373,0.0,0.0707783824809391,0.07881123707247616,8.040747866504004,7.642826253173559,5.754002075009324,7.859025866431546,6.361166597133479,6.264231854032584,5.754002075009324
eabc711b,5348,14.023201690316307,dtw_multi_soft,21.245430015822933,18.64237109590398,23.232333971085264,39.0,27.0,27.0,0.0,0.0,0.0,0.0687846465178416,0.04732672076204586,14.591614762335192,21.245430015822933,18.64237109590398,23.232333971085264,16.78778068340313,16.089057098976816,18.64237109590398
eac10e86,6067,9.735399341331945,dtw_raw,7.630607394251188,8.27701612978075,11.198643572904947,-3.0,-9.0,-21.0,0.0,0.0,0.0,0.0687846465178416,0.03759630801696493,6.325335853201958,7.630607394251188,8.27701612978075,11.198643572904947,6.226733871500887,6.193438526890238,7.630607394251188
eafb863e,3568,16.826392466244883,dtw_multi_stiff,5.982113600102893,12.815429015001598,5.464992586550647,3.0,-78.0,3.0,0.0,0.02045964125560538,0.0,0.0687846465178416,0.15367395572527068,7.20514102476649,5.982113600102893,12.815429015001598,5.464992586550647,6.691115313742129,6.185672232897429,5.464992586550647
eb06a4e7,4535,8.599929771400502,dtw_multi_soft,14.466294833243994,11.284367281599215,15.238129808131392,36.0,45.0,45.0,0.0,0.0,0.0,0.07014748001953838,0.07976832310080917,8.11204458905278,14.466294833243994,11.284367281599215,15.238129808131392,10.143782384247173,10.444997183468823,11.284367281599215
eb640a35,6037,8.0,dtw_multi_soft,18.939274622499404,14.311753662766996,19.00504012907589,45.0,45.0,45.0,0.0,0.0,0.0,0.07555092518358493,0.0873914427238657,13.013358099063622,18.939274622499404,14.311753662766996,19.00504012907589,15.096710307263658,15.443949737721923,14.311753662766996
eb934281,5971,8.0,dtw_multi_soft,3.950420456364018,2.2739541440562148,2.848733248289034,6.0,6.0,6.0,0.0,0.0,0.0,0.0707783824809391,0.11511232807328087,2.349658316134881,3.950420456364018,2.2739541440562148,2.848733248289034,2.592180291742902,2.9652656691825214,2.2739541440562148
eba6605e,4410,12.481240342617332,dtw_raw,11.223050609684783,14.50167451821916,12.903076845375107,33.0,36.0,-84.0,0.0,0.0,0.0,0.07555092518358493,0.10203769442025322,11.434990441949441,11.223050609684783,14.50167451821916,12.903076845375107,11.26441443344406,11.230366844699228,11.223050609684783
ebe69318,4976,9.516111919043452,dtw_raw,8.143127406632361,8.356816924868118,11.450288626309895,72.0,-27.0,-27.0,0.0,0.0,0.0,0.0707783824809391,0.06786023447319209,5.9877993389182524,8.143127406632361,8.356816924868118,11.450288626309895,5.69510729807361,5.680477586009533,8.143127406632361
ec0d597b,4616,8.0,dtw_raw,20.761188138569935,22.193207768667342,26.707413575852144,42.0,-21.0,-24.0,0.0,0.0,0.0,0.07014748001953838,0.057764859149375014,18.54644700483658,20.761188138569935,22.193207768667342,26.707413575852144,19.17989310472252,19.05593634840834,20.761188138569935
ec13af42,5462,10.43677693373983,dtw_multi_stiff,8.783306193537065,7.890740750201403,6.023653806666789,18.0,54.0,51.0,0.0,0.03496887586964482,0.0,0.07555092518358493,0.2,9.328707299609857,8.783306193537065,7.890740750201403,6.023653806666789,8.990960184682029,8.783306193537065,6.023653806666789
ecdab904,6147,11.467244684804585,dtw_raw,8.892999745612798,12.016771896301453,12.799706486487011,21.0,-3.0,0.0,0.0,0.0,0.0,0.07171845253150234,0.2,11.261336880305805,8.892999745612798,12.016771896301453,12.799706486487011,10.388639200002126,8.892999745612798,8.892999745612798
ecdaf714,6592,8.0,dtw_raw,25.728276468567344,27.885202429443506,29.057021249130557,-33.0,-33.0,-33.0,0.0,0.0,0.0,0.07555092518358493,0.19424552335412043,24.497863588262447,25.728276468567344,27.885202429443506,29.057021249130557,24.89639845331865,25.685230249998526,25.728276468567344
ed6436d6,2945,8.16932596501972,dtw_multi_soft,21.031513925322784,15.913584115333393,22.173627359315997,78.0,66.0,69.0,0.0,0.0,0.0,0.07014748001953838,0.09362540951169125,9.885654600353892,21.031513925322784,15.913584115333393,22.173627359315997,13.728447157885652,15.036959148087838,15.913584115333393
ed6e6e54,6048,8.0,dtw_multi_stiff,6.1925421912317455,7.45535790924586,6.0984649231449115,33.0,-36.0,27.0,0.0,0.0,0.0,0.07014748001953838,0.0930219116464615,7.0348417510818235,6.1925421912317455,7.45535790924586,6.0984649231449115,6.488790113193813,6.364632748366721,6.0984649231449115
edf885a3,3117,8.520303705119415,dtw_multi_soft,9.325747801361153,8.554515077671574,11.174347718739178,24.0,21.0,18.0,0.0,0.0,0.0,0.07171845253150234,0.1684461195016299,7.101637297319885,9.325747801361153,8.554515077671574,11.174347718739178,7.862645698292491,8.956294939986702,8.554515077671574
ee0300f7,4544,11.394247934506055,dtw_raw,15.363559515502434,23.22439269435336,29.276212028827263,45.0,-63.0,-72.0,0.0,0.0605193661971831,0.028829225352112676,0.07555092518358493,0.10308884072191933,19.229127589196825,15.363559515502434,23.22439269435336,29.276212028827263,17.68712384464109,17.14705031381239,15.363559515502434
ee288beb,4638,15.463752031324193,dtw_raw,24.607297210043257,30.478204634916963,25.30282388850065,39.0,27.0,42.0,0.0,0.0,0.0,0.07014748001953838,0.04603190871486241,31.416335869396736,24.607297210043257,30.478204634916963,25.30282388850065,29.005084905914597,29.83171846832004,24.607297210043257
ee4aecac,5265,11.960620827844867,dtw_multi_soft,24.383792025068512,19.205098954188347,23.382887223933544,-75.0,-87.0,-78.0,0.0,0.0,0.0,0.0687846465178416,0.06808036969048165,13.840915000657702,24.383792025068512,19.205098954188347,23.382887223933544,17.412272129825975,17.37529988157276,19.205098954188347
eeda36f5,4797,8.0,dtw_multi_stiff,19.559117624889,11.799796249867862,11.29880032057849,-12.0,-72.0,-12.0,0.0,0.0,0.0,0.07555092518358493,0.09306130950756332,13.791353784434067,19.559117624889,11.799796249867862,11.29880032057849,15.75698112180295,16.256422785684673,11.29880032057849
eeed308d,3899,8.013230831919362,dtw_multi_soft,13.368643289727807,5.383937686154712,9.646201000805924,-42.0,66.0,66.0,0.0,0.0,0.0,0.07555092518358493,0.05519984811792978,5.394235613518766,13.368643289727807,5.383937686154712,9.646201000805924,8.24989928066913,7.447658350155642,5.383937686154712
ef04658e,4104,9.181633815252182,dtw_multi_soft,15.193825933560646,9.837344673992128,15.183740028851808,-39.0,-60.0,-60.0,0.0,0.0,0.0,0.07171845253150234,0.08181721889758344,4.614113009179651,15.193825933560646,9.837344673992128,15.183740028851808,8.356502067402507,8.891329299449186,9.837344673992128
ef8e3ed0,5224,8.0,dtw_multi_stiff,7.704787465573221,7.726216666020641,5.316696898536142,-12.0,-12.0,-12.0,0.0,0.0,0.0,0.0707783824809391,0.0993023644409339,5.801780355390095,7.704787465573221,7.726216666020641,5.316696898536142,6.366916311708095,6.632972863690589,5.316696898536142
efde6ac3,4559,8.887749271075137,dtw_multi_stiff,10.827234797848606,7.218177778236744,6.638834238989846,9.0,-57.0,-57.0,0.0,0.0,0.0,0.07014748001953838,0.1257556922263732,10.56111895062482,10.827234797848606,7.218177778236744,6.638834238989846,10.615463221726136,10.688753978311057,6.638834238989846
efe96181,4012,8.0,dtw_multi_soft,27.01739813787418,22.253951585586627,25.159524762828305,27.0,-42.0,27.0,0.0,0.0,0.0,0.07555092518358493,0.0741234304399137,20.572228791192153,27.01739813787418,22.253951585586627,25.159524762828305,22.940394633163375,22.89476879915699,22.253951585586627
f0188a48,4170,11.366269387429663,dtw_multi_stiff,24.498792377201575,11.890196270744523,10.926554714354298,66.0,3.0,-15.0,0.0,0.0,0.0,0.0687846465178416,0.10273684541133132,12.467407359900314,24.498792377201575,11.890196270744523,10.926554714354298,16.54508588264812,18.588409659107683,10.926554714354298
f021b650,3739,21.009258476631164,dtw_multi_soft,10.554071665303596,7.443620612454748,11.04746681727786,-45.0,-39.0,-48.0,0.0,0.0,0.0,0.0707783824809391,0.18030636474448614,4.300890229964781,10.554071665303596,7.443620612454748,11.04746681727786,6.031050643979537,9.819320255124966,7.443620612454748
f03f10fe,4145,8.0,dtw_raw,8.160337546009663,12.754863704416053,17.759529019461773,54.0,-42.0,-42.0,0.0,0.0,0.0,0.07171845253150234,0.07471287970929737,8.77307669614511,8.160337546009663,12.754863704416053,17.759529019461773,8.103851397454914,8.086099717049986,8.160337546009663
f053a1b9,4108,10.427685910953372,dtw_multi_stiff,14.026798693270358,12.372677870636497,7.34679632570013,24.0,-12.0,-18.0,0.0,0.0,0.0,0.0707783824809391,0.2,12.456781515266204,14.026798693270358,12.372677870636497,7.34679632570013,12.972788125500143,14.026798693270358,7.34679632570013
f074d277,2453,11.604956903163634,dtw_multi_soft,5.830424967709089,4.0104304499542796,4.368332807424198,-27.0,60.0,-9.0,0.0,0.0,0.0,0.07014748001953838,0.04724921055415623,3.4848683857152674,5.830424967709089,4.0104304499542796,4.368332807424198,2.1458825927532486,2.2935042826348147,4.0104304499542796
f07d7037,5563,8.0,dtw_raw,6.789042009494712,9.344419628595563,8.428850967372094,-15.0,-45.0,-45.0,0.0,0.0,0.0,0.0687846465178416,0.16927406268556874,5.9599775681564635,6.789042009494712,9.344419628595563,8.428850967372094,6.214077717336327,6.644928103659303,6.789042009494712
f08774c3,3900,16.642822349037726,dtw_raw,7.229053956140585,13.648558032048644,17.535477352569046,78.0,-30.0,-21.0,0.025897435897435896,0.0,0.0,0.07555092518358493,0.05468274048038649,10.324357133179008,7.229053956140585,13.648558032048644,17.535477352569046,6.97306906273903,7.751832905169511,7.229053956140585
f140c2fa,4082,11.055143564127482,dtw_raw,13.38694042993257,15.421934293692788,23.05495425023577,-12.0,48.0,51.0,0.0,0.012493875551200392,0.0,0.0707783824809391,0.04555208553158684,14.377505599383523,13.38694042993257,15.421934293692788,23.05495425023577,13.365398734403744,13.650514511073755,13.38694042993257
f16e25e3,4651,13.024659779035202,dtw_multi_soft,10.119883456409784,7.637992361909831,9.939109819606857,12.0,42.0,12.0,0.0,0.0,0.0,0.07171845253150234,0.035848683087121566,4.661634991215781,10.119883456409784,7.637992361909831,9.939109819606857,6.507178731806334,5.556197782208889,7.637992361909831
f2d4c8c9,6249,11.654828624903592,dtw_multi_soft,10.923420517005429,9.011136548033269,11.869959817058898,-9.0,-48.0,-45.0,0.0,0.0,0.0,0.07014748001953838,0.10776631372410475,6.51544688674292,10.923420517005429,9.011136548033269,11.869959817058898,7.697569344761816,8.531393480817044,9.011136548033269
f321a31c,5141,8.037813494823691,dtw_raw,11.508473813443985,15.138956602465722,15.979704081365924,-15.0,42.0,48.0,0.0,0.0,0.0,0.07555092518358493,0.06573933793288997,15.418716274782488,11.508473813443985,15.138956602465722,15.979704081365924,13.660182768536371,13.873070296201648,11.508473813443985
f40cd091,5166,13.706923095630575,dtw_raw,8.38329898736583,9.193026886077085,10.145926660235373,6.0,48.0,48.0,0.0,0.0,0.0,0.07014748001953838,-0.05,7.653107352140223,8.38329898736583,9.193026886077085,10.145926660235373,7.651250107910083,7.83056057379949,8.38329898736583
f439a621,2821,8.0,dtw_raw,4.412927551716329,9.305739874078919,14.495038170177013,9.0,3.0,-42.0,0.0,0.0,0.0,0.07555092518358493,0.2,4.9500289694086606,4.412927551716329,9.305739874078919,14.495038170177013,4.698146683245617,4.412927551716329,4.412927551716329
f49fdea3,5391,11.043056827463777,dtw_multi_soft,20.585759400363134,19.778738385074533,20.194839026700517,-45.0,-15.0,-12.0,0.0,0.0,0.0,0.0707783824809391,0.1779093472839613,19.28725823563613,20.585759400363134,19.778738385074533,20.194839026700517,19.639502213192475,20.397875864920078,19.778738385074533
f4d12d23,3701,13.997156529799279,dtw_raw,15.70494567078827,18.464486076890292,21.19711234296297,-24.0,27.0,27.0,0.0,0.0,0.0,0.0707783824809391,0.08280594474440771,15.60415493981342,15.70494567078827,18.464486076890292,21.19711234296297,15.57116901276513,15.573058278077799,15.70494567078827
f56d3ace,5432,8.0,dtw_raw,10.43594446135402,15.196920777797999,18.989236368377046,3.0,21.0,-24.0,0.0,0.0,0.0,0.0687846465178416,0.2,12.03565380225591,10.43594446135402,15.196920777797999,18.989236368377046,11.473696774707802,10.43594446135402,10.43594446135402
f5859199,5790,12.651803452352096,dtw_raw,20.304395567004878,21.12049581709548,21.188542478789717,9.0,-48.0,-36.0,0.0,0.01226252158894646,0.0,0.07555092518358493,0.06503119057435579,24.170886412565533,20.304395567004878,21.12049581709548,21.188542478789717,22.54559658848036,22.761329283594986,20.304395567004878
f5d8aab6,4444,9.90984433907681,dtw_multi_soft,12.549927882160782,11.192063398098455,13.477709895762091,33.0,21.0,21.0,0.0,0.0,0.0,0.0707783824809391,0.09887374281697414,9.699665241109551,12.549927882160782,11.192063398098455,13.477709895762091,10.580546489816856,10.97405093194749,11.192063398098455
f631da6e,4093,14.575644387013485,dtw_multi_soft,5.800098944766988,3.252873579999148,7.809941522984956,6.0,-72.0,0.0,0.0,0.0,0.0,0.07171845253150234,0.15909631400873223,6.989139314334638,5.800098944766988,3.252873579999148,7.809941522984956,6.5038029616843,5.998027301368416,3.252873579999148
f6824bb0,5015,10.657302069082156,dtw_multi_soft,27.991028345346407,26.939256742510743,28.224322153791153,6.0,6.0,6.0,0.0,0.0,0.0,0.07555092518358493,0.101001856116414,25.80072492181095,27.991028345346407,26.939256742510743,28.224322153791153,26.61371302853777,26.89168336283374,26.939256742510743
f6bc699b,3752,8.331313999253489,dtw_multi_soft,10.607741853644614,6.477020727900634,11.226676092799238,-9.0,-12.0,-57.0,0.00826226012793177,0.04904051172707889,0.035181236673773986,0.07014748001953838,0.09322073491044362,4.881762873338804,10.607741853644614,6.477020727900634,11.226676092799238,5.2591299851045195,5.946356909178908,6.477020727900634
f6d009f4,6715,11.519428083463255,dtw_multi_soft,44.63316704243791,41.93317595910207,42.733509524299244,-57.0,-87.0,-90.0,0.0,0.09560685033507074,0.11883842144452718,0.07555092518358493,0.053748075153841744,45.54084776596711,44.63316704243791,41.93317595910207,42.733509524299244,45.06663753458459,45.187385554313416,41.93317595910207
f72b268f,6404,15.256903450465499,dtw_raw,12.150553581728005,13.031000223989189,13.528662125921544,-18.0,0.0,-6.0,0.0,0.0,0.0,0.07014748001953838,0.1022017462185159,12.831478747709053,12.150553581728005,13.031000223989189,13.528662125921544,12.506437253161817,12.38804992623548,12.150553581728005
f8662c22,5429,9.55867869378758,dtw_multi_stiff,7.457738961568221,6.986315181422544,6.66445690467374,-21.0,3.0,0.0,0.0,0.0,0.0,0.07555092518358493,0.12996675523500809,8.383006075854864,7.457738961568221,6.986315181422544,6.66445690467374,7.915919339277651,7.664218185232402,6.66445690467374
f88ddb26,4990,8.0,dtw_multi_stiff,12.442883800879383,12.505466412148019,9.056187918133197,-12.0,-51.0,-51.0,0.0,0.0,0.0,0.07555092518358493,0.14479499831487525,16.213819647632956,12.442883800879383,12.505466412148019,9.056187918133197,14.736948176352177,13.434908466150342,9.056187918133197
f8afa78a,6032,11.870306383227264,dtw_multi_soft,20.87188394544405,9.346783467127292,11.110191460397415,-84.0,-84.0,-84.0,0.0,0.0,0.0,0.07555092518358493,0.03979479678547625,9.78044888292476,20.87188394544405,9.346783467127292,11.110191460397415,13.777040878137244,11.834729409749121,9.346783467127292
f8f59188,4807,8.744694031324158,dtw_raw,4.9411992529241235,5.0052999198816215,5.919548419048144,-6.0,-63.0,-6.0,0.0,0.0,0.0,0.07555092518358493,0.2,5.437210931658554,4.9411992529241235,5.0052999198816215,5.919548419048144,5.2319836443584355,4.9411992529241235,4.9411992529241235
f9fc81aa,5598,9.800633762219686,dtw_multi_soft,10.472505662753113,8.13861048040029,10.331927773609832,-54.0,-60.0,-54.0,0.0,0.0,0.0,0.07555092518358493,0.0570214048670213,7.883490366360185,10.472505662753113,8.13861048040029,10.331927773609832,7.875234375596586,7.74720598577375,8.13861048040029
fa16d114,5686,8.542185506910204,dtw_multi_stiff,13.485157802333918,10.960313942433116,8.394364301882144,42.0,-45.0,-45.0,0.017938797045374603,0.023390784382694336,0.030249736194161096,0.07014748001953838,0.0947219995914678,16.208487567051076,13.485157802333918,10.960313942433116,8.394364301882144,14.54470944894219,14.122715777586246,8.394364301882144
fa31da94,5027,9.980680694444278,dtw_raw,13.322780699856065,19.5311556768962,25.21512081649921,-30.0,48.0,57.0,0.0,0.0,0.0,0.0707783824809391,0.1084576808979553,14.659568318431868,13.322780699856065,19.5311556768962,25.21512081649921,14.089158315282033,13.827030199225472,13.322780699856065
fa667be2,7296,9.501741102914446,dtw_multi_soft,6.786919086741537,6.139168120151567,6.172211031143621,6.0,6.0,9.0,0.0,0.0,0.0,0.0687846465178416,-0.007569870833961689,6.4305459268786365,6.786919086741537,6.139168120151567,6.172211031143621,6.331029446086783,6.455753874215373,6.139168120151567
fae0c593,4403,11.236797112263936,dtw_raw,3.9194886448435997,10.025182273239993,7.154993926975185,54.0,36.0,69.0,0.0,0.0,0.0,0.0707783824809391,0.07973110691724453,11.436052764626154,3.9194886448435997,10.025182273239993,7.154993926975185,8.296298831317303,7.914502342716232,3.9194886448435997
fb03ae90,6431,10.626395468795028,dtw_multi_stiff,39.18282178814227,28.78605543885038,23.28022824684138,66.0,-30.0,-39.0,0.0,0.0,0.0,0.07555092518358493,0.040814067900112536,33.73689157573086,39.18282178814227,28.78605543885038,23.28022824684138,35.706107434873054,34.78579931141122,23.28022824684138
fb0904bd,3181,12.707599702436635,dtw_multi_stiff,15.056298803361365,5.13782874250285,2.1617304321808204,33.0,-39.0,-39.0,0.0,0.0,0.0,0.0687846465178416,0.09383614423400106,9.301950675376396,15.056298803361365,5.13782874250285,2.1617304321808204,11.252352873445128,11.97205561344433,2.1617304321808204
fb3848a1,5919,10.316424553070727,dtw_multi_soft,5.664261574705313,4.384128875252323,8.17707956193131,-42.0,-42.0,-42.0,0.0,0.0,0.0,0.0687846465178416,0.014473107894158434,6.209244402952072,5.664261574705313,4.384128875252323,8.17707956193131,5.083826571054486,5.913326939328603,4.384128875252323
fb73b13a,5640,14.313096497656145,dtw_raw,15.756305924600962,16.49306510319028,15.937955676286553,42.0,33.0,30.0,0.0,0.0,0.0,0.07014748001953838,0.01990313242383169,17.483764717002174,15.756305924600962,16.49306510319028,15.937955676286553,16.807164786359532,17.28476086976093,15.756305924600962
fba7683c,407,14.644206582394126,dtw_multi_stiff,13.211885296277586,14.280123731951539,11.905881846359721,-21.0,-21.0,-36.0,0.0,0.0,0.0,0.07555092518358493,0.2,16.57717927374026,13.211885296277586,14.280123731951539,11.905881846359721,15.291506932270712,13.211885296277586,11.905881846359721
fbd68d27,6829,9.849802764975692,dtw_multi_soft,32.111570800078866,30.729036503106904,31.981946663032886,30.0,21.0,33.0,0.0,0.0,0.0,0.0707783824809391,0.0645066049044595,29.34956974958958,32.111570800078866,30.729036503106904,31.981946663032886,30.317245514318795,30.23103928542284,30.729036503106904
fc03f21f,4803,15.32602968409782,dtw_multi_soft,10.929195650794622,8.989178873502743,11.055819645266748,-24.0,-24.0,-24.0,0.0,0.0,0.0,0.0707783824809391,0.11137179534869901,8.548533770338832,10.929195650794622,8.989178873502743,11.055819645266748,8.58686267598163,9.049737689452103,8.989178873502743
fc0d20b2,3954,8.446861157427573,dtw_raw,4.277272874733473,4.902454727358458,9.78851114219525,-84.0,-84.0,-84.0,0.0,0.0,0.012898330804248861,0.0687846465178416,0.013828249888618147,7.446161385204836,4.277272874733473,4.902454727358458,9.78851114219525,4.117184718460391,6.748422311585744,4.277272874733473
fcfcc902,2791,12.0099933608643,dtw_raw,4.799148224046865,6.014147952339865,5.622948414915323,36.0,30.0,30.0,0.0,0.0,0.0,0.07014748001953838,0.05539920319327485,6.609639719982421,4.799148224046865,6.014147952339865,5.622948414915323,5.898268255485684,6.042517249763487,4.799148224046865
fd3b4faa,5022,8.0,dtw_multi_soft,6.3603829408165895,3.793557289884787,6.110013829734919,-6.0,42.0,12.0,0.0,0.0,0.0,0.0707783824809391,0.0783293233673843,2.621716386156979,6.3603829408165895,3.793557289884787,6.110013829734919,2.922425598157682,3.0625380406156872,3.793557289884787
fd710aea,4217,8.0,dtw_multi_soft,6.1466825216598115,5.838808536649967,6.474536209229302,9.0,-9.0,-6.0,0.0,0.0,0.0,0.07014748001953838,0.13278793926194596,5.762681643845509,6.1466825216598115,5.838808536649967,6.474536209229302,5.825639005404593,5.948786444839831,5.838808536649967
fd8f77fa,5272,8.0,dtw_multi_soft,16.329842073404965,13.110659352381102,16.711516402797304,-3.0,42.0,36.0,0.0,0.00208649468892261,0.0,0.07555092518358493,0.13603844092475587,11.735164202046558,16.329842073404965,13.110659352381102,16.711516402797304,13.416840894885123,14.815162593373945,13.110659352381102
fde20ecf,4667,9.59019088715243,dtw_multi_soft,23.83602515723451,18.051888377251192,23.711707887081957,-63.0,-84.0,-69.0,0.0,0.0,0.0,0.0687846465178416,0.027871700646864166,12.530657798300457,23.83602515723451,18.051888377251192,23.711707887081957,16.371658191477906,14.076980007740083,18.051888377251192
fdfd57da,5236,8.682952139341637,dtw_multi_soft,8.906285082160341,8.021486602508931,8.813468832422778,0.0,30.0,39.0,0.0,0.0,0.0,0.07555092518358493,0.13256812522547415,7.513418391357108,8.906285082160341,8.021486602508931,8.813468832422778,7.706395848612679,8.135683302843914,8.021486602508931
febb4411,4247,11.76633477840446,dtw_multi_stiff,16.209122444919593,17.315260466343933,14.9810965818941,-27.0,-27.0,-27.0,0.0,0.0,0.0,0.0707783824809391,0.2,20.28400613325422,16.209122444919593,17.315260466343933,14.9810965818941,18.80622423343817,16.209122444919593,14.9810965818941
fef8af96,3826,8.0,dtw_multi_stiff,26.085140745808292,22.696561342085182,19.38335518605451,-9.0,-27.0,-63.0,0.0,0.021432305279665446,0.013329848405645583,0.0707783824809391,0.13252988986779052,26.093218191756105,26.085140745808292,22.696561342085182,19.38335518605451,26.055479256505226,26.053761631851273,19.38335518605451
ff0aea78,3261,10.028505434220957,dtw_raw,11.768997396282419,18.474041522861977,22.29664510363369,87.0,3.0,3.0,0.02177246243483594,0.0,0.0,0.0687846465178416,0.04958609353094181,14.93710384878928,11.768997396282419,18.474041522861977,22.29664510363369,13.514974557612693,13.883423780522941,11.768997396282419
ff8bb73a,5927,8.0,dtw_raw,7.595395117161364,11.232911777371433,7.844861425340776,3.0,-39.0,3.0,0.0,0.0,0.0,0.0707783824809391,0.03914543548978803,9.13160934770263,7.595395117161364,11.232911777371433,7.844861425340776,8.50303171525182,8.774171182745341,7.595395117161364
ffefef30,4570,10.213752980655189,dtw_multi_stiff,20.264641883452487,9.76369751766454,6.83875793141871,27.0,-27.0,-42.0,0.0,0.11050328227571116,0.10350109409190372,0.07014748001953838,0.0034562261845664205,14.36410213227348,20.264641883452487,9.76369751766454,6.83875793141871,16.389510432070626,14.462335867038211,6.83875793141871
