well_id,candidate,rmse,rows,fold,neighbor_distance,direction
00bbac68,last_known,15.263052288602681,6014,0,353.63060529297024,NW_like
00e12e8b,last_known,7.92458894231589,4301,0,2283.3801725389208,NW_like
01982c1d,last_known,6.33452473981023,3941,0,252.93397113869707,NW_like
028d7b28,last_known,7.393605105422137,6234,0,726.2462778333141,SE_like
044af7d1,last_known,9.868136513863366,4519,0,890.5602212087745,NW_like
0a57a29c,last_known,6.952723985070934,5821,0,336.40590717983764,NW_like
0d99f8e4,last_known,9.343320012239094,5823,0,332.6649139900157,SE_like
0dc835f3,last_known,7.2297789729208715,4428,0,202.24758478600307,NW_like
0dd99dc5,last_known,8.234632190411654,7342,0,299.7824512876945,NW_like
0e5e560d,last_known,10.293900986020363,3253,0,1896.617745618988,SE_like
14a53cb3,last_known,8.94761773897247,6919,0,489.427959125706,NW_like
14ab73fb,last_known,14.81915286795364,3649,0,1632.0408373801974,SE_like
14ad5efb,last_known,6.298504340917485,5842,0,357.9973048198511,SE_like
155887bb,last_known,11.793313793912793,5585,0,58.6071002521971,NW_like
198a5607,last_known,9.944851115115334,6251,0,390.30713448993475,NW_like
1a518997,last_known,10.76070073803029,4606,0,362.13450156552693,SE_like
1aaf1da0,last_known,9.288199403984146,4804,0,373.18377542677314,NW_like
1b08ed48,last_known,11.838490879530399,5618,0,165.39661517978593,NW_like
1d78281a,last_known,11.881246003992382,4949,0,321.81285191718183,SE_like
2043abc5,last_known,18.043675019417094,6958,0,1422.9786316385316,NW_like
230eaaa3,last_known,25.322864048616943,4690,0,507.198973579576,SE_like
25050f63,last_known,37.996607342363916,6124,0,527.4159635500276,NW_like
25fd32b3,last_known,3.1781649872704114,2885,0,1012.0285475219785,SE_like
27300fd5,last_known,17.389589831741016,5467,0,46.9724727900327,NW_like
28f4eda9,last_known,12.159025419229918,5266,0,537.6978809395898,NW_like
2b547943,last_known,12.241457142013665,3480,0,453.87296592772327,SE_like
2bff06cf,last_known,28.427941006681795,7624,0,1924.9197391321197,NW_like
2d196986,last_known,11.991317360702503,6474,0,819.386649304128,NW_like
2e29e833,last_known,4.3076518266215045,5428,0,1385.2324580733548,SE_like
2f8e53c3,last_known,3.293055138227308,2594,0,1.516789190979803,NW_like
33c40295,last_known,8.700789781165115,4169,0,776.4682675425402,NW_like
347242c8,last_known,2.242023016039388,3595,0,1003.8383567533018,SE_like
37344c2a,last_known,13.239300394199656,5197,0,335.38883836527555,SE_like
373ef48b,last_known,5.207191387759596,3509,0,352.8949172205331,SE_like
37d36812,last_known,21.856313079076383,4367,0,297.81613169230116,NW_like
3a86fe8d,last_known,11.634711217695367,5118,0,314.9548108856752,SE_like
3aaa2b30,last_known,17.520232328990414,4711,0,390.9621063867555,SE_like
3bbe1f5d,last_known,10.572803005133604,6918,0,701.7153235463395,SE_like
3c3dbcbc,last_known,8.29349171896155,5069,0,356.5374691391497,NW_like
4121c517,last_known,11.223238561279205,3723,0,167.55844950341768,NW_like
42669188,last_known,23.030677799344762,4282,0,2636.300117109524,NW_like
43e16325,last_known,45.776662453735184,3720,0,2755.4173633464643,SE_like
44441e54,last_known,3.668929750345109,4357,0,52.54517304309415,NW_like
4463446c,last_known,18.86029305975226,3256,0,2464.4666150326516,SE_like
463c38f2,last_known,6.316346789980795,4460,0,877.5307657638859,NW_like
46a7190b,last_known,13.31037471543342,4215,0,878.4241989497532,SE_like
46dfcfca,last_known,23.306915931867923,3606,0,1232.147965643555,SE_like
47222616,last_known,12.72802806095558,4406,0,355.1655846223129,NW_like
4936af16,last_known,5.12683088404085,3991,0,317.662338783178,SE_like
493b5b31,last_known,20.806259253075513,4671,0,187.83217243082925,SE_like
4c3df468,last_known,20.730613836474724,5392,0,529.4321407886375,SE_like
4ddde4c1,last_known,4.584881244279585,4472,0,166.72394669002952,NW_like
504c8b08,last_known,20.6567768266876,6367,0,391.857680797619,NW_like
516088b7,last_known,6.371603205164532,6645,0,341.392593196462,NW_like
53134831,last_known,17.343954276390388,5126,0,329.27781173323444,NW_like
543198e8,last_known,20.51495618405221,6503,0,1132.1443484148547,NW_like
55efee7f,last_known,25.83515609352923,4801,0,449.8700990287463,NW_like
5663b2b7,last_known,16.28409405856329,4972,0,0.0,NW_like
5693dde2,last_known,6.95783505375875,3488,0,1444.3186048096422,SE_like
5a5d1982,last_known,7.106652935637849,3894,0,336.249536654112,SE_like
5aef5c6c,last_known,10.926258823623487,3121,0,2357.0426288252693,SE_like
5fb1c15f,last_known,18.291082508578185,2860,0,729.6041162850158,NW_like
633774dc,last_known,14.212429924790966,6233,0,788.860868676361,NW_like
660d9546,last_known,9.433757519583331,4732,0,367.35007077679086,NW_like
684a6fc1,last_known,24.030978453294004,9818,0,0.0,SE_like
69c1bdad,last_known,9.789958199101882,2714,0,505.59047508818566,NW_like
69e41fa6,last_known,5.861732687565972,5772,0,193.96715114776225,SE_like
6ea22614,last_known,6.4753183432909225,5971,0,371.7462151790851,SE_like
7256229b,last_known,6.6453924693055635,5415,0,711.1376708129145,SE_like
75c20ec7,last_known,11.054465755153933,5361,0,929.9304515929757,NW_like
764072a5,last_known,6.358306065218297,2949,0,322.71143485561925,NW_like
77b0d905,last_known,13.048365351893997,4174,0,468.69032014748063,NW_like
7987f2f2,last_known,12.030471815010397,3705,0,267.85384651482536,SE_like
7bb17b96,last_known,17.009046194531738,3922,0,544.6597765577343,SE_like
7c607683,last_known,16.864753655466934,5328,0,357.2619323703998,NW_like
7ff89f8f,last_known,14.155555516103233,7337,0,505.4067409035865,NW_like
833af382,last_known,11.932419080398546,3628,0,347.5899807502574,NW_like
85380836,last_known,14.16579981313258,6618,0,331.20214144842294,NW_like
8648abae,last_known,6.857839767871924,4244,0,479.84882827824754,SE_like
865033f8,last_known,5.940308678128904,3557,0,291.1783111771956,NW_like
8b5be31b,last_known,14.42858472653754,5672,0,370.99952088921975,NW_like
8b95d6d1,last_known,12.821591683060278,1731,0,0.0,SE_like
8bb9c1e6,last_known,5.877089429163017,4546,0,330.6156408681994,NW_like
8c8348e8,last_known,6.541121071059431,3888,0,1055.7720376025272,SE_like
9283ae69,last_known,6.173284378497139,3371,0,435.84089234837165,NW_like
9298ad5b,last_known,13.089984763550598,3964,0,721.769574864293,NW_like
944f36b9,last_known,6.513075857645095,4630,0,69.37616168387635,SE_like
9719aa04,last_known,7.07656345543121,4871,0,176.2466267860995,NW_like
97cd5bf9,last_known,9.273936692075774,3449,0,1026.3814050084814,NW_like
9896fc0b,last_known,15.814766850712997,3595,0,564.067419184855,SE_like
992c99e8,last_known,13.77905931963707,4904,0,330.5574402429762,SE_like
9ab94eeb,last_known,8.205724523051869,4442,0,738.5652690199947,NW_like
9b5b61c1,last_known,5.429982209622746,5532,0,374.0386435919235,SE_like
9d4272e3,last_known,17.76831335353228,4030,0,1561.7743603028186,NW_like
9dede370,last_known,18.676124657054373,6297,0,189.40235954153897,NW_like
9dfff011,last_known,4.8459695911212535,4319,0,1688.6034252478223,NW_like
a0b83014,last_known,17.51843897699374,5035,0,390.68079228365406,NW_like
a3518960,last_known,7.100675858286987,4967,0,604.2123513153024,SE_like
a4719920,last_known,7.205451003735877,5884,0,1080.5094533039737,SE_like
a48640d9,last_known,21.626612771414322,4532,0,748.9941722737178,SE_like
a645da9a,last_known,8.951092580974047,5153,0,623.6740462773744,SE_like
a692b17e,last_known,13.138061444708827,3566,0,329.00206647461516,NW_like
a6b8ac67,last_known,10.875902281234387,5453,0,681.1976182394292,NW_like
a85e4bc3,last_known,9.638478456190704,4581,0,1171.1992196464034,SE_like
a959858c,last_known,65.35865899088088,4404,0,248.4930622775124,SE_like
ab112491,last_known,28.204036984751497,5185,0,1409.9402103792704,NW_like
ab18d3fc,last_known,16.597890792722144,5694,0,699.0627622722183,SE_like
ae35f33a,last_known,5.0951729458693835,4450,0,158.95542331105435,SE_like
aff4e561,last_known,10.851934253065428,6026,0,512.4125925463032,NW_like
b19b0395,last_known,10.045237735851847,5813,0,346.1100518042865,SE_like
b38e3116,last_known,6.404438939196513,6211,0,165.82653162905146,NW_like
b7974e66,last_known,6.972963992749996,5558,0,369.278466460025,NW_like
b8c49c1a,last_known,8.256954162110757,4319,0,511.7373937866445,SE_like
b95e7121,last_known,3.4204599760598935,6306,0,331.68348692276936,SE_like
ba48188d,last_known,50.93720227649117,4166,0,481.40687341353896,NW_like
bd4ae5da,last_known,14.052431666337634,5006,0,303.8359486630581,SE_like
bd8f847e,last_known,7.389741905257485,4961,0,547.2634318035787,SE_like
c07fd0cd,last_known,4.052934357090802,4191,0,192.19595643933286,SE_like
c3957531,last_known,12.518722274768233,5316,0,491.5940761440804,NW_like
c472c0b5,last_known,8.28128095427446,3054,0,171.82372391480874,NW_like
c50b42f6,last_known,8.604265674370385,6014,0,400.50508473670595,SE_like
c593337f,last_known,23.822334034025907,5208,0,1467.3801277444802,NW_like
c84c65be,last_known,9.738388019795911,8496,0,470.5362919049343,NW_like
c9578d27,last_known,10.306756368182521,4487,0,673.645467543718,NW_like
c96c018a,last_known,12.859960619036775,6236,0,380.906536016652,SE_like
c99f9fae,last_known,5.40523137400998,6361,0,1592.65399899012,SE_like
c9fedcf3,last_known,7.471714606706554,3517,0,1178.895696387775,SE_like
cbe51de1,last_known,15.022202061672788,3963,0,324.06363994945195,SE_like
cc08aa63,last_known,12.988941242217614,3274,0,515.1613651081468,NW_like
cda7eb37,last_known,10.042623008757838,5973,0,220.16005938282035,NW_like
ce8399b7,last_known,3.363562739626084,1615,0,0.031622776852017344,SE_like
d3df146b,last_known,11.69933929625434,5787,0,378.2860458702564,SE_like
d40f61d5,last_known,4.553018133859985,4039,0,353.99582298847713,SE_like
d50c649a,last_known,6.81996221614117,4873,0,377.0409284330357,NW_like
d7ba4f9d,last_known,5.098116159708834,6023,0,548.7438256388855,SE_like
d84b621b,last_known,21.82037371732548,3994,0,692.8433506367863,NW_like
da2d4d7c,last_known,3.5771941153487132,2114,0,370.32103801984994,SE_like
dd7d638e,last_known,6.017680647613085,4301,0,366.03295981960093,NW_like
e46f4ef4,last_known,4.926550809338883,7195,0,395.4989444691412,SE_like
ea41324e,last_known,5.294230079936561,5025,0,376.8079117079957,NW_like
eabc711b,last_known,11.698478022871637,5348,0,491.7218143802355,NW_like
eba6605e,last_known,15.631712662756936,4410,0,1905.8986097032973,SE_like
ee0300f7,last_known,25.680311432467565,4544,0,522.6840821970901,SE_like
eeda36f5,last_known,5.470124457464137,4797,0,667.7710288033161,SE_like
eeed308d,last_known,9.69013148078532,3899,0,419.5648243121167,SE_like
f021b650,last_known,6.684494210561717,3739,0,1821.2216195728108,NW_like
f4d12d23,last_known,16.062842467413066,3701,0,326.3745046719839,NW_like
f6bc699b,last_known,10.622157035929634,3752,0,792.8254645886047,SE_like
fb03ae90,last_known,42.88755217158539,6431,0,390.7577548947262,SE_like
fb3848a1,last_known,9.958923975567506,5919,0,357.94729500333796,NW_like
fb73b13a,last_known,9.977934385041513,5640,0,235.014632154616,NW_like
fc0d20b2,last_known,11.932087953866953,3954,0,349.45081399246055,NW_like
fd3b4faa,last_known,7.446926041471426,5022,0,493.2024356183112,SE_like
fef8af96,last_known,44.55173272632465,3826,0,873.3795783147343,SE_like
ff8bb73a,last_known,9.861864748200674,5927,0,249.92891697555507,NW_like
015fe0d2,last_known,23.154889673287215,4296,1,1030.5972525675907,SE_like
02e7fe5a,last_known,8.414429717261077,5108,1,291.90977852724956,SE_like
0849b4e2,last_known,14.567522114617379,5537,1,190.9022330933709,SE_like
09053135,last_known,13.261553626472297,5907,1,813.6775194756696,SE_like
0955cd6c,last_known,8.023088122545198,5195,1,317.90936754144786,NW_like
0be01c24,last_known,8.273369324203173,4738,1,179.49315453101292,NW_like
10a1281a,last_known,3.5911852573850855,5609,1,340.87715942500586,NW_like
1131525f,last_known,14.670165574890584,4159,1,719.4073188395414,SE_like
11d0f5ac,last_known,22.169205194123972,4883,1,1160.747946714508,NW_like
12203f2a,last_known,13.762320645487467,3261,1,248.43893917827313,NW_like
122bd617,last_known,11.670160284769418,4570,1,392.96220785227615,NW_like
13ce113d,last_known,3.381014512965784,2966,1,4145.352971822648,NW_like
13f598d9,last_known,15.16858992587756,7306,1,311.237708936873,NW_like
19871e7f,last_known,5.353880109906093,5293,1,348.62034518628263,NW_like
19fb4f7b,last_known,11.089880426882702,5620,1,272.6096802047049,NW_like
1b1eba53,last_known,70.63937461968057,4655,1,1219.4399881658474,SE_like
1fdbba44,last_known,5.835321753197851,4911,1,322.59718146555895,NW_like
201661b5,last_known,12.376074593108253,5955,1,1973.5813292851453,SE_like
204cc64b,last_known,6.09488008126444,4805,1,170.8411557557933,NW_like
206b6193,last_known,36.50899923584182,6535,1,1767.5586644390582,NW_like
24d8997e,last_known,5.6395027824068205,3442,1,686.3913868924343,NW_like
25939962,last_known,11.099661933822553,4319,1,310.0154361276239,NW_like
264feceb,last_known,10.863394363873287,5665,1,327.2847312355212,NW_like
2ab29395,last_known,2.45945596628769,1852,1,370.5205592745193,SE_like
2ac7cb6b,last_known,19.596293256603055,4990,1,946.8151095648478,NW_like
2f19d536,last_known,6.535598394413745,3088,1,1871.053514876392,NW_like
2fe023be,last_known,12.90931147808348,4221,1,392.45850300421205,NW_like
30d75030,last_known,17.599318669377997,3404,1,446.7302735430055,NW_like
353e5502,last_known,5.639360585146688,6062,1,1133.234722817905,NW_like
367456ce,last_known,12.622377103894497,5569,1,337.3686941122909,SE_like
368131f9,last_known,20.875783169531438,4991,1,663.822989207324,NW_like
368fe682,last_known,13.878502686940966,4936,1,690.0043346242984,NW_like
3ac16ad0,last_known,8.880546118495223,5649,1,532.0396470190067,SE_like
3b21ea64,last_known,8.368949948322665,7376,1,127.51514301345946,NW_like
3e011332,last_known,17.42146062278745,2723,1,356.7979288056891,NW_like
3e678ea7,last_known,10.229911981746914,6858,1,396.0313616018213,SE_like
3ef6372a,last_known,6.229379944022544,4727,1,508.8390814782524,SE_like
42c538a1,last_known,26.18883109705342,3279,1,2533.025221040766,NW_like
43c7f85a,last_known,11.180370167514397,5978,1,636.6553467541719,SE_like
4654e7de,last_known,5.262206132576318,5373,1,1090.7031691602292,SE_like
4a335117,last_known,25.01473417971471,5015,1,296.465648094143,SE_like
4cd1ac61,last_known,14.744577751415134,4489,1,376.31551984677526,NW_like
4f4afcc6,last_known,8.324204115356522,5645,1,352.32520851229077,SE_like
521a7819,last_known,25.361861575542044,5200,1,344.49447673369707,NW_like
5254b6db,last_known,7.293881229520888,3274,1,391.54566674838475,NW_like
5542c301,last_known,5.501114137426537,3591,1,377.4094172434859,NW_like
58850d2c,last_known,14.887955622671049,4995,1,881.8511655037217,NW_like
58fa8486,last_known,11.865701003853058,4475,1,377.489458925663,NW_like
5aa403d0,last_known,25.684478606280763,3118,1,365.64510238746044,NW_like
5d11dfb5,last_known,9.758377072411292,5895,1,197.8600830167291,NW_like
5f6756c5,last_known,8.573813859683462,5931,1,511.6395259363543,NW_like
62a6f539,last_known,7.864940463331049,3693,1,318.3892677718098,NW_like
65156b96,last_known,6.076781706471203,3221,1,1075.5918626652383,SE_like
67a8da4a,last_known,14.48691836331104,4911,1,361.42538133653943,NW_like
6d1d74e1,last_known,11.887571200184345,5830,1,530.3609626083758,SE_like
708caea9,last_known,34.916458237909005,6548,1,337.80574447453216,NW_like
70925e23,last_known,14.784803005082047,5947,1,4077.6993026092123,NW_like
726f3dc2,last_known,6.931383638655225,6723,1,191.09828924281422,NW_like
729665c0,last_known,8.662513145164612,4263,1,406.33181625363187,SE_like
72dd8501,last_known,6.0720820352358595,5193,1,181.15612989927078,NW_like
739a914f,last_known,13.540022100878758,5505,1,335.31906800116246,NW_like
76201745,last_known,7.881811891978768,4448,1,69.07906685329742,SE_like
78a4a386,last_known,5.866186376682608,5119,1,0.0,NW_like
7b38844c,last_known,7.388349907150671,3749,1,109.6607701045472,NW_like
807f0298,last_known,8.853825493010934,3747,1,485.22485849332475,NW_like
81bf5923,last_known,31.31927935297995,4543,1,580.011196656863,NW_like
82fcf37c,last_known,6.562385974432521,6014,1,509.8295814286621,NW_like
8382f4b6,last_known,35.957613544757436,4967,1,309.70315450338126,SE_like
8478df29,last_known,14.043024034272376,4857,1,255.47427758434594,NW_like
84815d5a,last_known,18.796385252137515,3647,1,175.0037371032734,NW_like
84c3b497,last_known,18.960394713110585,5312,1,825.4868038312081,SE_like
86454a6f,last_known,70.26338513734783,7964,1,654.1287787100882,SE_like
87695469,last_known,7.051593014629924,7003,1,460.17245832401926,NW_like
8902c3f6,last_known,8.832044207317482,4959,1,1594.8200092737902,SE_like
896d15b9,last_known,29.78460727060298,4279,1,1375.415277214291,NW_like
89f36adf,last_known,4.477972454313123,5292,1,328.9512355959778,NW_like
8ac2f237,last_known,16.45119897844976,5319,1,494.9595217795423,SE_like
8b12bab6,last_known,15.811256392108719,5234,1,489.6240719641075,NW_like
8bfa881d,last_known,24.907656478671402,4089,1,608.6514185154377,NW_like
8d5d46d7,last_known,14.448678432466647,5755,1,351.1064826955047,NW_like
8f201368,last_known,31.179492905922075,6349,1,369.92926300683894,NW_like
91db7070,last_known,40.80747690976154,4073,1,362.7372740706411,SE_like
939d9c34,last_known,15.729081869192102,5101,1,631.7189528582475,NW_like
992ce078,last_known,5.02484380821733,2879,1,414.2852826252939,NW_like
99529c45,last_known,21.675545088419643,5840,1,875.2780059498349,NW_like
999daf80,last_known,5.121625403452367,3564,1,357.6432557382536,NW_like
9c350a6a,last_known,17.397946606336834,6052,1,1275.966566325214,SE_like
9d5e14d4,last_known,28.543156532728414,5400,1,565.4150482609667,NW_like
9e3e364d,last_known,4.097267023631261,4290,1,573.2569045375237,SE_like
a08d9e63,last_known,21.46258569009769,3685,1,869.8107532677803,SE_like
a2e8e7f6,last_known,10.698430341162505,4760,1,103.5890462353991,SE_like
a4cdbb0f,last_known,11.150021440885437,5204,1,641.2257769304425,NW_like
a5aa7973,last_known,14.159778554983863,4616,1,164.28394930727703,NW_like
a622ce4d,last_known,14.236097814848373,6298,1,338.3995273343961,SE_like
a76db406,last_known,3.7043201708377427,4672,1,1033.0354015714504,SE_like
a7744f5b,last_known,13.084948643934053,4377,1,336.983258762183,SE_like
a7fc3e6b,last_known,18.149529358993682,4764,1,2632.095700488149,SE_like
a9c9b150,last_known,1.1630317709118394,3986,1,338.9776998564047,NW_like
aaaf3c03,last_known,15.079592231507316,2997,1,852.0935737534375,NW_like
ab94878e,last_known,6.090270250340663,6004,1,320.07059543965613,NW_like
ae0784a8,last_known,10.87737509844777,7823,1,659.9911250919915,SE_like
aee6393a,last_known,4.665683726709421,5865,1,397.17154890644895,SE_like
b04b58a3,last_known,13.058667367524363,3402,1,2467.959939648059,SE_like
b3388334,last_known,14.23010661853958,6080,1,420.6440028838779,SE_like
b37fd114,last_known,24.97877020046922,8161,1,1593.534416446716,SE_like
b4d8dd4f,last_known,17.098418824477594,4259,1,895.6767154939789,NW_like
b4f37e6e,last_known,14.94895263643877,2992,1,789.8450291038855,SE_like
b7cdcecb,last_known,9.274351431311539,6168,1,621.9106719270856,SE_like
b7fea9ef,last_known,11.148074644872509,3866,1,17.39148817304338,SE_like
bb2cdd83,last_known,3.017674077265869,3825,1,333.3173412827803,NW_like
bc4381e2,last_known,12.598370947658928,4955,1,651.9185956083635,NW_like
bd2c2f34,last_known,5.663541608648027,9823,1,366.6273663881178,NW_like
bd6f0e19,last_known,10.118149844909517,5140,1,340.6283491026744,NW_like
be35c8f2,last_known,4.674735185385168,4226,1,921.5309890699343,NW_like
bffe3082,last_known,16.598918029974968,5723,1,1246.7394937250178,SE_like
c1d046f4,last_known,7.700112298091984,5513,1,380.86108714320045,SE_like
c43812e2,last_known,7.016864008504025,5527,1,1039.4036395962112,NW_like
c9e6734f,last_known,10.310371611471203,4735,1,600.7136979922742,SE_like
c9e980e8,last_known,9.741734918381256,4359,1,289.9556134996529,NW_like
cd7f1687,last_known,10.573162838089827,4232,1,637.3701776834791,NW_like
ce55ba43,last_known,14.30444944852245,4104,1,369.8725895493589,NW_like
cf50c9d1,last_known,31.56819712560828,4858,1,345.27357573374996,NW_like
d00e7eb9,last_known,7.907003476643952,5704,1,3537.3432260408918,SE_like
d07aed8f,last_known,5.402411556483793,2957,1,2043.377741339243,SE_like
d085e611,last_known,10.083729659420946,6191,1,0.0,SE_like
d0a0e7b5,last_known,11.676903707262621,3816,1,316.8331190518554,NW_like
d0a43760,last_known,4.249353040412356,4041,1,1119.9575157119873,SE_like
d24ff243,last_known,3.584579952704873,5641,1,691.0789253046081,SE_like
d6c320d9,last_known,11.20598215508914,5452,1,1047.2839780117845,SE_like
d90aa14c,last_known,11.994352891576652,10018,1,5775.716659294537,NW_like
d9eca87b,last_known,26.443315428754445,6373,1,529.7045949394264,NW_like
da3bfe4e,last_known,30.20824343453741,5549,1,864.6750364154541,SE_like
da3cf798,last_known,16.905110806271015,5844,1,370.78992610350235,NW_like
dbee6c86,last_known,4.395928954072107,7369,1,333.1933534910567,NW_like
dc5fbe29,last_known,7.9201039214922035,5203,1,476.4647435953716,SE_like
dc7da28f,last_known,10.223244436669471,4774,1,1752.8556967410195,SE_like
dc7f9757,last_known,9.810154572145091,4360,1,820.1713647302013,SE_like
dd6bc5b2,last_known,11.780956097388067,3602,1,618.1807336049075,SE_like
df73b8f3,last_known,15.617554195793542,5311,1,510.4304030292293,SE_like
df8290be,last_known,13.009724784668556,3972,1,328.0433251875524,NW_like
e149204f,last_known,4.546152895643239,6097,1,1172.2377627856406,SE_like
e25f1537,last_known,13.005049007414012,3177,1,4118.297787544891,NW_like
e6c55748,last_known,9.397103554297912,4472,1,696.0798578464285,SE_like
e7d0c1de,last_known,6.860255388151551,4711,1,172.52700947970646,NW_like
e97032ad,last_known,11.959144677460708,3530,1,19.319795547932152,NW_like
eb934281,last_known,3.1374200876783114,5971,1,171.98425597170865,NW_like
ed6436d6,last_known,1.6175417954726792,2945,1,268.2908306296682,NW_like
ed6e6e54,last_known,11.951935194527213,6048,1,180.2635476185307,NW_like
edf885a3,last_known,12.288723348140039,3117,1,707.5188128944794,NW_like
f88ddb26,last_known,51.40308485650886,4990,1,594.5677396225054,NW_like
fa667be2,last_known,8.802015991385062,7296,1,265.2577259914125,NW_like
fae0c593,last_known,10.97095627674098,4403,1,204.4068866253356,NW_like
fbd68d27,last_known,22.09543667740266,6829,1,370.0710214268154,SE_like
fc03f21f,last_known,12.90913373270699,4803,1,354.8906432363755,NW_like
fcfcc902,last_known,8.80765155445474,2791,1,2086.4662226121304,SE_like
000d7d20,last_known,7.454442102844319,3836,2,292.65364820652445,NW_like
0390d174,last_known,8.517417217402954,4411,2,452.33228892031366,SE_like
0498acab,last_known,5.996139045372776,4798,2,1559.6123274711217,SE_like
052d64df,last_known,7.3962717049147795,2445,2,942.6381286067667,NW_like
071d7b45,last_known,17.11579247751261,3211,2,4410.854133928914,NW_like
084d66f9,last_known,10.693040191903986,3885,2,876.2949284343175,SE_like
09ec2ca9,last_known,6.13281698431714,5885,2,827.3460694499482,SE_like
0dc5e64d,last_known,18.008822359134772,4879,2,220.83370119609776,SE_like
10b89021,last_known,14.721334704881999,5414,2,277.27351600479824,NW_like
10be2420,last_known,13.259451874685324,3271,2,364.4968883055751,NW_like
113011eb,last_known,5.177910618587731,3272,2,509.7550683788129,SE_like
125be846,last_known,18.441379950265283,6510,2,341.38289968904667,NW_like
1285a37b,last_known,5.549117512133954,5597,2,48.116541853994335,NW_like
1295a25b,last_known,9.716800903498608,5551,2,720.3684672071892,SE_like
1550491d,last_known,21.167156242041475,4563,2,185.33207223778865,SE_like
16e4a047,last_known,10.715407020528387,4131,2,665.1679890148864,NW_like
173ed841,last_known,17.58051747694951,4883,2,172.3122375822063,NW_like
18d24f7b,last_known,7.530076271970659,4558,2,339.1228037158679,NW_like
19137a89,last_known,18.119920942456794,6267,2,347.4575281966801,NW_like
197f8a5a,last_known,24.61555435098563,6310,2,739.720645076344,NW_like
1a730ac2,last_known,16.350400725581075,4605,2,260.0207007122773,SE_like
1b1c5372,last_known,17.833374900392585,4261,2,320.1942736839796,SE_like
1b6ba517,last_known,7.818279827064867,6597,2,506.0848846012436,NW_like
1beca81d,last_known,8.154769966888065,5036,2,1189.5161827313136,SE_like
1e30dedf,last_known,12.137059232129838,4071,2,351.5901036719124,NW_like
20096916,last_known,10.457150039432173,5133,2,358.63001548685634,NW_like
22c5f93f,last_known,7.091232323797548,5172,2,713.9365686105826,NW_like
2364716c,last_known,19.668009235301668,4316,2,696.9655837988659,SE_like
27c3155b,last_known,18.11085336032788,4958,2,174.4585787517997,SE_like
27ebb9b9,last_known,9.988233062217338,5766,2,186.9045489973156,NW_like
283269ac,last_known,1.1159494538507433,2626,2,504.9482093981054,NW_like
28473855,last_known,4.546502439117813,4290,2,2500.6377524545296,NW_like
2b034622,last_known,6.805621396093291,5203,2,558.0368644632802,NW_like
2b06ad65,last_known,2.7463768040476424,4256,2,181.6491870008684,NW_like
2cee0cba,last_known,10.665140786694133,5500,2,329.5268762176911,SE_like
2d2d0c6b,last_known,3.045945300727323,5045,2,710.341247384483,SE_like
2ddad940,last_known,7.645816438023014,5331,2,182.50315331363117,SE_like
2e63d9de,last_known,13.77390817425645,4699,2,551.913789928964,SE_like
2fd68f7b,last_known,60.74015262396321,4730,2,254.04539403251343,SE_like
3584a6eb,last_known,9.108318362664079,4494,2,354.66049977427406,NW_like
3690a146,last_known,7.130156510792888,4073,2,678.8225947920588,SE_like
374be387,last_known,6.712762639770746,9965,2,368.2030610176797,NW_like
39b51819,last_known,3.160351282946552,4231,2,748.9712518870684,NW_like
3a0af893,last_known,18.6897660134781,2927,2,470.01981984650104,NW_like
3d96d897,last_known,3.6092906343486293,5659,2,338.75823367404587,SE_like
3f603129,last_known,29.712176284154232,5051,2,756.0487137746276,SE_like
45fb3e21,last_known,25.15963005414619,3649,2,500.49539238654637,NW_like
46d24a09,last_known,21.034427197140683,4449,2,322.3703443246413,NW_like
49dbc14c,last_known,5.472416193779096,3872,2,361.7425776711012,SE_like
4caa7289,last_known,9.679853283039389,5396,2,336.16018984559844,NW_like
4cecf7b3,last_known,8.796914734080126,6019,2,330.19745687609077,NW_like
4f69febf,last_known,14.941245790403045,5460,2,517.1082333516879,NW_like
511e1db0,last_known,2.646655635093415,3821,2,0.031622776852017344,SE_like
512943b2,last_known,4.032978673574936,5029,2,382.2537886388559,NW_like
54a7e3c2,last_known,11.037762426443331,6155,2,390.30448946968085,NW_like
56b00794,last_known,29.944728017238926,6065,2,344.751203683644,SE_like
57796579,last_known,12.813078334954168,5890,2,344.17422939766203,NW_like
591cc951,last_known,15.021994805073081,4609,2,446.6435681158624,NW_like
5a63b5d1,last_known,19.44924550712061,6217,2,1241.7615372124478,SE_like
5cb483ac,last_known,6.114075023717169,3852,2,206.07005978710419,NW_like
5eae34a8,last_known,7.397484649492449,4904,2,696.7954587891525,SE_like
61f27424,last_known,2.8150009994687166,6220,2,416.91637638758186,NW_like
63559d57,last_known,5.894220519880757,4069,2,266.33329814364873,SE_like
647f2a41,last_known,6.546227092935274,3881,2,408.70754336066574,SE_like
656a067b,last_known,14.667037832749068,3051,2,174.4853126688838,NW_like
65a5466a,last_known,11.991020361693243,4683,2,256.77098064242705,SE_like
6767c111,last_known,17.475154063370617,6783,2,522.4752220920697,NW_like
67847288,last_known,11.461290028070946,7429,2,355.60931202630405,NW_like
699ea575,last_known,10.392889600471305,4120,2,948.0745376815113,NW_like
6a0ff78e,last_known,11.350827388917207,6465,2,330.3181575390725,SE_like
6d590e26,last_known,8.629685403348205,6096,2,194.3450112559201,NW_like
6d6d93af,last_known,32.195372520142506,3595,2,769.8226708144452,SE_like
6dbe4b60,last_known,8.699464045404161,4648,2,626.7060004453622,NW_like
6ede926a,last_known,7.686767373145472,4938,2,684.7848720585572,NW_like
729f4217,last_known,16.25171177822061,6195,2,361.83680534189097,SE_like
75d20a82,last_known,17.230705080539593,5067,2,0.0,NW_like
7993a768,last_known,8.94458476658435,5487,2,293.82268292293696,SE_like
7cbbd047,last_known,12.532698729088267,5121,2,629.432325591785,SE_like
7cd4bb31,last_known,5.9143797077311655,6439,2,701.4592715457375,SE_like
7d57c75d,last_known,14.198113996829493,4405,2,264.7101246649113,NW_like
7e721392,last_known,40.331826473951956,6174,2,1639.4215992892528,SE_like
81fc01c6,last_known,15.007610097527794,5909,2,1046.9683313964447,NW_like
8612b37f,last_known,19.617069448970486,5165,2,764.198746668025,NW_like
884ecb5f,last_known,19.928910115404566,6724,2,644.2264860278792,SE_like
8995c945,last_known,17.049572930743697,6724,2,337.2978667290614,NW_like
89fdb2f2,last_known,1.6866180518953557,2031,2,1.5061540423429862,NW_like
8a89da23,last_known,24.252456304947117,3935,2,481.9010871819819,SE_like
8a9c8932,last_known,2.3969295087935425,4663,2,689.7743502821733,NW_like
8c167025,last_known,12.842100494100917,5368,2,1198.019871621531,SE_like
8cc21f01,last_known,5.692405675014437,4044,2,881.5115017396477,SE_like
8d92cb49,last_known,7.261615385751236,3589,2,387.8173427014028,NW_like
90386ee4,last_known,10.152954610245539,3840,2,353.42045950965144,SE_like
91abc4c7,last_known,7.02683994774031,5848,2,335.4567682800041,NW_like
93f5d2e6,last_known,20.10571368100563,3691,2,478.14822346217807,SE_like
94d813a4,last_known,36.730942118502206,4847,2,360.38312848985834,NW_like
96936c22,last_known,4.079825343764616,3346,2,273.38647095298217,NW_like
96ae5806,last_known,8.450669041365172,9839,2,288.43500567727887,SE_like
96b7eea1,last_known,12.405056848354107,4332,2,344.83703517073644,NW_like
995ff498,last_known,8.343710199277547,4526,2,708.3378566754756,NW_like
9bd2bba3,last_known,15.673287472863077,7439,2,333.70685508791587,NW_like
9c211c53,last_known,6.466506541772609,7265,2,995.2578135335368,NW_like
9d072e4c,last_known,9.990804668905984,5107,2,420.84117859354325,SE_like
9da441ba,last_known,15.618529769468404,5783,2,357.96180980926346,SE_like
9ffce529,last_known,11.084878093703349,5212,2,476.7801023942776,NW_like
a0383629,last_known,8.416225361246278,5832,2,708.6495667816323,SE_like
a247e7cf,last_known,4.201165296490171,5674,2,519.5440478918429,SE_like
a4f989c2,last_known,10.578786672639087,5385,2,0.0,SE_like
a5e6f7dc,last_known,6.350818327780091,5649,2,1143.4052680620787,SE_like
a6ed2eff,last_known,8.632582794631363,5275,2,305.23602834541066,SE_like
a783cc24,last_known,26.72523186448825,1889,2,1.0722406444554577,SE_like
ac6f01d5,last_known,15.962529701035821,5004,2,1187.4218783566275,SE_like
ad2133a8,last_known,28.088198915386187,5729,2,482.4629660275349,NW_like
af7a59ce,last_known,4.115059728297358,3024,2,1024.1925149113551,SE_like
b0f53bf4,last_known,9.231328022549082,2755,2,646.4154295806273,NW_like
b1efb8a4,last_known,8.506706925766984,5998,2,168.80510181888138,NW_like
b85f7b06,last_known,3.569865119414346,3803,2,300.3541531260103,SE_like
b977be4a,last_known,18.57837175934225,5917,2,417.69258902342,SE_like
bb337fa0,last_known,24.083821271230853,6873,2,453.5244401352356,NW_like
bb682ebd,last_known,19.87022580202752,4139,2,162.01402933062627,NW_like
c1708b88,last_known,18.304767828554887,6315,2,2831.894165406564,SE_like
c2c6fc71,last_known,11.767462410523247,7119,2,67.40046958307363,SE_like
c47e0767,last_known,21.47720905393819,4356,2,344.9918962817566,NW_like
c6c96179,last_known,8.772647918302802,4004,2,155.9042218800603,SE_like
cb34231f,last_known,5.418906491757253,5609,2,13.986952081758655,SE_like
cb879f40,last_known,8.79643766880234,6315,2,190.79437544145222,NW_like
ccedb12b,last_known,10.609060511646556,4401,2,186.68007954792654,NW_like
d1ecf309,last_known,9.37828460834895,6168,2,844.3785456770308,SE_like
d1ee630d,last_known,12.219780010195931,6290,2,338.1857165817944,SE_like
d273674e,last_known,3.400366201632784,3899,2,662.6500203327488,NW_like
d2f3b1ab,last_known,17.357707330254247,5581,2,690.6950160375798,SE_like
d463e527,last_known,8.591154291112087,4767,2,605.2578740306908,SE_like
d4f60a28,last_known,6.183126130423007,4501,2,13.877651097912707,SE_like
d9ae59b2,last_known,5.0470807715641435,3648,2,855.4542083010349,SE_like
d9d6d94d,last_known,9.3857291463184,4919,2,524.9845377051881,NW_like
da940160,last_known,11.224828130654686,5132,2,352.73594798398665,SE_like
dafc88c3,last_known,6.877339398362787,5572,2,345.68718674145214,SE_like
dd168de0,last_known,2.9913571830542716,3304,2,363.221066015974,NW_like
e03b45fd,last_known,15.75182643192855,5342,2,334.6669917993016,NW_like
e2fc7745,last_known,13.341394284804746,3692,2,248.13571770288692,NW_like
e3b34f5b,last_known,10.347045761247115,5455,2,325.79782966159974,SE_like
e4726608,last_known,6.271487164710907,4733,2,160.87860330067247,NW_like
e9949a23,last_known,11.580872171010277,4559,2,374.3058536812438,NW_like
eafb863e,last_known,13.457858083605023,3568,2,348.61047847136604,NW_like
ec13af42,last_known,10.906432170405786,5462,2,254.4164680206497,SE_like
ecdaf714,last_known,15.351875762973165,6592,2,1133.0521845438916,NW_like
ee288beb,last_known,27.522025330807587,4638,2,258.38093948146684,SE_like
f0188a48,last_known,6.015986492439641,4170,2,2255.796212426776,SE_like
f03f10fe,last_known,9.378929872264584,4145,2,354.76898525655787,SE_like
f074d277,last_known,12.187719616802815,2453,2,813.0530173365615,NW_like
f321a31c,last_known,12.557281531880928,5141,2,554.1666622275732,SE_like
f439a621,last_known,6.65613263851673,2821,2,363.4890283075586,NW_like
f5859199,last_known,15.921573253079503,5790,2,1824.6469073497083,NW_like
f8662c22,last_known,15.629207250700455,5429,2,700.1580063098255,SE_like
fd710aea,last_known,7.203999750290396,4217,2,296.8288249141398,NW_like
febb4411,last_known,13.027667980552959,4247,2,193.99305657701683,SE_like
01869cd4,last_known,10.618593023436276,5557,3,354.3649858831226,SE_like
03a935ae,last_known,35.05448621305352,2786,3,1507.00793430023,NW_like
059c8f24,last_known,10.912174729109239,6258,3,4391.873725243342,SE_like
05a0ee4d,last_known,18.344706956532814,4348,3,626.1140491156731,NW_like
060ab2b8,last_known,9.048312196834127,6258,3,358.8154838205494,NW_like
0c1b160c,last_known,8.432276859497074,5054,3,943.1825390169661,SE_like
109d9d70,last_known,9.371137061320914,4215,3,250.34358102046033,NW_like
1590af81,last_known,5.560887269871239,3799,3,256.7005493447082,NW_like
1770d7c6,last_known,12.332849608315879,7240,3,262.9875185249803,NW_like
177622d7,last_known,9.800349606500166,3154,3,474.68165858801007,NW_like
1f9afacb,last_known,2.518404175433652,5328,3,182.1282495936478,NW_like
1fee2b62,last_known,8.271183690259376,4641,3,1372.465576018465,NW_like
200d233d,last_known,12.776233899276743,3926,3,739.4393232157072,SE_like
2075c696,last_known,21.898881254260402,3188,3,2018.2149540810824,SE_like
23b9beb0,last_known,5.499363741994015,7340,3,473.19353686632667,SE_like
261785ee,last_known,23.57894263400833,3646,3,641.3428275888126,NW_like
272abef3,last_known,10.023016592838678,4135,3,1790.9787575445907,SE_like
276b012a,last_known,27.08665184488836,4837,3,747.8086675746815,SE_like
2d179ded,last_known,7.749754286132607,7008,3,850.8877834960939,NW_like
2d35f86d,last_known,11.216196779664774,4896,3,888.4858973559352,NW_like
2e43c2ea,last_known,7.487396669090343,5698,3,298.9238599678605,NW_like
2ee0235b,last_known,6.80295371229703,5556,3,340.90661037886554,NW_like
32fe84c9,last_known,22.250821979444407,6408,3,1101.1597272876043,SE_like
389ae58f,last_known,49.76304894845995,6463,3,1015.3529018522524,SE_like
398dce4b,last_known,4.559718484677409,3166,3,398.40645489248664,NW_like
3a223519,last_known,9.401162306681243,4583,3,159.83583734553181,SE_like
3a824aa7,last_known,5.690131490731758,4201,3,606.655013166694,NW_like
3bfee975,last_known,7.840543276658913,3603,3,269.104938130745,SE_like
41fb0192,last_known,3.5577103110362645,2973,3,244.7257242300589,SE_like
4630ab92,last_known,10.880550178687447,3373,3,175.04767921894853,NW_like
46a301e9,last_known,10.714122960128444,8226,3,704.6180140334985,SE_like
481de5fc,last_known,13.661013098019078,5952,3,480.78255635979207,NW_like
48c1f673,last_known,18.480143096264484,2917,3,171.24110400279136,NW_like
4a035ec2,last_known,18.37817503927824,2588,3,665.633178334484,SE_like
4b462989,last_known,6.605024585467642,3106,3,365.8164640067002,NW_like
4b831d20,last_known,16.40332593479727,7312,3,531.4280671410202,NW_like
4c3168cf,last_known,4.398564145674671,4334,3,171.99989098839686,NW_like
4ed93db6,last_known,9.134304566059011,4657,3,347.99430298494843,SE_like
4f3eb9e9,last_known,33.07892812639342,4697,3,385.6354554204131,SE_like
4f4ac5ce,last_known,8.250612102027123,5162,3,352.3957638790925,NW_like
4fbe9c06,last_known,12.700621635010842,6287,3,340.7222355225831,SE_like
529e88ca,last_known,15.265625031718603,3417,3,882.1043266295767,NW_like
52f1e77a,last_known,14.174880875648114,4442,3,342.29505718540406,NW_like
5305524b,last_known,16.63490369332069,4898,3,569.3535541294223,NW_like
53f23031,last_known,10.66798407051043,8550,3,491.38803814009214,SE_like
577eec7c,last_known,18.875287599886814,4539,3,1172.601768376899,SE_like
57f05c51,last_known,36.3244551404309,4771,3,177.9554823545343,SE_like
5a1a8fd8,last_known,13.165282167987698,5260,3,472.0563712242357,SE_like
5a5269a9,last_known,5.863105043604518,6513,3,634.7678813550181,SE_like
5aa03df7,last_known,6.58601427636249,4871,3,1190.6527326639405,SE_like
5b7b6324,last_known,17.673226229685234,6564,3,989.5465661099655,NW_like
5bd25f59,last_known,4.338412715856817,4210,3,303.39160321275966,NW_like
5d7198fd,last_known,13.36645546990557,3368,3,871.83611057456,NW_like
5def1ce5,last_known,8.052417616706911,6443,3,330.54489046206197,SE_like
5f4d2a52,last_known,56.914917258531396,5225,3,709.6561658299654,NW_like
653612bc,last_known,2.8332405605306503,4605,3,326.4353848774872,NW_like
698930d1,last_known,10.389172214568049,4741,3,170.29446397192453,NW_like
6a8fa194,last_known,8.348329338921092,3017,3,435.7684178553404,NW_like
6ae68655,last_known,5.259877371830794,4204,3,3402.8353472947906,NW_like
70e1788b,last_known,7.159206283115686,9285,3,716.9377343331898,NW_like
71ccf778,last_known,5.388651839136806,2698,3,421.77112660661993,NW_like
7224331b,last_known,4.338260107312621,6063,3,1026.4765701172985,NW_like
727a3a10,last_known,12.36395803493887,4397,3,580.7283181119269,NW_like
73348914,last_known,10.691729206195715,4221,3,157.27982491384017,SE_like
74b6186b,last_known,9.007196786463387,3405,3,321.56623361292804,NW_like
77e4821c,last_known,19.218605395377665,5393,3,743.2494088013927,SE_like
7850c72e,last_known,12.350659981673207,5497,3,14.858145913947117,SE_like
796dbd4c,last_known,4.867507118040292,6248,3,372.2634557673599,SE_like
7a5660b0,last_known,13.453411559639392,4998,3,418.456233314877,NW_like
7d50373e,last_known,14.288140886490114,5122,3,349.6948271386748,SE_like
7e208414,last_known,6.381931414565357,4226,3,889.4694089552289,NW_like
8050c789,last_known,7.786449457719408,3077,3,706.2129251663374,NW_like
84633df4,last_known,4.736172446701271,4972,3,255.09058074198117,NW_like
8a3da6d1,last_known,9.412246097229765,4593,3,198.94690122428597,NW_like
8b9d8326,last_known,6.582552988433189,6163,3,1042.8435398573683,SE_like
925a7cd1,last_known,4.612563792738408,4517,3,362.42018929494293,NW_like
9314ff13,last_known,5.189815774469084,2748,3,880.4273319814158,NW_like
940a48d9,last_known,10.06328128166555,3963,3,384.36858729584,SE_like
9426ec1e,last_known,12.079413246018726,2532,3,370.27713608938234,SE_like
94467f50,last_known,7.795325573109472,3035,3,1112.1478364819181,NW_like
974802e7,last_known,13.80511563998303,5843,3,993.5210195059258,NW_like
98bc6f66,last_known,17.645391862557158,6063,3,550.1819212768999,NW_like
9a8ae0d6,last_known,5.937216688673599,6294,3,434.723013381773,NW_like
9ad5410a,last_known,8.784377249544983,4205,3,351.8768989080494,NW_like
9ae248be,last_known,8.107003944596206,5271,3,325.3859548502044,NW_like
9af1ffd0,last_known,18.128053838502368,3525,3,2601.318863999809,NW_like
9b9e3b49,last_known,7.923721572593473,5118,3,320.9630308509646,SE_like
9d3ec64c,last_known,9.187876827833358,3480,3,3179.700000520055,SE_like
9df1b1f9,last_known,12.592269852167446,4701,3,925.3029061341714,NW_like
9efc812e,last_known,7.747022854046375,4450,3,599.5605674157727,SE_like
9f0c7bae,last_known,7.898258335635161,2542,3,1120.936261033905,SE_like
a0e92ed6,last_known,8.114542367589692,4897,3,201.44270177897872,NW_like
a6f967fb,last_known,13.762814229045636,4670,3,174.20306417493157,SE_like
a85bb86f,last_known,7.873900707960967,3099,3,1086.6037716501555,NW_like
ab6fe95d,last_known,6.6795806397720465,5491,3,562.1541629304459,NW_like
abf460d2,last_known,8.350877150110843,3217,3,273.2121556889333,NW_like
add9c322,last_known,12.296784203800955,3932,3,347.84467798150814,NW_like
ae069086,last_known,14.585517424947831,4770,3,446.03477723149484,NW_like
ae8959c3,last_known,19.76800976672305,4518,3,355.5617895443489,NW_like
aed44918,last_known,9.488704385906805,2719,3,681.6570041450491,NW_like
b0d42b0d,last_known,19.797243019186585,4971,3,1027.523425373752,NW_like
b56bc0aa,last_known,8.788528154094545,5602,3,940.5470588970959,NW_like
b585b4fa,last_known,9.973817813617734,4294,3,332.4590129624877,NW_like
b881d27e,last_known,18.785154458691416,4009,3,352.8467691507531,SE_like
be063506,last_known,9.685884513043288,4500,3,1532.2464748984157,NW_like
c03b9305,last_known,7.1171172090817905,4255,3,862.1078928527184,NW_like
c03fba65,last_known,22.739971638302574,3699,3,4531.411914712674,NW_like
c2c4db09,last_known,9.028322821306517,6039,3,418.9223375521095,SE_like
c36625df,last_known,8.003204999077816,4742,3,401.1280696904186,SE_like
c66be2b8,last_known,22.226756512262092,4154,3,367.12557488156153,NW_like
c6797dd7,last_known,5.82900989050451,4664,3,358.0547317099333,SE_like
c70c0e01,last_known,8.964901066736223,4312,3,509.2730320072985,SE_like
c8d9680c,last_known,42.77043899776709,6281,3,189.34084847185096,NW_like
c908edd0,last_known,8.765028360555872,5293,3,447.6727024289828,SE_like
cbb406b5,last_known,11.364887497962812,6328,3,843.5764834359568,SE_like
cbe62450,last_known,18.607063412926227,6258,3,194.83626459178322,NW_like
cc8a1d57,last_known,27.55539015081038,6638,3,513.6255999265919,NW_like
cdc60a53,last_known,8.315926094659538,5878,3,349.02200079554586,NW_like
d011f41b,last_known,10.86185548345431,2267,3,0.0,SE_like
d0cb63ae,last_known,19.937391369771746,5223,3,412.52023754907555,NW_like
d114d9c2,last_known,7.69852853923108,6206,3,520.5445476614988,NW_like
d1457cc5,last_known,8.115732473647405,6920,3,1568.9005392706222,NW_like
d217e0c5,last_known,5.20363871867946,3838,3,1849.231270343521,SE_like
d60430e6,last_known,7.849172504180856,2511,3,453.04259325159506,NW_like
d63196fe,last_known,19.525114489586926,4510,3,506.1321711194497,NW_like
d924e971,last_known,32.7702837302337,3184,3,668.023063449029,NW_like
dd64382d,last_known,4.262126959206316,3124,3,808.5116948626588,NW_like
df71d1ff,last_known,12.742621639442314,6228,3,622.2314479355352,SE_like
e0079ed1,last_known,8.069511840769099,3471,3,2004.189602706701,SE_like
e14d641e,last_known,6.820600870242808,3184,3,325.323755357645,NW_like
e201fd6d,last_known,16.371250707380042,5070,3,553.559713219739,NW_like
e5864244,last_known,26.806032670999695,4469,3,14.461275480039204,SE_like
e5c92e59,last_known,7.71135994039849,4295,3,516.9441981490489,NW_like
e748dd88,last_known,4.989931749983482,4812,3,673.7107721420191,SE_like
e7818f7a,last_known,6.312633342217896,5371,3,229.26961837079585,SE_like
e7c36e81,last_known,7.349841849963589,3531,3,19.20780049876599,NW_like
ea0b99b7,last_known,12.15975654126152,9239,3,285.38076319218123,SE_like
eac10e86,last_known,5.617579051148656,6067,3,399.6430308074241,SE_like
eb06a4e7,last_known,9.669099026629615,4535,3,192.15349938414806,SE_like
eb640a35,last_known,9.969896905690025,6037,3,613.2154797280577,SE_like
ecdab904,last_known,16.918396989500764,6147,3,206.5573898460357,NW_like
ef8e3ed0,last_known,14.635089490374893,5224,3,367.79781511068137,NW_like
f07d7037,last_known,7.4960867974462735,5563,3,183.35835105044586,NW_like
f2d4c8c9,last_known,4.229551942410153,6249,3,509.50272001213773,NW_like
f40cd091,last_known,7.728760684292187,5166,3,666.3838978398519,NW_like
f49fdea3,last_known,12.40626946494166,5391,3,3760.7701132015773,NW_like
f6d009f4,last_known,47.03924865295554,6715,3,236.14666988970012,NW_like
f72b268f,last_known,12.93812397222547,6404,3,347.54465900066606,NW_like
f8f59188,last_known,6.924261008500594,4807,3,493.9966374381547,SE_like
fa16d114,last_known,20.815118518803075,5686,3,539.6151902977351,SE_like
fa31da94,last_known,5.188297076747949,5027,3,558.2012758051491,SE_like
fba7683c,last_known,2.555309739035002,407,3,2.3433522996499767,NW_like
fdfd57da,last_known,4.29522046585047,5236,3,388.4403030068954,SE_like
ff0aea78,last_known,30.697786830378174,3261,3,293.1201270811036,NW_like
05948241,last_known,4.995769989509691,3879,4,323.3688873331937,NW_like
06df5958,last_known,3.0884860085517194,3509,4,706.3738922129911,SE_like
08fecf00,last_known,4.759806836739511,5574,4,202.81360605243228,SE_like
09441b8d,last_known,15.9390645279074,5488,4,327.16920912577024,NW_like
0bbf5e67,last_known,18.377119492009776,4298,4,693.4644337632429,SE_like
12f0cd90,last_known,7.895034499573364,5947,4,331.9657262431988,SE_like
137d1e44,last_known,25.010172511867026,4554,4,2314.416079532842,NW_like
14fee784,last_known,21.419815878785553,4910,4,513.3421499350751,NW_like
153552f5,last_known,5.161441840641978,4695,4,362.2423294463724,NW_like
15e154a1,last_known,23.22648490243106,6068,4,3.730857810134897,SE_like
1619e2ca,last_known,7.812315673810556,4443,4,1181.352795208041,SE_like
1944513c,last_known,5.738736995920461,4722,4,204.18588320419815,SE_like
1a68190b,last_known,16.431826147748733,4474,4,321.92333199416123,SE_like
1b82b665,last_known,6.106594455886377,3806,4,447.35580776080656,SE_like
1bcb2fcf,last_known,6.2062031463179,4524,4,373.81114255676937,NW_like
1d3fbf02,last_known,5.906372283901897,2694,4,597.0682651693422,SE_like
1e5e3573,last_known,11.921759172625736,5480,4,317.28961169598415,NW_like
203721ab,last_known,10.037088673521446,5730,4,692.0588183818826,SE_like
20402d71,last_known,11.661871660575386,6372,4,510.6724994614913,NW_like
26623a50,last_known,21.675376849132046,5735,4,764.2807630204316,NW_like
26d3a96a,last_known,9.063491001698889,4721,4,186.72317611937353,NW_like
29b24409,last_known,13.756821410921399,5587,4,348.5023207958609,NW_like
29de15c8,last_known,4.5857601721794286,3431,4,546.6132996002004,NW_like
2acc78d4,last_known,13.626234402591441,4266,4,778.0785894113267,NW_like
2be5c96a,last_known,3.6618588662445717,4210,4,596.7060548182038,SE_like
2c0c4a4e,last_known,8.04594018660484,4790,4,1706.328093442078,SE_like
2d0c268a,last_known,14.874791132341558,4550,4,2348.8751077909997,SE_like
2d9f6cb9,last_known,9.908706063856238,7338,4,297.31951479277564,NW_like
2fa01aa6,last_known,18.77741961251621,2174,4,863.2002196478838,SE_like
310c71a5,last_known,8.843313479056066,5245,4,348.83186576685796,NW_like
3407f5bf,last_known,21.29388267466182,3638,4,481.3627892765348,SE_like
3417285d,last_known,34.42198868150785,5449,4,276.37902627006486,NW_like
357c12f9,last_known,5.624420852755269,4079,4,716.3457589737073,NW_like
35b30c7f,last_known,19.15158789297762,9579,4,334.5674899031215,SE_like
35b3ef6a,last_known,26.045383636758544,3904,4,854.6856321523446,NW_like
38991fd4,last_known,14.86604108751415,4798,4,704.6292534577062,NW_like
3932faa6,last_known,13.157974615537267,5452,4,794.3422260586085,NW_like
3a7dd95d,last_known,13.010388611275376,3072,4,3365.223970606415,NW_like
3df4b19e,last_known,8.67249047497302,4988,4,332.3210734644984,SE_like
3ef98781,last_known,12.433878700657393,3892,4,351.91554697138173,NW_like
404c4384,last_known,3.6011694039210935,911,4,326.8812337835708,NW_like
43b06c70,last_known,8.769342298126745,4846,4,376.68302656202644,NW_like
445af6c2,last_known,29.954468486977532,6041,4,340.7283217918493,SE_like
44a94013,last_known,23.26260921867206,4903,4,565.3281205308292,NW_like
460f859e,last_known,20.01206991533264,3336,4,1306.4538918004102,SE_like
466fc788,last_known,16.96677982284487,6197,4,330.91254367732745,NW_like
46d41ff6,last_known,7.152719312990992,7901,4,660.4819495024678,SE_like
47ee27ab,last_known,7.811133847911845,6397,4,0.0,NW_like
4a8ecc0b,last_known,11.211904800768597,5809,4,855.3902268557407,NW_like
4c2208f5,last_known,37.38188510729996,5384,4,1866.7246869849587,NW_like
4e050c92,last_known,6.760683545123174,3705,4,355.4659701475544,NW_like
5138a660,last_known,5.4780109058052355,3559,4,378.2587667194341,SE_like
5397ceb1,last_known,9.25091584943266,5255,4,811.7655354480685,SE_like
54753541,last_known,16.22277834812335,4026,4,515.4821240351965,SE_like
5567d551,last_known,10.289492216812466,6889,4,379.0486559799596,NW_like
593876b6,last_known,12.278386863654298,4842,4,172.5593228040167,NW_like
59f8b2e8,last_known,6.235385931133263,3747,4,772.0309311161491,SE_like
5beded95,last_known,16.64432832796459,3057,4,1838.142518422877,SE_like
5cdd8dbc,last_known,17.231660513857207,4010,4,445.4263363800865,NW_like
5f75f796,last_known,9.239915906257119,5562,4,1860.8561909705263,NW_like
5fffa282,last_known,5.318148657346763,4201,4,308.90177244162555,SE_like
60e37807,last_known,20.874268055180604,2699,4,356.0206513672851,NW_like
62569ae3,last_known,8.163464251076302,3588,4,610.7691150733508,SE_like
6e6d122c,last_known,9.11700946941914,5632,4,700.0098545734598,SE_like
6e9ccd38,last_known,12.23949279951463,8282,4,505.4406667452346,NW_like
71642c7d,last_known,11.901230993511438,4648,4,160.90417911873976,SE_like
722cf0d8,last_known,11.127293106426961,5143,4,606.3552405972275,NW_like
7271dd80,last_known,8.313957865645467,4340,4,2497.7534149110825,SE_like
729e9750,last_known,8.825983755646552,5919,4,1055.4260804054913,SE_like
73b1447d,last_known,13.404843871674935,5670,4,490.1465315599374,SE_like
75cd5f11,last_known,5.260066074409697,4946,4,164.5289898466986,SE_like
79507629,last_known,12.57032003546627,5302,4,348.3195302381461,NW_like
7acda2df,last_known,13.841227690699123,3091,4,335.8271408029858,SE_like
7b2c7b3c,last_known,6.17273385674935,2584,4,767.8466565664036,NW_like
811f52b3,last_known,4.598301010999275,4836,4,330.45190752773635,NW_like
8255c867,last_known,25.379544413656888,3589,4,352.93433171074685,NW_like
82aab6d2,last_known,16.359385167102737,6140,4,188.0272121264137,NW_like
861e71df,last_known,11.539564677986593,4700,4,229.3912714117615,NW_like
877ed19c,last_known,3.961990141908008,3708,4,295.9230009649451,SE_like
87aa3730,last_known,9.116484132166912,5607,4,352.8756306496774,SE_like
89969c7a,last_known,8.235332474787521,4947,4,575.6818934965761,NW_like
89f1085d,last_known,27.630506752261244,5994,4,703.789362804228,NW_like
8bda1a11,last_known,12.860573075338545,5981,4,520.4906734994017,SE_like
8cc800b3,last_known,13.894631430456734,6576,4,1142.9831625291863,SE_like
91b301ce,last_known,35.315076932980844,6570,4,1931.9851056620114,NW_like
93209a3d,last_known,13.65809981076041,4697,4,409.7337174312445,NW_like
940e709a,last_known,4.6519560575408425,3348,4,361.5665229249328,NW_like
95b559e7,last_known,20.38335913388356,2887,4,365.765385634672,SE_like
95c8427f,last_known,27.215687207592826,6335,4,391.4755309085436,NW_like
98177ced,last_known,5.779865915399804,4772,4,197.26544983850113,SE_like
9a6b0392,last_known,6.974051133501153,4255,4,253.3197694610652,SE_like
9a95e33f,last_known,32.28932813245856,6447,4,387.52137774284245,SE_like
9c8375f7,last_known,5.917156069883692,3674,4,325.86974489782517,NW_like
9def2eb2,last_known,7.253592864593499,6003,4,463.9687382787732,SE_like
a056d01e,last_known,8.584211201864289,6557,4,359.73628681073086,SE_like
a15bc102,last_known,2.578928597930721,3236,4,1507.8425517938651,NW_like
a3f71395,last_known,15.089395383508826,5543,4,683.0278158522159,NW_like
a612d5a0,last_known,19.256901319606147,5329,4,400.2062174202815,SE_like
a79fd2e7,last_known,12.374341369091132,4404,4,199.01143450804443,SE_like
a87433c9,last_known,9.580358514748033,5721,4,1947.0252243770663,SE_like
a8ed028a,last_known,19.044521110452333,5538,4,2052.600671509218,NW_like
aa95015b,last_known,11.725050285011942,4300,4,616.6524636294358,SE_like
aaeffccb,last_known,4.756126793123975,2712,4,614.0291394609873,SE_like
ab3ced07,last_known,9.797524442428841,4250,4,309.6604582080977,NW_like
b32902c0,last_known,5.155416417213564,3808,4,349.2195675795622,NW_like
b32e4903,last_known,5.863958705383137,5770,4,327.0639023185922,NW_like
b5aa9634,last_known,11.47866217552782,7326,4,126.4760778037313,NW_like
bcebcc5f,last_known,24.241537215571864,6258,4,0.0,SE_like
be83e781,last_known,3.1537973198868037,3221,4,355.0246775269168,SE_like
beda8696,last_known,9.819955216289504,5912,4,529.7831844254086,NW_like
bf39bc20,last_known,8.401808199266226,3303,4,880.6201047840407,SE_like
bf70b410,last_known,18.920279724233612,6347,4,533.0159034544221,NW_like
c03d4aed,last_known,12.583094329136486,4641,4,667.7715546324317,SE_like
c2717d4f,last_known,8.452559650622254,4721,4,192.17821983110014,SE_like
c42fe306,last_known,11.279308916635767,5095,4,352.3197588077003,NW_like
c59b6c4a,last_known,20.952603428128082,5499,4,537.0310497999673,NW_like
c6b782a4,last_known,12.807882966584375,4877,4,1049.950586656657,NW_like
cad13e8f,last_known,17.022296131058066,4848,4,332.1736512591003,SE_like
cdc31d65,last_known,7.482412321764383,4840,4,250.07771212169854,SE_like
d41beaf2,last_known,16.335502961206803,4753,4,344.9417356597896,NW_like
d543916f,last_known,10.200221672654065,4799,4,390.6822648905595,SE_like
d5df0ff5,last_known,16.351335751344372,4032,4,1391.1330553901325,NW_like
d6dd7330,last_known,11.822832979899944,6193,4,164.80081315329673,NW_like
d7eb0be8,last_known,32.82610912419109,5401,4,1904.8903256881433,NW_like
ddc790ff,last_known,5.724817380990974,4726,4,400.6493705222138,SE_like
e0f36d98,last_known,14.253156162438394,4976,4,550.0687923091941,SE_like
e161bd0c,last_known,4.33499689746737,2949,4,785.0390350166706,SE_like
e32da4ec,last_known,10.850139553093255,4689,4,159.85594546348446,NW_like
e45a2a62,last_known,19.872920518687707,5007,4,698.67782810435,NW_like
e5ff9fd2,last_known,8.891230852152741,2354,4,929.1460553112853,NW_like
e730c32b,last_known,11.654671854511827,4728,4,1052.8736393791803,SE_like
e737965a,last_known,9.897022674368223,5955,4,336.32248348877357,NW_like
e85074c5,last_known,11.347685731962262,5675,4,365.16637988732225,SE_like
ea3a0e38,last_known,9.232672132138228,10052,4,850.3235914072636,SE_like
ebe69318,last_known,4.825325809935079,4976,4,350.87318434085705,SE_like
ec0d597b,last_known,16.44325138720608,4616,4,875.6966876720753,SE_like
ee4aecac,last_known,10.778813139095936,5265,4,182.5323448052078,SE_like
ef04658e,last_known,15.448044048107809,4104,4,379.53979106289006,NW_like
efde6ac3,last_known,10.202375669006345,4559,4,0.0,SE_like
efe96181,last_known,27.539517372291407,4012,4,1195.6900104125007,SE_like
f053a1b9,last_known,10.028295659116962,4108,4,376.2110350587982,NW_like
f08774c3,last_known,11.44575716149874,3900,4,857.4557306356955,NW_like
f140c2fa,last_known,13.3161842942989,4082,4,398.16550812055016,NW_like
f16e25e3,last_known,2.9647800324346743,4651,4,2450.179603294586,NW_like
f56d3ace,last_known,6.90314793936432,5432,4,566.7051491738077,NW_like
f5d8aab6,last_known,15.698547978741031,4444,4,178.0804495164132,NW_like
f631da6e,last_known,8.782664213746434,4093,4,1020.3415881461456,NW_like
f6824bb0,last_known,20.837423542758717,5015,4,344.65433629853044,NW_like
f8afa78a,last_known,14.720946843240096,6032,4,637.5360978798466,SE_like
f9fc81aa,last_known,8.639067487231838,5598,4,338.6463679120992,SE_like
fb0904bd,last_known,1.7987576836953807,3181,4,1556.9900775951319,NW_like
fd8f77fa,last_known,27.415343744152285,5272,4,376.45635138718666,NW_like
fde20ecf,last_known,16.31905728866344,4667,4,341.9568723370833,NW_like
ffefef30,last_known,7.035568765607176,4570,4,159.60785225051993,SE_like
00bbac68,u_hold,98.12146519382995,6014,0,353.63060529297024,NW_like
00e12e8b,u_hold,89.01093077287317,4301,0,2283.3801725389208,NW_like
01982c1d,u_hold,77.62918563657806,3941,0,252.93397113869707,NW_like
028d7b28,u_hold,173.8358893233818,6234,0,726.2462778333141,SE_like
044af7d1,u_hold,78.49396705590536,4519,0,890.5602212087745,NW_like
0a57a29c,u_hold,103.40462828162083,5821,0,336.40590717983764,NW_like
0d99f8e4,u_hold,108.27730970701775,5823,0,332.6649139900157,SE_like
0dc835f3,u_hold,108.69780042748414,4428,0,202.24758478600307,NW_like
0dd99dc5,u_hold,150.50289578976825,7342,0,299.7824512876945,NW_like
0e5e560d,u_hold,74.61506837473144,3253,0,1896.617745618988,SE_like
14a53cb3,u_hold,101.49739568949269,6919,0,489.427959125706,NW_like
14ab73fb,u_hold,17.3897934727589,3649,0,1632.0408373801974,SE_like
14ad5efb,u_hold,172.24843718768471,5842,0,357.9973048198511,SE_like
155887bb,u_hold,86.31243368594882,5585,0,58.6071002521971,NW_like
198a5607,u_hold,127.02878479232014,6251,0,390.30713448993475,NW_like
1a518997,u_hold,80.43031799298939,4606,0,362.13450156552693,SE_like
1aaf1da0,u_hold,125.07432312153041,4804,0,373.18377542677314,NW_like
1b08ed48,u_hold,87.93861540269215,5618,0,165.39661517978593,NW_like
1d78281a,u_hold,95.25406684024556,4949,0,321.81285191718183,SE_like
2043abc5,u_hold,160.41104022169816,6958,0,1422.9786316385316,NW_like
230eaaa3,u_hold,78.2304926333372,4690,0,507.198973579576,SE_like
25050f63,u_hold,95.11573149609563,6124,0,527.4159635500276,NW_like
25fd32b3,u_hold,27.97564492204218,2885,0,1012.0285475219785,SE_like
27300fd5,u_hold,115.39680835890637,5467,0,46.9724727900327,NW_like
28f4eda9,u_hold,67.97393563151368,5266,0,537.6978809395898,NW_like
2b547943,u_hold,48.64605925906874,3480,0,453.87296592772327,SE_like
2bff06cf,u_hold,237.2309323746398,7624,0,1924.9197391321197,NW_like
2d196986,u_hold,90.83043642299911,6474,0,819.386649304128,NW_like
2e29e833,u_hold,123.84009571346124,5428,0,1385.2324580733548,SE_like
2f8e53c3,u_hold,40.34117294764464,2594,0,1.516789190979803,NW_like
33c40295,u_hold,94.50898944251938,4169,0,776.4682675425402,NW_like
347242c8,u_hold,89.09495886779196,3595,0,1003.8383567533018,SE_like
37344c2a,u_hold,38.4272559016699,5197,0,335.38883836527555,SE_like
373ef48b,u_hold,67.74958404543854,3509,0,352.8949172205331,SE_like
37d36812,u_hold,77.02092634299593,4367,0,297.81613169230116,NW_like
3a86fe8d,u_hold,91.32995956196083,5118,0,314.9548108856752,SE_like
3aaa2b30,u_hold,102.3257251679952,4711,0,390.9621063867555,SE_like
3bbe1f5d,u_hold,127.79537230279725,6918,0,701.7153235463395,SE_like
3c3dbcbc,u_hold,72.6216672675409,5069,0,356.5374691391497,NW_like
4121c517,u_hold,91.86452113114098,3723,0,167.55844950341768,NW_like
42669188,u_hold,91.48004390294452,4282,0,2636.300117109524,NW_like
43e16325,u_hold,19.333556270498217,3720,0,2755.4173633464643,SE_like
44441e54,u_hold,69.94659617216429,4357,0,52.54517304309415,NW_like
4463446c,u_hold,80.59511330170197,3256,0,2464.4666150326516,SE_like
463c38f2,u_hold,106.90594783788448,4460,0,877.5307657638859,NW_like
46a7190b,u_hold,31.073701524430827,4215,0,878.4241989497532,SE_like
46dfcfca,u_hold,30.865108515423536,3606,0,1232.147965643555,SE_like
47222616,u_hold,65.02383137763208,4406,0,355.1655846223129,NW_like
4936af16,u_hold,74.61483754356445,3991,0,317.662338783178,SE_like
493b5b31,u_hold,48.77655299931741,4671,0,187.83217243082925,SE_like
4c3df468,u_hold,149.87384536768556,5392,0,529.4321407886375,SE_like
4ddde4c1,u_hold,90.8229887203582,4472,0,166.72394669002952,NW_like
504c8b08,u_hold,80.84542009983606,6367,0,391.857680797619,NW_like
516088b7,u_hold,145.22810917431033,6645,0,341.392593196462,NW_like
53134831,u_hold,70.65243624363902,5126,0,329.27781173323444,NW_like
543198e8,u_hold,190.7479350024644,6503,0,1132.1443484148547,NW_like
55efee7f,u_hold,122.80504145502162,4801,0,449.8700990287463,NW_like
5663b2b7,u_hold,70.63919360702874,4972,0,0.0,NW_like
5693dde2,u_hold,103.38944443392496,3488,0,1444.3186048096422,SE_like
5a5d1982,u_hold,75.08809682976444,3894,0,336.249536654112,SE_like
5aef5c6c,u_hold,40.916936723144396,3121,0,2357.0426288252693,SE_like
5fb1c15f,u_hold,87.87557529161352,2860,0,729.6041162850158,NW_like
633774dc,u_hold,133.26620826031643,6233,0,788.860868676361,NW_like
660d9546,u_hold,67.6713228038991,4732,0,367.35007077679086,NW_like
684a6fc1,u_hold,130.21765261150404,9818,0,0.0,SE_like
69c1bdad,u_hold,43.37332627765158,2714,0,505.59047508818566,NW_like
69e41fa6,u_hold,89.14280049880159,5772,0,193.96715114776225,SE_like
6ea22614,u_hold,131.80427491009317,5971,0,371.7462151790851,SE_like
7256229b,u_hold,132.29222857112248,5415,0,711.1376708129145,SE_like
75c20ec7,u_hold,111.82617488316085,5361,0,929.9304515929757,NW_like
764072a5,u_hold,50.74068616532488,2949,0,322.71143485561925,NW_like
77b0d905,u_hold,71.83827599162103,4174,0,468.69032014748063,NW_like
7987f2f2,u_hold,107.03214524724902,3705,0,267.85384651482536,SE_like
7bb17b96,u_hold,92.46848217744781,3922,0,544.6597765577343,SE_like
7c607683,u_hold,97.03317344582483,5328,0,357.2619323703998,NW_like
7ff89f8f,u_hold,119.60951059296238,7337,0,505.4067409035865,NW_like
833af382,u_hold,37.67510017845209,3628,0,347.5899807502574,NW_like
85380836,u_hold,117.01890159319188,6618,0,331.20214144842294,NW_like
8648abae,u_hold,106.39650737588194,4244,0,479.84882827824754,SE_like
865033f8,u_hold,64.18075101522767,3557,0,291.1783111771956,NW_like
8b5be31b,u_hold,145.84241603133697,5672,0,370.99952088921975,NW_like
8b95d6d1,u_hold,33.0896552857456,1731,0,0.0,SE_like
8bb9c1e6,u_hold,98.65391329336666,4546,0,330.6156408681994,NW_like
8c8348e8,u_hold,29.460930901593297,3888,0,1055.7720376025272,SE_like
9283ae69,u_hold,98.54109611605787,3371,0,435.84089234837165,NW_like
9298ad5b,u_hold,71.10047608540434,3964,0,721.769574864293,NW_like
944f36b9,u_hold,100.68458860511338,4630,0,69.37616168387635,SE_like
9719aa04,u_hold,111.36237458886706,4871,0,176.2466267860995,NW_like
97cd5bf9,u_hold,80.09420229079436,3449,0,1026.3814050084814,NW_like
9896fc0b,u_hold,77.25460767724142,3595,0,564.067419184855,SE_like
992c99e8,u_hold,82.52564462220224,4904,0,330.5574402429762,SE_like
9ab94eeb,u_hold,100.40711119504623,4442,0,738.5652690199947,NW_like
9b5b61c1,u_hold,94.4997125658916,5532,0,374.0386435919235,SE_like
9d4272e3,u_hold,84.99701744292814,4030,0,1561.7743603028186,NW_like
9dede370,u_hold,150.67998753261787,6297,0,189.40235954153897,NW_like
9dfff011,u_hold,53.92600200779352,4319,0,1688.6034252478223,NW_like
a0b83014,u_hold,63.105874557715595,5035,0,390.68079228365406,NW_like
a3518960,u_hold,93.67486529642197,4967,0,604.2123513153024,SE_like
a4719920,u_hold,121.20448999880334,5884,0,1080.5094533039737,SE_like
a48640d9,u_hold,73.75448684692348,4532,0,748.9941722737178,SE_like
a645da9a,u_hold,147.95703849330638,5153,0,623.6740462773744,SE_like
a692b17e,u_hold,64.25796167098596,3566,0,329.00206647461516,NW_like
a6b8ac67,u_hold,160.0530341489654,5453,0,681.1976182394292,NW_like
a85e4bc3,u_hold,108.10695666380238,4581,0,1171.1992196464034,SE_like
a959858c,u_hold,108.19868003989295,4404,0,248.4930622775124,SE_like
ab112491,u_hold,93.54068079685659,5185,0,1409.9402103792704,NW_like
ab18d3fc,u_hold,101.85127951946593,5694,0,699.0627622722183,SE_like
ae35f33a,u_hold,91.30332757027398,4450,0,158.95542331105435,SE_like
aff4e561,u_hold,78.65101323725986,6026,0,512.4125925463032,NW_like
b19b0395,u_hold,65.80450357272248,5813,0,346.1100518042865,SE_like
b38e3116,u_hold,94.96927294856634,6211,0,165.82653162905146,NW_like
b7974e66,u_hold,83.29078669910906,5558,0,369.278466460025,NW_like
b8c49c1a,u_hold,72.8195785874122,4319,0,511.7373937866445,SE_like
b95e7121,u_hold,198.70490161732837,6306,0,331.68348692276936,SE_like
ba48188d,u_hold,74.41210797308601,4166,0,481.40687341353896,NW_like
bd4ae5da,u_hold,113.79716064329288,5006,0,303.8359486630581,SE_like
bd8f847e,u_hold,124.79895613807999,4961,0,547.2634318035787,SE_like
c07fd0cd,u_hold,94.56510772729602,4191,0,192.19595643933286,SE_like
c3957531,u_hold,51.89884187531014,5316,0,491.5940761440804,NW_like
c472c0b5,u_hold,105.91350435410872,3054,0,171.82372391480874,NW_like
c50b42f6,u_hold,64.78909020707465,6014,0,400.50508473670595,SE_like
c593337f,u_hold,94.4130402851398,5208,0,1467.3801277444802,NW_like
c84c65be,u_hold,177.6947617246001,8496,0,470.5362919049343,NW_like
c9578d27,u_hold,112.19618702845996,4487,0,673.645467543718,NW_like
c96c018a,u_hold,120.35743009380231,6236,0,380.906536016652,SE_like
c99f9fae,u_hold,178.90907290007496,6361,0,1592.65399899012,SE_like
c9fedcf3,u_hold,56.41845986578014,3517,0,1178.895696387775,SE_like
cbe51de1,u_hold,107.0411280284252,3963,0,324.06363994945195,SE_like
cc08aa63,u_hold,68.50890240230831,3274,0,515.1613651081468,NW_like
cda7eb37,u_hold,86.81851704248739,5973,0,220.16005938282035,NW_like
ce8399b7,u_hold,43.33920639709461,1615,0,0.031622776852017344,SE_like
d3df146b,u_hold,83.84323456436144,5787,0,378.2860458702564,SE_like
d40f61d5,u_hold,72.21152022718927,4039,0,353.99582298847713,SE_like
d50c649a,u_hold,136.67622306610633,4873,0,377.0409284330357,NW_like
d7ba4f9d,u_hold,172.2008370445972,6023,0,548.7438256388855,SE_like
d84b621b,u_hold,74.39798158120561,3994,0,692.8433506367863,NW_like
da2d4d7c,u_hold,36.4293217784972,2114,0,370.32103801984994,SE_like
dd7d638e,u_hold,82.32903397833384,4301,0,366.03295981960093,NW_like
e46f4ef4,u_hold,81.1707023210248,7195,0,395.4989444691412,SE_like
ea41324e,u_hold,87.58446579819,5025,0,376.8079117079957,NW_like
eabc711b,u_hold,70.05138418619752,5348,0,491.7218143802355,NW_like
eba6605e,u_hold,27.80461054954345,4410,0,1905.8986097032973,SE_like
ee0300f7,u_hold,47.444023853207675,4544,0,522.6840821970901,SE_like
eeda36f5,u_hold,109.00772505336522,4797,0,667.7710288033161,SE_like
eeed308d,u_hold,78.13639353046231,3899,0,419.5648243121167,SE_like
f021b650,u_hold,110.30932166786249,3739,0,1821.2216195728108,NW_like
f4d12d23,u_hold,41.46589652515947,3701,0,326.3745046719839,NW_like
f6bc699b,u_hold,69.18913423981397,3752,0,792.8254645886047,SE_like
fb03ae90,u_hold,41.2791304585431,6431,0,390.7577548947262,SE_like
fb3848a1,u_hold,114.44581125693969,5919,0,357.94729500333796,NW_like
fb73b13a,u_hold,216.48527691842358,5640,0,235.014632154616,NW_like
fc0d20b2,u_hold,101.37593166677914,3954,0,349.45081399246055,NW_like
fd3b4faa,u_hold,104.10905961795042,5022,0,493.2024356183112,SE_like
fef8af96,u_hold,72.83494038853102,3826,0,873.3795783147343,SE_like
ff8bb73a,u_hold,162.71021670548964,5927,0,249.92891697555507,NW_like
015fe0d2,u_hold,80.5064101736648,4296,1,1030.5972525675907,SE_like
02e7fe5a,u_hold,61.57488639942196,5108,1,291.90977852724956,SE_like
0849b4e2,u_hold,89.51207803669965,5537,1,190.9022330933709,SE_like
09053135,u_hold,102.79505860803557,5907,1,813.6775194756696,SE_like
0955cd6c,u_hold,72.22675652094695,5195,1,317.90936754144786,NW_like
0be01c24,u_hold,93.07421944068913,4738,1,179.49315453101292,NW_like
10a1281a,u_hold,113.76914607318457,5609,1,340.87715942500586,NW_like
1131525f,u_hold,58.216751028433464,4159,1,719.4073188395414,SE_like
11d0f5ac,u_hold,93.76464316786212,4883,1,1160.747946714508,NW_like
12203f2a,u_hold,74.71667346217674,3261,1,248.43893917827313,NW_like
122bd617,u_hold,100.39943269545341,4570,1,392.96220785227615,NW_like
13ce113d,u_hold,66.24239123408226,2966,1,4145.352971822648,NW_like
13f598d9,u_hold,139.6763043723868,7306,1,311.237708936873,NW_like
19871e7f,u_hold,98.96061684107384,5293,1,348.62034518628263,NW_like
19fb4f7b,u_hold,122.29168839302959,5620,1,272.6096802047049,NW_like
1b1eba53,u_hold,20.202832454477072,4655,1,1219.4399881658474,SE_like
1fdbba44,u_hold,153.64356761232017,4911,1,322.59718146555895,NW_like
201661b5,u_hold,114.26031002761593,5955,1,1973.5813292851453,SE_like
204cc64b,u_hold,94.31278564460777,4805,1,170.8411557557933,NW_like
206b6193,u_hold,115.39559483191137,6535,1,1767.5586644390582,NW_like
24d8997e,u_hold,58.90708757233814,3442,1,686.3913868924343,NW_like
25939962,u_hold,68.06669794024133,4319,1,310.0154361276239,NW_like
264feceb,u_hold,127.94225589030079,5665,1,327.2847312355212,NW_like
2ab29395,u_hold,30.08523161248879,1852,1,370.5205592745193,SE_like
2ac7cb6b,u_hold,130.9873933493327,4990,1,946.8151095648478,NW_like
2f19d536,u_hold,59.866240338119965,3088,1,1871.053514876392,NW_like
2fe023be,u_hold,101.66556811286826,4221,1,392.45850300421205,NW_like
30d75030,u_hold,78.38750644869613,3404,1,446.7302735430055,NW_like
353e5502,u_hold,128.24745872983786,6062,1,1133.234722817905,NW_like
367456ce,u_hold,127.87690173282085,5569,1,337.3686941122909,SE_like
368131f9,u_hold,116.13327941711509,4991,1,663.822989207324,NW_like
368fe682,u_hold,105.98102237976289,4936,1,690.0043346242984,NW_like
3ac16ad0,u_hold,92.62197470573085,5649,1,532.0396470190067,SE_like
3b21ea64,u_hold,139.08808679243984,7376,1,127.51514301345946,NW_like
3e011332,u_hold,76.11092416221874,2723,1,356.7979288056891,NW_like
3e678ea7,u_hold,83.83592569761775,6858,1,396.0313616018213,SE_like
3ef6372a,u_hold,75.35356351671747,4727,1,508.8390814782524,SE_like
42c538a1,u_hold,26.718225198569773,3279,1,2533.025221040766,NW_like
43c7f85a,u_hold,126.96489823118014,5978,1,636.6553467541719,SE_like
4654e7de,u_hold,92.12085468227325,5373,1,1090.7031691602292,SE_like
4a335117,u_hold,97.62443165533307,5015,1,296.465648094143,SE_like
4cd1ac61,u_hold,135.5435735862134,4489,1,376.31551984677526,NW_like
4f4afcc6,u_hold,111.95731088645097,5645,1,352.32520851229077,SE_like
521a7819,u_hold,105.23925813629124,5200,1,344.49447673369707,NW_like
5254b6db,u_hold,62.696113715651045,3274,1,391.54566674838475,NW_like
5542c301,u_hold,102.62979626104355,3591,1,377.4094172434859,NW_like
58850d2c,u_hold,29.9747539271473,4995,1,881.8511655037217,NW_like
58fa8486,u_hold,77.39858251282377,4475,1,377.489458925663,NW_like
5aa403d0,u_hold,104.19139129819837,3118,1,365.64510238746044,NW_like
5d11dfb5,u_hold,136.80505949974366,5895,1,197.8600830167291,NW_like
5f6756c5,u_hold,141.34731065183735,5931,1,511.6395259363543,NW_like
62a6f539,u_hold,65.58687860375551,3693,1,318.3892677718098,NW_like
65156b96,u_hold,103.4753398118857,3221,1,1075.5918626652383,SE_like
67a8da4a,u_hold,103.6226497847929,4911,1,361.42538133653943,NW_like
6d1d74e1,u_hold,158.2022086555389,5830,1,530.3609626083758,SE_like
708caea9,u_hold,259.73147087740705,6548,1,337.80574447453216,NW_like
70925e23,u_hold,69.9215595072108,5947,1,4077.6993026092123,NW_like
726f3dc2,u_hold,125.10827164661983,6723,1,191.09828924281422,NW_like
729665c0,u_hold,86.62157478130499,4263,1,406.33181625363187,SE_like
72dd8501,u_hold,86.55798259799359,5193,1,181.15612989927078,NW_like
739a914f,u_hold,128.4698126023463,5505,1,335.31906800116246,NW_like
76201745,u_hold,100.01474756160223,4448,1,69.07906685329742,SE_like
78a4a386,u_hold,96.31048922395483,5119,1,0.0,NW_like
7b38844c,u_hold,66.28436735008805,3749,1,109.6607701045472,NW_like
807f0298,u_hold,147.47359192564642,3747,1,485.22485849332475,NW_like
81bf5923,u_hold,5.173795007737516,4543,1,580.011196656863,NW_like
82fcf37c,u_hold,68.60861803639759,6014,1,509.8295814286621,NW_like
8382f4b6,u_hold,77.73818628525261,4967,1,309.70315450338126,SE_like
8478df29,u_hold,129.5622191869501,4857,1,255.47427758434594,NW_like
84815d5a,u_hold,61.33733282720117,3647,1,175.0037371032734,NW_like
84c3b497,u_hold,102.46977208316375,5312,1,825.4868038312081,SE_like
86454a6f,u_hold,129.00141600639486,7964,1,654.1287787100882,SE_like
87695469,u_hold,140.4891067778315,7003,1,460.17245832401926,NW_like
8902c3f6,u_hold,90.95138775302111,4959,1,1594.8200092737902,SE_like
896d15b9,u_hold,105.06919046998956,4279,1,1375.415277214291,NW_like
89f36adf,u_hold,61.2313503845608,5292,1,328.9512355959778,NW_like
8ac2f237,u_hold,71.30812194936587,5319,1,494.9595217795423,SE_like
8b12bab6,u_hold,80.29629025524342,5234,1,489.6240719641075,NW_like
8bfa881d,u_hold,69.2882518161682,4089,1,608.6514185154377,NW_like
8d5d46d7,u_hold,131.11998589156468,5755,1,351.1064826955047,NW_like
8f201368,u_hold,125.6630857686591,6349,1,369.92926300683894,NW_like
91db7070,u_hold,65.82125832945368,4073,1,362.7372740706411,SE_like
939d9c34,u_hold,98.44938410722447,5101,1,631.7189528582475,NW_like
992ce078,u_hold,48.59405786660225,2879,1,414.2852826252939,NW_like
99529c45,u_hold,83.39889232083681,5840,1,875.2780059498349,NW_like
999daf80,u_hold,63.1178747813903,3564,1,357.6432557382536,NW_like
9c350a6a,u_hold,62.700142285568624,6052,1,1275.966566325214,SE_like
9d5e14d4,u_hold,113.72788860550698,5400,1,565.4150482609667,NW_like
9e3e364d,u_hold,102.78397365609095,4290,1,573.2569045375237,SE_like
a08d9e63,u_hold,72.69855668048744,3685,1,869.8107532677803,SE_like
a2e8e7f6,u_hold,64.93097866843122,4760,1,103.5890462353991,SE_like
a4cdbb0f,u_hold,104.76250436694271,5204,1,641.2257769304425,NW_like
a5aa7973,u_hold,104.14259628387131,4616,1,164.28394930727703,NW_like
a622ce4d,u_hold,170.12595981234787,6298,1,338.3995273343961,SE_like
a76db406,u_hold,68.02110746925756,4672,1,1033.0354015714504,SE_like
a7744f5b,u_hold,81.42872303685304,4377,1,336.983258762183,SE_like
a7fc3e6b,u_hold,104.52494155840327,4764,1,2632.095700488149,SE_like
a9c9b150,u_hold,90.23530084633323,3986,1,338.9776998564047,NW_like
aaaf3c03,u_hold,53.63027829181983,2997,1,852.0935737534375,NW_like
ab94878e,u_hold,162.43518147504133,6004,1,320.07059543965613,NW_like
ae0784a8,u_hold,157.10108583307644,7823,1,659.9911250919915,SE_like
aee6393a,u_hold,71.19654514005977,5865,1,397.17154890644895,SE_like
b04b58a3,u_hold,83.4078727530202,3402,1,2467.959939648059,SE_like
b3388334,u_hold,100.60600583823758,6080,1,420.6440028838779,SE_like
b37fd114,u_hold,147.25605875138214,8161,1,1593.534416446716,SE_like
b4d8dd4f,u_hold,83.850322761775,4259,1,895.6767154939789,NW_like
b4f37e6e,u_hold,33.55951270177747,2992,1,789.8450291038855,SE_like
b7cdcecb,u_hold,148.98594820578063,6168,1,621.9106719270856,SE_like
b7fea9ef,u_hold,93.50907016247741,3866,1,17.39148817304338,SE_like
bb2cdd83,u_hold,83.72725073339367,3825,1,333.3173412827803,NW_like
bc4381e2,u_hold,101.63240453111894,4955,1,651.9185956083635,NW_like
bd2c2f34,u_hold,145.50597711788683,9823,1,366.6273663881178,NW_like
bd6f0e19,u_hold,82.6862307964687,5140,1,340.6283491026744,NW_like
be35c8f2,u_hold,82.42645054196493,4226,1,921.5309890699343,NW_like
bffe3082,u_hold,86.75827141389989,5723,1,1246.7394937250178,SE_like
c1d046f4,u_hold,102.18398875268895,5513,1,380.86108714320045,SE_like
c43812e2,u_hold,145.2682598098357,5527,1,1039.4036395962112,NW_like
c9e6734f,u_hold,30.189140193679048,4735,1,600.7136979922742,SE_like
c9e980e8,u_hold,96.49899461134453,4359,1,289.9556134996529,NW_like
cd7f1687,u_hold,94.86199214707479,4232,1,637.3701776834791,NW_like
ce55ba43,u_hold,80.0294789724721,4104,1,369.8725895493589,NW_like
cf50c9d1,u_hold,103.34750141231227,4858,1,345.27357573374996,NW_like
d00e7eb9,u_hold,108.89862675093686,5704,1,3537.3432260408918,SE_like
d07aed8f,u_hold,20.742659909187807,2957,1,2043.377741339243,SE_like
d085e611,u_hold,141.4298555947837,6191,1,0.0,SE_like
d0a0e7b5,u_hold,66.7863912652018,3816,1,316.8331190518554,NW_like
d0a43760,u_hold,23.083578659257707,4041,1,1119.9575157119873,SE_like
d24ff243,u_hold,63.53943911570687,5641,1,691.0789253046081,SE_like
d6c320d9,u_hold,83.09876141847514,5452,1,1047.2839780117845,SE_like
d90aa14c,u_hold,175.98946042788407,10018,1,5775.716659294537,NW_like
d9eca87b,u_hold,83.7256377722333,6373,1,529.7045949394264,NW_like
da3bfe4e,u_hold,76.7459381037601,5549,1,864.6750364154541,SE_like
da3cf798,u_hold,148.02944038820775,5844,1,370.78992610350235,NW_like
dbee6c86,u_hold,147.1296470768614,7369,1,333.1933534910567,NW_like
dc5fbe29,u_hold,82.60112377649565,5203,1,476.4647435953716,SE_like
dc7da28f,u_hold,55.43658176946358,4774,1,1752.8556967410195,SE_like
dc7f9757,u_hold,60.08394199772726,4360,1,820.1713647302013,SE_like
dd6bc5b2,u_hold,70.77495205701635,3602,1,618.1807336049075,SE_like
df73b8f3,u_hold,122.07996792107157,5311,1,510.4304030292293,SE_like
df8290be,u_hold,71.73006136147154,3972,1,328.0433251875524,NW_like
e149204f,u_hold,126.42038830039273,6097,1,1172.2377627856406,SE_like
e25f1537,u_hold,93.97105744198215,3177,1,4118.297787544891,NW_like
e6c55748,u_hold,75.28326333919341,4472,1,696.0798578464285,SE_like
e7d0c1de,u_hold,92.45179560019811,4711,1,172.52700947970646,NW_like
e97032ad,u_hold,70.10768999062546,3530,1,19.319795547932152,NW_like
eb934281,u_hold,87.1808966474703,5971,1,171.98425597170865,NW_like
ed6436d6,u_hold,44.26254239836444,2945,1,268.2908306296682,NW_like
ed6e6e54,u_hold,100.04154098945617,6048,1,180.2635476185307,NW_like
edf885a3,u_hold,63.154339904752405,3117,1,707.5188128944794,NW_like
f88ddb26,u_hold,47.46335999520015,4990,1,594.5677396225054,NW_like
fa667be2,u_hold,147.76803255008403,7296,1,265.2577259914125,NW_like
fae0c593,u_hold,104.12292220377583,4403,1,204.4068866253356,NW_like
fbd68d27,u_hold,130.14568720265723,6829,1,370.0710214268154,SE_like
fc03f21f,u_hold,122.42199196626831,4803,1,354.8906432363755,NW_like
fcfcc902,u_hold,40.3466697955155,2791,1,2086.4662226121304,SE_like
000d7d20,u_hold,54.40117359347205,3836,2,292.65364820652445,NW_like
0390d174,u_hold,102.12013180050565,4411,2,452.33228892031366,SE_like
0498acab,u_hold,82.25368823918852,4798,2,1559.6123274711217,SE_like
052d64df,u_hold,50.19095352130994,2445,2,942.6381286067667,NW_like
071d7b45,u_hold,90.1226466426161,3211,2,4410.854133928914,NW_like
084d66f9,u_hold,64.97311157532674,3885,2,876.2949284343175,SE_like
09ec2ca9,u_hold,92.67789906043706,5885,2,827.3460694499482,SE_like
0dc5e64d,u_hold,125.02314999172894,4879,2,220.83370119609776,SE_like
10b89021,u_hold,87.70875656783521,5414,2,277.27351600479824,NW_like
10be2420,u_hold,89.15425955815667,3271,2,364.4968883055751,NW_like
113011eb,u_hold,79.18342208369884,3272,2,509.7550683788129,SE_like
125be846,u_hold,126.74415438566345,6510,2,341.38289968904667,NW_like
1285a37b,u_hold,108.22407742190119,5597,2,48.116541853994335,NW_like
1295a25b,u_hold,101.10474305651387,5551,2,720.3684672071892,SE_like
1550491d,u_hold,105.49004825395235,4563,2,185.33207223778865,SE_like
16e4a047,u_hold,52.158629306290976,4131,2,665.1679890148864,NW_like
173ed841,u_hold,117.85317434483373,4883,2,172.3122375822063,NW_like
18d24f7b,u_hold,93.7824947261366,4558,2,339.1228037158679,NW_like
19137a89,u_hold,127.844931597994,6267,2,347.4575281966801,NW_like
197f8a5a,u_hold,118.49970349585394,6310,2,739.720645076344,NW_like
1a730ac2,u_hold,81.53119897963921,4605,2,260.0207007122773,SE_like
1b1c5372,u_hold,108.13481188888018,4261,2,320.1942736839796,SE_like
1b6ba517,u_hold,116.73596156536267,6597,2,506.0848846012436,NW_like
1beca81d,u_hold,83.05993961784986,5036,2,1189.5161827313136,SE_like
1e30dedf,u_hold,152.6928247932127,4071,2,351.5901036719124,NW_like
20096916,u_hold,86.18287669464394,5133,2,358.63001548685634,NW_like
22c5f93f,u_hold,81.13926132677253,5172,2,713.9365686105826,NW_like
2364716c,u_hold,93.88494703652431,4316,2,696.9655837988659,SE_like
27c3155b,u_hold,61.68782794358875,4958,2,174.4585787517997,SE_like
27ebb9b9,u_hold,90.95288518198535,5766,2,186.9045489973156,NW_like
283269ac,u_hold,52.883780151958476,2626,2,504.9482093981054,NW_like
28473855,u_hold,85.39787939984565,4290,2,2500.6377524545296,NW_like
2b034622,u_hold,104.7683171658332,5203,2,558.0368644632802,NW_like
2b06ad65,u_hold,73.60592439545142,4256,2,181.6491870008684,NW_like
2cee0cba,u_hold,105.4177182816494,5500,2,329.5268762176911,SE_like
2d2d0c6b,u_hold,47.33692228794349,5045,2,710.341247384483,SE_like
2ddad940,u_hold,104.5010919916073,5331,2,182.50315331363117,SE_like
2e63d9de,u_hold,75.01389118146844,4699,2,551.913789928964,SE_like
2fd68f7b,u_hold,108.34085537112652,4730,2,254.04539403251343,SE_like
3584a6eb,u_hold,59.5195717548823,4494,2,354.66049977427406,NW_like
3690a146,u_hold,57.974840006705186,4073,2,678.8225947920588,SE_like
374be387,u_hold,153.30764978847392,9965,2,368.2030610176797,NW_like
39b51819,u_hold,93.99131402963245,4231,2,748.9712518870684,NW_like
3a0af893,u_hold,82.88322114076507,2927,2,470.01981984650104,NW_like
3d96d897,u_hold,105.05806388194603,5659,2,338.75823367404587,SE_like
3f603129,u_hold,101.99519177888095,5051,2,756.0487137746276,SE_like
45fb3e21,u_hold,68.00500700638926,3649,2,500.49539238654637,NW_like
46d24a09,u_hold,142.4984528265176,4449,2,322.3703443246413,NW_like
49dbc14c,u_hold,72.77310542974881,3872,2,361.7425776711012,SE_like
4caa7289,u_hold,97.05881402112976,5396,2,336.16018984559844,NW_like
4cecf7b3,u_hold,102.06235239283575,6019,2,330.19745687609077,NW_like
4f69febf,u_hold,81.62336300609631,5460,2,517.1082333516879,NW_like
511e1db0,u_hold,111.85043068078264,3821,2,0.031622776852017344,SE_like
512943b2,u_hold,89.2209560222136,5029,2,382.2537886388559,NW_like
54a7e3c2,u_hold,124.85024504375532,6155,2,390.30448946968085,NW_like
56b00794,u_hold,66.35869669265543,6065,2,344.751203683644,SE_like
57796579,u_hold,149.56940005567216,5890,2,344.17422939766203,NW_like
591cc951,u_hold,119.20311834563618,4609,2,446.6435681158624,NW_like
5a63b5d1,u_hold,33.3688067560653,6217,2,1241.7615372124478,SE_like
5cb483ac,u_hold,64.17937606948756,3852,2,206.07005978710419,NW_like
5eae34a8,u_hold,83.58685692506752,4904,2,696.7954587891525,SE_like
61f27424,u_hold,119.4840137854144,6220,2,416.91637638758186,NW_like
63559d57,u_hold,114.70525598250585,4069,2,266.33329814364873,SE_like
647f2a41,u_hold,83.09773857330427,3881,2,408.70754336066574,SE_like
656a067b,u_hold,75.74535344793681,3051,2,174.4853126688838,NW_like
65a5466a,u_hold,98.03728135502702,4683,2,256.77098064242705,SE_like
6767c111,u_hold,249.78028259396692,6783,2,522.4752220920697,NW_like
67847288,u_hold,139.4956447283305,7429,2,355.60931202630405,NW_like
699ea575,u_hold,48.49249913321144,4120,2,948.0745376815113,NW_like
6a0ff78e,u_hold,117.4057002601862,6465,2,330.3181575390725,SE_like
6d590e26,u_hold,149.50840800055647,6096,2,194.3450112559201,NW_like
6d6d93af,u_hold,97.39307623029823,3595,2,769.8226708144452,SE_like
6dbe4b60,u_hold,94.55760338342033,4648,2,626.7060004453622,NW_like
6ede926a,u_hold,90.22877542055156,4938,2,684.7848720585572,NW_like
729f4217,u_hold,122.60896267765352,6195,2,361.83680534189097,SE_like
75d20a82,u_hold,72.93299137662352,5067,2,0.0,NW_like
7993a768,u_hold,62.18527774842376,5487,2,293.82268292293696,SE_like
7cbbd047,u_hold,147.1739568733598,5121,2,629.432325591785,SE_like
7cd4bb31,u_hold,129.75064836906813,6439,2,701.4592715457375,SE_like
7d57c75d,u_hold,82.98634843135522,4405,2,264.7101246649113,NW_like
7e721392,u_hold,29.36652119485376,6174,2,1639.4215992892528,SE_like
81fc01c6,u_hold,141.6192005156802,5909,2,1046.9683313964447,NW_like
8612b37f,u_hold,132.3607516755778,5165,2,764.198746668025,NW_like
884ecb5f,u_hold,123.63007656867543,6724,2,644.2264860278792,SE_like
8995c945,u_hold,243.89300546403047,6724,2,337.2978667290614,NW_like
89fdb2f2,u_hold,29.975808305895995,2031,2,1.5061540423429862,NW_like
8a89da23,u_hold,49.09964118107721,3935,2,481.9010871819819,SE_like
8a9c8932,u_hold,96.31577031775396,4663,2,689.7743502821733,NW_like
8c167025,u_hold,89.1552203549658,5368,2,1198.019871621531,SE_like
8cc21f01,u_hold,62.322628542425,4044,2,881.5115017396477,SE_like
8d92cb49,u_hold,74.27298228677131,3589,2,387.8173427014028,NW_like
90386ee4,u_hold,80.7026116351855,3840,2,353.42045950965144,SE_like
91abc4c7,u_hold,106.86919759530747,5848,2,335.4567682800041,NW_like
93f5d2e6,u_hold,72.76312066178085,3691,2,478.14822346217807,SE_like
94d813a4,u_hold,83.90297297264662,4847,2,360.38312848985834,NW_like
96936c22,u_hold,48.57653716205926,3346,2,273.38647095298217,NW_like
96ae5806,u_hold,197.0394622289535,9839,2,288.43500567727887,SE_like
96b7eea1,u_hold,111.29789584595395,4332,2,344.83703517073644,NW_like
995ff498,u_hold,84.85537622204505,4526,2,708.3378566754756,NW_like
9bd2bba3,u_hold,136.42183155640816,7439,2,333.70685508791587,NW_like
9c211c53,u_hold,158.5347883376677,7265,2,995.2578135335368,NW_like
9d072e4c,u_hold,88.16016646257995,5107,2,420.84117859354325,SE_like
9da441ba,u_hold,159.69947401722675,5783,2,357.96180980926346,SE_like
9ffce529,u_hold,83.67024118443675,5212,2,476.7801023942776,NW_like
a0383629,u_hold,104.9948219722323,5832,2,708.6495667816323,SE_like
a247e7cf,u_hold,106.8635373072826,5674,2,519.5440478918429,SE_like
a4f989c2,u_hold,101.25084376772847,5385,2,0.0,SE_like
a5e6f7dc,u_hold,178.41611624938884,5649,2,1143.4052680620787,SE_like
a6ed2eff,u_hold,87.68532110728152,5275,2,305.23602834541066,SE_like
a783cc24,u_hold,38.52227798514287,1889,2,1.0722406444554577,SE_like
ac6f01d5,u_hold,76.75756843745164,5004,2,1187.4218783566275,SE_like
ad2133a8,u_hold,80.38762282587872,5729,2,482.4629660275349,NW_like
af7a59ce,u_hold,54.230579350642515,3024,2,1024.1925149113551,SE_like
b0f53bf4,u_hold,52.990785275295366,2755,2,646.4154295806273,NW_like
b1efb8a4,u_hold,97.7531103668175,5998,2,168.80510181888138,NW_like
b85f7b06,u_hold,98.10084118821506,3803,2,300.3541531260103,SE_like
b977be4a,u_hold,177.04522402647063,5917,2,417.69258902342,SE_like
bb337fa0,u_hold,143.3743215748066,6873,2,453.5244401352356,NW_like
bb682ebd,u_hold,114.53712649596717,4139,2,162.01402933062627,NW_like
c1708b88,u_hold,160.84598917921335,6315,2,2831.894165406564,SE_like
c2c6fc71,u_hold,113.41272197664829,7119,2,67.40046958307363,SE_like
c47e0767,u_hold,84.98815829170732,4356,2,344.9918962817566,NW_like
c6c96179,u_hold,72.95346490423464,4004,2,155.9042218800603,SE_like
cb34231f,u_hold,71.64284030074276,5609,2,13.986952081758655,SE_like
cb879f40,u_hold,160.1039847593422,6315,2,190.79437544145222,NW_like
ccedb12b,u_hold,86.12745972009611,4401,2,186.68007954792654,NW_like
d1ecf309,u_hold,115.29068525562678,6168,2,844.3785456770308,SE_like
d1ee630d,u_hold,165.15052687519307,6290,2,338.1857165817944,SE_like
d273674e,u_hold,58.25634627640168,3899,2,662.6500203327488,NW_like
d2f3b1ab,u_hold,99.07726249123249,5581,2,690.6950160375798,SE_like
d463e527,u_hold,94.95745483407806,4767,2,605.2578740306908,SE_like
d4f60a28,u_hold,97.74554892993515,4501,2,13.877651097912707,SE_like
d9ae59b2,u_hold,103.62552103134891,3648,2,855.4542083010349,SE_like
d9d6d94d,u_hold,95.85788070657351,4919,2,524.9845377051881,NW_like
da940160,u_hold,79.02526463728994,5132,2,352.73594798398665,SE_like
dafc88c3,u_hold,53.12682054496408,5572,2,345.68718674145214,SE_like
dd168de0,u_hold,88.8770247030504,3304,2,363.221066015974,NW_like
e03b45fd,u_hold,173.13649330868535,5342,2,334.6669917993016,NW_like
e2fc7745,u_hold,84.20180664595706,3692,2,248.13571770288692,NW_like
e3b34f5b,u_hold,104.64780711055319,5455,2,325.79782966159974,SE_like
e4726608,u_hold,86.66725692596968,4733,2,160.87860330067247,NW_like
e9949a23,u_hold,69.45311854752185,4559,2,374.3058536812438,NW_like
eafb863e,u_hold,45.354220259502604,3568,2,348.61047847136604,NW_like
ec13af42,u_hold,72.25851021093466,5462,2,254.4164680206497,SE_like
ecdaf714,u_hold,175.39238279136237,6592,2,1133.0521845438916,NW_like
ee288beb,u_hold,80.07018339277947,4638,2,258.38093948146684,SE_like
f0188a48,u_hold,138.35720373522926,4170,2,2255.796212426776,SE_like
f03f10fe,u_hold,61.98097535350695,4145,2,354.76898525655787,SE_like
f074d277,u_hold,69.29542677671247,2453,2,813.0530173365615,NW_like
f321a31c,u_hold,137.11639088606682,5141,2,554.1666622275732,SE_like
f439a621,u_hold,95.6443413760394,2821,2,363.4890283075586,NW_like
f5859199,u_hold,177.67062493409952,5790,2,1824.6469073497083,NW_like
f8662c22,u_hold,91.73101096612778,5429,2,700.1580063098255,SE_like
fd710aea,u_hold,66.91002207993034,4217,2,296.8288249141398,NW_like
febb4411,u_hold,90.38127644699149,4247,2,193.99305657701683,SE_like
01869cd4,u_hold,117.72673251227177,5557,3,354.3649858831226,SE_like
03a935ae,u_hold,48.3900972420105,2786,3,1507.00793430023,NW_like
059c8f24,u_hold,175.04446045494262,6258,3,4391.873725243342,SE_like
05a0ee4d,u_hold,98.61279030250951,4348,3,626.1140491156731,NW_like
060ab2b8,u_hold,99.98151348523515,6258,3,358.8154838205494,NW_like
0c1b160c,u_hold,85.94739255688305,5054,3,943.1825390169661,SE_like
109d9d70,u_hold,112.11938320996109,4215,3,250.34358102046033,NW_like
1590af81,u_hold,87.83348445255058,3799,3,256.7005493447082,NW_like
1770d7c6,u_hold,148.060368228266,7240,3,262.9875185249803,NW_like
177622d7,u_hold,49.18157367072066,3154,3,474.68165858801007,NW_like
1f9afacb,u_hold,89.15147677165483,5328,3,182.1282495936478,NW_like
1fee2b62,u_hold,83.99653778767114,4641,3,1372.465576018465,NW_like
200d233d,u_hold,62.551614274385834,3926,3,739.4393232157072,SE_like
2075c696,u_hold,62.42399001498919,3188,3,2018.2149540810824,SE_like
23b9beb0,u_hold,137.35476560910152,7340,3,473.19353686632667,SE_like
261785ee,u_hold,82.7772012957725,3646,3,641.3428275888126,NW_like
272abef3,u_hold,89.87530659189915,4135,3,1790.9787575445907,SE_like
276b012a,u_hold,107.62491020433258,4837,3,747.8086675746815,SE_like
2d179ded,u_hold,100.67460887463365,7008,3,850.8877834960939,NW_like
2d35f86d,u_hold,125.98522386353218,4896,3,888.4858973559352,NW_like
2e43c2ea,u_hold,112.1501855040798,5698,3,298.9238599678605,NW_like
2ee0235b,u_hold,131.1650204164562,5556,3,340.90661037886554,NW_like
32fe84c9,u_hold,92.1194275146361,6408,3,1101.1597272876043,SE_like
389ae58f,u_hold,66.46241286376247,6463,3,1015.3529018522524,SE_like
398dce4b,u_hold,76.24043595653272,3166,3,398.40645489248664,NW_like
3a223519,u_hold,102.00341283282675,4583,3,159.83583734553181,SE_like
3a824aa7,u_hold,65.83652960895641,4201,3,606.655013166694,NW_like
3bfee975,u_hold,61.47242148220918,3603,3,269.104938130745,SE_like
41fb0192,u_hold,65.19128006626674,2973,3,244.7257242300589,SE_like
4630ab92,u_hold,51.48393399640777,3373,3,175.04767921894853,NW_like
46a301e9,u_hold,151.85853855823112,8226,3,704.6180140334985,SE_like
481de5fc,u_hold,89.4854673018614,5952,3,480.78255635979207,NW_like
48c1f673,u_hold,107.04493571272668,2917,3,171.24110400279136,NW_like
4a035ec2,u_hold,64.38266279988682,2588,3,665.633178334484,SE_like
4b462989,u_hold,96.98039920299176,3106,3,365.8164640067002,NW_like
4b831d20,u_hold,153.6079188068078,7312,3,531.4280671410202,NW_like
4c3168cf,u_hold,79.04238134753051,4334,3,171.99989098839686,NW_like
4ed93db6,u_hold,74.40473088089615,4657,3,347.99430298494843,SE_like
4f3eb9e9,u_hold,90.921268196581,4697,3,385.6354554204131,SE_like
4f4ac5ce,u_hold,88.58465458981547,5162,3,352.3957638790925,NW_like
4fbe9c06,u_hold,129.19101308181678,6287,3,340.7222355225831,SE_like
529e88ca,u_hold,148.9074054158468,3417,3,882.1043266295767,NW_like
52f1e77a,u_hold,59.27280522023761,4442,3,342.29505718540406,NW_like
5305524b,u_hold,108.06208498020774,4898,3,569.3535541294223,NW_like
53f23031,u_hold,154.34753335384136,8550,3,491.38803814009214,SE_like
577eec7c,u_hold,98.17085668243148,4539,3,1172.601768376899,SE_like
57f05c51,u_hold,57.25782079481755,4771,3,177.9554823545343,SE_like
5a1a8fd8,u_hold,81.90500782530314,5260,3,472.0563712242357,SE_like
5a5269a9,u_hold,175.66869208864665,6513,3,634.7678813550181,SE_like
5aa03df7,u_hold,84.23948289418374,4871,3,1190.6527326639405,SE_like
5b7b6324,u_hold,140.63491056894273,6564,3,989.5465661099655,NW_like
5bd25f59,u_hold,145.7369009323753,4210,3,303.39160321275966,NW_like
5d7198fd,u_hold,98.03611844960498,3368,3,871.83611057456,NW_like
5def1ce5,u_hold,119.46917868786,6443,3,330.54489046206197,SE_like
5f4d2a52,u_hold,122.39747628900952,5225,3,709.6561658299654,NW_like
653612bc,u_hold,55.75348667867808,4605,3,326.4353848774872,NW_like
698930d1,u_hold,103.44201498699609,4741,3,170.29446397192453,NW_like
6a8fa194,u_hold,53.822109403091375,3017,3,435.7684178553404,NW_like
6ae68655,u_hold,108.72821313472389,4204,3,3402.8353472947906,NW_like
70e1788b,u_hold,141.47425849147814,9285,3,716.9377343331898,NW_like
71ccf778,u_hold,38.57251253541868,2698,3,421.77112660661993,NW_like
7224331b,u_hold,143.17032479064883,6063,3,1026.4765701172985,NW_like
727a3a10,u_hold,8.41824468221671,4397,3,580.7283181119269,NW_like
73348914,u_hold,106.4628733971985,4221,3,157.27982491384017,SE_like
74b6186b,u_hold,80.39791591804348,3405,3,321.56623361292804,NW_like
77e4821c,u_hold,69.73815209054845,5393,3,743.2494088013927,SE_like
7850c72e,u_hold,100.60809817493896,5497,3,14.858145913947117,SE_like
796dbd4c,u_hold,142.2849539570762,6248,3,372.2634557673599,SE_like
7a5660b0,u_hold,60.23019287826986,4998,3,418.456233314877,NW_like
7d50373e,u_hold,61.39206514023404,5122,3,349.6948271386748,SE_like
7e208414,u_hold,75.77685548199612,4226,3,889.4694089552289,NW_like
8050c789,u_hold,53.88388267497405,3077,3,706.2129251663374,NW_like
84633df4,u_hold,132.5496415299962,4972,3,255.09058074198117,NW_like
8a3da6d1,u_hold,100.52814203266628,4593,3,198.94690122428597,NW_like
8b9d8326,u_hold,104.34416994911109,6163,3,1042.8435398573683,SE_like
925a7cd1,u_hold,97.68000790412516,4517,3,362.42018929494293,NW_like
9314ff13,u_hold,45.021221315922226,2748,3,880.4273319814158,NW_like
940a48d9,u_hold,64.60727949964554,3963,3,384.36858729584,SE_like
9426ec1e,u_hold,55.65540137144518,2532,3,370.27713608938234,SE_like
94467f50,u_hold,65.77368822862232,3035,3,1112.1478364819181,NW_like
974802e7,u_hold,139.55542793742507,5843,3,993.5210195059258,NW_like
98bc6f66,u_hold,103.27440278401113,6063,3,550.1819212768999,NW_like
9a8ae0d6,u_hold,102.49687890339946,6294,3,434.723013381773,NW_like
9ad5410a,u_hold,117.89954350219607,4205,3,351.8768989080494,NW_like
9ae248be,u_hold,165.8796849399389,5271,3,325.3859548502044,NW_like
9af1ffd0,u_hold,80.53491862654602,3525,3,2601.318863999809,NW_like
9b9e3b49,u_hold,127.81079001193062,5118,3,320.9630308509646,SE_like
9d3ec64c,u_hold,82.62577532440858,3480,3,3179.700000520055,SE_like
9df1b1f9,u_hold,111.75638323559153,4701,3,925.3029061341714,NW_like
9efc812e,u_hold,21.94473846641903,4450,3,599.5605674157727,SE_like
9f0c7bae,u_hold,28.813235978711525,2542,3,1120.936261033905,SE_like
a0e92ed6,u_hold,95.94259461546726,4897,3,201.44270177897872,NW_like
a6f967fb,u_hold,57.63536929098688,4670,3,174.20306417493157,SE_like
a85bb86f,u_hold,68.34744459639589,3099,3,1086.6037716501555,NW_like
ab6fe95d,u_hold,108.91833396861712,5491,3,562.1541629304459,NW_like
abf460d2,u_hold,50.82675262931098,3217,3,273.2121556889333,NW_like
add9c322,u_hold,75.27475227532692,3932,3,347.84467798150814,NW_like
ae069086,u_hold,124.58990472919464,4770,3,446.03477723149484,NW_like
ae8959c3,u_hold,159.17579698773338,4518,3,355.5617895443489,NW_like
aed44918,u_hold,57.91400046319209,2719,3,681.6570041450491,NW_like
b0d42b0d,u_hold,133.09774476969605,4971,3,1027.523425373752,NW_like
b56bc0aa,u_hold,125.20343118279483,5602,3,940.5470588970959,NW_like
b585b4fa,u_hold,99.56806823407463,4294,3,332.4590129624877,NW_like
b881d27e,u_hold,80.71114247352412,4009,3,352.8467691507531,SE_like
be063506,u_hold,110.54099725762913,4500,3,1532.2464748984157,NW_like
c03b9305,u_hold,118.33452977633146,4255,3,862.1078928527184,NW_like
c03fba65,u_hold,54.58389305848981,3699,3,4531.411914712674,NW_like
c2c4db09,u_hold,179.39919685804733,6039,3,418.9223375521095,SE_like
c36625df,u_hold,101.46126918942616,4742,3,401.1280696904186,SE_like
c66be2b8,u_hold,91.77495052635005,4154,3,367.12557488156153,NW_like
c6797dd7,u_hold,78.05265620634837,4664,3,358.0547317099333,SE_like
c70c0e01,u_hold,97.50103805022712,4312,3,509.2730320072985,SE_like
c8d9680c,u_hold,169.20272914115105,6281,3,189.34084847185096,NW_like
c908edd0,u_hold,72.3466731661705,5293,3,447.6727024289828,SE_like
cbb406b5,u_hold,118.66319436305535,6328,3,843.5764834359568,SE_like
cbe62450,u_hold,157.12056697500392,6258,3,194.83626459178322,NW_like
cc8a1d57,u_hold,107.93860665530588,6638,3,513.6255999265919,NW_like
cdc60a53,u_hold,119.87922182885997,5878,3,349.02200079554586,NW_like
d011f41b,u_hold,45.52105591742484,2267,3,0.0,SE_like
d0cb63ae,u_hold,189.15549074401446,5223,3,412.52023754907555,NW_like
d114d9c2,u_hold,72.50187619695514,6206,3,520.5445476614988,NW_like
d1457cc5,u_hold,94.80226824894322,6920,3,1568.9005392706222,NW_like
d217e0c5,u_hold,73.26899261944538,3838,3,1849.231270343521,SE_like
d60430e6,u_hold,53.282981255158695,2511,3,453.04259325159506,NW_like
d63196fe,u_hold,64.16041749002645,4510,3,506.1321711194497,NW_like
d924e971,u_hold,103.10117075775946,3184,3,668.023063449029,NW_like
dd64382d,u_hold,78.28576841748358,3124,3,808.5116948626588,NW_like
df71d1ff,u_hold,168.10063714548676,6228,3,622.2314479355352,SE_like
e0079ed1,u_hold,84.46952315244688,3471,3,2004.189602706701,SE_like
e14d641e,u_hold,52.90282172811429,3184,3,325.323755357645,NW_like
e201fd6d,u_hold,85.70366934646279,5070,3,553.559713219739,NW_like
e5864244,u_hold,91.82772384338159,4469,3,14.461275480039204,SE_like
e5c92e59,u_hold,121.6228684547846,4295,3,516.9441981490489,NW_like
e748dd88,u_hold,63.94938794156281,4812,3,673.7107721420191,SE_like
e7818f7a,u_hold,149.68344248927963,5371,3,229.26961837079585,SE_like
e7c36e81,u_hold,65.72166056098469,3531,3,19.20780049876599,NW_like
ea0b99b7,u_hold,177.1039955488686,9239,3,285.38076319218123,SE_like
eac10e86,u_hold,67.81229436966163,6067,3,399.6430308074241,SE_like
eb06a4e7,u_hold,95.24666820053018,4535,3,192.15349938414806,SE_like
eb640a35,u_hold,128.84097252501837,6037,3,613.2154797280577,SE_like
ecdab904,u_hold,137.90021087231926,6147,3,206.5573898460357,NW_like
ef8e3ed0,u_hold,78.92585553624778,5224,3,367.79781511068137,NW_like
f07d7037,u_hold,80.82787020706986,5563,3,183.35835105044586,NW_like
f2d4c8c9,u_hold,97.39187808339415,6249,3,509.50272001213773,NW_like
f40cd091,u_hold,123.72187285549164,5166,3,666.3838978398519,NW_like
f49fdea3,u_hold,146.06219076071733,5391,3,3760.7701132015773,NW_like
f6d009f4,u_hold,252.9963683247742,6715,3,236.14666988970012,NW_like
f72b268f,u_hold,142.2414525989561,6404,3,347.54465900066606,NW_like
f8f59188,u_hold,96.23718675620786,4807,3,493.9966374381547,SE_like
fa16d114,u_hold,96.78159537315017,5686,3,539.6151902977351,SE_like
fa31da94,u_hold,144.30062408242753,5027,3,558.2012758051491,SE_like
fba7683c,u_hold,4.940828540920027,407,3,2.3433522996499767,NW_like
fdfd57da,u_hold,113.69055751271434,5236,3,388.4403030068954,SE_like
ff0aea78,u_hold,49.939245783825335,3261,3,293.1201270811036,NW_like
05948241,u_hold,88.82879496466752,3879,4,323.3688873331937,NW_like
06df5958,u_hold,73.9741159569454,3509,4,706.3738922129911,SE_like
08fecf00,u_hold,84.81362292786186,5574,4,202.81360605243228,SE_like
09441b8d,u_hold,104.5001201137592,5488,4,327.16920912577024,NW_like
0bbf5e67,u_hold,73.69912433057713,4298,4,693.4644337632429,SE_like
12f0cd90,u_hold,190.86008368625454,5947,4,331.9657262431988,SE_like
137d1e44,u_hold,89.00829928027214,4554,4,2314.416079532842,NW_like
14fee784,u_hold,102.83734561860253,4910,4,513.3421499350751,NW_like
153552f5,u_hold,95.60627848711356,4695,4,362.2423294463724,NW_like
15e154a1,u_hold,88.96500998453863,6068,4,3.730857810134897,SE_like
1619e2ca,u_hold,77.9362740325928,4443,4,1181.352795208041,SE_like
1944513c,u_hold,109.08801063346374,4722,4,204.18588320419815,SE_like
1a68190b,u_hold,83.13797094601016,4474,4,321.92333199416123,SE_like
1b82b665,u_hold,92.83227257407057,3806,4,447.35580776080656,SE_like
1bcb2fcf,u_hold,85.87664190801787,4524,4,373.81114255676937,NW_like
1d3fbf02,u_hold,38.1257391041574,2694,4,597.0682651693422,SE_like
1e5e3573,u_hold,69.06961330008623,5480,4,317.28961169598415,NW_like
203721ab,u_hold,57.64366112866137,5730,4,692.0588183818826,SE_like
20402d71,u_hold,75.4256289156177,6372,4,510.6724994614913,NW_like
26623a50,u_hold,150.13193035277877,5735,4,764.2807630204316,NW_like
26d3a96a,u_hold,110.96719156879392,4721,4,186.72317611937353,NW_like
29b24409,u_hold,116.86257132691763,5587,4,348.5023207958609,NW_like
29de15c8,u_hold,54.012022196062404,3431,4,546.6132996002004,NW_like
2acc78d4,u_hold,82.74924808212768,4266,4,778.0785894113267,NW_like
2be5c96a,u_hold,90.11798323444971,4210,4,596.7060548182038,SE_like
2c0c4a4e,u_hold,93.89186793549023,4790,4,1706.328093442078,SE_like
2d0c268a,u_hold,88.90842613598525,4550,4,2348.8751077909997,SE_like
2d9f6cb9,u_hold,136.2078642090479,7338,4,297.31951479277564,NW_like
2fa01aa6,u_hold,54.6158185404514,2174,4,863.2002196478838,SE_like
310c71a5,u_hold,120.14234861716703,5245,4,348.83186576685796,NW_like
3407f5bf,u_hold,79.59867316913042,3638,4,481.3627892765348,SE_like
3417285d,u_hold,99.6521625737028,5449,4,276.37902627006486,NW_like
357c12f9,u_hold,89.91191455752984,4079,4,716.3457589737073,NW_like
35b30c7f,u_hold,198.83715123253546,9579,4,334.5674899031215,SE_like
35b3ef6a,u_hold,98.7011135405233,3904,4,854.6856321523446,NW_like
38991fd4,u_hold,108.54479458789389,4798,4,704.6292534577062,NW_like
3932faa6,u_hold,86.07651375339127,5452,4,794.3422260586085,NW_like
3a7dd95d,u_hold,34.21204975308066,3072,4,3365.223970606415,NW_like
3df4b19e,u_hold,88.16396239550777,4988,4,332.3210734644984,SE_like
3ef98781,u_hold,60.603535442195536,3892,4,351.91554697138173,NW_like
404c4384,u_hold,21.036080580019014,911,4,326.8812337835708,NW_like
43b06c70,u_hold,129.87767702394254,4846,4,376.68302656202644,NW_like
445af6c2,u_hold,125.84891344227144,6041,4,340.7283217918493,SE_like
44a94013,u_hold,94.41148989627303,4903,4,565.3281205308292,NW_like
460f859e,u_hold,32.52826525082208,3336,4,1306.4538918004102,SE_like
466fc788,u_hold,88.60133216839367,6197,4,330.91254367732745,NW_like
46d41ff6,u_hold,147.13218543304743,7901,4,660.4819495024678,SE_like
47ee27ab,u_hold,118.62297097069403,6397,4,0.0,NW_like
4a8ecc0b,u_hold,88.11628833357106,5809,4,855.3902268557407,NW_like
4c2208f5,u_hold,65.74585831917844,5384,4,1866.7246869849587,NW_like
4e050c92,u_hold,70.40026018327697,3705,4,355.4659701475544,NW_like
5138a660,u_hold,86.12909940532204,3559,4,378.2587667194341,SE_like
5397ceb1,u_hold,110.70222831069952,5255,4,811.7655354480685,SE_like
54753541,u_hold,63.93579434730002,4026,4,515.4821240351965,SE_like
5567d551,u_hold,142.26531011457882,6889,4,379.0486559799596,NW_like
593876b6,u_hold,95.92367653182615,4842,4,172.5593228040167,NW_like
59f8b2e8,u_hold,96.70875082136205,3747,4,772.0309311161491,SE_like
5beded95,u_hold,66.92106752318756,3057,4,1838.142518422877,SE_like
5cdd8dbc,u_hold,71.75907376965877,4010,4,445.4263363800865,NW_like
5f75f796,u_hold,114.29653958054121,5562,4,1860.8561909705263,NW_like
5fffa282,u_hold,71.97296648398576,4201,4,308.90177244162555,SE_like
60e37807,u_hold,76.9703617275281,2699,4,356.0206513672851,NW_like
62569ae3,u_hold,62.099292296343485,3588,4,610.7691150733508,SE_like
6e6d122c,u_hold,93.97952009243231,5632,4,700.0098545734598,SE_like
6e9ccd38,u_hold,122.29137350728034,8282,4,505.4406667452346,NW_like
71642c7d,u_hold,102.11171803083228,4648,4,160.90417911873976,SE_like
722cf0d8,u_hold,92.20851800252763,5143,4,606.3552405972275,NW_like
7271dd80,u_hold,84.50595472269714,4340,4,2497.7534149110825,SE_like
729e9750,u_hold,115.61745577607195,5919,4,1055.4260804054913,SE_like
73b1447d,u_hold,90.7575385939446,5670,4,490.1465315599374,SE_like
75cd5f11,u_hold,81.17887567877364,4946,4,164.5289898466986,SE_like
79507629,u_hold,104.24282405524349,5302,4,348.3195302381461,NW_like
7acda2df,u_hold,33.17223796141157,3091,4,335.8271408029858,SE_like
7b2c7b3c,u_hold,59.99785603109738,2584,4,767.8466565664036,NW_like
811f52b3,u_hold,113.79806843650765,4836,4,330.45190752773635,NW_like
8255c867,u_hold,45.90293708009029,3589,4,352.93433171074685,NW_like
82aab6d2,u_hold,139.7177702426572,6140,4,188.0272121264137,NW_like
861e71df,u_hold,90.8152982134385,4700,4,229.3912714117615,NW_like
877ed19c,u_hold,90.34887360626117,3708,4,295.9230009649451,SE_like
87aa3730,u_hold,124.52003249588748,5607,4,352.8756306496774,SE_like
89969c7a,u_hold,108.7173941555348,4947,4,575.6818934965761,NW_like
89f1085d,u_hold,156.6905211837564,5994,4,703.789362804228,NW_like
8bda1a11,u_hold,115.13407247710776,5981,4,520.4906734994017,SE_like
8cc800b3,u_hold,210.38308117497817,6576,4,1142.9831625291863,SE_like
91b301ce,u_hold,155.74910111955995,6570,4,1931.9851056620114,NW_like
93209a3d,u_hold,143.26728633757529,4697,4,409.7337174312445,NW_like
940e709a,u_hold,92.90489383941407,3348,4,361.5665229249328,NW_like
95b559e7,u_hold,28.3383333091755,2887,4,365.765385634672,SE_like
95c8427f,u_hold,81.51617702137368,6335,4,391.4755309085436,NW_like
98177ced,u_hold,63.592013917588005,4772,4,197.26544983850113,SE_like
9a6b0392,u_hold,95.9409151994428,4255,4,253.3197694610652,SE_like
9a95e33f,u_hold,82.94267762915247,6447,4,387.52137774284245,SE_like
9c8375f7,u_hold,34.218236941105665,3674,4,325.86974489782517,NW_like
9def2eb2,u_hold,121.49157862477863,6003,4,463.9687382787732,SE_like
a056d01e,u_hold,121.51938995468548,6557,4,359.73628681073086,SE_like
a15bc102,u_hold,72.474197755241,3236,4,1507.8425517938651,NW_like
a3f71395,u_hold,183.84030302062862,5543,4,683.0278158522159,NW_like
a612d5a0,u_hold,87.0849399283483,5329,4,400.2062174202815,SE_like
a79fd2e7,u_hold,96.76402568400981,4404,4,199.01143450804443,SE_like
a87433c9,u_hold,94.11919084221257,5721,4,1947.0252243770663,SE_like
a8ed028a,u_hold,85.64976365942368,5538,4,2052.600671509218,NW_like
aa95015b,u_hold,95.23259250248458,4300,4,616.6524636294358,SE_like
aaeffccb,u_hold,28.183717907480922,2712,4,614.0291394609873,SE_like
ab3ced07,u_hold,67.57355332664048,4250,4,309.6604582080977,NW_like
b32902c0,u_hold,88.26213522064828,3808,4,349.2195675795622,NW_like
b32e4903,u_hold,120.7340919597763,5770,4,327.0639023185922,NW_like
b5aa9634,u_hold,143.72635194911769,7326,4,126.4760778037313,NW_like
bcebcc5f,u_hold,91.57858818526455,6258,4,0.0,SE_like
be83e781,u_hold,63.17792965510997,3221,4,355.0246775269168,SE_like
beda8696,u_hold,64.9185465692753,5912,4,529.7831844254086,NW_like
bf39bc20,u_hold,37.44313636255106,3303,4,880.6201047840407,SE_like
bf70b410,u_hold,80.15390917197905,6347,4,533.0159034544221,NW_like
c03d4aed,u_hold,102.78088990023578,4641,4,667.7715546324317,SE_like
c2717d4f,u_hold,109.34085768927115,4721,4,192.17821983110014,SE_like
c42fe306,u_hold,97.1350432525222,5095,4,352.3197588077003,NW_like
c59b6c4a,u_hold,64.19517007424335,5499,4,537.0310497999673,NW_like
c6b782a4,u_hold,112.4383556093002,4877,4,1049.950586656657,NW_like
cad13e8f,u_hold,64.66376673965343,4848,4,332.1736512591003,SE_like
cdc31d65,u_hold,75.49004526349363,4840,4,250.07771212169854,SE_like
d41beaf2,u_hold,106.03231677363345,4753,4,344.9417356597896,NW_like
d543916f,u_hold,86.26367203291136,4799,4,390.6822648905595,SE_like
d5df0ff5,u_hold,87.68152004918133,4032,4,1391.1330553901325,NW_like
d6dd7330,u_hold,103.3962250567338,6193,4,164.80081315329673,NW_like
d7eb0be8,u_hold,68.57969993343261,5401,4,1904.8903256881433,NW_like
ddc790ff,u_hold,75.9738320432945,4726,4,400.6493705222138,SE_like
e0f36d98,u_hold,76.1886703774955,4976,4,550.0687923091941,SE_like
e161bd0c,u_hold,47.91583958131398,2949,4,785.0390350166706,SE_like
e32da4ec,u_hold,84.82300402883635,4689,4,159.85594546348446,NW_like
e45a2a62,u_hold,111.6393381396153,5007,4,698.67782810435,NW_like
e5ff9fd2,u_hold,45.2237140109279,2354,4,929.1460553112853,NW_like
e730c32b,u_hold,107.01574722499723,4728,4,1052.8736393791803,SE_like
e737965a,u_hold,111.67506466615777,5955,4,336.32248348877357,NW_like
e85074c5,u_hold,59.56677033187947,5675,4,365.16637988732225,SE_like
ea3a0e38,u_hold,139.1071400487582,10052,4,850.3235914072636,SE_like
ebe69318,u_hold,67.11688773889045,4976,4,350.87318434085705,SE_like
ec0d597b,u_hold,66.00470375073841,4616,4,875.6966876720753,SE_like
ee4aecac,u_hold,94.57919961015875,5265,4,182.5323448052078,SE_like
ef04658e,u_hold,92.80195941150242,4104,4,379.53979106289006,NW_like
efde6ac3,u_hold,107.0228466051032,4559,4,0.0,SE_like
efe96181,u_hold,104.10511324983302,4012,4,1195.6900104125007,SE_like
f053a1b9,u_hold,60.0093178603397,4108,4,376.2110350587982,NW_like
f08774c3,u_hold,86.7976199455104,3900,4,857.4557306356955,NW_like
f140c2fa,u_hold,76.82479220715602,4082,4,398.16550812055016,NW_like
f16e25e3,u_hold,79.1997210345741,4651,4,2450.179603294586,NW_like
f56d3ace,u_hold,87.25973495070416,5432,4,566.7051491738077,NW_like
f5d8aab6,u_hold,87.5764919079362,4444,4,178.0804495164132,NW_like
f631da6e,u_hold,93.43249455897364,4093,4,1020.3415881461456,NW_like
f6824bb0,u_hold,103.85572373616098,5015,4,344.65433629853044,NW_like
f8afa78a,u_hold,114.3885878034978,6032,4,637.5360978798466,SE_like
f9fc81aa,u_hold,101.15896316071617,5598,4,338.6463679120992,SE_like
fb0904bd,u_hold,72.18793836002995,3181,4,1556.9900775951319,NW_like
fd8f77fa,u_hold,101.74430522106245,5272,4,376.45635138718666,NW_like
fde20ecf,u_hold,59.163947230887636,4667,4,341.9568723370833,NW_like
ffefef30,u_hold,99.39036903847357,4570,4,159.60785225051993,SE_like
00bbac68,u_linear,11.01347626684314,6014,0,353.63060529297024,NW_like
00e12e8b,u_linear,16.498461576559315,4301,0,2283.3801725389208,NW_like
01982c1d,u_linear,10.398376166340752,3941,0,252.93397113869707,NW_like
028d7b28,u_linear,68.75255471468857,6234,0,726.2462778333141,SE_like
044af7d1,u_linear,2.8711540387959253,4519,0,890.5602212087745,NW_like
0a57a29c,u_linear,8.905978577542054,5821,0,336.40590717983764,NW_like
0d99f8e4,u_linear,13.615461821302034,5823,0,332.6649139900157,SE_like
0dc835f3,u_linear,33.08267208932776,4428,0,202.24758478600307,NW_like
0dd99dc5,u_linear,24.33853243886253,7342,0,299.7824512876945,NW_like
0e5e560d,u_linear,18.965374475508966,3253,0,1896.617745618988,SE_like
14a53cb3,u_linear,52.01860956957176,6919,0,489.427959125706,NW_like
14ab73fb,u_linear,42.905876449430586,3649,0,1632.0408373801974,SE_like
14ad5efb,u_linear,71.11695672553101,5842,0,357.9973048198511,SE_like
155887bb,u_linear,42.4478156234026,5585,0,58.6071002521971,NW_like
198a5607,u_linear,19.10700508381921,6251,0,390.30713448993475,NW_like
1a518997,u_linear,92.53685684151937,4606,0,362.13450156552693,SE_like
1aaf1da0,u_linear,41.95492315467993,4804,0,373.18377542677314,NW_like
1b08ed48,u_linear,9.719052778812804,5618,0,165.39661517978593,NW_like
1d78281a,u_linear,10.142132338586762,4949,0,321.81285191718183,SE_like
2043abc5,u_linear,40.15459879244541,6958,0,1422.9786316385316,NW_like
230eaaa3,u_linear,6.041511384422137,4690,0,507.198973579576,SE_like
25050f63,u_linear,12.814813325914505,6124,0,527.4159635500276,NW_like
25fd32b3,u_linear,14.030330311175268,2885,0,1012.0285475219785,SE_like
27300fd5,u_linear,29.200759676756107,5467,0,46.9724727900327,NW_like
28f4eda9,u_linear,28.10277707387599,5266,0,537.6978809395898,NW_like
2b547943,u_linear,11.936957197143084,3480,0,453.87296592772327,SE_like
2bff06cf,u_linear,105.54354810983352,7624,0,1924.9197391321197,NW_like
2d196986,u_linear,33.19790487911034,6474,0,819.386649304128,NW_like
2e29e833,u_linear,35.729206233636845,5428,0,1385.2324580733548,SE_like
2f8e53c3,u_linear,8.151023278851765,2594,0,1.516789190979803,NW_like
33c40295,u_linear,51.761775023884745,4169,0,776.4682675425402,NW_like
347242c8,u_linear,27.026078090118766,3595,0,1003.8383567533018,SE_like
37344c2a,u_linear,9.911539931637527,5197,0,335.38883836527555,SE_like
373ef48b,u_linear,7.2241755059820205,3509,0,352.8949172205331,SE_like
37d36812,u_linear,61.929838226828764,4367,0,297.81613169230116,NW_like
3a86fe8d,u_linear,37.88826387120705,5118,0,314.9548108856752,SE_like
3aaa2b30,u_linear,20.89989189568657,4711,0,390.9621063867555,SE_like
3bbe1f5d,u_linear,11.62737693605574,6918,0,701.7153235463395,SE_like
3c3dbcbc,u_linear,11.518823689067183,5069,0,356.5374691391497,NW_like
4121c517,u_linear,27.860183837505392,3723,0,167.55844950341768,NW_like
42669188,u_linear,31.792851046184087,4282,0,2636.300117109524,NW_like
43e16325,u_linear,6.672757813660927,3720,0,2755.4173633464643,SE_like
44441e54,u_linear,5.804523350805325,4357,0,52.54517304309415,NW_like
4463446c,u_linear,24.37100066919521,3256,0,2464.4666150326516,SE_like
463c38f2,u_linear,30.124311368121905,4460,0,877.5307657638859,NW_like
46a7190b,u_linear,31.02010928895709,4215,0,878.4241989497532,SE_like
46dfcfca,u_linear,7.4557447646386885,3606,0,1232.147965643555,SE_like
47222616,u_linear,66.35077645147734,4406,0,355.1655846223129,NW_like
4936af16,u_linear,16.33085272179163,3991,0,317.662338783178,SE_like
493b5b31,u_linear,30.263986193878072,4671,0,187.83217243082925,SE_like
4c3df468,u_linear,56.95682623681198,5392,0,529.4321407886375,SE_like
4ddde4c1,u_linear,13.938683243531148,4472,0,166.72394669002952,NW_like
504c8b08,u_linear,39.63537906553999,6367,0,391.857680797619,NW_like
516088b7,u_linear,30.44250684064421,6645,0,341.392593196462,NW_like
53134831,u_linear,33.190385273142546,5126,0,329.27781173323444,NW_like
543198e8,u_linear,78.49938645108688,6503,0,1132.1443484148547,NW_like
55efee7f,u_linear,39.959025894892726,4801,0,449.8700990287463,NW_like
5663b2b7,u_linear,21.13048538344249,4972,0,0.0,NW_like
5693dde2,u_linear,43.30546728254634,3488,0,1444.3186048096422,SE_like
5a5d1982,u_linear,8.245572734664266,3894,0,336.249536654112,SE_like
5aef5c6c,u_linear,7.903062392612993,3121,0,2357.0426288252693,SE_like
5fb1c15f,u_linear,38.341706278992845,2860,0,729.6041162850158,NW_like
633774dc,u_linear,49.63597188442936,6233,0,788.860868676361,NW_like
660d9546,u_linear,35.85934988830756,4732,0,367.35007077679086,NW_like
684a6fc1,u_linear,41.83792378540511,9818,0,0.0,SE_like
69c1bdad,u_linear,8.917060013531882,2714,0,505.59047508818566,NW_like
69e41fa6,u_linear,38.58432405329896,5772,0,193.96715114776225,SE_like
6ea22614,u_linear,34.19330027688685,5971,0,371.7462151790851,SE_like
7256229b,u_linear,38.588776004164586,5415,0,711.1376708129145,SE_like
75c20ec7,u_linear,34.01784298521501,5361,0,929.9304515929757,NW_like
764072a5,u_linear,3.0859932598430126,2949,0,322.71143485561925,NW_like
77b0d905,u_linear,69.46747521460696,4174,0,468.69032014748063,NW_like
7987f2f2,u_linear,43.02097794416884,3705,0,267.85384651482536,SE_like
7bb17b96,u_linear,24.562232575590865,3922,0,544.6597765577343,SE_like
7c607683,u_linear,6.9501617133405595,5328,0,357.2619323703998,NW_like
7ff89f8f,u_linear,28.972462496213065,7337,0,505.4067409035865,NW_like
833af382,u_linear,47.98704652446477,3628,0,347.5899807502574,NW_like
85380836,u_linear,82.60923046708825,6618,0,331.20214144842294,NW_like
8648abae,u_linear,32.99007232248242,4244,0,479.84882827824754,SE_like
865033f8,u_linear,3.504362240987081,3557,0,291.1783111771956,NW_like
8b5be31b,u_linear,47.62302560385822,5672,0,370.99952088921975,NW_like
8b95d6d1,u_linear,6.929541938004156,1731,0,0.0,SE_like
8bb9c1e6,u_linear,24.772910699643507,4546,0,330.6156408681994,NW_like
8c8348e8,u_linear,38.17687214828868,3888,0,1055.7720376025272,SE_like
9283ae69,u_linear,40.278211349132086,3371,0,435.84089234837165,NW_like
9298ad5b,u_linear,7.549441731620473,3964,0,721.769574864293,NW_like
944f36b9,u_linear,20.800404574016135,4630,0,69.37616168387635,SE_like
9719aa04,u_linear,31.277704119233366,4871,0,176.2466267860995,NW_like
97cd5bf9,u_linear,20.411264846289917,3449,0,1026.3814050084814,NW_like
9896fc0b,u_linear,18.2519109009679,3595,0,564.067419184855,SE_like
992c99e8,u_linear,6.850717091935385,4904,0,330.5574402429762,SE_like
9ab94eeb,u_linear,23.5630777673432,4442,0,738.5652690199947,NW_like
9b5b61c1,u_linear,2.228377785167695,5532,0,374.0386435919235,SE_like
9d4272e3,u_linear,23.08506925633824,4030,0,1561.7743603028186,NW_like
9dede370,u_linear,41.899300110927896,6297,0,189.40235954153897,NW_like
9dfff011,u_linear,16.08921461380722,4319,0,1688.6034252478223,NW_like
a0b83014,u_linear,3.7634023317514163,5035,0,390.68079228365406,NW_like
a3518960,u_linear,8.629880923592475,4967,0,604.2123513153024,SE_like
a4719920,u_linear,19.66233684035981,5884,0,1080.5094533039737,SE_like
a48640d9,u_linear,18.817977236012283,4532,0,748.9941722737178,SE_like
a645da9a,u_linear,58.76350360019904,5153,0,623.6740462773744,SE_like
a692b17e,u_linear,18.69714518116832,3566,0,329.00206647461516,NW_like
a6b8ac67,u_linear,66.19659694094233,5453,0,681.1976182394292,NW_like
a85e4bc3,u_linear,30.971125935550916,4581,0,1171.1992196464034,SE_like
a959858c,u_linear,51.031828811182635,4404,0,248.4930622775124,SE_like
ab112491,u_linear,24.56083493853683,5185,0,1409.9402103792704,NW_like
ab18d3fc,u_linear,90.30228186303816,5694,0,699.0627622722183,SE_like
ae35f33a,u_linear,15.987948696343171,4450,0,158.95542331105435,SE_like
aff4e561,u_linear,9.612169951578206,6026,0,512.4125925463032,NW_like
b19b0395,u_linear,57.557119567568066,5813,0,346.1100518042865,SE_like
b38e3116,u_linear,27.589827015846662,6211,0,165.82653162905146,NW_like
b7974e66,u_linear,12.559035906359625,5558,0,369.278466460025,NW_like
b8c49c1a,u_linear,5.009265921678633,4319,0,511.7373937866445,SE_like
b95e7121,u_linear,89.63560120984218,6306,0,331.68348692276936,SE_like
ba48188d,u_linear,3.2425939823730277,4166,0,481.40687341353896,NW_like
bd4ae5da,u_linear,27.421581656996192,5006,0,303.8359486630581,SE_like
bd8f847e,u_linear,39.64057847969851,4961,0,547.2634318035787,SE_like
c07fd0cd,u_linear,24.373255166398184,4191,0,192.19595643933286,SE_like
c3957531,u_linear,12.404025184936893,5316,0,491.5940761440804,NW_like
c472c0b5,u_linear,53.01850597003564,3054,0,171.82372391480874,NW_like
c50b42f6,u_linear,10.643733364290641,6014,0,400.50508473670595,SE_like
c593337f,u_linear,12.26442623538796,5208,0,1467.3801277444802,NW_like
c84c65be,u_linear,31.745266276155807,8496,0,470.5362919049343,NW_like
c9578d27,u_linear,69.06654783628858,4487,0,673.645467543718,NW_like
c96c018a,u_linear,13.414921534332292,6236,0,380.906536016652,SE_like
c99f9fae,u_linear,68.79551507694407,6361,0,1592.65399899012,SE_like
c9fedcf3,u_linear,2.553146207638093,3517,0,1178.895696387775,SE_like
cbe51de1,u_linear,38.45586535019424,3963,0,324.06363994945195,SE_like
cc08aa63,u_linear,25.755330659777663,3274,0,515.1613651081468,NW_like
cda7eb37,u_linear,59.42577677082417,5973,0,220.16005938282035,NW_like
ce8399b7,u_linear,15.398307252369271,1615,0,0.031622776852017344,SE_like
d3df146b,u_linear,16.769082172128904,5787,0,378.2860458702564,SE_like
d40f61d5,u_linear,4.535410330040621,4039,0,353.99582298847713,SE_like
d50c649a,u_linear,52.28436542455454,4873,0,377.0409284330357,NW_like
d7ba4f9d,u_linear,69.81207576124889,6023,0,548.7438256388855,SE_like
d84b621b,u_linear,7.847425523284922,3994,0,692.8433506367863,NW_like
da2d4d7c,u_linear,1.1005401400270953,2114,0,370.32103801984994,SE_like
dd7d638e,u_linear,25.476134806396118,4301,0,366.03295981960093,NW_like
e46f4ef4,u_linear,43.68365120260134,7195,0,395.4989444691412,SE_like
ea41324e,u_linear,13.93139512887204,5025,0,376.8079117079957,NW_like
eabc711b,u_linear,23.920337616407362,5348,0,491.7218143802355,NW_like
eba6605e,u_linear,59.03855572057797,4410,0,1905.8986097032973,SE_like
ee0300f7,u_linear,31.46539950239168,4544,0,522.6840821970901,SE_like
eeda36f5,u_linear,26.682704919535094,4797,0,667.7710288033161,SE_like
eeed308d,u_linear,11.445330728318721,3899,0,419.5648243121167,SE_like
f021b650,u_linear,45.62572511083541,3739,0,1821.2216195728108,NW_like
f4d12d23,u_linear,11.691866793177006,3701,0,326.3745046719839,NW_like
f6bc699b,u_linear,6.492021546739151,3752,0,792.8254645886047,SE_like
fb03ae90,u_linear,115.96294919888999,6431,0,390.7577548947262,SE_like
fb3848a1,u_linear,12.560994014011237,5919,0,357.94729500333796,NW_like
fb73b13a,u_linear,119.1437967925682,5640,0,235.014632154616,NW_like
fc0d20b2,u_linear,32.90412597891789,3954,0,349.45081399246055,NW_like
fd3b4faa,u_linear,17.28194011538386,5022,0,493.2024356183112,SE_like
fef8af96,u_linear,10.685964796057382,3826,0,873.3795783147343,SE_like
ff8bb73a,u_linear,60.42741234304791,5927,0,249.92891697555507,NW_like
015fe0d2,u_linear,8.83161383513597,4296,1,1030.5972525675907,SE_like
02e7fe5a,u_linear,15.198606711157547,5108,1,291.90977852724956,SE_like
0849b4e2,u_linear,14.604685826780564,5537,1,190.9022330933709,SE_like
09053135,u_linear,4.963612519367628,5907,1,813.6775194756696,SE_like
0955cd6c,u_linear,11.493328018605382,5195,1,317.90936754144786,NW_like
0be01c24,u_linear,31.85423349368093,4738,1,179.49315453101292,NW_like
10a1281a,u_linear,18.22361153083484,5609,1,340.87715942500586,NW_like
1131525f,u_linear,35.28114067312801,4159,1,719.4073188395414,SE_like
11d0f5ac,u_linear,9.639204503748553,4883,1,1160.747946714508,NW_like
12203f2a,u_linear,18.465863746068443,3261,1,248.43893917827313,NW_like
122bd617,u_linear,21.444257655615562,4570,1,392.96220785227615,NW_like
13ce113d,u_linear,15.28522410843741,2966,1,4145.352971822648,NW_like
13f598d9,u_linear,14.183130445046155,7306,1,311.237708936873,NW_like
19871e7f,u_linear,8.440546908695575,5293,1,348.62034518628263,NW_like
19fb4f7b,u_linear,25.41921808795181,5620,1,272.6096802047049,NW_like
1b1eba53,u_linear,38.1361015434503,4655,1,1219.4399881658474,SE_like
1fdbba44,u_linear,68.82637779936827,4911,1,322.59718146555895,NW_like
201661b5,u_linear,28.90980071101532,5955,1,1973.5813292851453,SE_like
204cc64b,u_linear,12.348481900400984,4805,1,170.8411557557933,NW_like
206b6193,u_linear,3.7866364080697252,6535,1,1767.5586644390582,NW_like
24d8997e,u_linear,9.557228592285249,3442,1,686.3913868924343,NW_like
25939962,u_linear,7.6583914531670585,4319,1,310.0154361276239,NW_like
264feceb,u_linear,30.728835151468196,5665,1,327.2847312355212,NW_like
2ab29395,u_linear,2.8124718285127197,1852,1,370.5205592745193,SE_like
2ac7cb6b,u_linear,44.99325300433156,4990,1,946.8151095648478,NW_like
2f19d536,u_linear,7.189551872020417,3088,1,1871.053514876392,NW_like
2fe023be,u_linear,28.905255739465908,4221,1,392.45850300421205,NW_like
30d75030,u_linear,20.013362033903913,3404,1,446.7302735430055,NW_like
353e5502,u_linear,51.93460917058084,6062,1,1133.234722817905,NW_like
367456ce,u_linear,31.515050119816184,5569,1,337.3686941122909,SE_like
368131f9,u_linear,30.742208997081484,4991,1,663.822989207324,NW_like
368fe682,u_linear,30.135989470165562,4936,1,690.0043346242984,NW_like
3ac16ad0,u_linear,6.78359240177167,5649,1,532.0396470190067,SE_like
3b21ea64,u_linear,13.711526623148284,7376,1,127.51514301345946,NW_like
3e011332,u_linear,38.083370769844315,2723,1,356.7979288056891,NW_like
3e678ea7,u_linear,11.032987412723593,6858,1,396.0313616018213,SE_like
3ef6372a,u_linear,8.37126975709726,4727,1,508.8390814782524,SE_like
42c538a1,u_linear,37.43661269151993,3279,1,2533.025221040766,NW_like
43c7f85a,u_linear,39.69255798330792,5978,1,636.6553467541719,SE_like
4654e7de,u_linear,12.591347428293034,5373,1,1090.7031691602292,SE_like
4a335117,u_linear,11.317874014952332,5015,1,296.465648094143,SE_like
4cd1ac61,u_linear,58.01794455222098,4489,1,376.31551984677526,NW_like
4f4afcc6,u_linear,17.715039912149177,5645,1,352.32520851229077,SE_like
521a7819,u_linear,16.11826035421183,5200,1,344.49447673369707,NW_like
5254b6db,u_linear,6.320154828451038,3274,1,391.54566674838475,NW_like
5542c301,u_linear,40.493200413747786,3591,1,377.4094172434859,NW_like
58850d2c,u_linear,20.422364823298814,4995,1,881.8511655037217,NW_like
58fa8486,u_linear,2.863219413146876,4475,1,377.489458925663,NW_like
5aa403d0,u_linear,50.18221185913449,3118,1,365.64510238746044,NW_like
5d11dfb5,u_linear,40.580677630913016,5895,1,197.8600830167291,NW_like
5f6756c5,u_linear,64.1039961646949,5931,1,511.6395259363543,NW_like
62a6f539,u_linear,2.6326015424665963,3693,1,318.3892677718098,NW_like
65156b96,u_linear,47.79534610136402,3221,1,1075.5918626652383,SE_like
67a8da4a,u_linear,70.87135194491937,4911,1,361.42538133653943,NW_like
6d1d74e1,u_linear,57.85355540109186,5830,1,530.3609626083758,SE_like
708caea9,u_linear,146.3348367657274,6548,1,337.80574447453216,NW_like
70925e23,u_linear,30.1926818526166,5947,1,4077.6993026092123,NW_like
726f3dc2,u_linear,10.349770010400922,6723,1,191.09828924281422,NW_like
729665c0,u_linear,18.75285074930685,4263,1,406.33181625363187,SE_like
72dd8501,u_linear,4.097335753077571,5193,1,181.15612989927078,NW_like
739a914f,u_linear,33.18828895006945,5505,1,335.31906800116246,NW_like
76201745,u_linear,23.204099148881507,4448,1,69.07906685329742,SE_like
78a4a386,u_linear,7.957326169850808,5119,1,0.0,NW_like
7b38844c,u_linear,5.307375815073109,3749,1,109.6607701045472,NW_like
807f0298,u_linear,82.75877197609344,3747,1,485.22485849332475,NW_like
81bf5923,u_linear,61.81337807769532,4543,1,580.011196656863,NW_like
82fcf37c,u_linear,8.57450881712908,6014,1,509.8295814286621,NW_like
8382f4b6,u_linear,10.528752036281615,4967,1,309.70315450338126,SE_like
8478df29,u_linear,45.65650911386696,4857,1,255.47427758434594,NW_like
84815d5a,u_linear,3.2759401014244798,3647,1,175.0037371032734,NW_like
84c3b497,u_linear,13.898864055224,5312,1,825.4868038312081,SE_like
86454a6f,u_linear,13.31083413564829,7964,1,654.1287787100882,SE_like
87695469,u_linear,20.761466075329036,7003,1,460.17245832401926,NW_like
8902c3f6,u_linear,11.317672763318969,4959,1,1594.8200092737902,SE_like
896d15b9,u_linear,85.82514073597464,4279,1,1375.415277214291,NW_like
89f36adf,u_linear,5.705633545920576,5292,1,328.9512355959778,NW_like
8ac2f237,u_linear,21.440636070840153,5319,1,494.9595217795423,SE_like
8b12bab6,u_linear,11.188950833252811,5234,1,489.6240719641075,NW_like
8bfa881d,u_linear,58.7398306392313,4089,1,608.6514185154377,NW_like
8d5d46d7,u_linear,40.77156425653404,5755,1,351.1064826955047,NW_like
8f201368,u_linear,174.71804056606115,6349,1,369.92926300683894,NW_like
91db7070,u_linear,8.365383599337504,4073,1,362.7372740706411,SE_like
939d9c34,u_linear,67.21590646328616,5101,1,631.7189528582475,NW_like
992ce078,u_linear,26.39286068990801,2879,1,414.2852826252939,NW_like
99529c45,u_linear,28.065403342038664,5840,1,875.2780059498349,NW_like
999daf80,u_linear,1.9958436820976955,3564,1,357.6432557382536,NW_like
9c350a6a,u_linear,18.712799758151018,6052,1,1275.966566325214,SE_like
9d5e14d4,u_linear,20.267849981901875,5400,1,565.4150482609667,NW_like
9e3e364d,u_linear,29.009036326256155,4290,1,573.2569045375237,SE_like
a08d9e63,u_linear,10.801225541362625,3685,1,869.8107532677803,SE_like
a2e8e7f6,u_linear,17.17510259738826,4760,1,103.5890462353991,SE_like
a4cdbb0f,u_linear,15.995817038844924,5204,1,641.2257769304425,NW_like
a5aa7973,u_linear,24.736719263867325,4616,1,164.28394930727703,NW_like
a622ce4d,u_linear,61.39484385200271,6298,1,338.3995273343961,SE_like
a76db406,u_linear,14.689208216023221,4672,1,1033.0354015714504,SE_like
a7744f5b,u_linear,8.005942852059064,4377,1,336.983258762183,SE_like
a7fc3e6b,u_linear,25.490612654078703,4764,1,2632.095700488149,SE_like
a9c9b150,u_linear,21.2968900618032,3986,1,338.9776998564047,NW_like
aaaf3c03,u_linear,36.03076887174352,2997,1,852.0935737534375,NW_like
ab94878e,u_linear,58.75688616127595,6004,1,320.07059543965613,NW_like
ae0784a8,u_linear,63.465078682100255,7823,1,659.9911250919915,SE_like
aee6393a,u_linear,30.64184995606149,5865,1,397.17154890644895,SE_like
b04b58a3,u_linear,24.75585432100549,3402,1,2467.959939648059,SE_like
b3388334,u_linear,17.0947896782838,6080,1,420.6440028838779,SE_like
b37fd114,u_linear,11.973182793235528,8161,1,1593.534416446716,SE_like
b4d8dd4f,u_linear,17.666667261944816,4259,1,895.6767154939789,NW_like
b4f37e6e,u_linear,5.761395367205091,2992,1,789.8450291038855,SE_like
b7cdcecb,u_linear,43.259878766665004,6168,1,621.9106719270856,SE_like
b7fea9ef,u_linear,26.682834750417832,3866,1,17.39148817304338,SE_like
bb2cdd83,u_linear,17.491328276112952,3825,1,333.3173412827803,NW_like
bc4381e2,u_linear,22.27826798790406,4955,1,651.9185956083635,NW_like
bd2c2f34,u_linear,45.533340426587344,9823,1,366.6273663881178,NW_like
bd6f0e19,u_linear,66.43720239578553,5140,1,340.6283491026744,NW_like
be35c8f2,u_linear,12.49210176642943,4226,1,921.5309890699343,NW_like
bffe3082,u_linear,12.715002728021059,5723,1,1246.7394937250178,SE_like
c1d046f4,u_linear,8.404543771856689,5513,1,380.86108714320045,SE_like
c43812e2,u_linear,49.90273381899004,5527,1,1039.4036395962112,NW_like
c9e6734f,u_linear,36.249452448028094,4735,1,600.7136979922742,SE_like
c9e980e8,u_linear,21.16755909663824,4359,1,289.9556134996529,NW_like
cd7f1687,u_linear,22.07330195756984,4232,1,637.3701776834791,NW_like
ce55ba43,u_linear,18.04691708167891,4104,1,369.8725895493589,NW_like
cf50c9d1,u_linear,19.378878951673496,4858,1,345.27357573374996,NW_like
d00e7eb9,u_linear,74.40188981664762,5704,1,3537.3432260408918,SE_like
d07aed8f,u_linear,11.55521582594107,2957,1,2043.377741339243,SE_like
d085e611,u_linear,38.45341608721584,6191,1,0.0,SE_like
d0a0e7b5,u_linear,3.3035128609137963,3816,1,316.8331190518554,NW_like
d0a43760,u_linear,49.680956804881575,4041,1,1119.9575157119873,SE_like
d24ff243,u_linear,18.639512101091118,5641,1,691.0789253046081,SE_like
d6c320d9,u_linear,12.62365931966895,5452,1,1047.2839780117845,SE_like
d90aa14c,u_linear,8.418335547863833,10018,1,5775.716659294537,NW_like
d9eca87b,u_linear,32.91938439859524,6373,1,529.7045949394264,NW_like
da3bfe4e,u_linear,5.586583784532515,5549,1,864.6750364154541,SE_like
da3cf798,u_linear,46.8279438074682,5844,1,370.78992610350235,NW_like
dbee6c86,u_linear,20.822485613174525,7369,1,333.1933534910567,NW_like
dc5fbe29,u_linear,5.699962716296973,5203,1,476.4647435953716,SE_like
dc7da28f,u_linear,28.668862376857934,4774,1,1752.8556967410195,SE_like
dc7f9757,u_linear,65.21953392769807,4360,1,820.1713647302013,SE_like
dd6bc5b2,u_linear,17.339411634324495,3602,1,618.1807336049075,SE_like
df73b8f3,u_linear,36.2491390554379,5311,1,510.4304030292293,SE_like
df8290be,u_linear,39.39750658779719,3972,1,328.0433251875524,NW_like
e149204f,u_linear,21.61109212543124,6097,1,1172.2377627856406,SE_like
e25f1537,u_linear,39.29978420258256,3177,1,4118.297787544891,NW_like
e6c55748,u_linear,5.605055620594178,4472,1,696.0798578464285,SE_like
e7d0c1de,u_linear,40.932124411209564,4711,1,172.52700947970646,NW_like
e97032ad,u_linear,9.219042407088661,3530,1,19.319795547932152,NW_like
eb934281,u_linear,7.436729191675396,5971,1,171.98425597170865,NW_like
ed6436d6,u_linear,8.543715144099124,2945,1,268.2908306296682,NW_like
ed6e6e54,u_linear,7.7027582112412345,6048,1,180.2635476185307,NW_like
edf885a3,u_linear,10.908365709522638,3117,1,707.5188128944794,NW_like
f88ddb26,u_linear,18.68144568442971,4990,1,594.5677396225054,NW_like
fa667be2,u_linear,22.5069234590387,7296,1,265.2577259914125,NW_like
fae0c593,u_linear,33.40899355613607,4403,1,204.4068866253356,NW_like
fbd68d27,u_linear,161.92330598600333,6829,1,370.0710214268154,SE_like
fc03f21f,u_linear,39.84988371428924,4803,1,354.8906432363755,NW_like
fcfcc902,u_linear,8.864833348034226,2791,1,2086.4662226121304,SE_like
000d7d20,u_linear,9.35003257647286,3836,2,292.65364820652445,NW_like
0390d174,u_linear,26.625308803766927,4411,2,452.33228892031366,SE_like
0498acab,u_linear,2.559018340013452,4798,2,1559.6123274711217,SE_like
052d64df,u_linear,8.141866130683717,2445,2,942.6381286067667,NW_like
071d7b45,u_linear,34.51209637143799,3211,2,4410.854133928914,NW_like
084d66f9,u_linear,8.80655813006377,3885,2,876.2949284343175,SE_like
09ec2ca9,u_linear,47.207460794701895,5885,2,827.3460694499482,SE_like
0dc5e64d,u_linear,41.23824971941844,4879,2,220.83370119609776,SE_like
10b89021,u_linear,14.815925569787069,5414,2,277.27351600479824,NW_like
10be2420,u_linear,32.5061716830123,3271,2,364.4968883055751,NW_like
113011eb,u_linear,25.183579280832568,3272,2,509.7550683788129,SE_like
125be846,u_linear,14.299542901935256,6510,2,341.38289968904667,NW_like
1285a37b,u_linear,11.886621927012522,5597,2,48.116541853994335,NW_like
1295a25b,u_linear,10.603881423257974,5551,2,720.3684672071892,SE_like
1550491d,u_linear,26.739326769229546,4563,2,185.33207223778865,SE_like
16e4a047,u_linear,21.285612869977694,4131,2,665.1679890148864,NW_like
173ed841,u_linear,98.82285509554139,4883,2,172.3122375822063,NW_like
18d24f7b,u_linear,15.13137239264332,4558,2,339.1228037158679,NW_like
19137a89,u_linear,19.76908719049175,6267,2,347.4575281966801,NW_like
197f8a5a,u_linear,14.355988840699375,6310,2,739.720645076344,NW_like
1a730ac2,u_linear,3.1216827222601795,4605,2,260.0207007122773,SE_like
1b1c5372,u_linear,34.39135789776364,4261,2,320.1942736839796,SE_like
1b6ba517,u_linear,9.496206192404337,6597,2,506.0848846012436,NW_like
1beca81d,u_linear,47.06708787007074,5036,2,1189.5161827313136,SE_like
1e30dedf,u_linear,82.18169520937758,4071,2,351.5901036719124,NW_like
20096916,u_linear,46.05157692255884,5133,2,358.63001548685634,NW_like
22c5f93f,u_linear,22.461674171100057,5172,2,713.9365686105826,NW_like
2364716c,u_linear,20.390208715679012,4316,2,696.9655837988659,SE_like
27c3155b,u_linear,59.9061895293964,4958,2,174.4585787517997,SE_like
27ebb9b9,u_linear,48.27356847023874,5766,2,186.9045489973156,NW_like
283269ac,u_linear,7.504390296639189,2626,2,504.9482093981054,NW_like
28473855,u_linear,12.594633790878056,4290,2,2500.6377524545296,NW_like
2b034622,u_linear,14.830087103261032,5203,2,558.0368644632802,NW_like
2b06ad65,u_linear,1.4607422281644447,4256,2,181.6491870008684,NW_like
2cee0cba,u_linear,12.790702056217349,5500,2,329.5268762176911,SE_like
2d2d0c6b,u_linear,2.4518834854151734,5045,2,710.341247384483,SE_like
2ddad940,u_linear,38.77284479342185,5331,2,182.50315331363117,SE_like
2e63d9de,u_linear,11.357120484483909,4699,2,551.913789928964,SE_like
2fd68f7b,u_linear,26.804638078236295,4730,2,254.04539403251343,SE_like
3584a6eb,u_linear,14.524045200896676,4494,2,354.66049977427406,NW_like
3690a146,u_linear,11.435752054983444,4073,2,678.8225947920588,SE_like
374be387,u_linear,127.13872015264043,9965,2,368.2030610176797,NW_like
39b51819,u_linear,20.83427636392391,4231,2,748.9712518870684,NW_like
3a0af893,u_linear,32.29603095229529,2927,2,470.01981984650104,NW_like
3d96d897,u_linear,37.24652908465862,5659,2,338.75823367404587,SE_like
3f603129,u_linear,15.646175911364992,5051,2,756.0487137746276,SE_like
45fb3e21,u_linear,5.9836978176104045,3649,2,500.49539238654637,NW_like
46d24a09,u_linear,89.44033270912108,4449,2,322.3703443246413,NW_like
49dbc14c,u_linear,5.993250419763882,3872,2,361.7425776711012,SE_like
4caa7289,u_linear,6.481804110398042,5396,2,336.16018984559844,NW_like
4cecf7b3,u_linear,51.304723984561406,6019,2,330.19745687609077,NW_like
4f69febf,u_linear,12.33904801440018,5460,2,517.1082333516879,NW_like
511e1db0,u_linear,45.73113562142276,3821,2,0.031622776852017344,SE_like
512943b2,u_linear,19.66917224554204,5029,2,382.2537886388559,NW_like
54a7e3c2,u_linear,18.54679420241769,6155,2,390.30448946968085,NW_like
56b00794,u_linear,39.82167069681634,6065,2,344.751203683644,SE_like
57796579,u_linear,47.80549119749028,5890,2,344.17422939766203,NW_like
591cc951,u_linear,39.42917919029863,4609,2,446.6435681158624,NW_like
5a63b5d1,u_linear,54.48820443015488,6217,2,1241.7615372124478,SE_like
5cb483ac,u_linear,3.948937321726645,3852,2,206.07005978710419,NW_like
5eae34a8,u_linear,3.853511692653429,4904,2,696.7954587891525,SE_like
61f27424,u_linear,12.052062743888014,6220,2,416.91637638758186,NW_like
63559d57,u_linear,44.444713611152345,4069,2,266.33329814364873,SE_like
647f2a41,u_linear,16.077222499049977,3881,2,408.70754336066574,SE_like
656a067b,u_linear,23.682372283129876,3051,2,174.4853126688838,NW_like
65a5466a,u_linear,18.75023865902637,4683,2,256.77098064242705,SE_like
6767c111,u_linear,132.3614337652648,6783,2,522.4752220920697,NW_like
67847288,u_linear,11.518945894223869,7429,2,355.60931202630405,NW_like
699ea575,u_linear,8.946048580581873,4120,2,948.0745376815113,NW_like
6a0ff78e,u_linear,61.60205878658632,6465,2,330.3181575390725,SE_like
6d590e26,u_linear,44.92910597647294,6096,2,194.3450112559201,NW_like
6d6d93af,u_linear,35.952574810638374,3595,2,769.8226708144452,SE_like
6dbe4b60,u_linear,43.36938492171385,4648,2,626.7060004453622,NW_like
6ede926a,u_linear,6.435822361440006,4938,2,684.7848720585572,NW_like
729f4217,u_linear,37.59025046973,6195,2,361.83680534189097,SE_like
75d20a82,u_linear,21.092638897798626,5067,2,0.0,NW_like
7993a768,u_linear,18.988190782195677,5487,2,293.82268292293696,SE_like
7cbbd047,u_linear,58.538390159087626,5121,2,629.432325591785,SE_like
7cd4bb31,u_linear,42.96573566809698,6439,2,701.4592715457375,SE_like
7d57c75d,u_linear,10.883920311331275,4405,2,264.7101246649113,NW_like
7e721392,u_linear,62.61618091367779,6174,2,1639.4215992892528,SE_like
81fc01c6,u_linear,39.547869327017004,5909,2,1046.9683313964447,NW_like
8612b37f,u_linear,67.51849016922755,5165,2,764.198746668025,NW_like
884ecb5f,u_linear,139.82449740129266,6724,2,644.2264860278792,SE_like
8995c945,u_linear,127.53419379395778,6724,2,337.2978667290614,NW_like
89fdb2f2,u_linear,1.1276032439693067,2031,2,1.5061540423429862,NW_like
8a89da23,u_linear,15.196323158970042,3935,2,481.9010871819819,SE_like
8a9c8932,u_linear,18.167799477995015,4663,2,689.7743502821733,NW_like
8c167025,u_linear,13.836375150666633,5368,2,1198.019871621531,SE_like
8cc21f01,u_linear,9.290172176033627,4044,2,881.5115017396477,SE_like
8d92cb49,u_linear,13.702760529944387,3589,2,387.8173427014028,NW_like
90386ee4,u_linear,14.375619423248578,3840,2,353.42045950965144,SE_like
91abc4c7,u_linear,6.302949283061379,5848,2,335.4567682800041,NW_like
93f5d2e6,u_linear,17.202855165113764,3691,2,478.14822346217807,SE_like
94d813a4,u_linear,5.209984343835252,4847,2,360.38312848985834,NW_like
96936c22,u_linear,29.737368413648966,3346,2,273.38647095298217,NW_like
96ae5806,u_linear,27.01900841544046,9839,2,288.43500567727887,SE_like
96b7eea1,u_linear,36.412955700780834,4332,2,344.83703517073644,NW_like
995ff498,u_linear,8.594324686967079,4526,2,708.3378566754756,NW_like
9bd2bba3,u_linear,11.50277977513086,7439,2,333.70685508791587,NW_like
9c211c53,u_linear,33.1804089333682,7265,2,995.2578135335368,NW_like
9d072e4c,u_linear,51.958997634560944,5107,2,420.84117859354325,SE_like
9da441ba,u_linear,59.619473550324855,5783,2,357.96180980926346,SE_like
9ffce529,u_linear,8.29119161079645,5212,2,476.7801023942776,NW_like
a0383629,u_linear,63.150671086753064,5832,2,708.6495667816323,SE_like
a247e7cf,u_linear,9.004387369592177,5674,2,519.5440478918429,SE_like
a4f989c2,u_linear,41.17765353201733,5385,2,0.0,SE_like
a5e6f7dc,u_linear,80.77085558490774,5649,2,1143.4052680620787,SE_like
a6ed2eff,u_linear,8.348538587850296,5275,2,305.23602834541066,SE_like
a783cc24,u_linear,5.998255190100424,1889,2,1.0722406444554577,SE_like
ac6f01d5,u_linear,8.01844004664159,5004,2,1187.4218783566275,SE_like
ad2133a8,u_linear,16.739738822713583,5729,2,482.4629660275349,NW_like
af7a59ce,u_linear,3.3710435951844713,3024,2,1024.1925149113551,SE_like
b0f53bf4,u_linear,5.571181124301331,2755,2,646.4154295806273,NW_like
b1efb8a4,u_linear,9.96138888774449,5998,2,168.80510181888138,NW_like
b85f7b06,u_linear,32.296358473184775,3803,2,300.3541531260103,SE_like
b977be4a,u_linear,75.25321984310808,5917,2,417.69258902342,SE_like
bb337fa0,u_linear,51.482664667818746,6873,2,453.5244401352356,NW_like
bb682ebd,u_linear,42.96628688431538,4139,2,162.01402933062627,NW_like
c1708b88,u_linear,133.6269919732603,6315,2,2831.894165406564,SE_like
c2c6fc71,u_linear,11.350480565168276,7119,2,67.40046958307363,SE_like
c47e0767,u_linear,56.561005908525914,4356,2,344.9918962817566,NW_like
c6c96179,u_linear,7.636607111331791,4004,2,155.9042218800603,SE_like
cb34231f,u_linear,52.95768370861149,5609,2,13.986952081758655,SE_like
cb879f40,u_linear,51.17961975662156,6315,2,190.79437544145222,NW_like
ccedb12b,u_linear,11.657277143772268,4401,2,186.68007954792654,NW_like
d1ecf309,u_linear,9.227473327394508,6168,2,844.3785456770308,SE_like
d1ee630d,u_linear,56.935038929898134,6290,2,338.1857165817944,SE_like
d273674e,u_linear,4.658214387905971,3899,2,662.6500203327488,NW_like
d2f3b1ab,u_linear,19.273885802962806,5581,2,690.6950160375798,SE_like
d463e527,u_linear,48.523331431922514,4767,2,605.2578740306908,SE_like
d4f60a28,u_linear,20.48543042355578,4501,2,13.877651097912707,SE_like
d9ae59b2,u_linear,40.64151561825493,3648,2,855.4542083010349,SE_like
d9d6d94d,u_linear,31.63187828352218,4919,2,524.9845377051881,NW_like
da940160,u_linear,8.620715607461468,5132,2,352.73594798398665,SE_like
dafc88c3,u_linear,43.600110746292835,5572,2,345.68718674145214,SE_like
dd168de0,u_linear,31.66766098132076,3304,2,363.221066015974,NW_like
e03b45fd,u_linear,80.920136447804,5342,2,334.6669917993016,NW_like
e2fc7745,u_linear,20.952402984335517,3692,2,248.13571770288692,NW_like
e3b34f5b,u_linear,10.56357318944982,5455,2,325.79782966159974,SE_like
e4726608,u_linear,5.5135061162240655,4733,2,160.87860330067247,NW_like
e9949a23,u_linear,10.881409555486385,4559,2,374.3058536812438,NW_like
eafb863e,u_linear,3.9036314149640985,3568,2,348.61047847136604,NW_like
ec13af42,u_linear,10.859531264392672,5462,2,254.4164680206497,SE_like
ecdaf714,u_linear,62.57922759385845,6592,2,1133.0521845438916,NW_like
ee288beb,u_linear,7.664536855910713,4638,2,258.38093948146684,SE_like
f0188a48,u_linear,66.58185602521624,4170,2,2255.796212426776,SE_like
f03f10fe,u_linear,10.850765605058522,4145,2,354.76898525655787,SE_like
f074d277,u_linear,26.865637303499636,2453,2,813.0530173365615,NW_like
f321a31c,u_linear,49.40129838303418,5141,2,554.1666622275732,SE_like
f439a621,u_linear,46.78882727474072,2821,2,363.4890283075586,NW_like
f5859199,u_linear,77.80078620862763,5790,2,1824.6469073497083,NW_like
f8662c22,u_linear,39.80300063020441,5429,2,700.1580063098255,SE_like
fd710aea,u_linear,43.981748503124905,4217,2,296.8288249141398,NW_like
febb4411,u_linear,87.48155494618413,4247,2,193.99305657701683,SE_like
01869cd4,u_linear,35.945299648142885,5557,3,354.3649858831226,SE_like
03a935ae,u_linear,20.45693733927768,2786,3,1507.00793430023,NW_like
059c8f24,u_linear,70.9277683635398,6258,3,4391.873725243342,SE_like
05a0ee4d,u_linear,24.03717709947916,4348,3,626.1140491156731,NW_like
060ab2b8,u_linear,11.574970830287654,6258,3,358.8154838205494,NW_like
0c1b160c,u_linear,4.725818579729191,5054,3,943.1825390169661,SE_like
109d9d70,u_linear,62.69089872961648,4215,3,250.34358102046033,NW_like
1590af81,u_linear,22.275864723300753,3799,3,256.7005493447082,NW_like
1770d7c6,u_linear,22.903087481557563,7240,3,262.9875185249803,NW_like
177622d7,u_linear,5.884281315333175,3154,3,474.68165858801007,NW_like
1f9afacb,u_linear,10.534902356323423,5328,3,182.1282495936478,NW_like
1fee2b62,u_linear,5.0602522228359215,4641,3,1372.465576018465,NW_like
200d233d,u_linear,7.436644152310547,3926,3,739.4393232157072,SE_like
2075c696,u_linear,10.528706761091494,3188,3,2018.2149540810824,SE_like
23b9beb0,u_linear,36.53576880731382,7340,3,473.19353686632667,SE_like
261785ee,u_linear,19.94257473276711,3646,3,641.3428275888126,NW_like
272abef3,u_linear,32.929989689812366,4135,3,1790.9787575445907,SE_like
276b012a,u_linear,30.976664401208094,4837,3,747.8086675746815,SE_like
2d179ded,u_linear,63.980215427662074,7008,3,850.8877834960939,NW_like
2d35f86d,u_linear,43.11592392057721,4896,3,888.4858973559352,NW_like
2e43c2ea,u_linear,24.928837397236464,5698,3,298.9238599678605,NW_like
2ee0235b,u_linear,35.488369771755245,5556,3,340.90661037886554,NW_like
32fe84c9,u_linear,176.26832868478039,6408,3,1101.1597272876043,SE_like
389ae58f,u_linear,26.747038170656108,6463,3,1015.3529018522524,SE_like
398dce4b,u_linear,21.422501275090735,3166,3,398.40645489248664,NW_like
3a223519,u_linear,24.273872742666164,4583,3,159.83583734553181,SE_like
3a824aa7,u_linear,32.40211881344538,4201,3,606.655013166694,NW_like
3bfee975,u_linear,3.1482888664426043,3603,3,269.104938130745,SE_like
41fb0192,u_linear,18.494140530098427,2973,3,244.7257242300589,SE_like
4630ab92,u_linear,7.664134624273735,3373,3,175.04767921894853,NW_like
46a301e9,u_linear,9.772524262043948,8226,3,704.6180140334985,SE_like
481de5fc,u_linear,22.206705850815162,5952,3,480.78255635979207,NW_like
48c1f673,u_linear,56.52297329565949,2917,3,171.24110400279136,NW_like
4a035ec2,u_linear,19.566542830517058,2588,3,665.633178334484,SE_like
4b462989,u_linear,43.22090205579932,3106,3,365.8164640067002,NW_like
4b831d20,u_linear,50.11893742506019,7312,3,531.4280671410202,NW_like
4c3168cf,u_linear,4.598084223915008,4334,3,171.99989098839686,NW_like
4ed93db6,u_linear,14.985680149868116,4657,3,347.99430298494843,SE_like
4f3eb9e9,u_linear,19.504781780782405,4697,3,385.6354554204131,SE_like
4f4ac5ce,u_linear,2.895973190930742,5162,3,352.3957638790925,NW_like
4fbe9c06,u_linear,76.58776992122979,6287,3,340.7222355225831,SE_like
529e88ca,u_linear,89.82711705321483,3417,3,882.1043266295767,NW_like
52f1e77a,u_linear,7.599798110175138,4442,3,342.29505718540406,NW_like
5305524b,u_linear,42.47681292864122,4898,3,569.3535541294223,NW_like
53f23031,u_linear,22.687143966770858,8550,3,491.38803814009214,SE_like
577eec7c,u_linear,21.65883967952796,4539,3,1172.601768376899,SE_like
57f05c51,u_linear,33.862989262758326,4771,3,177.9554823545343,SE_like
5a1a8fd8,u_linear,7.484847540755024,5260,3,472.0563712242357,SE_like
5a5269a9,u_linear,63.764018687411365,6513,3,634.7678813550181,SE_like
5aa03df7,u_linear,8.933113990463825,4871,3,1190.6527326639405,SE_like
5b7b6324,u_linear,62.41350774056527,6564,3,989.5465661099655,NW_like
5bd25f59,u_linear,72.83768830538374,4210,3,303.39160321275966,NW_like
5d7198fd,u_linear,40.01073133141332,3368,3,871.83611057456,NW_like
5def1ce5,u_linear,40.1954914664528,6443,3,330.54489046206197,SE_like
5f4d2a52,u_linear,38.00240906023682,5225,3,709.6561658299654,NW_like
653612bc,u_linear,20.60195406630993,4605,3,326.4353848774872,NW_like
698930d1,u_linear,21.41008747067717,4741,3,170.29446397192453,NW_like
6a8fa194,u_linear,20.384897029815505,3017,3,435.7684178553404,NW_like
6ae68655,u_linear,36.15257248210963,4204,3,3402.8353472947906,NW_like
70e1788b,u_linear,51.45615181424757,9285,3,716.9377343331898,NW_like
71ccf778,u_linear,23.02820563099891,2698,3,421.77112660661993,NW_like
7224331b,u_linear,38.61789719402105,6063,3,1026.4765701172985,NW_like
727a3a10,u_linear,49.36632701976026,4397,3,580.7283181119269,NW_like
73348914,u_linear,35.232640708053864,4221,3,157.27982491384017,SE_like
74b6186b,u_linear,21.49244686504318,3405,3,321.56623361292804,NW_like
77e4821c,u_linear,57.193103283765005,5393,3,743.2494088013927,SE_like
7850c72e,u_linear,105.68247407140603,5497,3,14.858145913947117,SE_like
796dbd4c,u_linear,34.41804066066733,6248,3,372.2634557673599,SE_like
7a5660b0,u_linear,5.761300445225602,4998,3,418.456233314877,NW_like
7d50373e,u_linear,26.6224376778678,5122,3,349.6948271386748,SE_like
7e208414,u_linear,4.621800815504799,4226,3,889.4694089552289,NW_like
8050c789,u_linear,6.420329233765283,3077,3,706.2129251663374,NW_like
84633df4,u_linear,46.55750804510559,4972,3,255.09058074198117,NW_like
8a3da6d1,u_linear,57.22757767720088,4593,3,198.94690122428597,NW_like
8b9d8326,u_linear,5.993031014157538,6163,3,1042.8435398573683,SE_like
925a7cd1,u_linear,19.496345611749035,4517,3,362.42018929494293,NW_like
9314ff13,u_linear,31.345304685334384,2748,3,880.4273319814158,NW_like
940a48d9,u_linear,31.411826151109306,3963,3,384.36858729584,SE_like
9426ec1e,u_linear,16.61456328348609,2532,3,370.27713608938234,SE_like
94467f50,u_linear,13.382115604642072,3035,3,1112.1478364819181,NW_like
974802e7,u_linear,39.60557362389607,5843,3,993.5210195059258,NW_like
98bc6f66,u_linear,9.243565863864282,6063,3,550.1819212768999,NW_like
9a8ae0d6,u_linear,46.28519924522791,6294,3,434.723013381773,NW_like
9ad5410a,u_linear,45.51857370725131,4205,3,351.8768989080494,NW_like
9ae248be,u_linear,74.73804357252148,5271,3,325.3859548502044,NW_like
9af1ffd0,u_linear,19.692176106297044,3525,3,2601.318863999809,NW_like
9b9e3b49,u_linear,39.32518601829025,5118,3,320.9630308509646,SE_like
9d3ec64c,u_linear,22.427326839519562,3480,3,3179.700000520055,SE_like
9df1b1f9,u_linear,30.370537630958225,4701,3,925.3029061341714,NW_like
9efc812e,u_linear,24.850269392576056,4450,3,599.5605674157727,SE_like
9f0c7bae,u_linear,10.113479007904054,2542,3,1120.936261033905,SE_like
a0e92ed6,u_linear,53.978212314145345,4897,3,201.44270177897872,NW_like
a6f967fb,u_linear,14.655224649450542,4670,3,174.20306417493157,SE_like
a85bb86f,u_linear,32.7179186653034,3099,3,1086.6037716501555,NW_like
ab6fe95d,u_linear,14.08847737451762,5491,3,562.1541629304459,NW_like
abf460d2,u_linear,10.848982825642308,3217,3,273.2121556889333,NW_like
add9c322,u_linear,7.354059999350851,3932,3,347.84467798150814,NW_like
ae069086,u_linear,42.33044876184831,4770,3,446.03477723149484,NW_like
ae8959c3,u_linear,80.93964214391616,4518,3,355.5617895443489,NW_like
aed44918,u_linear,12.871136113040231,2719,3,681.6570041450491,NW_like
b0d42b0d,u_linear,47.63539990611458,4971,3,1027.523425373752,NW_like
b56bc0aa,u_linear,51.55230953506633,5602,3,940.5470588970959,NW_like
b585b4fa,u_linear,25.31529090118703,4294,3,332.4590129624877,NW_like
b881d27e,u_linear,11.602111207016712,4009,3,352.8467691507531,SE_like
be063506,u_linear,32.85686950260364,4500,3,1532.2464748984157,NW_like
c03b9305,u_linear,44.698987297511,4255,3,862.1078928527184,NW_like
c03fba65,u_linear,9.900337861406133,3699,3,4531.411914712674,NW_like
c2c4db09,u_linear,75.19761152434167,6039,3,418.9223375521095,SE_like
c36625df,u_linear,19.451995942340865,4742,3,401.1280696904186,SE_like
c66be2b8,u_linear,21.087509343802576,4154,3,367.12557488156153,NW_like
c6797dd7,u_linear,6.229468678559352,4664,3,358.0547317099333,SE_like
c70c0e01,u_linear,28.732175854024668,4312,3,509.2730320072985,SE_like
c8d9680c,u_linear,60.84569963612436,6281,3,189.34084847185096,NW_like
c908edd0,u_linear,43.79955602174016,5293,3,447.6727024289828,SE_like
cbb406b5,u_linear,17.067389563473395,6328,3,843.5764834359568,SE_like
cbe62450,u_linear,49.698602518961856,6258,3,194.83626459178322,NW_like
cc8a1d57,u_linear,11.251714879172907,6638,3,513.6255999265919,NW_like
cdc60a53,u_linear,27.74692705095207,5878,3,349.02200079554586,NW_like
d011f41b,u_linear,9.683789783461885,2267,3,0.0,SE_like
d0cb63ae,u_linear,98.89316613405286,5223,3,412.52023754907555,NW_like
d114d9c2,u_linear,10.676644633318142,6206,3,520.5445476614988,NW_like
d1457cc5,u_linear,27.28217017116738,6920,3,1568.9005392706222,NW_like
d217e0c5,u_linear,7.03751170517737,3838,3,1849.231270343521,SE_like
d60430e6,u_linear,11.052622924741007,2511,3,453.04259325159506,NW_like
d63196fe,u_linear,15.360174677022384,4510,3,506.1321711194497,NW_like
d924e971,u_linear,48.17980777265604,3184,3,668.023063449029,NW_like
dd64382d,u_linear,24.216145327576097,3124,3,808.5116948626588,NW_like
df71d1ff,u_linear,61.42653366135277,6228,3,622.2314479355352,SE_like
e0079ed1,u_linear,32.64607760876711,3471,3,2004.189602706701,SE_like
e14d641e,u_linear,18.005235002450426,3184,3,325.323755357645,NW_like
e201fd6d,u_linear,22.586184595262946,5070,3,553.559713219739,NW_like
e5864244,u_linear,65.13908612887703,4469,3,14.461275480039204,SE_like
e5c92e59,u_linear,47.34437397708069,4295,3,516.9441981490489,NW_like
e748dd88,u_linear,16.944331057215923,4812,3,673.7107721420191,SE_like
e7818f7a,u_linear,56.70273379530635,5371,3,229.26961837079585,SE_like
e7c36e81,u_linear,4.734787214738559,3531,3,19.20780049876599,NW_like
ea0b99b7,u_linear,17.871444331056832,9239,3,285.38076319218123,SE_like
eac10e86,u_linear,37.08716128394783,6067,3,399.6430308074241,SE_like
eb06a4e7,u_linear,18.430730474885817,4535,3,192.15349938414806,SE_like
eb640a35,u_linear,32.35721089729272,6037,3,613.2154797280577,SE_like
ecdab904,u_linear,31.642797363761005,6147,3,206.5573898460357,NW_like
ef8e3ed0,u_linear,35.73446803884474,5224,3,367.79781511068137,NW_like
f07d7037,u_linear,6.837359179138239,5563,3,183.35835105044586,NW_like
f2d4c8c9,u_linear,32.12450146796907,6249,3,509.50272001213773,NW_like
f40cd091,u_linear,34.99383627975736,5166,3,666.3838978398519,NW_like
f49fdea3,u_linear,52.83942291724479,5391,3,3760.7701132015773,NW_like
f6d009f4,u_linear,204.1248677338102,6715,3,236.14666988970012,NW_like
f72b268f,u_linear,33.37504695938185,6404,3,347.54465900066606,NW_like
f8f59188,u_linear,13.739930258309604,4807,3,493.9966374381547,SE_like
fa16d114,u_linear,4.917435710932815,5686,3,539.6151902977351,SE_like
fa31da94,u_linear,57.288361297720094,5027,3,558.2012758051491,SE_like
fba7683c,u_linear,1.7213139711460148,407,3,2.3433522996499767,NW_like
fdfd57da,u_linear,23.86644854633209,5236,3,388.4403030068954,SE_like
ff0aea78,u_linear,16.975436080340877,3261,3,293.1201270811036,NW_like
05948241,u_linear,21.848535302029404,3879,4,323.3688873331937,NW_like
06df5958,u_linear,13.28372045414006,3509,4,706.3738922129911,SE_like
08fecf00,u_linear,31.247221583834634,5574,4,202.81360605243228,SE_like
09441b8d,u_linear,10.742993309493142,5488,4,327.16920912577024,NW_like
0bbf5e67,u_linear,1.5442506476673663,4298,4,693.4644337632429,SE_like
12f0cd90,u_linear,88.00642774161263,5947,4,331.9657262431988,SE_like
137d1e44,u_linear,13.863200144148642,4554,4,2314.416079532842,NW_like
14fee784,u_linear,19.93926118615493,4910,4,513.3421499350751,NW_like
153552f5,u_linear,14.811284598541855,4695,4,362.2423294463724,NW_like
15e154a1,u_linear,17.150498837711535,6068,4,3.730857810134897,SE_like
1619e2ca,u_linear,25.49768735024378,4443,4,1181.352795208041,SE_like
1944513c,u_linear,28.365526351301934,4722,4,204.18588320419815,SE_like
1a68190b,u_linear,9.34696973801742,4474,4,321.92333199416123,SE_like
1b82b665,u_linear,27.167755212850057,3806,4,447.35580776080656,SE_like
1bcb2fcf,u_linear,23.78821659399228,4524,4,373.81114255676937,NW_like
1d3fbf02,u_linear,8.801703662852573,2694,4,597.0682651693422,SE_like
1e5e3573,u_linear,26.229827912177672,5480,4,317.28961169598415,NW_like
203721ab,u_linear,13.910487201523807,5730,4,692.0588183818826,SE_like
20402d71,u_linear,9.933084545951742,6372,4,510.6724994614913,NW_like
26623a50,u_linear,50.98685239657745,5735,4,764.2807630204316,NW_like
26d3a96a,u_linear,35.765983926667765,4721,4,186.72317611937353,NW_like
29b24409,u_linear,20.282914991097027,5587,4,348.5023207958609,NW_like
29de15c8,u_linear,5.617699690313878,3431,4,546.6132996002004,NW_like
2acc78d4,u_linear,12.613973727286927,4266,4,778.0785894113267,NW_like
2be5c96a,u_linear,17.571738565417565,4210,4,596.7060548182038,SE_like
2c0c4a4e,u_linear,11.072539018834043,4790,4,1706.328093442078,SE_like
2d0c268a,u_linear,10.507004657803856,4550,4,2348.8751077909997,SE_like
2d9f6cb9,u_linear,66.22406995623078,7338,4,297.31951479277564,NW_like
2fa01aa6,u_linear,27.096240055840354,2174,4,863.2002196478838,SE_like
310c71a5,u_linear,29.840454142520443,5245,4,348.83186576685796,NW_like
3407f5bf,u_linear,18.04184524748127,3638,4,481.3627892765348,SE_like
3417285d,u_linear,14.478061581865417,5449,4,276.37902627006486,NW_like
357c12f9,u_linear,19.289711817423665,4079,4,716.3457589737073,NW_like
35b30c7f,u_linear,49.541553337352916,9579,4,334.5674899031215,SE_like
35b3ef6a,u_linear,31.20102998263743,3904,4,854.6856321523446,NW_like
38991fd4,u_linear,25.68099954175373,4798,4,704.6292534577062,NW_like
3932faa6,u_linear,18.65201013887753,5452,4,794.3422260586085,NW_like
3a7dd95d,u_linear,15.637723181113282,3072,4,3365.223970606415,NW_like
3df4b19e,u_linear,6.965746620596489,4988,4,332.3210734644984,SE_like
3ef98781,u_linear,6.998591700576379,3892,4,351.91554697138173,NW_like
404c4384,u_linear,5.267004899818426,911,4,326.8812337835708,NW_like
43b06c70,u_linear,46.49823890831294,4846,4,376.68302656202644,NW_like
445af6c2,u_linear,75.3878100873796,6041,4,340.7283217918493,SE_like
44a94013,u_linear,10.190744135793187,4903,4,565.3281205308292,NW_like
460f859e,u_linear,11.131441822700777,3336,4,1306.4538918004102,SE_like
466fc788,u_linear,21.56236053858867,6197,4,330.91254367732745,NW_like
46d41ff6,u_linear,10.858565730696732,7901,4,660.4819495024678,SE_like
47ee27ab,u_linear,8.12664501426611,6397,4,0.0,NW_like
4a8ecc0b,u_linear,12.78250887535927,5809,4,855.3902268557407,NW_like
4c2208f5,u_linear,35.48875248150017,5384,4,1866.7246869849587,NW_like
4e050c92,u_linear,93.50655580896252,3705,4,355.4659701475544,NW_like
5138a660,u_linear,85.75062060242993,3559,4,378.2587667194341,SE_like
5397ceb1,u_linear,19.817598858217394,5255,4,811.7655354480685,SE_like
54753541,u_linear,10.874934736658155,4026,4,515.4821240351965,SE_like
5567d551,u_linear,26.11656854746155,6889,4,379.0486559799596,NW_like
593876b6,u_linear,21.456954203391213,4842,4,172.5593228040167,NW_like
59f8b2e8,u_linear,32.15054747157757,3747,4,772.0309311161491,SE_like
5beded95,u_linear,14.658421649466295,3057,4,1838.142518422877,SE_like
5cdd8dbc,u_linear,16.573082013753332,4010,4,445.4263363800865,NW_like
5f75f796,u_linear,18.076329100026317,5562,4,1860.8561909705263,NW_like
5fffa282,u_linear,26.59060909305612,4201,4,308.90177244162555,SE_like
60e37807,u_linear,52.14868398129323,2699,4,356.0206513672851,NW_like
62569ae3,u_linear,52.365297246650236,3588,4,610.7691150733508,SE_like
6e6d122c,u_linear,42.04507124537735,5632,4,700.0098545734598,SE_like
6e9ccd38,u_linear,16.293180083463618,8282,4,505.4406667452346,NW_like
71642c7d,u_linear,22.132067951246878,4648,4,160.90417911873976,SE_like
722cf0d8,u_linear,7.976008615575694,5143,4,606.3552405972275,NW_like
7271dd80,u_linear,10.259825107878152,4340,4,2497.7534149110825,SE_like
729e9750,u_linear,56.49159416097495,5919,4,1055.4260804054913,SE_like
73b1447d,u_linear,18.040542820745,5670,4,490.1465315599374,SE_like
75cd5f11,u_linear,87.5490485586304,4946,4,164.5289898466986,SE_like
79507629,u_linear,14.801375345634632,5302,4,348.3195302381461,NW_like
7acda2df,u_linear,11.88302334460241,3091,4,335.8271408029858,SE_like
7b2c7b3c,u_linear,21.06682366846048,2584,4,767.8466565664036,NW_like
811f52b3,u_linear,30.189593777258757,4836,4,330.45190752773635,NW_like
8255c867,u_linear,39.548342244284335,3589,4,352.93433171074685,NW_like
82aab6d2,u_linear,33.748126797335296,6140,4,188.0272121264137,NW_like
861e71df,u_linear,10.137648091633013,4700,4,229.3912714117615,NW_like
877ed19c,u_linear,26.227707697752468,3708,4,295.9230009649451,SE_like
87aa3730,u_linear,54.60256674845607,5607,4,352.8756306496774,SE_like
89969c7a,u_linear,23.841622190424005,4947,4,575.6818934965761,NW_like
89f1085d,u_linear,53.609011822238465,5994,4,703.789362804228,NW_like
8bda1a11,u_linear,34.35767058937389,5981,4,520.4906734994017,SE_like
8cc800b3,u_linear,96.59622903009453,6576,4,1142.9831625291863,SE_like
91b301ce,u_linear,48.01614127964246,6570,4,1931.9851056620114,NW_like
93209a3d,u_linear,62.05817437681536,4697,4,409.7337174312445,NW_like
940e709a,u_linear,34.9389241457131,3348,4,361.5665229249328,NW_like
95b559e7,u_linear,4.21411298107365,2887,4,365.765385634672,SE_like
95c8427f,u_linear,28.875874989356742,6335,4,391.4755309085436,NW_like
98177ced,u_linear,19.02752328570714,4772,4,197.26544983850113,SE_like
9a6b0392,u_linear,27.117280810923166,4255,4,253.3197694610652,SE_like
9a95e33f,u_linear,15.382444947692825,6447,4,387.52137774284245,SE_like
9c8375f7,u_linear,4.9002072062797755,3674,4,325.86974489782517,NW_like
9def2eb2,u_linear,50.223435002351735,6003,4,463.9687382787732,SE_like
a056d01e,u_linear,93.76224909093911,6557,4,359.73628681073086,SE_like
a15bc102,u_linear,16.48684255992647,3236,4,1507.8425517938651,NW_like
a3f71395,u_linear,88.30139919664691,5543,4,683.0278158522159,NW_like
a612d5a0,u_linear,5.645719771692494,5329,4,400.2062174202815,SE_like
a79fd2e7,u_linear,53.19326152484021,4404,4,199.01143450804443,SE_like
a87433c9,u_linear,5.815323888184604,5721,4,1947.0252243770663,SE_like
a8ed028a,u_linear,61.15471948672152,5538,4,2052.600671509218,NW_like
aa95015b,u_linear,20.952704108107003,4300,4,616.6524636294358,SE_like
aaeffccb,u_linear,2.48109259393586,2712,4,614.0291394609873,SE_like
ab3ced07,u_linear,42.602447252576255,4250,4,309.6604582080977,NW_like
b32902c0,u_linear,33.00684009969131,3808,4,349.2195675795622,NW_like
b32e4903,u_linear,21.827160153440296,5770,4,327.0639023185922,NW_like
b5aa9634,u_linear,17.87735935548869,7326,4,126.4760778037313,NW_like
bcebcc5f,u_linear,17.75619899607985,6258,4,0.0,SE_like
be83e781,u_linear,7.9104640558375765,3221,4,355.0246775269168,SE_like
beda8696,u_linear,41.55475131641205,5912,4,529.7831844254086,NW_like
bf39bc20,u_linear,5.380505821241263,3303,4,880.6201047840407,SE_like
bf70b410,u_linear,19.515515082418485,6347,4,533.0159034544221,NW_like
c03d4aed,u_linear,22.885717510764476,4641,4,667.7715546324317,SE_like
c2717d4f,u_linear,28.433033677653086,4721,4,192.17821983110014,SE_like
c42fe306,u_linear,11.135084065653533,5095,4,352.3197588077003,NW_like
c59b6c4a,u_linear,17.845314208232683,5499,4,537.0310497999673,NW_like
c6b782a4,u_linear,28.2185163011109,4877,4,1049.950586656657,NW_like
cad13e8f,u_linear,13.540696456179171,4848,4,332.1736512591003,SE_like
cdc31d65,u_linear,8.180903747461684,4840,4,250.07771212169854,SE_like
d41beaf2,u_linear,23.905351169193263,4753,4,344.9417356597896,NW_like
d543916f,u_linear,5.24963614720703,4799,4,390.6822648905595,SE_like
d5df0ff5,u_linear,18.02655013093269,4032,4,1391.1330553901325,NW_like
d6dd7330,u_linear,65.40455819867728,6193,4,164.80081315329673,NW_like
d7eb0be8,u_linear,28.432796989134978,5401,4,1904.8903256881433,NW_like
ddc790ff,u_linear,4.065451064024915,4726,4,400.6493705222138,SE_like
e0f36d98,u_linear,13.744762192959845,4976,4,550.0687923091941,SE_like
e161bd0c,u_linear,9.282913842419818,2949,4,785.0390350166706,SE_like
e32da4ec,u_linear,5.261601737787476,4689,4,159.85594546348446,NW_like
e45a2a62,u_linear,85.66689616685008,5007,4,698.67782810435,NW_like
e5ff9fd2,u_linear,9.954816574812366,2354,4,929.1460553112853,NW_like
e730c32b,u_linear,25.45270466590295,4728,4,1052.8736393791803,SE_like
e737965a,u_linear,8.913574906357386,5955,4,336.32248348877357,NW_like
e85074c5,u_linear,35.31000968764777,5675,4,365.16637988732225,SE_like
ea3a0e38,u_linear,36.9115763563494,10052,4,850.3235914072636,SE_like
ebe69318,u_linear,4.240265353720832,4976,4,350.87318434085705,SE_like
ec0d597b,u_linear,20.198603174781702,4616,4,875.6966876720753,SE_like
ee4aecac,u_linear,11.472231897514718,5265,4,182.5323448052078,SE_like
ef04658e,u_linear,21.74225022584063,4104,4,379.53979106289006,NW_like
efde6ac3,u_linear,30.169650042454013,4559,4,0.0,SE_like
efe96181,u_linear,34.63801385563785,4012,4,1195.6900104125007,SE_like
f053a1b9,u_linear,11.176386960442327,4108,4,376.2110350587982,NW_like
f08774c3,u_linear,20.465893385125128,3900,4,857.4557306356955,NW_like
f140c2fa,u_linear,7.054320236772553,4082,4,398.16550812055016,NW_like
f16e25e3,u_linear,2.0661622818479612,4651,4,2450.179603294586,NW_like
f56d3ace,u_linear,14.018407542828179,5432,4,566.7051491738077,NW_like
f5d8aab6,u_linear,11.059932571373555,4444,4,178.0804495164132,NW_like
f631da6e,u_linear,22.630055709894943,4093,4,1020.3415881461456,NW_like
f6824bb0,u_linear,17.158385220930413,5015,4,344.65433629853044,NW_like
f8afa78a,u_linear,28.19484195706012,6032,4,637.5360978798466,SE_like
f9fc81aa,u_linear,48.295517628483125,5598,4,338.6463679120992,SE_like
fb0904bd,u_linear,17.571972632413225,3181,4,1556.9900775951319,NW_like
fd8f77fa,u_linear,17.425780537552026,5272,4,376.45635138718666,NW_like
fde20ecf,u_linear,4.692346535168721,4667,4,341.9568723370833,NW_like
ffefef30,u_linear,21.42671739553041,4570,4,159.60785225051993,SE_like
00bbac68,gr_viterbi,11.716650229326131,6014,0,353.63060529297024,NW_like
00e12e8b,gr_viterbi,11.302840906855899,4301,0,2283.3801725389208,NW_like
01982c1d,gr_viterbi,25.360383104665715,3941,0,252.93397113869707,NW_like
028d7b28,gr_viterbi,41.146011585591836,6234,0,726.2462778333141,SE_like
044af7d1,gr_viterbi,12.716483579477504,4519,0,890.5602212087745,NW_like
0a57a29c,gr_viterbi,28.647866215500997,5821,0,336.40590717983764,NW_like
0d99f8e4,gr_viterbi,27.739709022805343,5823,0,332.6649139900157,SE_like
0dc835f3,gr_viterbi,23.571151533781325,4428,0,202.24758478600307,NW_like
0dd99dc5,gr_viterbi,7.587625552175404,7342,0,299.7824512876945,NW_like
0e5e560d,gr_viterbi,39.003990100692675,3253,0,1896.617745618988,SE_like
14a53cb3,gr_viterbi,53.98201223209786,6919,0,489.427959125706,NW_like
14ab73fb,gr_viterbi,39.852449271255345,3649,0,1632.0408373801974,SE_like
14ad5efb,gr_viterbi,70.98091780347401,5842,0,357.9973048198511,SE_like
155887bb,gr_viterbi,41.04526757971998,5585,0,58.6071002521971,NW_like
198a5607,gr_viterbi,44.566100281224266,6251,0,390.30713448993475,NW_like
1a518997,gr_viterbi,93.66127582356422,4606,0,362.13450156552693,SE_like
1aaf1da0,gr_viterbi,60.26811696548214,4804,0,373.18377542677314,NW_like
1b08ed48,gr_viterbi,8.366212647491048,5618,0,165.39661517978593,NW_like
1d78281a,gr_viterbi,22.251444357333526,4949,0,321.81285191718183,SE_like
2043abc5,gr_viterbi,42.713310820293366,6958,0,1422.9786316385316,NW_like
230eaaa3,gr_viterbi,20.541321990691646,4690,0,507.198973579576,SE_like
25050f63,gr_viterbi,27.922035422379405,6124,0,527.4159635500276,NW_like
25fd32b3,gr_viterbi,19.883408382534107,2885,0,1012.0285475219785,SE_like
27300fd5,gr_viterbi,9.784007232196597,5467,0,46.9724727900327,NW_like
28f4eda9,gr_viterbi,35.27115083237833,5266,0,537.6978809395898,NW_like
2b547943,gr_viterbi,27.99867689233307,3480,0,453.87296592772327,SE_like
2bff06cf,gr_viterbi,88.35249215712811,7624,0,1924.9197391321197,NW_like
2d196986,gr_viterbi,43.907568227770554,6474,0,819.386649304128,NW_like
2e29e833,gr_viterbi,6.1021985126996015,5428,0,1385.2324580733548,SE_like
2f8e53c3,gr_viterbi,10.093695509337557,2594,0,1.516789190979803,NW_like
33c40295,gr_viterbi,25.92167822368685,4169,0,776.4682675425402,NW_like
347242c8,gr_viterbi,20.509913991246606,3595,0,1003.8383567533018,SE_like
37344c2a,gr_viterbi,18.758580398486387,5197,0,335.38883836527555,SE_like
373ef48b,gr_viterbi,25.130906596866602,3509,0,352.8949172205331,SE_like
37d36812,gr_viterbi,63.076496621032206,4367,0,297.81613169230116,NW_like
3a86fe8d,gr_viterbi,36.13683763808122,5118,0,314.9548108856752,SE_like
3aaa2b30,gr_viterbi,18.028768489993553,4711,0,390.9621063867555,SE_like
3bbe1f5d,gr_viterbi,34.51550390785264,6918,0,701.7153235463395,SE_like
3c3dbcbc,gr_viterbi,19.12655950313049,5069,0,356.5374691391497,NW_like
4121c517,gr_viterbi,30.626446570932938,3723,0,167.55844950341768,NW_like
42669188,gr_viterbi,14.740887141655111,4282,0,2636.300117109524,NW_like
43e16325,gr_viterbi,18.490362251904333,3720,0,2755.4173633464643,SE_like
44441e54,gr_viterbi,22.518724794546227,4357,0,52.54517304309415,NW_like
4463446c,gr_viterbi,10.012577592357989,3256,0,2464.4666150326516,SE_like
463c38f2,gr_viterbi,19.173458807866034,4460,0,877.5307657638859,NW_like
46a7190b,gr_viterbi,35.936457242167144,4215,0,878.4241989497532,SE_like
46dfcfca,gr_viterbi,21.793951996461526,3606,0,1232.147965643555,SE_like
47222616,gr_viterbi,54.04220877067685,4406,0,355.1655846223129,NW_like
4936af16,gr_viterbi,14.443490897997897,3991,0,317.662338783178,SE_like
493b5b31,gr_viterbi,14.573688477269053,4671,0,187.83217243082925,SE_like
4c3df468,gr_viterbi,58.89162014432403,5392,0,529.4321407886375,SE_like
4ddde4c1,gr_viterbi,25.242937037638754,4472,0,166.72394669002952,NW_like
504c8b08,gr_viterbi,49.99425090798813,6367,0,391.857680797619,NW_like
516088b7,gr_viterbi,10.811925189216652,6645,0,341.392593196462,NW_like
53134831,gr_viterbi,64.85057558693981,5126,0,329.27781173323444,NW_like
543198e8,gr_viterbi,69.29453463245,6503,0,1132.1443484148547,NW_like
55efee7f,gr_viterbi,54.865318342289115,4801,0,449.8700990287463,NW_like
5663b2b7,gr_viterbi,37.62909561543207,4972,0,0.0,NW_like
5693dde2,gr_viterbi,26.852192200834907,3488,0,1444.3186048096422,SE_like
5a5d1982,gr_viterbi,37.01862342832071,3894,0,336.249536654112,SE_like
5aef5c6c,gr_viterbi,12.521273558611929,3121,0,2357.0426288252693,SE_like
5fb1c15f,gr_viterbi,51.73374471273601,2860,0,729.6041162850158,NW_like
633774dc,gr_viterbi,46.11341619071096,6233,0,788.860868676361,NW_like
660d9546,gr_viterbi,51.480237670473194,4732,0,367.35007077679086,NW_like
684a6fc1,gr_viterbi,36.52824769570567,9818,0,0.0,SE_like
69c1bdad,gr_viterbi,7.6143379432242115,2714,0,505.59047508818566,NW_like
69e41fa6,gr_viterbi,64.69138978625881,5772,0,193.96715114776225,SE_like
6ea22614,gr_viterbi,43.823798606588,5971,0,371.7462151790851,SE_like
7256229b,gr_viterbi,31.7629293784937,5415,0,711.1376708129145,SE_like
75c20ec7,gr_viterbi,17.427283436423135,5361,0,929.9304515929757,NW_like
764072a5,gr_viterbi,22.298358617490674,2949,0,322.71143485561925,NW_like
77b0d905,gr_viterbi,58.590145108050535,4174,0,468.69032014748063,NW_like
7987f2f2,gr_viterbi,19.644308826337685,3705,0,267.85384651482536,SE_like
7bb17b96,gr_viterbi,25.376685662265558,3922,0,544.6597765577343,SE_like
7c607683,gr_viterbi,37.595631682916974,5328,0,357.2619323703998,NW_like
7ff89f8f,gr_viterbi,53.01016465723435,7337,0,505.4067409035865,NW_like
833af382,gr_viterbi,39.02865435330824,3628,0,347.5899807502574,NW_like
85380836,gr_viterbi,90.48948081555722,6618,0,331.20214144842294,NW_like
8648abae,gr_viterbi,23.11727517703276,4244,0,479.84882827824754,SE_like
865033f8,gr_viterbi,25.93737573000774,3557,0,291.1783111771956,NW_like
8b5be31b,gr_viterbi,45.59128167946482,5672,0,370.99952088921975,NW_like
8b95d6d1,gr_viterbi,7.579303797386825,1731,0,0.0,SE_like
8bb9c1e6,gr_viterbi,37.60900206484834,4546,0,330.6156408681994,NW_like
8c8348e8,gr_viterbi,15.859868663960475,3888,0,1055.7720376025272,SE_like
9283ae69,gr_viterbi,30.17890310200092,3371,0,435.84089234837165,NW_like
9298ad5b,gr_viterbi,12.093813462002167,3964,0,721.769574864293,NW_like
944f36b9,gr_viterbi,16.40123746363516,4630,0,69.37616168387635,SE_like
9719aa04,gr_viterbi,25.501203309877376,4871,0,176.2466267860995,NW_like
97cd5bf9,gr_viterbi,50.578817336094,3449,0,1026.3814050084814,NW_like
9896fc0b,gr_viterbi,18.306870159330423,3595,0,564.067419184855,SE_like
992c99e8,gr_viterbi,28.96285432248877,4904,0,330.5574402429762,SE_like
9ab94eeb,gr_viterbi,21.942682208964786,4442,0,738.5652690199947,NW_like
9b5b61c1,gr_viterbi,14.9921511724834,5532,0,374.0386435919235,SE_like
9d4272e3,gr_viterbi,19.821569385391477,4030,0,1561.7743603028186,NW_like
9dede370,gr_viterbi,23.544347184378815,6297,0,189.40235954153897,NW_like
9dfff011,gr_viterbi,29.51947742988021,4319,0,1688.6034252478223,NW_like
a0b83014,gr_viterbi,9.542318637852903,5035,0,390.68079228365406,NW_like
a3518960,gr_viterbi,15.0281197236389,4967,0,604.2123513153024,SE_like
a4719920,gr_viterbi,35.89058128369284,5884,0,1080.5094533039737,SE_like
a48640d9,gr_viterbi,30.578995140449916,4532,0,748.9941722737178,SE_like
a645da9a,gr_viterbi,54.86653806440898,5153,0,623.6740462773744,SE_like
a692b17e,gr_viterbi,42.93445651462861,3566,0,329.00206647461516,NW_like
a6b8ac67,gr_viterbi,87.42004818631345,5453,0,681.1976182394292,NW_like
a85e4bc3,gr_viterbi,30.299942406700232,4581,0,1171.1992196464034,SE_like
a959858c,gr_viterbi,43.648399117425626,4404,0,248.4930622775124,SE_like
ab112491,gr_viterbi,45.54488059760632,5185,0,1409.9402103792704,NW_like
ab18d3fc,gr_viterbi,60.89699552235635,5694,0,699.0627622722183,SE_like
ae35f33a,gr_viterbi,10.582417782192605,4450,0,158.95542331105435,SE_like
aff4e561,gr_viterbi,35.009370769566694,6026,0,512.4125925463032,NW_like
b19b0395,gr_viterbi,43.689465096292125,5813,0,346.1100518042865,SE_like
b38e3116,gr_viterbi,14.18391809203384,6211,0,165.82653162905146,NW_like
b7974e66,gr_viterbi,7.643281709076917,5558,0,369.278466460025,NW_like
b8c49c1a,gr_viterbi,16.579240079413843,4319,0,511.7373937866445,SE_like
b95e7121,gr_viterbi,82.44058010598415,6306,0,331.68348692276936,SE_like
ba48188d,gr_viterbi,22.288647767127614,4166,0,481.40687341353896,NW_like
bd4ae5da,gr_viterbi,18.178355204431284,5006,0,303.8359486630581,SE_like
bd8f847e,gr_viterbi,26.10324779521788,4961,0,547.2634318035787,SE_like
c07fd0cd,gr_viterbi,22.06266480388615,4191,0,192.19595643933286,SE_like
c3957531,gr_viterbi,17.652152927118916,5316,0,491.5940761440804,NW_like
c472c0b5,gr_viterbi,46.62933906282632,3054,0,171.82372391480874,NW_like
c50b42f6,gr_viterbi,26.934518449763832,6014,0,400.50508473670595,SE_like
c593337f,gr_viterbi,16.994693553984288,5208,0,1467.3801277444802,NW_like
c84c65be,gr_viterbi,11.777908163231439,8496,0,470.5362919049343,NW_like
c9578d27,gr_viterbi,64.37569608098887,4487,0,673.645467543718,NW_like
c96c018a,gr_viterbi,30.27705691715207,6236,0,380.906536016652,SE_like
c99f9fae,gr_viterbi,62.13900522462917,6361,0,1592.65399899012,SE_like
c9fedcf3,gr_viterbi,7.277502632048194,3517,0,1178.895696387775,SE_like
cbe51de1,gr_viterbi,32.91532841842542,3963,0,324.06363994945195,SE_like
cc08aa63,gr_viterbi,36.798838464400205,3274,0,515.1613651081468,NW_like
cda7eb37,gr_viterbi,71.23735003669361,5973,0,220.16005938282035,NW_like
ce8399b7,gr_viterbi,3.515482405054169,1615,0,0.031622776852017344,SE_like
d3df146b,gr_viterbi,16.62009338696094,5787,0,378.2860458702564,SE_like
d40f61d5,gr_viterbi,38.64240000878429,4039,0,353.99582298847713,SE_like
d50c649a,gr_viterbi,52.15362579741652,4873,0,377.0409284330357,NW_like
d7ba4f9d,gr_viterbi,78.18535910482989,6023,0,548.7438256388855,SE_like
d84b621b,gr_viterbi,40.515097538389746,3994,0,692.8433506367863,NW_like
da2d4d7c,gr_viterbi,5.4871428331280745,2114,0,370.32103801984994,SE_like
dd7d638e,gr_viterbi,52.05181298909364,4301,0,366.03295981960093,NW_like
e46f4ef4,gr_viterbi,39.934997002916994,7195,0,395.4989444691412,SE_like
ea41324e,gr_viterbi,31.497664284093997,5025,0,376.8079117079957,NW_like
eabc711b,gr_viterbi,28.12509100320988,5348,0,491.7218143802355,NW_like
eba6605e,gr_viterbi,48.00827264466361,4410,0,1905.8986097032973,SE_like
ee0300f7,gr_viterbi,26.465805537457573,4544,0,522.6840821970901,SE_like
eeda36f5,gr_viterbi,3.3901052271447405,4797,0,667.7710288033161,SE_like
eeed308d,gr_viterbi,38.20698731939789,3899,0,419.5648243121167,SE_like
f021b650,gr_viterbi,45.58101754159311,3739,0,1821.2216195728108,NW_like
f4d12d23,gr_viterbi,17.232048249260625,3701,0,326.3745046719839,NW_like
f6bc699b,gr_viterbi,14.80499422089037,3752,0,792.8254645886047,SE_like
fb03ae90,gr_viterbi,118.11140933207726,6431,0,390.7577548947262,SE_like
fb3848a1,gr_viterbi,42.465067706728085,5919,0,357.94729500333796,NW_like
fb73b13a,gr_viterbi,107.72943193442082,5640,0,235.014632154616,NW_like
fc0d20b2,gr_viterbi,50.51037895615526,3954,0,349.45081399246055,NW_like
fd3b4faa,gr_viterbi,9.929406004698022,5022,0,493.2024356183112,SE_like
fef8af96,gr_viterbi,19.854044950961555,3826,0,873.3795783147343,SE_like
ff8bb73a,gr_viterbi,42.53789032432667,5927,0,249.92891697555507,NW_like
015fe0d2,gr_viterbi,30.764229954036217,4296,1,1030.5972525675907,SE_like
02e7fe5a,gr_viterbi,9.799923711808626,5108,1,291.90977852724956,SE_like
0849b4e2,gr_viterbi,27.773641030500073,5537,1,190.9022330933709,SE_like
09053135,gr_viterbi,13.058166460538578,5907,1,813.6775194756696,SE_like
0955cd6c,gr_viterbi,9.740096996271232,5195,1,317.90936754144786,NW_like
0be01c24,gr_viterbi,10.075998164928738,4738,1,179.49315453101292,NW_like
10a1281a,gr_viterbi,23.470853466328148,5609,1,340.87715942500586,NW_like
1131525f,gr_viterbi,46.04719022858582,4159,1,719.4073188395414,SE_like
11d0f5ac,gr_viterbi,40.5651162626615,4883,1,1160.747946714508,NW_like
12203f2a,gr_viterbi,29.37532474785089,3261,1,248.43893917827313,NW_like
122bd617,gr_viterbi,30.990845511197225,4570,1,392.96220785227615,NW_like
13ce113d,gr_viterbi,42.31362438809737,2966,1,4145.352971822648,NW_like
13f598d9,gr_viterbi,15.692295550888838,7306,1,311.237708936873,NW_like
19871e7f,gr_viterbi,24.518953716016874,5293,1,348.62034518628263,NW_like
19fb4f7b,gr_viterbi,7.710657687669854,5620,1,272.6096802047049,NW_like
1b1eba53,gr_viterbi,41.040699679996195,4655,1,1219.4399881658474,SE_like
1fdbba44,gr_viterbi,68.31199465786035,4911,1,322.59718146555895,NW_like
201661b5,gr_viterbi,35.84935540482016,5955,1,1973.5813292851453,SE_like
204cc64b,gr_viterbi,21.424326456531393,4805,1,170.8411557557933,NW_like
206b6193,gr_viterbi,19.05106513159885,6535,1,1767.5586644390582,NW_like
24d8997e,gr_viterbi,24.2851720988344,3442,1,686.3913868924343,NW_like
25939962,gr_viterbi,25.397250068596385,4319,1,310.0154361276239,NW_like
264feceb,gr_viterbi,41.639131141551125,5665,1,327.2847312355212,NW_like
2ab29395,gr_viterbi,34.19214388836256,1852,1,370.5205592745193,SE_like
2ac7cb6b,gr_viterbi,49.99704498600528,4990,1,946.8151095648478,NW_like
2f19d536,gr_viterbi,13.842554000782487,3088,1,1871.053514876392,NW_like
2fe023be,gr_viterbi,54.737285046080736,4221,1,392.45850300421205,NW_like
30d75030,gr_viterbi,13.253028375613441,3404,1,446.7302735430055,NW_like
353e5502,gr_viterbi,53.108369099618486,6062,1,1133.234722817905,NW_like
367456ce,gr_viterbi,44.55920180612252,5569,1,337.3686941122909,SE_like
368131f9,gr_viterbi,49.588808359963835,4991,1,663.822989207324,NW_like
368fe682,gr_viterbi,45.53416000310755,4936,1,690.0043346242984,NW_like
3ac16ad0,gr_viterbi,30.679763164553616,5649,1,532.0396470190067,SE_like
3b21ea64,gr_viterbi,11.112244793435439,7376,1,127.51514301345946,NW_like
3e011332,gr_viterbi,50.56588447750901,2723,1,356.7979288056891,NW_like
3e678ea7,gr_viterbi,23.254741829685077,6858,1,396.0313616018213,SE_like
3ef6372a,gr_viterbi,21.585056413829772,4727,1,508.8390814782524,SE_like
42c538a1,gr_viterbi,46.086061666866414,3279,1,2533.025221040766,NW_like
43c7f85a,gr_viterbi,35.71009550928677,5978,1,636.6553467541719,SE_like
4654e7de,gr_viterbi,18.20235636802051,5373,1,1090.7031691602292,SE_like
4a335117,gr_viterbi,21.380977446944065,5015,1,296.465648094143,SE_like
4cd1ac61,gr_viterbi,62.56768956023157,4489,1,376.31551984677526,NW_like
4f4afcc6,gr_viterbi,28.155569794562307,5645,1,352.32520851229077,SE_like
521a7819,gr_viterbi,39.41960163704189,5200,1,344.49447673369707,NW_like
5254b6db,gr_viterbi,43.11424866453585,3274,1,391.54566674838475,NW_like
5542c301,gr_viterbi,19.360735979855903,3591,1,377.4094172434859,NW_like
58850d2c,gr_viterbi,14.144517014852248,4995,1,881.8511655037217,NW_like
58fa8486,gr_viterbi,32.47949887344922,4475,1,377.489458925663,NW_like
5aa403d0,gr_viterbi,26.25964464404082,3118,1,365.64510238746044,NW_like
5d11dfb5,gr_viterbi,31.80677318394341,5895,1,197.8600830167291,NW_like
5f6756c5,gr_viterbi,58.66772318675377,5931,1,511.6395259363543,NW_like
62a6f539,gr_viterbi,25.51753719910204,3693,1,318.3892677718098,NW_like
65156b96,gr_viterbi,18.614212601187855,3221,1,1075.5918626652383,SE_like
67a8da4a,gr_viterbi,85.41056628930171,4911,1,361.42538133653943,NW_like
6d1d74e1,gr_viterbi,38.68377907255269,5830,1,530.3609626083758,SE_like
708caea9,gr_viterbi,137.46411114407147,6548,1,337.80574447453216,NW_like
70925e23,gr_viterbi,39.42797869970087,5947,1,4077.6993026092123,NW_like
726f3dc2,gr_viterbi,22.36134049217519,6723,1,191.09828924281422,NW_like
729665c0,gr_viterbi,22.718616919263543,4263,1,406.33181625363187,SE_like
72dd8501,gr_viterbi,24.776217400193183,5193,1,181.15612989927078,NW_like
739a914f,gr_viterbi,50.809601745518904,5505,1,335.31906800116246,NW_like
76201745,gr_viterbi,14.227705504235253,4448,1,69.07906685329742,SE_like
78a4a386,gr_viterbi,19.95679644246686,5119,1,0.0,NW_like
7b38844c,gr_viterbi,22.723763001222117,3749,1,109.6607701045472,NW_like
807f0298,gr_viterbi,73.83239253560194,3747,1,485.22485849332475,NW_like
81bf5923,gr_viterbi,72.8458996292742,4543,1,580.011196656863,NW_like
82fcf37c,gr_viterbi,37.23753694039522,6014,1,509.8295814286621,NW_like
8382f4b6,gr_viterbi,33.95812735136282,4967,1,309.70315450338126,SE_like
8478df29,gr_viterbi,42.44544091400538,4857,1,255.47427758434594,NW_like
84815d5a,gr_viterbi,4.91939139110716,3647,1,175.0037371032734,NW_like
84c3b497,gr_viterbi,17.253499198521528,5312,1,825.4868038312081,SE_like
86454a6f,gr_viterbi,19.391199919587,7964,1,654.1287787100882,SE_like
87695469,gr_viterbi,43.302414946743134,7003,1,460.17245832401926,NW_like
8902c3f6,gr_viterbi,26.764833543585517,4959,1,1594.8200092737902,SE_like
896d15b9,gr_viterbi,80.13030357702378,4279,1,1375.415277214291,NW_like
89f36adf,gr_viterbi,12.719626427254152,5292,1,328.9512355959778,NW_like
8ac2f237,gr_viterbi,11.54151135953625,5319,1,494.9595217795423,SE_like
8b12bab6,gr_viterbi,21.89621686391613,5234,1,489.6240719641075,NW_like
8bfa881d,gr_viterbi,57.26626146015016,4089,1,608.6514185154377,NW_like
8d5d46d7,gr_viterbi,51.660093320299026,5755,1,351.1064826955047,NW_like
8f201368,gr_viterbi,194.41145542375128,6349,1,369.92926300683894,NW_like
91db7070,gr_viterbi,10.071859388474866,4073,1,362.7372740706411,SE_like
939d9c34,gr_viterbi,54.69859668184679,5101,1,631.7189528582475,NW_like
992ce078,gr_viterbi,25.54184068348614,2879,1,414.2852826252939,NW_like
99529c45,gr_viterbi,42.72551872467485,5840,1,875.2780059498349,NW_like
999daf80,gr_viterbi,16.134430883232838,3564,1,357.6432557382536,NW_like
9c350a6a,gr_viterbi,13.692346934256074,6052,1,1275.966566325214,SE_like
9d5e14d4,gr_viterbi,32.316735414802736,5400,1,565.4150482609667,NW_like
9e3e364d,gr_viterbi,23.29918270026968,4290,1,573.2569045375237,SE_like
a08d9e63,gr_viterbi,28.653262572610295,3685,1,869.8107532677803,SE_like
a2e8e7f6,gr_viterbi,33.33457645260937,4760,1,103.5890462353991,SE_like
a4cdbb0f,gr_viterbi,42.30994790610111,5204,1,641.2257769304425,NW_like
a5aa7973,gr_viterbi,13.813098227201834,4616,1,164.28394930727703,NW_like
a622ce4d,gr_viterbi,69.73793045485418,6298,1,338.3995273343961,SE_like
a76db406,gr_viterbi,28.546650834176976,4672,1,1033.0354015714504,SE_like
a7744f5b,gr_viterbi,32.300358560535585,4377,1,336.983258762183,SE_like
a7fc3e6b,gr_viterbi,17.518918312656123,4764,1,2632.095700488149,SE_like
a9c9b150,gr_viterbi,34.398609367457,3986,1,338.9776998564047,NW_like
aaaf3c03,gr_viterbi,36.2347136633605,2997,1,852.0935737534375,NW_like
ab94878e,gr_viterbi,42.28251225069335,6004,1,320.07059543965613,NW_like
ae0784a8,gr_viterbi,57.47517210398018,7823,1,659.9911250919915,SE_like
aee6393a,gr_viterbi,38.00218284153263,5865,1,397.17154890644895,SE_like
b04b58a3,gr_viterbi,35.18598987395068,3402,1,2467.959939648059,SE_like
b3388334,gr_viterbi,22.051411038764947,6080,1,420.6440028838779,SE_like
b37fd114,gr_viterbi,19.842547970201853,8161,1,1593.534416446716,SE_like
b4d8dd4f,gr_viterbi,20.07581072478011,4259,1,895.6767154939789,NW_like
b4f37e6e,gr_viterbi,32.31141202461641,2992,1,789.8450291038855,SE_like
b7cdcecb,gr_viterbi,43.10188212889117,6168,1,621.9106719270856,SE_like
b7fea9ef,gr_viterbi,46.206505265928165,3866,1,17.39148817304338,SE_like
bb2cdd83,gr_viterbi,10.999290512205475,3825,1,333.3173412827803,NW_like
bc4381e2,gr_viterbi,27.272351827840062,4955,1,651.9185956083635,NW_like
bd2c2f34,gr_viterbi,40.67185863525325,9823,1,366.6273663881178,NW_like
bd6f0e19,gr_viterbi,56.32494542929467,5140,1,340.6283491026744,NW_like
be35c8f2,gr_viterbi,22.501675635191692,4226,1,921.5309890699343,NW_like
bffe3082,gr_viterbi,35.25103676286548,5723,1,1246.7394937250178,SE_like
c1d046f4,gr_viterbi,34.45846616684141,5513,1,380.86108714320045,SE_like
c43812e2,gr_viterbi,26.249358854344198,5527,1,1039.4036395962112,NW_like
c9e6734f,gr_viterbi,59.87738265023406,4735,1,600.7136979922742,SE_like
c9e980e8,gr_viterbi,40.45440979875266,4359,1,289.9556134996529,NW_like
cd7f1687,gr_viterbi,39.64631707359549,4232,1,637.3701776834791,NW_like
ce55ba43,gr_viterbi,10.407069620851257,4104,1,369.8725895493589,NW_like
cf50c9d1,gr_viterbi,25.309368637737297,4858,1,345.27357573374996,NW_like
d00e7eb9,gr_viterbi,43.00308430403338,5704,1,3537.3432260408918,SE_like
d07aed8f,gr_viterbi,10.55941740703839,2957,1,2043.377741339243,SE_like
d085e611,gr_viterbi,14.94239171261462,6191,1,0.0,SE_like
d0a0e7b5,gr_viterbi,13.847013118199092,3816,1,316.8331190518554,NW_like
d0a43760,gr_viterbi,33.61689706857154,4041,1,1119.9575157119873,SE_like
d24ff243,gr_viterbi,47.4599619837245,5641,1,691.0789253046081,SE_like
d6c320d9,gr_viterbi,23.76762629926687,5452,1,1047.2839780117845,SE_like
d90aa14c,gr_viterbi,24.916433016975912,10018,1,5775.716659294537,NW_like
d9eca87b,gr_viterbi,42.0189674863059,6373,1,529.7045949394264,NW_like
da3bfe4e,gr_viterbi,31.050845874968257,5549,1,864.6750364154541,SE_like
da3cf798,gr_viterbi,49.44038866973197,5844,1,370.78992610350235,NW_like
dbee6c86,gr_viterbi,6.829878484172395,7369,1,333.1933534910567,NW_like
dc5fbe29,gr_viterbi,24.493770392105255,5203,1,476.4647435953716,SE_like
dc7da28f,gr_viterbi,49.66758541881649,4774,1,1752.8556967410195,SE_like
dc7f9757,gr_viterbi,64.19509690248483,4360,1,820.1713647302013,SE_like
dd6bc5b2,gr_viterbi,21.2868747190165,3602,1,618.1807336049075,SE_like
df73b8f3,gr_viterbi,43.46761680474998,5311,1,510.4304030292293,SE_like
df8290be,gr_viterbi,48.826904736823835,3972,1,328.0433251875524,NW_like
e149204f,gr_viterbi,28.382548840637163,6097,1,1172.2377627856406,SE_like
e25f1537,gr_viterbi,47.389280616171604,3177,1,4118.297787544891,NW_like
e6c55748,gr_viterbi,24.707210105493875,4472,1,696.0798578464285,SE_like
e7d0c1de,gr_viterbi,40.73648432700465,4711,1,172.52700947970646,NW_like
e97032ad,gr_viterbi,16.162829161950352,3530,1,19.319795547932152,NW_like
eb934281,gr_viterbi,8.700131721999263,5971,1,171.98425597170865,NW_like
ed6436d6,gr_viterbi,17.376414262995674,2945,1,268.2908306296682,NW_like
ed6e6e54,gr_viterbi,11.485532965286742,6048,1,180.2635476185307,NW_like
edf885a3,gr_viterbi,31.464143676577514,3117,1,707.5188128944794,NW_like
f88ddb26,gr_viterbi,23.63056884605811,4990,1,594.5677396225054,NW_like
fa667be2,gr_viterbi,9.360884461135626,7296,1,265.2577259914125,NW_like
fae0c593,gr_viterbi,43.71671949596143,4403,1,204.4068866253356,NW_like
fbd68d27,gr_viterbi,141.9527311489879,6829,1,370.0710214268154,SE_like
fc03f21f,gr_viterbi,41.406616358453725,4803,1,354.8906432363755,NW_like
fcfcc902,gr_viterbi,9.753028638831834,2791,1,2086.4662226121304,SE_like
000d7d20,gr_viterbi,12.329051157562448,3836,2,292.65364820652445,NW_like
0390d174,gr_viterbi,40.289134160844384,4411,2,452.33228892031366,SE_like
0498acab,gr_viterbi,15.286678601981821,4798,2,1559.6123274711217,SE_like
052d64df,gr_viterbi,12.200261180113726,2445,2,942.6381286067667,NW_like
071d7b45,gr_viterbi,28.84287522571573,3211,2,4410.854133928914,NW_like
084d66f9,gr_viterbi,31.053274029840573,3885,2,876.2949284343175,SE_like
09ec2ca9,gr_viterbi,51.07060340091268,5885,2,827.3460694499482,SE_like
0dc5e64d,gr_viterbi,20.497352242408233,4879,2,220.83370119609776,SE_like
10b89021,gr_viterbi,25.56128137349104,5414,2,277.27351600479824,NW_like
10be2420,gr_viterbi,21.97942325578581,3271,2,364.4968883055751,NW_like
113011eb,gr_viterbi,37.46921057922203,3272,2,509.7550683788129,SE_like
125be846,gr_viterbi,27.29772117432945,6510,2,341.38289968904667,NW_like
1285a37b,gr_viterbi,11.069357158206483,5597,2,48.116541853994335,NW_like
1295a25b,gr_viterbi,26.472264208911703,5551,2,720.3684672071892,SE_like
1550491d,gr_viterbi,14.955244502132256,4563,2,185.33207223778865,SE_like
16e4a047,gr_viterbi,22.653666834011425,4131,2,665.1679890148864,NW_like
173ed841,gr_viterbi,102.71476147164272,4883,2,172.3122375822063,NW_like
18d24f7b,gr_viterbi,31.9263005997862,4558,2,339.1228037158679,NW_like
19137a89,gr_viterbi,6.555878336479674,6267,2,347.4575281966801,NW_like
197f8a5a,gr_viterbi,34.85789179708411,6310,2,739.720645076344,NW_like
1a730ac2,gr_viterbi,23.11254573882575,4605,2,260.0207007122773,SE_like
1b1c5372,gr_viterbi,17.190205092692572,4261,2,320.1942736839796,SE_like
1b6ba517,gr_viterbi,18.959365017378904,6597,2,506.0848846012436,NW_like
1beca81d,gr_viterbi,34.261205188218845,5036,2,1189.5161827313136,SE_like
1e30dedf,gr_viterbi,76.46585403639355,4071,2,351.5901036719124,NW_like
20096916,gr_viterbi,45.666972253057686,5133,2,358.63001548685634,NW_like
22c5f93f,gr_viterbi,24.430534564905308,5172,2,713.9365686105826,NW_like
2364716c,gr_viterbi,23.211017701285304,4316,2,696.9655837988659,SE_like
27c3155b,gr_viterbi,59.323892559557315,4958,2,174.4585787517997,SE_like
27ebb9b9,gr_viterbi,42.08599224642975,5766,2,186.9045489973156,NW_like
283269ac,gr_viterbi,9.477548703181588,2626,2,504.9482093981054,NW_like
28473855,gr_viterbi,17.524360514703336,4290,2,2500.6377524545296,NW_like
2b034622,gr_viterbi,24.254259598054862,5203,2,558.0368644632802,NW_like
2b06ad65,gr_viterbi,26.09632192534014,4256,2,181.6491870008684,NW_like
2cee0cba,gr_viterbi,7.606782883088786,5500,2,329.5268762176911,SE_like
2d2d0c6b,gr_viterbi,34.67871842412018,5045,2,710.341247384483,SE_like
2ddad940,gr_viterbi,54.10490670825801,5331,2,182.50315331363117,SE_like
2e63d9de,gr_viterbi,21.482539990281154,4699,2,551.913789928964,SE_like
2fd68f7b,gr_viterbi,7.5977258844136,4730,2,254.04539403251343,SE_like
3584a6eb,gr_viterbi,34.19189805942824,4494,2,354.66049977427406,NW_like
3690a146,gr_viterbi,42.3634045105714,4073,2,678.8225947920588,SE_like
374be387,gr_viterbi,140.60581671008805,9965,2,368.2030610176797,NW_like
39b51819,gr_viterbi,2.377835793725722,4231,2,748.9712518870684,NW_like
3a0af893,gr_viterbi,31.753357677883795,2927,2,470.01981984650104,NW_like
3d96d897,gr_viterbi,36.019033434589254,5659,2,338.75823367404587,SE_like
3f603129,gr_viterbi,27.729524895042278,5051,2,756.0487137746276,SE_like
45fb3e21,gr_viterbi,19.1728727457081,3649,2,500.49539238654637,NW_like
46d24a09,gr_viterbi,75.46966899529411,4449,2,322.3703443246413,NW_like
49dbc14c,gr_viterbi,33.60976068004631,3872,2,361.7425776711012,SE_like
4caa7289,gr_viterbi,25.62187583146557,5396,2,336.16018984559844,NW_like
4cecf7b3,gr_viterbi,55.98125285383401,6019,2,330.19745687609077,NW_like
4f69febf,gr_viterbi,39.90212395984807,5460,2,517.1082333516879,NW_like
511e1db0,gr_viterbi,49.85937404294272,3821,2,0.031622776852017344,SE_like
512943b2,gr_viterbi,36.62487166338468,5029,2,382.2537886388559,NW_like
54a7e3c2,gr_viterbi,42.08573309436525,6155,2,390.30448946968085,NW_like
56b00794,gr_viterbi,38.26529902241543,6065,2,344.751203683644,SE_like
57796579,gr_viterbi,49.02251476228079,5890,2,344.17422939766203,NW_like
591cc951,gr_viterbi,18.562516535835826,4609,2,446.6435681158624,NW_like
5a63b5d1,gr_viterbi,41.95088362474177,6217,2,1241.7615372124478,SE_like
5cb483ac,gr_viterbi,19.989226108336183,3852,2,206.07005978710419,NW_like
5eae34a8,gr_viterbi,27.733431740578308,4904,2,696.7954587891525,SE_like
61f27424,gr_viterbi,15.31358341618989,6220,2,416.91637638758186,NW_like
63559d57,gr_viterbi,23.402162027333368,4069,2,266.33329814364873,SE_like
647f2a41,gr_viterbi,33.94377953905261,3881,2,408.70754336066574,SE_like
656a067b,gr_viterbi,27.020836708227073,3051,2,174.4853126688838,NW_like
65a5466a,gr_viterbi,25.05698010688167,4683,2,256.77098064242705,SE_like
6767c111,gr_viterbi,124.76890238726686,6783,2,522.4752220920697,NW_like
67847288,gr_viterbi,22.419212440353167,7429,2,355.60931202630405,NW_like
699ea575,gr_viterbi,21.022204556349255,4120,2,948.0745376815113,NW_like
6a0ff78e,gr_viterbi,48.93633465962073,6465,2,330.3181575390725,SE_like
6d590e26,gr_viterbi,35.38433187760564,6096,2,194.3450112559201,NW_like
6d6d93af,gr_viterbi,44.93141870667312,3595,2,769.8226708144452,SE_like
6dbe4b60,gr_viterbi,20.703679320042838,4648,2,626.7060004453622,NW_like
6ede926a,gr_viterbi,16.093767973236616,4938,2,684.7848720585572,NW_like
729f4217,gr_viterbi,50.56726389499357,6195,2,361.83680534189097,SE_like
75d20a82,gr_viterbi,34.031284513118784,5067,2,0.0,NW_like
7993a768,gr_viterbi,4.574755367047856,5487,2,293.82268292293696,SE_like
7cbbd047,gr_viterbi,47.41803555409563,5121,2,629.432325591785,SE_like
7cd4bb31,gr_viterbi,49.27187452952085,6439,2,701.4592715457375,SE_like
7d57c75d,gr_viterbi,25.52365032819692,4405,2,264.7101246649113,NW_like
7e721392,gr_viterbi,61.45604438538853,6174,2,1639.4215992892528,SE_like
81fc01c6,gr_viterbi,19.148121507147614,5909,2,1046.9683313964447,NW_like
8612b37f,gr_viterbi,69.91810719574251,5165,2,764.198746668025,NW_like
884ecb5f,gr_viterbi,130.36614702875195,6724,2,644.2264860278792,SE_like
8995c945,gr_viterbi,122.1901888808441,6724,2,337.2978667290614,NW_like
89fdb2f2,gr_viterbi,2.676224677460314,2031,2,1.5061540423429862,NW_like
8a89da23,gr_viterbi,25.02339577785784,3935,2,481.9010871819819,SE_like
8a9c8932,gr_viterbi,42.5219518771705,4663,2,689.7743502821733,NW_like
8c167025,gr_viterbi,27.018376518741103,5368,2,1198.019871621531,SE_like
8cc21f01,gr_viterbi,28.645583500515546,4044,2,881.5115017396477,SE_like
8d92cb49,gr_viterbi,12.072185769793128,3589,2,387.8173427014028,NW_like
90386ee4,gr_viterbi,21.77170281711198,3840,2,353.42045950965144,SE_like
91abc4c7,gr_viterbi,21.925359548251645,5848,2,335.4567682800041,NW_like
93f5d2e6,gr_viterbi,25.5303471021976,3691,2,478.14822346217807,SE_like
94d813a4,gr_viterbi,27.50772250319475,4847,2,360.38312848985834,NW_like
96936c22,gr_viterbi,31.390588614770937,3346,2,273.38647095298217,NW_like
96ae5806,gr_viterbi,30.62209850190284,9839,2,288.43500567727887,SE_like
96b7eea1,gr_viterbi,24.538741004348278,4332,2,344.83703517073644,NW_like
995ff498,gr_viterbi,21.902177567905984,4526,2,708.3378566754756,NW_like
9bd2bba3,gr_viterbi,26.05908710866629,7439,2,333.70685508791587,NW_like
9c211c53,gr_viterbi,40.742906352271106,7265,2,995.2578135335368,NW_like
9d072e4c,gr_viterbi,52.058617286955894,5107,2,420.84117859354325,SE_like
9da441ba,gr_viterbi,52.767034224568256,5783,2,357.96180980926346,SE_like
9ffce529,gr_viterbi,17.58936383638844,5212,2,476.7801023942776,NW_like
a0383629,gr_viterbi,53.17415379525314,5832,2,708.6495667816323,SE_like
a247e7cf,gr_viterbi,27.84784668136028,5674,2,519.5440478918429,SE_like
a4f989c2,gr_viterbi,31.838443019248334,5385,2,0.0,SE_like
a5e6f7dc,gr_viterbi,84.90631773611756,5649,2,1143.4052680620787,SE_like
a6ed2eff,gr_viterbi,15.611276975532851,5275,2,305.23602834541066,SE_like
a783cc24,gr_viterbi,14.332083620857194,1889,2,1.0722406444554577,SE_like
ac6f01d5,gr_viterbi,17.702233437110277,5004,2,1187.4218783566275,SE_like
ad2133a8,gr_viterbi,42.803481701067206,5729,2,482.4629660275349,NW_like
af7a59ce,gr_viterbi,21.15183520100949,3024,2,1024.1925149113551,SE_like
b0f53bf4,gr_viterbi,28.523367823116946,2755,2,646.4154295806273,NW_like
b1efb8a4,gr_viterbi,16.956387432978676,5998,2,168.80510181888138,NW_like
b85f7b06,gr_viterbi,23.87462153075782,3803,2,300.3541531260103,SE_like
b977be4a,gr_viterbi,70.11725659841744,5917,2,417.69258902342,SE_like
bb337fa0,gr_viterbi,53.2247121971247,6873,2,453.5244401352356,NW_like
bb682ebd,gr_viterbi,52.95370676728107,4139,2,162.01402933062627,NW_like
c1708b88,gr_viterbi,112.39805141960913,6315,2,2831.894165406564,SE_like
c2c6fc71,gr_viterbi,32.066726204428896,7119,2,67.40046958307363,SE_like
c47e0767,gr_viterbi,44.33205977828384,4356,2,344.9918962817566,NW_like
c6c96179,gr_viterbi,18.988403542548244,4004,2,155.9042218800603,SE_like
cb34231f,gr_viterbi,64.44654767346263,5609,2,13.986952081758655,SE_like
cb879f40,gr_viterbi,41.734793527054826,6315,2,190.79437544145222,NW_like
ccedb12b,gr_viterbi,8.892848790670506,4401,2,186.68007954792654,NW_like
d1ecf309,gr_viterbi,9.493034731720028,6168,2,844.3785456770308,SE_like
d1ee630d,gr_viterbi,49.277366740497506,6290,2,338.1857165817944,SE_like
d273674e,gr_viterbi,4.956326069003609,3899,2,662.6500203327488,NW_like
d2f3b1ab,gr_viterbi,28.502199870906175,5581,2,690.6950160375798,SE_like
d463e527,gr_viterbi,29.466894159655666,4767,2,605.2578740306908,SE_like
d4f60a28,gr_viterbi,14.07761898042208,4501,2,13.877651097912707,SE_like
d9ae59b2,gr_viterbi,29.82489660575255,3648,2,855.4542083010349,SE_like
d9d6d94d,gr_viterbi,12.774370722473487,4919,2,524.9845377051881,NW_like
da940160,gr_viterbi,29.486462110735978,5132,2,352.73594798398665,SE_like
dafc88c3,gr_viterbi,45.225502800171824,5572,2,345.68718674145214,SE_like
dd168de0,gr_viterbi,18.903579177953866,3304,2,363.221066015974,NW_like
e03b45fd,gr_viterbi,64.08965016771724,5342,2,334.6669917993016,NW_like
e2fc7745,gr_viterbi,11.397455061774075,3692,2,248.13571770288692,NW_like
e3b34f5b,gr_viterbi,11.925797506878922,5455,2,325.79782966159974,SE_like
e4726608,gr_viterbi,34.05390209961889,4733,2,160.87860330067247,NW_like
e9949a23,gr_viterbi,36.31962610880963,4559,2,374.3058536812438,NW_like
eafb863e,gr_viterbi,20.115974324804547,3568,2,348.61047847136604,NW_like
ec13af42,gr_viterbi,24.410161136103508,5462,2,254.4164680206497,SE_like
ecdaf714,gr_viterbi,64.99335754605418,6592,2,1133.0521845438916,NW_like
ee288beb,gr_viterbi,10.74650313182452,4638,2,258.38093948146684,SE_like
f0188a48,gr_viterbi,73.9590253693083,4170,2,2255.796212426776,SE_like
f03f10fe,gr_viterbi,33.45105119137823,4145,2,354.76898525655787,SE_like
f074d277,gr_viterbi,38.88196801632149,2453,2,813.0530173365615,NW_like
f321a31c,gr_viterbi,46.218480467664776,5141,2,554.1666622275732,SE_like
f439a621,gr_viterbi,55.08006617813681,2821,2,363.4890283075586,NW_like
f5859199,gr_viterbi,85.54642838891552,5790,2,1824.6469073497083,NW_like
f8662c22,gr_viterbi,40.39723769160848,5429,2,700.1580063098255,SE_like
fd710aea,gr_viterbi,23.583406243073092,4217,2,296.8288249141398,NW_like
febb4411,gr_viterbi,108.40082221989022,4247,2,193.99305657701683,SE_like
01869cd4,gr_viterbi,18.258035380593693,5557,3,354.3649858831226,SE_like
03a935ae,gr_viterbi,25.646371198725127,2786,3,1507.00793430023,NW_like
059c8f24,gr_viterbi,39.755249725647964,6258,3,4391.873725243342,SE_like
05a0ee4d,gr_viterbi,24.76766100380919,4348,3,626.1140491156731,NW_like
060ab2b8,gr_viterbi,41.47931711202353,6258,3,358.8154838205494,NW_like
0c1b160c,gr_viterbi,26.770853936782917,5054,3,943.1825390169661,SE_like
109d9d70,gr_viterbi,65.32344368336602,4215,3,250.34358102046033,NW_like
1590af81,gr_viterbi,40.9043231583481,3799,3,256.7005493447082,NW_like
1770d7c6,gr_viterbi,20.7392291866541,7240,3,262.9875185249803,NW_like
177622d7,gr_viterbi,18.604596196363687,3154,3,474.68165858801007,NW_like
1f9afacb,gr_viterbi,7.0256151053035065,5328,3,182.1282495936478,NW_like
1fee2b62,gr_viterbi,29.139301664307425,4641,3,1372.465576018465,NW_like
200d233d,gr_viterbi,20.40374680682448,3926,3,739.4393232157072,SE_like
2075c696,gr_viterbi,29.793018047560125,3188,3,2018.2149540810824,SE_like
23b9beb0,gr_viterbi,13.977694737826818,7340,3,473.19353686632667,SE_like
261785ee,gr_viterbi,29.146353796811486,3646,3,641.3428275888126,NW_like
272abef3,gr_viterbi,41.50265779469998,4135,3,1790.9787575445907,SE_like
276b012a,gr_viterbi,15.170837447885706,4837,3,747.8086675746815,SE_like
2d179ded,gr_viterbi,61.82862238140768,7008,3,850.8877834960939,NW_like
2d35f86d,gr_viterbi,38.85830614004853,4896,3,888.4858973559352,NW_like
2e43c2ea,gr_viterbi,44.273249735167646,5698,3,298.9238599678605,NW_like
2ee0235b,gr_viterbi,39.007336762960975,5556,3,340.90661037886554,NW_like
32fe84c9,gr_viterbi,144.5469337617276,6408,3,1101.1597272876043,SE_like
389ae58f,gr_viterbi,13.012355623646357,6463,3,1015.3529018522524,SE_like
398dce4b,gr_viterbi,35.93790135330333,3166,3,398.40645489248664,NW_like
3a223519,gr_viterbi,9.762616426700205,4583,3,159.83583734553181,SE_like
3a824aa7,gr_viterbi,17.00459101407489,4201,3,606.655013166694,NW_like
3bfee975,gr_viterbi,22.18923024704705,3603,3,269.104938130745,SE_like
41fb0192,gr_viterbi,23.37839797275709,2973,3,244.7257242300589,SE_like
4630ab92,gr_viterbi,26.932241544616435,3373,3,175.04767921894853,NW_like
46a301e9,gr_viterbi,42.42274086202563,8226,3,704.6180140334985,SE_like
481de5fc,gr_viterbi,42.24951193075627,5952,3,480.78255635979207,NW_like
48c1f673,gr_viterbi,66.07087324477328,2917,3,171.24110400279136,NW_like
4a035ec2,gr_viterbi,9.841620685946832,2588,3,665.633178334484,SE_like
4b462989,gr_viterbi,22.61562915984245,3106,3,365.8164640067002,NW_like
4b831d20,gr_viterbi,40.090281252643194,7312,3,531.4280671410202,NW_like
4c3168cf,gr_viterbi,12.98590838256153,4334,3,171.99989098839686,NW_like
4ed93db6,gr_viterbi,19.45970815238308,4657,3,347.99430298494843,SE_like
4f3eb9e9,gr_viterbi,35.43148905937449,4697,3,385.6354554204131,SE_like
4f4ac5ce,gr_viterbi,24.775370848406656,5162,3,352.3957638790925,NW_like
4fbe9c06,gr_viterbi,75.9139727697556,6287,3,340.7222355225831,SE_like
529e88ca,gr_viterbi,70.48053648512429,3417,3,882.1043266295767,NW_like
52f1e77a,gr_viterbi,8.183393832799775,4442,3,342.29505718540406,NW_like
5305524b,gr_viterbi,27.880699248346037,4898,3,569.3535541294223,NW_like
53f23031,gr_viterbi,13.467203221105077,8550,3,491.38803814009214,SE_like
577eec7c,gr_viterbi,28.83080613994345,4539,3,1172.601768376899,SE_like
57f05c51,gr_viterbi,13.958024875625616,4771,3,177.9554823545343,SE_like
5a1a8fd8,gr_viterbi,26.464035637259347,5260,3,472.0563712242357,SE_like
5a5269a9,gr_viterbi,66.65881633052715,6513,3,634.7678813550181,SE_like
5aa03df7,gr_viterbi,18.019190471474754,4871,3,1190.6527326639405,SE_like
5b7b6324,gr_viterbi,41.14922765425801,6564,3,989.5465661099655,NW_like
5bd25f59,gr_viterbi,48.57797131242476,4210,3,303.39160321275966,NW_like
5d7198fd,gr_viterbi,52.6940905062129,3368,3,871.83611057456,NW_like
5def1ce5,gr_viterbi,49.472085937704186,6443,3,330.54489046206197,SE_like
5f4d2a52,gr_viterbi,43.98285007654203,5225,3,709.6561658299654,NW_like
653612bc,gr_viterbi,14.576579967430582,4605,3,326.4353848774872,NW_like
698930d1,gr_viterbi,36.847870336576065,4741,3,170.29446397192453,NW_like
6a8fa194,gr_viterbi,26.391295077029834,3017,3,435.7684178553404,NW_like
6ae68655,gr_viterbi,42.63523533502699,4204,3,3402.8353472947906,NW_like
70e1788b,gr_viterbi,40.32965795863997,9285,3,716.9377343331898,NW_like
71ccf778,gr_viterbi,17.6847878318923,2698,3,421.77112660661993,NW_like
7224331b,gr_viterbi,25.341901973347706,6063,3,1026.4765701172985,NW_like
727a3a10,gr_viterbi,66.18732271527303,4397,3,580.7283181119269,NW_like
73348914,gr_viterbi,46.57196683558627,4221,3,157.27982491384017,SE_like
74b6186b,gr_viterbi,7.211815918741724,3405,3,321.56623361292804,NW_like
77e4821c,gr_viterbi,62.86242545969101,5393,3,743.2494088013927,SE_like
7850c72e,gr_viterbi,83.33214165947173,5497,3,14.858145913947117,SE_like
796dbd4c,gr_viterbi,27.510463311731563,6248,3,372.2634557673599,SE_like
7a5660b0,gr_viterbi,9.030959462815185,4998,3,418.456233314877,NW_like
7d50373e,gr_viterbi,42.446177876927095,5122,3,349.6948271386748,SE_like
7e208414,gr_viterbi,22.826596490603386,4226,3,889.4694089552289,NW_like
8050c789,gr_viterbi,25.30353390755799,3077,3,706.2129251663374,NW_like
84633df4,gr_viterbi,41.73137033788323,4972,3,255.09058074198117,NW_like
8a3da6d1,gr_viterbi,42.920684892216215,4593,3,198.94690122428597,NW_like
8b9d8326,gr_viterbi,9.169737729487302,6163,3,1042.8435398573683,SE_like
925a7cd1,gr_viterbi,33.399630546970855,4517,3,362.42018929494293,NW_like
9314ff13,gr_viterbi,30.327565654574503,2748,3,880.4273319814158,NW_like
940a48d9,gr_viterbi,12.985253513924533,3963,3,384.36858729584,SE_like
9426ec1e,gr_viterbi,22.691023036115002,2532,3,370.27713608938234,SE_like
94467f50,gr_viterbi,25.12738898255678,3035,3,1112.1478364819181,NW_like
974802e7,gr_viterbi,58.14298868308043,5843,3,993.5210195059258,NW_like
98bc6f66,gr_viterbi,34.7118683215493,6063,3,550.1819212768999,NW_like
9a8ae0d6,gr_viterbi,32.89814736493794,6294,3,434.723013381773,NW_like
9ad5410a,gr_viterbi,39.23271337485185,4205,3,351.8768989080494,NW_like
9ae248be,gr_viterbi,81.04974110402767,5271,3,325.3859548502044,NW_like
9af1ffd0,gr_viterbi,12.270516721852914,3525,3,2601.318863999809,NW_like
9b9e3b49,gr_viterbi,58.04589154552198,5118,3,320.9630308509646,SE_like
9d3ec64c,gr_viterbi,15.722194791269475,3480,3,3179.700000520055,SE_like
9df1b1f9,gr_viterbi,18.094667422387452,4701,3,925.3029061341714,NW_like
9efc812e,gr_viterbi,13.273556088238898,4450,3,599.5605674157727,SE_like
9f0c7bae,gr_viterbi,29.52205362164528,2542,3,1120.936261033905,SE_like
a0e92ed6,gr_viterbi,42.4064768974474,4897,3,201.44270177897872,NW_like
a6f967fb,gr_viterbi,21.844356950711497,4670,3,174.20306417493157,SE_like
a85bb86f,gr_viterbi,32.97534279984644,3099,3,1086.6037716501555,NW_like
ab6fe95d,gr_viterbi,14.781551216064022,5491,3,562.1541629304459,NW_like
abf460d2,gr_viterbi,24.228491289656745,3217,3,273.2121556889333,NW_like
add9c322,gr_viterbi,15.24120509496142,3932,3,347.84467798150814,NW_like
ae069086,gr_viterbi,44.132542339930346,4770,3,446.03477723149484,NW_like
ae8959c3,gr_viterbi,102.25057397402723,4518,3,355.5617895443489,NW_like
aed44918,gr_viterbi,13.458390905536936,2719,3,681.6570041450491,NW_like
b0d42b0d,gr_viterbi,31.946030344641198,4971,3,1027.523425373752,NW_like
b56bc0aa,gr_viterbi,47.61831215639948,5602,3,940.5470588970959,NW_like
b585b4fa,gr_viterbi,14.880964940874959,4294,3,332.4590129624877,NW_like
b881d27e,gr_viterbi,38.01394687329819,4009,3,352.8467691507531,SE_like
be063506,gr_viterbi,12.939152334055589,4500,3,1532.2464748984157,NW_like
c03b9305,gr_viterbi,40.09543245998674,4255,3,862.1078928527184,NW_like
c03fba65,gr_viterbi,14.114386460179492,3699,3,4531.411914712674,NW_like
c2c4db09,gr_viterbi,64.51605676514825,6039,3,418.9223375521095,SE_like
c36625df,gr_viterbi,16.920610082720522,4742,3,401.1280696904186,SE_like
c66be2b8,gr_viterbi,16.62542098876894,4154,3,367.12557488156153,NW_like
c6797dd7,gr_viterbi,29.504502986410976,4664,3,358.0547317099333,SE_like
c70c0e01,gr_viterbi,8.652639037538274,4312,3,509.2730320072985,SE_like
c8d9680c,gr_viterbi,66.84576854256204,6281,3,189.34084847185096,NW_like
c908edd0,gr_viterbi,16.60150308680859,5293,3,447.6727024289828,SE_like
cbb406b5,gr_viterbi,13.959128127366995,6328,3,843.5764834359568,SE_like
cbe62450,gr_viterbi,53.1608598309786,6258,3,194.83626459178322,NW_like
cc8a1d57,gr_viterbi,39.4821925814592,6638,3,513.6255999265919,NW_like
cdc60a53,gr_viterbi,52.360531166239774,5878,3,349.02200079554586,NW_like
d011f41b,gr_viterbi,34.402892971660954,2267,3,0.0,SE_like
d0cb63ae,gr_viterbi,88.82899229142276,5223,3,412.52023754907555,NW_like
d114d9c2,gr_viterbi,28.497308409101954,6206,3,520.5445476614988,NW_like
d1457cc5,gr_viterbi,36.99586661050957,6920,3,1568.9005392706222,NW_like
d217e0c5,gr_viterbi,21.491812204881118,3838,3,1849.231270343521,SE_like
d60430e6,gr_viterbi,40.174407305814746,2511,3,453.04259325159506,NW_like
d63196fe,gr_viterbi,25.812582436551832,4510,3,506.1321711194497,NW_like
d924e971,gr_viterbi,69.64036646024235,3184,3,668.023063449029,NW_like
dd64382d,gr_viterbi,44.95570349126225,3124,3,808.5116948626588,NW_like
df71d1ff,gr_viterbi,47.869239910457836,6228,3,622.2314479355352,SE_like
e0079ed1,gr_viterbi,15.539413011650334,3471,3,2004.189602706701,SE_like
e14d641e,gr_viterbi,10.668480150156512,3184,3,325.323755357645,NW_like
e201fd6d,gr_viterbi,23.85973853691472,5070,3,553.559713219739,NW_like
e5864244,gr_viterbi,46.36850891940602,4469,3,14.461275480039204,SE_like
e5c92e59,gr_viterbi,23.917860048989144,4295,3,516.9441981490489,NW_like
e748dd88,gr_viterbi,28.028177715523825,4812,3,673.7107721420191,SE_like
e7818f7a,gr_viterbi,46.18397421720553,5371,3,229.26961837079585,SE_like
e7c36e81,gr_viterbi,16.282579053702012,3531,3,19.20780049876599,NW_like
ea0b99b7,gr_viterbi,40.0539845762508,9239,3,285.38076319218123,SE_like
eac10e86,gr_viterbi,32.93391417180269,6067,3,399.6430308074241,SE_like
eb06a4e7,gr_viterbi,28.779626950991,4535,3,192.15349938414806,SE_like
eb640a35,gr_viterbi,49.101688748563305,6037,3,613.2154797280577,SE_like
ecdab904,gr_viterbi,17.82500110570556,6147,3,206.5573898460357,NW_like
ef8e3ed0,gr_viterbi,22.128256818225527,5224,3,367.79781511068137,NW_like
f07d7037,gr_viterbi,15.239257566918482,5563,3,183.35835105044586,NW_like
f2d4c8c9,gr_viterbi,27.309407577652035,6249,3,509.50272001213773,NW_like
f40cd091,gr_viterbi,43.389356800037866,5166,3,666.3838978398519,NW_like
f49fdea3,gr_viterbi,42.91959517445175,5391,3,3760.7701132015773,NW_like
f6d009f4,gr_viterbi,208.97357268543954,6715,3,236.14666988970012,NW_like
f72b268f,gr_viterbi,14.130468400322608,6404,3,347.54465900066606,NW_like
f8f59188,gr_viterbi,42.32204277439146,4807,3,493.9966374381547,SE_like
fa16d114,gr_viterbi,33.38722594169257,5686,3,539.6151902977351,SE_like
fa31da94,gr_viterbi,62.751632702727655,5027,3,558.2012758051491,SE_like
fba7683c,gr_viterbi,16.000316877543902,407,3,2.3433522996499767,NW_like
fdfd57da,gr_viterbi,43.54837707803497,5236,3,388.4403030068954,SE_like
ff0aea78,gr_viterbi,21.61162082228943,3261,3,293.1201270811036,NW_like
05948241,gr_viterbi,42.38678506812795,3879,4,323.3688873331937,NW_like
06df5958,gr_viterbi,9.573709305500138,3509,4,706.3738922129911,SE_like
08fecf00,gr_viterbi,13.210188384731474,5574,4,202.81360605243228,SE_like
09441b8d,gr_viterbi,38.890253444136384,5488,4,327.16920912577024,NW_like
0bbf5e67,gr_viterbi,23.76696357346389,4298,4,693.4644337632429,SE_like
12f0cd90,gr_viterbi,87.23524292666322,5947,4,331.9657262431988,SE_like
137d1e44,gr_viterbi,32.71928628305631,4554,4,2314.416079532842,NW_like
14fee784,gr_viterbi,6.666277903069915,4910,4,513.3421499350751,NW_like
153552f5,gr_viterbi,32.32182283075582,4695,4,362.2423294463724,NW_like
15e154a1,gr_viterbi,12.875307172514024,6068,4,3.730857810134897,SE_like
1619e2ca,gr_viterbi,24.653967583085535,4443,4,1181.352795208041,SE_like
1944513c,gr_viterbi,16.621922727177424,4722,4,204.18588320419815,SE_like
1a68190b,gr_viterbi,10.87870731994893,4474,4,321.92333199416123,SE_like
1b82b665,gr_viterbi,38.874490916673516,3806,4,447.35580776080656,SE_like
1bcb2fcf,gr_viterbi,20.17808726075156,4524,4,373.81114255676937,NW_like
1d3fbf02,gr_viterbi,19.459596300328037,2694,4,597.0682651693422,SE_like
1e5e3573,gr_viterbi,47.510689259441016,5480,4,317.28961169598415,NW_like
203721ab,gr_viterbi,32.487198040956194,5730,4,692.0588183818826,SE_like
20402d71,gr_viterbi,38.03342272410409,6372,4,510.6724994614913,NW_like
26623a50,gr_viterbi,65.7639223793758,5735,4,764.2807630204316,NW_like
26d3a96a,gr_viterbi,10.150152998036294,4721,4,186.72317611937353,NW_like
29b24409,gr_viterbi,42.93860347095162,5587,4,348.5023207958609,NW_like
29de15c8,gr_viterbi,14.386492429105305,3431,4,546.6132996002004,NW_like
2acc78d4,gr_viterbi,17.31767223167366,4266,4,778.0785894113267,NW_like
2be5c96a,gr_viterbi,7.5360225958607145,4210,4,596.7060548182038,SE_like
2c0c4a4e,gr_viterbi,19.073546470379583,4790,4,1706.328093442078,SE_like
2d0c268a,gr_viterbi,12.768461500170183,4550,4,2348.8751077909997,SE_like
2d9f6cb9,gr_viterbi,74.60285222208651,7338,4,297.31951479277564,NW_like
2fa01aa6,gr_viterbi,53.10667578951733,2174,4,863.2002196478838,SE_like
310c71a5,gr_viterbi,40.66414165982081,5245,4,348.83186576685796,NW_like
3407f5bf,gr_viterbi,16.23301807923195,3638,4,481.3627892765348,SE_like
3417285d,gr_viterbi,9.29153118261685,5449,4,276.37902627006486,NW_like
357c12f9,gr_viterbi,35.24328778632421,4079,4,716.3457589737073,NW_like
35b30c7f,gr_viterbi,35.936665979858525,9579,4,334.5674899031215,SE_like
35b3ef6a,gr_viterbi,15.100403089424772,3904,4,854.6856321523446,NW_like
38991fd4,gr_viterbi,30.98807723392177,4798,4,704.6292534577062,NW_like
3932faa6,gr_viterbi,29.100949333769744,5452,4,794.3422260586085,NW_like
3a7dd95d,gr_viterbi,36.77316831860362,3072,4,3365.223970606415,NW_like
3df4b19e,gr_viterbi,12.362525963600026,4988,4,332.3210734644984,SE_like
3ef98781,gr_viterbi,16.01585358122607,3892,4,351.91554697138173,NW_like
404c4384,gr_viterbi,3.571817553664275,911,4,326.8812337835708,NW_like
43b06c70,gr_viterbi,46.40445394232268,4846,4,376.68302656202644,NW_like
445af6c2,gr_viterbi,46.31834859172778,6041,4,340.7283217918493,SE_like
44a94013,gr_viterbi,31.09634126755818,4903,4,565.3281205308292,NW_like
460f859e,gr_viterbi,30.904559247532593,3336,4,1306.4538918004102,SE_like
466fc788,gr_viterbi,25.015297749526557,6197,4,330.91254367732745,NW_like
46d41ff6,gr_viterbi,29.014123489832095,7901,4,660.4819495024678,SE_like
47ee27ab,gr_viterbi,23.56281961377845,6397,4,0.0,NW_like
4a8ecc0b,gr_viterbi,34.106537656360466,5809,4,855.3902268557407,NW_like
4c2208f5,gr_viterbi,28.66589835526047,5384,4,1866.7246869849587,NW_like
4e050c92,gr_viterbi,61.53698305996985,3705,4,355.4659701475544,NW_like
5138a660,gr_viterbi,51.39959585426315,3559,4,378.2587667194341,SE_like
5397ceb1,gr_viterbi,34.89569558615994,5255,4,811.7655354480685,SE_like
54753541,gr_viterbi,19.6362328565665,4026,4,515.4821240351965,SE_like
5567d551,gr_viterbi,12.02263171507861,6889,4,379.0486559799596,NW_like
593876b6,gr_viterbi,40.17956092833842,4842,4,172.5593228040167,NW_like
59f8b2e8,gr_viterbi,31.587687569422382,3747,4,772.0309311161491,SE_like
5beded95,gr_viterbi,5.275573175717951,3057,4,1838.142518422877,SE_like
5cdd8dbc,gr_viterbi,8.797982532443255,4010,4,445.4263363800865,NW_like
5f75f796,gr_viterbi,14.983809160967837,5562,4,1860.8561909705263,NW_like
5fffa282,gr_viterbi,33.98093827081403,4201,4,308.90177244162555,SE_like
60e37807,gr_viterbi,58.81843422465257,2699,4,356.0206513672851,NW_like
62569ae3,gr_viterbi,63.03967195003892,3588,4,610.7691150733508,SE_like
6e6d122c,gr_viterbi,27.636336373195306,5632,4,700.0098545734598,SE_like
6e9ccd38,gr_viterbi,32.85024977218716,8282,4,505.4406667452346,NW_like
71642c7d,gr_viterbi,34.96958300370287,4648,4,160.90417911873976,SE_like
722cf0d8,gr_viterbi,30.97329209045232,5143,4,606.3552405972275,NW_like
7271dd80,gr_viterbi,9.732867877563734,4340,4,2497.7534149110825,SE_like
729e9750,gr_viterbi,61.936881944514056,5919,4,1055.4260804054913,SE_like
73b1447d,gr_viterbi,10.331578828725105,5670,4,490.1465315599374,SE_like
75cd5f11,gr_viterbi,87.60863512494272,4946,4,164.5289898466986,SE_like
79507629,gr_viterbi,35.34214434311016,5302,4,348.3195302381461,NW_like
7acda2df,gr_viterbi,12.818320031035277,3091,4,335.8271408029858,SE_like
7b2c7b3c,gr_viterbi,5.973146631489444,2584,4,767.8466565664036,NW_like
811f52b3,gr_viterbi,34.3359362845037,4836,4,330.45190752773635,NW_like
8255c867,gr_viterbi,46.82777360502103,3589,4,352.93433171074685,NW_like
82aab6d2,gr_viterbi,14.01779838200084,6140,4,188.0272121264137,NW_like
861e71df,gr_viterbi,35.28206829193734,4700,4,229.3912714117615,NW_like
877ed19c,gr_viterbi,47.46153009302984,3708,4,295.9230009649451,SE_like
87aa3730,gr_viterbi,44.122006545835,5607,4,352.8756306496774,SE_like
89969c7a,gr_viterbi,28.60510699035847,4947,4,575.6818934965761,NW_like
89f1085d,gr_viterbi,74.18499583290678,5994,4,703.789362804228,NW_like
8bda1a11,gr_viterbi,27.514957180073537,5981,4,520.4906734994017,SE_like
8cc800b3,gr_viterbi,65.08852470648795,6576,4,1142.9831625291863,SE_like
91b301ce,gr_viterbi,35.30508194249813,6570,4,1931.9851056620114,NW_like
93209a3d,gr_viterbi,53.65740218513206,4697,4,409.7337174312445,NW_like
940e709a,gr_viterbi,44.66321905626593,3348,4,361.5665229249328,NW_like
95b559e7,gr_viterbi,18.5283282257242,2887,4,365.765385634672,SE_like
95c8427f,gr_viterbi,35.87380335650042,6335,4,391.4755309085436,NW_like
98177ced,gr_viterbi,35.23071602245891,4772,4,197.26544983850113,SE_like
9a6b0392,gr_viterbi,9.593639809291014,4255,4,253.3197694610652,SE_like
9a95e33f,gr_viterbi,18.869990016177937,6447,4,387.52137774284245,SE_like
9c8375f7,gr_viterbi,11.479412122776186,3674,4,325.86974489782517,NW_like
9def2eb2,gr_viterbi,47.23124188953218,6003,4,463.9687382787732,SE_like
a056d01e,gr_viterbi,62.87378986853106,6557,4,359.73628681073086,SE_like
a15bc102,gr_viterbi,13.914786351980684,3236,4,1507.8425517938651,NW_like
a3f71395,gr_viterbi,84.87825169768486,5543,4,683.0278158522159,NW_like
a612d5a0,gr_viterbi,21.737920003562774,5329,4,400.2062174202815,SE_like
a79fd2e7,gr_viterbi,29.52069351227102,4404,4,199.01143450804443,SE_like
a87433c9,gr_viterbi,9.130016021357816,5721,4,1947.0252243770663,SE_like
a8ed028a,gr_viterbi,61.29711682668057,5538,4,2052.600671509218,NW_like
aa95015b,gr_viterbi,44.44418521162292,4300,4,616.6524636294358,SE_like
aaeffccb,gr_viterbi,35.14197153302086,2712,4,614.0291394609873,SE_like
ab3ced07,gr_viterbi,25.080619211147564,4250,4,309.6604582080977,NW_like
b32902c0,gr_viterbi,34.47549411442819,3808,4,349.2195675795622,NW_like
b32e4903,gr_viterbi,45.356436830391225,5770,4,327.0639023185922,NW_like
b5aa9634,gr_viterbi,36.12514184340925,7326,4,126.4760778037313,NW_like
bcebcc5f,gr_viterbi,13.1528544477243,6258,4,0.0,SE_like
be83e781,gr_viterbi,30.985821807472625,3221,4,355.0246775269168,SE_like
beda8696,gr_viterbi,28.186154037366123,5912,4,529.7831844254086,NW_like
bf39bc20,gr_viterbi,28.836966459786055,3303,4,880.6201047840407,SE_like
bf70b410,gr_viterbi,39.42193487578573,6347,4,533.0159034544221,NW_like
c03d4aed,gr_viterbi,12.008879796366248,4641,4,667.7715546324317,SE_like
c2717d4f,gr_viterbi,54.928229664599435,4721,4,192.17821983110014,SE_like
c42fe306,gr_viterbi,16.494851315546146,5095,4,352.3197588077003,NW_like
c59b6c4a,gr_viterbi,19.16414480953256,5499,4,537.0310497999673,NW_like
c6b782a4,gr_viterbi,16.594219091710382,4877,4,1049.950586656657,NW_like
cad13e8f,gr_viterbi,12.338372250145788,4848,4,332.1736512591003,SE_like
cdc31d65,gr_viterbi,24.50082252741392,4840,4,250.07771212169854,SE_like
d41beaf2,gr_viterbi,11.042553849859178,4753,4,344.9417356597896,NW_like
d543916f,gr_viterbi,6.800117315938224,4799,4,390.6822648905595,SE_like
d5df0ff5,gr_viterbi,15.258125077900438,4032,4,1391.1330553901325,NW_like
d6dd7330,gr_viterbi,40.85152973596296,6193,4,164.80081315329673,NW_like
d7eb0be8,gr_viterbi,29.35232153733565,5401,4,1904.8903256881433,NW_like
ddc790ff,gr_viterbi,21.278626446673787,4726,4,400.6493705222138,SE_like
e0f36d98,gr_viterbi,23.04686385297449,4976,4,550.0687923091941,SE_like
e161bd0c,gr_viterbi,31.10698600867535,2949,4,785.0390350166706,SE_like
e32da4ec,gr_viterbi,11.76499530022656,4689,4,159.85594546348446,NW_like
e45a2a62,gr_viterbi,103.47420170173936,5007,4,698.67782810435,NW_like
e5ff9fd2,gr_viterbi,18.12266141526562,2354,4,929.1460553112853,NW_like
e730c32b,gr_viterbi,30.80223022958169,4728,4,1052.8736393791803,SE_like
e737965a,gr_viterbi,41.09004227400765,5955,4,336.32248348877357,NW_like
e85074c5,gr_viterbi,29.6663355253479,5675,4,365.16637988732225,SE_like
ea3a0e38,gr_viterbi,32.48607307530342,10052,4,850.3235914072636,SE_like
ebe69318,gr_viterbi,32.37013317506391,4976,4,350.87318434085705,SE_like
ec0d597b,gr_viterbi,36.72216524577403,4616,4,875.6966876720753,SE_like
ee4aecac,gr_viterbi,29.228996474558176,5265,4,182.5323448052078,SE_like
ef04658e,gr_viterbi,50.93550194741894,4104,4,379.53979106289006,NW_like
efde6ac3,gr_viterbi,16.167215862290455,4559,4,0.0,SE_like
efe96181,gr_viterbi,44.07291641429191,4012,4,1195.6900104125007,SE_like
f053a1b9,gr_viterbi,16.712995478736982,4108,4,376.2110350587982,NW_like
f08774c3,gr_viterbi,33.71845128192115,3900,4,857.4557306356955,NW_like
f140c2fa,gr_viterbi,35.248528985537526,4082,4,398.16550812055016,NW_like
f16e25e3,gr_viterbi,15.94429627721227,4651,4,2450.179603294586,NW_like
f56d3ace,gr_viterbi,13.03016015904076,5432,4,566.7051491738077,NW_like
f5d8aab6,gr_viterbi,32.31289683635122,4444,4,178.0804495164132,NW_like
f631da6e,gr_viterbi,41.13497171902754,4093,4,1020.3415881461456,NW_like
f6824bb0,gr_viterbi,36.14756554904011,5015,4,344.65433629853044,NW_like
f8afa78a,gr_viterbi,27.182126791867905,6032,4,637.5360978798466,SE_like
f9fc81aa,gr_viterbi,52.59759858127567,5598,4,338.6463679120992,SE_like
fb0904bd,gr_viterbi,35.06500515105239,3181,4,1556.9900775951319,NW_like
fd8f77fa,gr_viterbi,16.932461898032404,5272,4,376.45635138718666,NW_like
fde20ecf,gr_viterbi,9.025826259977782,4667,4,341.9568723370833,NW_like
ffefef30,gr_viterbi,49.45197495317764,4570,4,159.60785225051993,SE_like
00bbac68,neighbor_xy,535.032047804088,6014,0,353.63060529297024,NW_like
00e12e8b,neighbor_xy,9.425359408667378,4301,0,2283.3801725389208,NW_like
01982c1d,neighbor_xy,30.710938513080492,3941,0,252.93397113869707,NW_like
028d7b28,neighbor_xy,21.09230980837802,6234,0,726.2462778333141,SE_like
044af7d1,neighbor_xy,11.168348910793274,4519,0,890.5602212087745,NW_like
0a57a29c,neighbor_xy,6.240925337482109,5821,0,336.40590717983764,NW_like
0d99f8e4,neighbor_xy,16.488614738308325,5823,0,332.6649139900157,SE_like
0dc835f3,neighbor_xy,18.264388135416695,4428,0,202.24758478600307,NW_like
0dd99dc5,neighbor_xy,13.284923975163531,7342,0,299.7824512876945,NW_like
0e5e560d,neighbor_xy,785.3355535591278,3253,0,1896.617745618988,SE_like
14a53cb3,neighbor_xy,425.5521329214308,6919,0,489.427959125706,NW_like
14ab73fb,neighbor_xy,15.087890758046552,3649,0,1632.0408373801974,SE_like
14ad5efb,neighbor_xy,14.381071212159359,5842,0,357.9973048198511,SE_like
155887bb,neighbor_xy,14.49315174186467,5585,0,58.6071002521971,NW_like
198a5607,neighbor_xy,22.627504887362765,6251,0,390.30713448993475,NW_like
1a518997,neighbor_xy,32.41403187002796,4606,0,362.13450156552693,SE_like
1aaf1da0,neighbor_xy,12.858156330573879,4804,0,373.18377542677314,NW_like
1b08ed48,neighbor_xy,11.08134256584477,5618,0,165.39661517978593,NW_like
1d78281a,neighbor_xy,5.328947607411603,4949,0,321.81285191718183,SE_like
2043abc5,neighbor_xy,40.668375649487096,6958,0,1422.9786316385316,NW_like
230eaaa3,neighbor_xy,28.387831591230068,4690,0,507.198973579576,SE_like
25050f63,neighbor_xy,39.18943460800982,6124,0,527.4159635500276,NW_like
25fd32b3,neighbor_xy,14.944717765488353,2885,0,1012.0285475219785,SE_like
27300fd5,neighbor_xy,22.045508976491316,5467,0,46.9724727900327,NW_like
28f4eda9,neighbor_xy,28.09075300953999,5266,0,537.6978809395898,NW_like
2b547943,neighbor_xy,180.7171070342473,3480,0,453.87296592772327,SE_like
2bff06cf,neighbor_xy,596.8101805776759,7624,0,1924.9197391321197,NW_like
2d196986,neighbor_xy,393.68268975426923,6474,0,819.386649304128,NW_like
2e29e833,neighbor_xy,18.935695991010185,5428,0,1385.2324580733548,SE_like
2f8e53c3,neighbor_xy,3.2880301534348413,2594,0,1.516789190979803,NW_like
33c40295,neighbor_xy,9.589408796677354,4169,0,776.4682675425402,NW_like
347242c8,neighbor_xy,7.8338508156737205,3595,0,1003.8383567533018,SE_like
37344c2a,neighbor_xy,14.2187212938392,5197,0,335.38883836527555,SE_like
373ef48b,neighbor_xy,5.5824503333337026,3509,0,352.8949172205331,SE_like
37d36812,neighbor_xy,8.368262949957158,4367,0,297.81613169230116,NW_like
3a86fe8d,neighbor_xy,108.01851218860494,5118,0,314.9548108856752,SE_like
3aaa2b30,neighbor_xy,12.366910972798891,4711,0,390.9621063867555,SE_like
3bbe1f5d,neighbor_xy,8.751034860126593,6918,0,701.7153235463395,SE_like
3c3dbcbc,neighbor_xy,9.547016302496514,5069,0,356.5374691391497,NW_like
4121c517,neighbor_xy,14.724447628257455,3723,0,167.55844950341768,NW_like
42669188,neighbor_xy,22.523785310847497,4282,0,2636.300117109524,NW_like
43e16325,neighbor_xy,45.58432858420965,3720,0,2755.4173633464643,SE_like
44441e54,neighbor_xy,9.065162383765653,4357,0,52.54517304309415,NW_like
4463446c,neighbor_xy,34.50433579563302,3256,0,2464.4666150326516,SE_like
463c38f2,neighbor_xy,17.9373166114589,4460,0,877.5307657638859,NW_like
46a7190b,neighbor_xy,13.718131306490948,4215,0,878.4241989497532,SE_like
46dfcfca,neighbor_xy,31.7139077449265,3606,0,1232.147965643555,SE_like
47222616,neighbor_xy,16.43262835621833,4406,0,355.1655846223129,NW_like
4936af16,neighbor_xy,47.592967168190754,3991,0,317.662338783178,SE_like
493b5b31,neighbor_xy,28.827682548136764,4671,0,187.83217243082925,SE_like
4c3df468,neighbor_xy,23.89516854480898,5392,0,529.4321407886375,SE_like
4ddde4c1,neighbor_xy,14.106230765947382,4472,0,166.72394669002952,NW_like
504c8b08,neighbor_xy,26.278853962012814,6367,0,391.857680797619,NW_like
516088b7,neighbor_xy,22.619902384129965,6645,0,341.392593196462,NW_like
53134831,neighbor_xy,19.953621555199305,5126,0,329.27781173323444,NW_like
543198e8,neighbor_xy,20.828863142581557,6503,0,1132.1443484148547,NW_like
55efee7f,neighbor_xy,18.743359751774317,4801,0,449.8700990287463,NW_like
5663b2b7,neighbor_xy,3.5968372934687998,4972,0,0.0,NW_like
5693dde2,neighbor_xy,7.018796875226012,3488,0,1444.3186048096422,SE_like
5a5d1982,neighbor_xy,14.281445485097372,3894,0,336.249536654112,SE_like
5aef5c6c,neighbor_xy,252.67108256416236,3121,0,2357.0426288252693,SE_like
5fb1c15f,neighbor_xy,19.000640428109783,2860,0,729.6041162850158,NW_like
633774dc,neighbor_xy,13.95488114191262,6233,0,788.860868676361,NW_like
660d9546,neighbor_xy,18.031366817488816,4732,0,367.35007077679086,NW_like
684a6fc1,neighbor_xy,11.611426624856074,9818,0,0.0,SE_like
69c1bdad,neighbor_xy,15.287305424701447,2714,0,505.59047508818566,NW_like
69e41fa6,neighbor_xy,15.832299361321992,5772,0,193.96715114776225,SE_like
6ea22614,neighbor_xy,7.575683897443267,5971,0,371.7462151790851,SE_like
7256229b,neighbor_xy,65.00774069471014,5415,0,711.1376708129145,SE_like
75c20ec7,neighbor_xy,194.7077155603062,5361,0,929.9304515929757,NW_like
764072a5,neighbor_xy,4.319099433160745,2949,0,322.71143485561925,NW_like
77b0d905,neighbor_xy,22.265107069148264,4174,0,468.69032014748063,NW_like
7987f2f2,neighbor_xy,9.729876843031938,3705,0,267.85384651482536,SE_like
7bb17b96,neighbor_xy,13.464460716892294,3922,0,544.6597765577343,SE_like
7c607683,neighbor_xy,10.859810965226831,5328,0,357.2619323703998,NW_like
7ff89f8f,neighbor_xy,16.250016327352558,7337,0,505.4067409035865,NW_like
833af382,neighbor_xy,22.960227727022108,3628,0,347.5899807502574,NW_like
85380836,neighbor_xy,261.34816913245277,6618,0,331.20214144842294,NW_like
8648abae,neighbor_xy,129.61448545339988,4244,0,479.84882827824754,SE_like
865033f8,neighbor_xy,16.65404193725661,3557,0,291.1783111771956,NW_like
8b5be31b,neighbor_xy,10.030216376034604,5672,0,370.99952088921975,NW_like
8b95d6d1,neighbor_xy,1.264362958768703,1731,0,0.0,SE_like
8bb9c1e6,neighbor_xy,9.211435436827804,4546,0,330.6156408681994,NW_like
8c8348e8,neighbor_xy,8.335223368999252,3888,0,1055.7720376025272,SE_like
9283ae69,neighbor_xy,8.715694378984857,3371,0,435.84089234837165,NW_like
9298ad5b,neighbor_xy,391.2282848849843,3964,0,721.769574864293,NW_like
944f36b9,neighbor_xy,10.82431668841246,4630,0,69.37616168387635,SE_like
9719aa04,neighbor_xy,27.064911636200534,4871,0,176.2466267860995,NW_like
97cd5bf9,neighbor_xy,10.046772348308165,3449,0,1026.3814050084814,NW_like
9896fc0b,neighbor_xy,16.19570912004892,3595,0,564.067419184855,SE_like
992c99e8,neighbor_xy,9.62876271444509,4904,0,330.5574402429762,SE_like
9ab94eeb,neighbor_xy,9.486591567220517,4442,0,738.5652690199947,NW_like
9b5b61c1,neighbor_xy,9.93166093273726,5532,0,374.0386435919235,SE_like
9d4272e3,neighbor_xy,684.9356000590307,4030,0,1561.7743603028186,NW_like
9dede370,neighbor_xy,50.281484506752705,6297,0,189.40235954153897,NW_like
9dfff011,neighbor_xy,11.36139552635805,4319,0,1688.6034252478223,NW_like
a0b83014,neighbor_xy,12.578021175967155,5035,0,390.68079228365406,NW_like
a3518960,neighbor_xy,10.535174368191436,4967,0,604.2123513153024,SE_like
a4719920,neighbor_xy,12.024324877769535,5884,0,1080.5094533039737,SE_like
a48640d9,neighbor_xy,9.750980418944149,4532,0,748.9941722737178,SE_like
a645da9a,neighbor_xy,17.02941326088749,5153,0,623.6740462773744,SE_like
a692b17e,neighbor_xy,9.881094679575776,3566,0,329.00206647461516,NW_like
a6b8ac67,neighbor_xy,22.37086433477162,5453,0,681.1976182394292,NW_like
a85e4bc3,neighbor_xy,22.50387902045024,4581,0,1171.1992196464034,SE_like
a959858c,neighbor_xy,219.8314417343426,4404,0,248.4930622775124,SE_like
ab112491,neighbor_xy,277.781819434588,5185,0,1409.9402103792704,NW_like
ab18d3fc,neighbor_xy,18.07880594807835,5694,0,699.0627622722183,SE_like
ae35f33a,neighbor_xy,6.9429513824357745,4450,0,158.95542331105435,SE_like
aff4e561,neighbor_xy,10.54237277358972,6026,0,512.4125925463032,NW_like
b19b0395,neighbor_xy,17.958606649251305,5813,0,346.1100518042865,SE_like
b38e3116,neighbor_xy,6.836184425628698,6211,0,165.82653162905146,NW_like
b7974e66,neighbor_xy,8.690556234685076,5558,0,369.278466460025,NW_like
b8c49c1a,neighbor_xy,14.748784483961373,4319,0,511.7373937866445,SE_like
b95e7121,neighbor_xy,11.039196407276497,6306,0,331.68348692276936,SE_like
ba48188d,neighbor_xy,61.98045806792,4166,0,481.40687341353896,NW_like
bd4ae5da,neighbor_xy,52.98441146365805,5006,0,303.8359486630581,SE_like
bd8f847e,neighbor_xy,14.026739442802878,4961,0,547.2634318035787,SE_like
c07fd0cd,neighbor_xy,13.990075227374524,4191,0,192.19595643933286,SE_like
c3957531,neighbor_xy,15.92852908014095,5316,0,491.5940761440804,NW_like
c472c0b5,neighbor_xy,10.425065430358014,3054,0,171.82372391480874,NW_like
c50b42f6,neighbor_xy,10.025017793876362,6014,0,400.50508473670595,SE_like
c593337f,neighbor_xy,38.15417845081431,5208,0,1467.3801277444802,NW_like
c84c65be,neighbor_xy,12.89177204789364,8496,0,470.5362919049343,NW_like
c9578d27,neighbor_xy,12.517958433639887,4487,0,673.645467543718,NW_like
c96c018a,neighbor_xy,42.7374243725345,6236,0,380.906536016652,SE_like
c99f9fae,neighbor_xy,17.28996447825615,6361,0,1592.65399899012,SE_like
c9fedcf3,neighbor_xy,16.220974989384754,3517,0,1178.895696387775,SE_like
cbe51de1,neighbor_xy,11.165903294642767,3963,0,324.06363994945195,SE_like
cc08aa63,neighbor_xy,11.58237491643875,3274,0,515.1613651081468,NW_like
cda7eb37,neighbor_xy,13.717840045349705,5973,0,220.16005938282035,NW_like
ce8399b7,neighbor_xy,2.6310824150761016,1615,0,0.031622776852017344,SE_like
d3df146b,neighbor_xy,12.974404631594231,5787,0,378.2860458702564,SE_like
d40f61d5,neighbor_xy,12.035749114479882,4039,0,353.99582298847713,SE_like
d50c649a,neighbor_xy,30.486206876079997,4873,0,377.0409284330357,NW_like
d7ba4f9d,neighbor_xy,12.947688057469788,6023,0,548.7438256388855,SE_like
d84b621b,neighbor_xy,26.61129365960715,3994,0,692.8433506367863,NW_like
da2d4d7c,neighbor_xy,4.465130146815893,2114,0,370.32103801984994,SE_like
dd7d638e,neighbor_xy,7.3229173181272404,4301,0,366.03295981960093,NW_like
e46f4ef4,neighbor_xy,10.708889543766805,7195,0,395.4989444691412,SE_like
ea41324e,neighbor_xy,17.610653636856835,5025,0,376.8079117079957,NW_like
eabc711b,neighbor_xy,26.11356787656198,5348,0,491.7218143802355,NW_like
eba6605e,neighbor_xy,33.19291564718414,4410,0,1905.8986097032973,SE_like
ee0300f7,neighbor_xy,21.712960905938072,4544,0,522.6840821970901,SE_like
eeda36f5,neighbor_xy,20.600047234665233,4797,0,667.7710288033161,SE_like
eeed308d,neighbor_xy,19.36865128309868,3899,0,419.5648243121167,SE_like
f021b650,neighbor_xy,20.59387899074785,3739,0,1821.2216195728108,NW_like
f4d12d23,neighbor_xy,14.943150481468432,3701,0,326.3745046719839,NW_like
f6bc699b,neighbor_xy,15.048590631152344,3752,0,792.8254645886047,SE_like
fb03ae90,neighbor_xy,22.514280441936265,6431,0,390.7577548947262,SE_like
fb3848a1,neighbor_xy,5.732665328230414,5919,0,357.94729500333796,NW_like
fb73b13a,neighbor_xy,24.416062190131182,5640,0,235.014632154616,NW_like
fc0d20b2,neighbor_xy,17.296362736058914,3954,0,349.45081399246055,NW_like
fd3b4faa,neighbor_xy,10.241050008508301,5022,0,493.2024356183112,SE_like
fef8af96,neighbor_xy,43.52373423343911,3826,0,873.3795783147343,SE_like
ff8bb73a,neighbor_xy,402.4670891394985,5927,0,249.92891697555507,NW_like
015fe0d2,neighbor_xy,23.679798715894766,4296,1,1030.5972525675907,SE_like
02e7fe5a,neighbor_xy,6.594162425448181,5108,1,291.90977852724956,SE_like
0849b4e2,neighbor_xy,13.888579074924102,5537,1,190.9022330933709,SE_like
09053135,neighbor_xy,20.114055685258993,5907,1,813.6775194756696,SE_like
0955cd6c,neighbor_xy,13.942282372259495,5195,1,317.90936754144786,NW_like
0be01c24,neighbor_xy,14.201703732980818,4738,1,179.49315453101292,NW_like
10a1281a,neighbor_xy,6.880210925229528,5609,1,340.87715942500586,NW_like
1131525f,neighbor_xy,21.5420178411884,4159,1,719.4073188395414,SE_like
11d0f5ac,neighbor_xy,52.126105726380814,4883,1,1160.747946714508,NW_like
12203f2a,neighbor_xy,34.32813269557917,3261,1,248.43893917827313,NW_like
122bd617,neighbor_xy,134.63520116421012,4570,1,392.96220785227615,NW_like
13ce113d,neighbor_xy,3.4319995464333743,2966,1,4145.352971822648,NW_like
13f598d9,neighbor_xy,13.043291018896177,7306,1,311.237708936873,NW_like
19871e7f,neighbor_xy,10.962504721442128,5293,1,348.62034518628263,NW_like
19fb4f7b,neighbor_xy,11.128133155507149,5620,1,272.6096802047049,NW_like
1b1eba53,neighbor_xy,307.7723552353009,4655,1,1219.4399881658474,SE_like
1fdbba44,neighbor_xy,10.5149631732363,4911,1,322.59718146555895,NW_like
201661b5,neighbor_xy,404.2601152475972,5955,1,1973.5813292851453,SE_like
204cc64b,neighbor_xy,17.50551368826701,4805,1,170.8411557557933,NW_like
206b6193,neighbor_xy,614.0922757510416,6535,1,1767.5586644390582,NW_like
24d8997e,neighbor_xy,7.694716820803135,3442,1,686.3913868924343,NW_like
25939962,neighbor_xy,24.17200001570432,4319,1,310.0154361276239,NW_like
264feceb,neighbor_xy,15.233906980008921,5665,1,327.2847312355212,NW_like
2ab29395,neighbor_xy,5.663989385224825,1852,1,370.5205592745193,SE_like
2ac7cb6b,neighbor_xy,12.756526471388248,4990,1,946.8151095648478,NW_like
2f19d536,neighbor_xy,38.10370273407343,3088,1,1871.053514876392,NW_like
2fe023be,neighbor_xy,25.92982857963748,4221,1,392.45850300421205,NW_like
30d75030,neighbor_xy,14.62285731288378,3404,1,446.7302735430055,NW_like
353e5502,neighbor_xy,137.17191280282083,6062,1,1133.234722817905,NW_like
367456ce,neighbor_xy,15.783488670225916,5569,1,337.3686941122909,SE_like
368131f9,neighbor_xy,19.229026330954692,4991,1,663.822989207324,NW_like
368fe682,neighbor_xy,13.547552511500749,4936,1,690.0043346242984,NW_like
3ac16ad0,neighbor_xy,24.269539918530526,5649,1,532.0396470190067,SE_like
3b21ea64,neighbor_xy,20.211395470715225,7376,1,127.51514301345946,NW_like
3e011332,neighbor_xy,11.533920721621271,2723,1,356.7979288056891,NW_like
3e678ea7,neighbor_xy,11.43873911706267,6858,1,396.0313616018213,SE_like
3ef6372a,neighbor_xy,29.778053214173507,4727,1,508.8390814782524,SE_like
42c538a1,neighbor_xy,21.96076316684169,3279,1,2533.025221040766,NW_like
43c7f85a,neighbor_xy,22.389013752507324,5978,1,636.6553467541719,SE_like
4654e7de,neighbor_xy,17.988559459202822,5373,1,1090.7031691602292,SE_like
4a335117,neighbor_xy,40.05601830172897,5015,1,296.465648094143,SE_like
4cd1ac61,neighbor_xy,27.272792395354507,4489,1,376.31551984677526,NW_like
4f4afcc6,neighbor_xy,12.53591445885614,5645,1,352.32520851229077,SE_like
521a7819,neighbor_xy,12.657471197493773,5200,1,344.49447673369707,NW_like
5254b6db,neighbor_xy,27.788488323270585,3274,1,391.54566674838475,NW_like
5542c301,neighbor_xy,19.417279502413194,3591,1,377.4094172434859,NW_like
58850d2c,neighbor_xy,13.196027202681613,4995,1,881.8511655037217,NW_like
58fa8486,neighbor_xy,8.635810951688072,4475,1,377.489458925663,NW_like
5aa403d0,neighbor_xy,37.14560936515923,3118,1,365.64510238746044,NW_like
5d11dfb5,neighbor_xy,26.662138203916424,5895,1,197.8600830167291,NW_like
5f6756c5,neighbor_xy,404.49132065349943,5931,1,511.6395259363543,NW_like
62a6f539,neighbor_xy,10.048456830800792,3693,1,318.3892677718098,NW_like
65156b96,neighbor_xy,687.2780152889909,3221,1,1075.5918626652383,SE_like
67a8da4a,neighbor_xy,29.343459258537028,4911,1,361.42538133653943,NW_like
6d1d74e1,neighbor_xy,25.275670252541776,5830,1,530.3609626083758,SE_like
708caea9,neighbor_xy,18.012190463665274,6548,1,337.80574447453216,NW_like
70925e23,neighbor_xy,30.892443995494524,5947,1,4077.6993026092123,NW_like
726f3dc2,neighbor_xy,12.572731130938578,6723,1,191.09828924281422,NW_like
729665c0,neighbor_xy,12.542823534371946,4263,1,406.33181625363187,SE_like
72dd8501,neighbor_xy,7.22791976129209,5193,1,181.15612989927078,NW_like
739a914f,neighbor_xy,28.130257827318506,5505,1,335.31906800116246,NW_like
76201745,neighbor_xy,10.981089066495995,4448,1,69.07906685329742,SE_like
78a4a386,neighbor_xy,2.349414190907761,5119,1,0.0,NW_like
7b38844c,neighbor_xy,10.887779616248832,3749,1,109.6607701045472,NW_like
807f0298,neighbor_xy,17.789066500791254,3747,1,485.22485849332475,NW_like
81bf5923,neighbor_xy,21.33540854639828,4543,1,580.011196656863,NW_like
82fcf37c,neighbor_xy,11.202590553516957,6014,1,509.8295814286621,NW_like
8382f4b6,neighbor_xy,47.33316728618795,4967,1,309.70315450338126,SE_like
8478df29,neighbor_xy,19.80445294886607,4857,1,255.47427758434594,NW_like
84815d5a,neighbor_xy,24.811175887291146,3647,1,175.0037371032734,NW_like
84c3b497,neighbor_xy,39.67240720654221,5312,1,825.4868038312081,SE_like
86454a6f,neighbor_xy,75.71677107376013,7964,1,654.1287787100882,SE_like
87695469,neighbor_xy,11.169563874358245,7003,1,460.17245832401926,NW_like
8902c3f6,neighbor_xy,23.148367368280528,4959,1,1594.8200092737902,SE_like
896d15b9,neighbor_xy,593.7321828690579,4279,1,1375.415277214291,NW_like
89f36adf,neighbor_xy,13.59801847072983,5292,1,328.9512355959778,NW_like
8ac2f237,neighbor_xy,5.827271659967531,5319,1,494.9595217795423,SE_like
8b12bab6,neighbor_xy,23.026924711806448,5234,1,489.6240719641075,NW_like
8bfa881d,neighbor_xy,27.994617376021093,4089,1,608.6514185154377,NW_like
8d5d46d7,neighbor_xy,8.291980479576283,5755,1,351.1064826955047,NW_like
8f201368,neighbor_xy,13.534617365811311,6349,1,369.92926300683894,NW_like
91db7070,neighbor_xy,43.10753553547563,4073,1,362.7372740706411,SE_like
939d9c34,neighbor_xy,53.048122609519844,5101,1,631.7189528582475,NW_like
992ce078,neighbor_xy,23.486195268172192,2879,1,414.2852826252939,NW_like
99529c45,neighbor_xy,44.161050683833224,5840,1,875.2780059498349,NW_like
999daf80,neighbor_xy,9.684197796041905,3564,1,357.6432557382536,NW_like
9c350a6a,neighbor_xy,219.00863623599835,6052,1,1275.966566325214,SE_like
9d5e14d4,neighbor_xy,23.49314275288412,5400,1,565.4150482609667,NW_like
9e3e364d,neighbor_xy,15.271787125436962,4290,1,573.2569045375237,SE_like
a08d9e63,neighbor_xy,27.50632230038198,3685,1,869.8107532677803,SE_like
a2e8e7f6,neighbor_xy,15.859106526910633,4760,1,103.5890462353991,SE_like
a4cdbb0f,neighbor_xy,14.657118643226491,5204,1,641.2257769304425,NW_like
a5aa7973,neighbor_xy,40.5519531271479,4616,1,164.28394930727703,NW_like
a622ce4d,neighbor_xy,10.99427022203624,6298,1,338.3995273343961,SE_like
a76db406,neighbor_xy,10.24503810321472,4672,1,1033.0354015714504,SE_like
a7744f5b,neighbor_xy,11.66757279878045,4377,1,336.983258762183,SE_like
a7fc3e6b,neighbor_xy,12.55904577977188,4764,1,2632.095700488149,SE_like
a9c9b150,neighbor_xy,3.116102301343214,3986,1,338.9776998564047,NW_like
aaaf3c03,neighbor_xy,19.140001379819562,2997,1,852.0935737534375,NW_like
ab94878e,neighbor_xy,12.161167070926759,6004,1,320.07059543965613,NW_like
ae0784a8,neighbor_xy,9.278489836961468,7823,1,659.9911250919915,SE_like
aee6393a,neighbor_xy,11.650998236836731,5865,1,397.17154890644895,SE_like
b04b58a3,neighbor_xy,122.84076686291169,3402,1,2467.959939648059,SE_like
b3388334,neighbor_xy,32.32093834895024,6080,1,420.6440028838779,SE_like
b37fd114,neighbor_xy,12.333098713824771,8161,1,1593.534416446716,SE_like
b4d8dd4f,neighbor_xy,19.388596123907814,4259,1,895.6767154939789,NW_like
b4f37e6e,neighbor_xy,621.0562240433865,2992,1,789.8450291038855,SE_like
b7cdcecb,neighbor_xy,21.320801461661503,6168,1,621.9106719270856,SE_like
b7fea9ef,neighbor_xy,34.93391358834564,3866,1,17.39148817304338,SE_like
bb2cdd83,neighbor_xy,8.889552562315878,3825,1,333.3173412827803,NW_like
bc4381e2,neighbor_xy,23.66736106781179,4955,1,651.9185956083635,NW_like
bd2c2f34,neighbor_xy,8.782412496337445,9823,1,366.6273663881178,NW_like
bd6f0e19,neighbor_xy,9.223419944191887,5140,1,340.6283491026744,NW_like
be35c8f2,neighbor_xy,9.117229821293556,4226,1,921.5309890699343,NW_like
bffe3082,neighbor_xy,492.9834488530347,5723,1,1246.7394937250178,SE_like
c1d046f4,neighbor_xy,19.261534755474013,5513,1,380.86108714320045,SE_like
c43812e2,neighbor_xy,7.311527024122145,5527,1,1039.4036395962112,NW_like
c9e6734f,neighbor_xy,12.226145277103958,4735,1,600.7136979922742,SE_like
c9e980e8,neighbor_xy,18.950152594689687,4359,1,289.9556134996529,NW_like
cd7f1687,neighbor_xy,11.440683566872568,4232,1,637.3701776834791,NW_like
ce55ba43,neighbor_xy,16.583028371522243,4104,1,369.8725895493589,NW_like
cf50c9d1,neighbor_xy,22.43817548263045,4858,1,345.27357573374996,NW_like
d00e7eb9,neighbor_xy,153.37645831088392,5704,1,3537.3432260408918,SE_like
d07aed8f,neighbor_xy,26.628877426482056,2957,1,2043.377741339243,SE_like
d085e611,neighbor_xy,18.76861889757164,6191,1,0.0,SE_like
d0a0e7b5,neighbor_xy,23.01365607260378,3816,1,316.8331190518554,NW_like
d0a43760,neighbor_xy,4.441421497625927,4041,1,1119.9575157119873,SE_like
d24ff243,neighbor_xy,16.78033555613627,5641,1,691.0789253046081,SE_like
d6c320d9,neighbor_xy,9.692879840762508,5452,1,1047.2839780117845,SE_like
d90aa14c,neighbor_xy,27.30588106994693,10018,1,5775.716659294537,NW_like
d9eca87b,neighbor_xy,25.782482387051363,6373,1,529.7045949394264,NW_like
da3bfe4e,neighbor_xy,27.932478430906183,5549,1,864.6750364154541,SE_like
da3cf798,neighbor_xy,361.87694976776316,5844,1,370.78992610350235,NW_like
dbee6c86,neighbor_xy,19.166359945633552,7369,1,333.1933534910567,NW_like
dc5fbe29,neighbor_xy,138.91218939522358,5203,1,476.4647435953716,SE_like
dc7da28f,neighbor_xy,11.455102055970181,4774,1,1752.8556967410195,SE_like
dc7f9757,neighbor_xy,17.420238826057933,4360,1,820.1713647302013,SE_like
dd6bc5b2,neighbor_xy,10.054935262151094,3602,1,618.1807336049075,SE_like
df73b8f3,neighbor_xy,9.927184029122982,5311,1,510.4304030292293,SE_like
df8290be,neighbor_xy,10.098598340567365,3972,1,328.0433251875524,NW_like
e149204f,neighbor_xy,10.335471532228723,6097,1,1172.2377627856406,SE_like
e25f1537,neighbor_xy,13.298184031231141,3177,1,4118.297787544891,NW_like
e6c55748,neighbor_xy,7.129417389078307,4472,1,696.0798578464285,SE_like
e7d0c1de,neighbor_xy,14.345604737014812,4711,1,172.52700947970646,NW_like
e97032ad,neighbor_xy,17.181976608765236,3530,1,19.319795547932152,NW_like
eb934281,neighbor_xy,7.566576663909847,5971,1,171.98425597170865,NW_like
ed6436d6,neighbor_xy,18.564918021070024,2945,1,268.2908306296682,NW_like
ed6e6e54,neighbor_xy,12.39042828338208,6048,1,180.2635476185307,NW_like
edf885a3,neighbor_xy,16.91254308146656,3117,1,707.5188128944794,NW_like
f88ddb26,neighbor_xy,44.4360411357002,4990,1,594.5677396225054,NW_like
fa667be2,neighbor_xy,5.220957380633739,7296,1,265.2577259914125,NW_like
fae0c593,neighbor_xy,12.706668481935841,4403,1,204.4068866253356,NW_like
fbd68d27,neighbor_xy,41.166987173067284,6829,1,370.0710214268154,SE_like
fc03f21f,neighbor_xy,12.03616798601777,4803,1,354.8906432363755,NW_like
fcfcc902,neighbor_xy,516.8326560543888,2791,1,2086.4662226121304,SE_like
000d7d20,neighbor_xy,33.84982184050726,3836,2,292.65364820652445,NW_like
0390d174,neighbor_xy,5.604319408008322,4411,2,452.33228892031366,SE_like
0498acab,neighbor_xy,137.3086171965913,4798,2,1559.6123274711217,SE_like
052d64df,neighbor_xy,16.2609907953427,2445,2,942.6381286067667,NW_like
071d7b45,neighbor_xy,38.67476162990761,3211,2,4410.854133928914,NW_like
084d66f9,neighbor_xy,44.885368744857104,3885,2,876.2949284343175,SE_like
09ec2ca9,neighbor_xy,13.180168377450407,5885,2,827.3460694499482,SE_like
0dc5e64d,neighbor_xy,15.814088151043935,4879,2,220.83370119609776,SE_like
10b89021,neighbor_xy,53.31691798582854,5414,2,277.27351600479824,NW_like
10be2420,neighbor_xy,5.160576033887133,3271,2,364.4968883055751,NW_like
113011eb,neighbor_xy,6.5701162707929806,3272,2,509.7550683788129,SE_like
125be846,neighbor_xy,22.321568889660202,6510,2,341.38289968904667,NW_like
1285a37b,neighbor_xy,20.908687201420516,5597,2,48.116541853994335,NW_like
1295a25b,neighbor_xy,18.667104455546813,5551,2,720.3684672071892,SE_like
1550491d,neighbor_xy,27.011575074628226,4563,2,185.33207223778865,SE_like
16e4a047,neighbor_xy,11.252332768710959,4131,2,665.1679890148864,NW_like
173ed841,neighbor_xy,15.726665412506389,4883,2,172.3122375822063,NW_like
18d24f7b,neighbor_xy,12.625111354584654,4558,2,339.1228037158679,NW_like
19137a89,neighbor_xy,10.137437450188713,6267,2,347.4575281966801,NW_like
197f8a5a,neighbor_xy,26.55468204423978,6310,2,739.720645076344,NW_like
1a730ac2,neighbor_xy,153.85782491912389,4605,2,260.0207007122773,SE_like
1b1c5372,neighbor_xy,20.49177837606745,4261,2,320.1942736839796,SE_like
1b6ba517,neighbor_xy,282.1233934303048,6597,2,506.0848846012436,NW_like
1beca81d,neighbor_xy,109.16387428371159,5036,2,1189.5161827313136,SE_like
1e30dedf,neighbor_xy,32.729610804712145,4071,2,351.5901036719124,NW_like
20096916,neighbor_xy,6.6497141711772345,5133,2,358.63001548685634,NW_like
22c5f93f,neighbor_xy,10.484286162722256,5172,2,713.9365686105826,NW_like
2364716c,neighbor_xy,17.86977607224287,4316,2,696.9655837988659,SE_like
27c3155b,neighbor_xy,6.906424605903682,4958,2,174.4585787517997,SE_like
27ebb9b9,neighbor_xy,23.40982925631736,5766,2,186.9045489973156,NW_like
283269ac,neighbor_xy,12.514851048379764,2626,2,504.9482093981054,NW_like
28473855,neighbor_xy,13.43908523776717,4290,2,2500.6377524545296,NW_like
2b034622,neighbor_xy,14.45725251885698,5203,2,558.0368644632802,NW_like
2b06ad65,neighbor_xy,13.651369502204432,4256,2,181.6491870008684,NW_like
2cee0cba,neighbor_xy,13.74129222784086,5500,2,329.5268762176911,SE_like
2d2d0c6b,neighbor_xy,4.805408806832881,5045,2,710.341247384483,SE_like
2ddad940,neighbor_xy,15.557568246090415,5331,2,182.50315331363117,SE_like
2e63d9de,neighbor_xy,208.3581200415457,4699,2,551.913789928964,SE_like
2fd68f7b,neighbor_xy,42.94845397185944,4730,2,254.04539403251343,SE_like
3584a6eb,neighbor_xy,13.858062936629418,4494,2,354.66049977427406,NW_like
3690a146,neighbor_xy,5.981030934014069,4073,2,678.8225947920588,SE_like
374be387,neighbor_xy,14.485254938980459,9965,2,368.2030610176797,NW_like
39b51819,neighbor_xy,10.73565192874296,4231,2,748.9712518870684,NW_like
3a0af893,neighbor_xy,39.78552462458156,2927,2,470.01981984650104,NW_like
3d96d897,neighbor_xy,10.070698974778766,5659,2,338.75823367404587,SE_like
3f603129,neighbor_xy,43.9985725050118,5051,2,756.0487137746276,SE_like
45fb3e21,neighbor_xy,28.556978965867,3649,2,500.49539238654637,NW_like
46d24a09,neighbor_xy,14.441745298267682,4449,2,322.3703443246413,NW_like
49dbc14c,neighbor_xy,9.650896430444803,3872,2,361.7425776711012,SE_like
4caa7289,neighbor_xy,6.421693899502928,5396,2,336.16018984559844,NW_like
4cecf7b3,neighbor_xy,23.28720005267743,6019,2,330.19745687609077,NW_like
4f69febf,neighbor_xy,6.776888273413515,5460,2,517.1082333516879,NW_like
511e1db0,neighbor_xy,5.0450930837817625,3821,2,0.031622776852017344,SE_like
512943b2,neighbor_xy,26.907673825840448,5029,2,382.2537886388559,NW_like
54a7e3c2,neighbor_xy,20.482334245126896,6155,2,390.30448946968085,NW_like
56b00794,neighbor_xy,173.97159950444424,6065,2,344.751203683644,SE_like
57796579,neighbor_xy,13.919474540875383,5890,2,344.17422939766203,NW_like
591cc951,neighbor_xy,16.300353946383595,4609,2,446.6435681158624,NW_like
5a63b5d1,neighbor_xy,48.5981334540032,6217,2,1241.7615372124478,SE_like
5cb483ac,neighbor_xy,11.690051744416495,3852,2,206.07005978710419,NW_like
5eae34a8,neighbor_xy,34.05126950308309,4904,2,696.7954587891525,SE_like
61f27424,neighbor_xy,15.781341085185566,6220,2,416.91637638758186,NW_like
63559d57,neighbor_xy,12.099072037275132,4069,2,266.33329814364873,SE_like
647f2a41,neighbor_xy,17.361181165081227,3881,2,408.70754336066574,SE_like
656a067b,neighbor_xy,12.873511370633599,3051,2,174.4853126688838,NW_like
65a5466a,neighbor_xy,9.905775755398928,4683,2,256.77098064242705,SE_like
6767c111,neighbor_xy,17.852188238021554,6783,2,522.4752220920697,NW_like
67847288,neighbor_xy,17.745558032446162,7429,2,355.60931202630405,NW_like
699ea575,neighbor_xy,7.413223158457179,4120,2,948.0745376815113,NW_like
6a0ff78e,neighbor_xy,14.734459425938647,6465,2,330.3181575390725,SE_like
6d590e26,neighbor_xy,16.866492322193,6096,2,194.3450112559201,NW_like
6d6d93af,neighbor_xy,34.95160906467683,3595,2,769.8226708144452,SE_like
6dbe4b60,neighbor_xy,10.737607064179045,4648,2,626.7060004453622,NW_like
6ede926a,neighbor_xy,5.310196708658607,4938,2,684.7848720585572,NW_like
729f4217,neighbor_xy,10.103944139949196,6195,2,361.83680534189097,SE_like
75d20a82,neighbor_xy,4.197392889083046,5067,2,0.0,NW_like
7993a768,neighbor_xy,8.910317034667166,5487,2,293.82268292293696,SE_like
7cbbd047,neighbor_xy,33.78803562066425,5121,2,629.432325591785,SE_like
7cd4bb31,neighbor_xy,11.41056501266284,6439,2,701.4592715457375,SE_like
7d57c75d,neighbor_xy,11.13335852027471,4405,2,264.7101246649113,NW_like
7e721392,neighbor_xy,26.03124992861033,6174,2,1639.4215992892528,SE_like
81fc01c6,neighbor_xy,12.372342746651297,5909,2,1046.9683313964447,NW_like
8612b37f,neighbor_xy,22.26579876670266,5165,2,764.198746668025,NW_like
884ecb5f,neighbor_xy,48.551540190126076,6724,2,644.2264860278792,SE_like
8995c945,neighbor_xy,12.083764230831974,6724,2,337.2978667290614,NW_like
89fdb2f2,neighbor_xy,1.1529636634584073,2031,2,1.5061540423429862,NW_like
8a89da23,neighbor_xy,43.67123232811113,3935,2,481.9010871819819,SE_like
8a9c8932,neighbor_xy,15.368915461753922,4663,2,689.7743502821733,NW_like
8c167025,neighbor_xy,14.1789551810466,5368,2,1198.019871621531,SE_like
8cc21f01,neighbor_xy,5.553221051381289,4044,2,881.5115017396477,SE_like
8d92cb49,neighbor_xy,30.01339904593161,3589,2,387.8173427014028,NW_like
90386ee4,neighbor_xy,11.650799706546707,3840,2,353.42045950965144,SE_like
91abc4c7,neighbor_xy,16.149289190161713,5848,2,335.4567682800041,NW_like
93f5d2e6,neighbor_xy,9.110606055126116,3691,2,478.14822346217807,SE_like
94d813a4,neighbor_xy,39.250332827484556,4847,2,360.38312848985834,NW_like
96936c22,neighbor_xy,8.976536138512701,3346,2,273.38647095298217,NW_like
96ae5806,neighbor_xy,13.344077906007008,9839,2,288.43500567727887,SE_like
96b7eea1,neighbor_xy,14.680766156594798,4332,2,344.83703517073644,NW_like
995ff498,neighbor_xy,16.315757333384724,4526,2,708.3378566754756,NW_like
9bd2bba3,neighbor_xy,19.29745597197152,7439,2,333.70685508791587,NW_like
9c211c53,neighbor_xy,24.433298613060334,7265,2,995.2578135335368,NW_like
9d072e4c,neighbor_xy,27.94265080950307,5107,2,420.84117859354325,SE_like
9da441ba,neighbor_xy,14.795318333723879,5783,2,357.96180980926346,SE_like
9ffce529,neighbor_xy,259.30232465300617,5212,2,476.7801023942776,NW_like
a0383629,neighbor_xy,8.292854285567138,5832,2,708.6495667816323,SE_like
a247e7cf,neighbor_xy,16.495976536235382,5674,2,519.5440478918429,SE_like
a4f989c2,neighbor_xy,3.4517379263444643,5385,2,0.0,SE_like
a5e6f7dc,neighbor_xy,7.84366260554146,5649,2,1143.4052680620787,SE_like
a6ed2eff,neighbor_xy,55.019308938507855,5275,2,305.23602834541066,SE_like
a783cc24,neighbor_xy,14.504344596559644,1889,2,1.0722406444554577,SE_like
ac6f01d5,neighbor_xy,585.8728235120626,5004,2,1187.4218783566275,SE_like
ad2133a8,neighbor_xy,19.61429217825573,5729,2,482.4629660275349,NW_like
af7a59ce,neighbor_xy,9.309626290385651,3024,2,1024.1925149113551,SE_like
b0f53bf4,neighbor_xy,11.26278368656037,2755,2,646.4154295806273,NW_like
b1efb8a4,neighbor_xy,7.354318590164658,5998,2,168.80510181888138,NW_like
b85f7b06,neighbor_xy,3.765345081140427,3803,2,300.3541531260103,SE_like
b977be4a,neighbor_xy,12.577795574413626,5917,2,417.69258902342,SE_like
bb337fa0,neighbor_xy,35.39249124448003,6873,2,453.5244401352356,NW_like
bb682ebd,neighbor_xy,35.38796799315498,4139,2,162.01402933062627,NW_like
c1708b88,neighbor_xy,696.9458516499298,6315,2,2831.894165406564,SE_like
c2c6fc71,neighbor_xy,32.43957035543998,7119,2,67.40046958307363,SE_like
c47e0767,neighbor_xy,4.828344604123056,4356,2,344.9918962817566,NW_like
c6c96179,neighbor_xy,19.280294803432074,4004,2,155.9042218800603,SE_like
cb34231f,neighbor_xy,9.692251308631363,5609,2,13.986952081758655,SE_like
cb879f40,neighbor_xy,37.562065468507654,6315,2,190.79437544145222,NW_like
ccedb12b,neighbor_xy,5.8604972189061835,4401,2,186.68007954792654,NW_like
d1ecf309,neighbor_xy,14.18787333739208,6168,2,844.3785456770308,SE_like
d1ee630d,neighbor_xy,10.226264296926203,6290,2,338.1857165817944,SE_like
d273674e,neighbor_xy,22.25676810805658,3899,2,662.6500203327488,NW_like
d2f3b1ab,neighbor_xy,19.325259823969787,5581,2,690.6950160375798,SE_like
d463e527,neighbor_xy,12.249626846442178,4767,2,605.2578740306908,SE_like
d4f60a28,neighbor_xy,29.17066376154313,4501,2,13.877651097912707,SE_like
d9ae59b2,neighbor_xy,5.678892595167781,3648,2,855.4542083010349,SE_like
d9d6d94d,neighbor_xy,19.099827505210698,4919,2,524.9845377051881,NW_like
da940160,neighbor_xy,26.844489884137214,5132,2,352.73594798398665,SE_like
dafc88c3,neighbor_xy,13.009942598834964,5572,2,345.68718674145214,SE_like
dd168de0,neighbor_xy,5.009478690986829,3304,2,363.221066015974,NW_like
e03b45fd,neighbor_xy,25.244211549647957,5342,2,334.6669917993016,NW_like
e2fc7745,neighbor_xy,25.521010693335345,3692,2,248.13571770288692,NW_like
e3b34f5b,neighbor_xy,15.614754617344177,5455,2,325.79782966159974,SE_like
e4726608,neighbor_xy,9.684914638009326,4733,2,160.87860330067247,NW_like
e9949a23,neighbor_xy,13.216044326410906,4559,2,374.3058536812438,NW_like
eafb863e,neighbor_xy,23.124364777361922,3568,2,348.61047847136604,NW_like
ec13af42,neighbor_xy,5.9474897732331495,5462,2,254.4164680206497,SE_like
ecdaf714,neighbor_xy,21.609779872425932,6592,2,1133.0521845438916,NW_like
ee288beb,neighbor_xy,151.9372520813451,4638,2,258.38093948146684,SE_like
f0188a48,neighbor_xy,13.860531010032988,4170,2,2255.796212426776,SE_like
f03f10fe,neighbor_xy,12.172530462433262,4145,2,354.76898525655787,SE_like
f074d277,neighbor_xy,14.059605404043714,2453,2,813.0530173365615,NW_like
f321a31c,neighbor_xy,12.919110526139546,5141,2,554.1666622275732,SE_like
f439a621,neighbor_xy,29.911563757364164,2821,2,363.4890283075586,NW_like
f5859199,neighbor_xy,13.2341964550831,5790,2,1824.6469073497083,NW_like
f8662c22,neighbor_xy,9.567394775419418,5429,2,700.1580063098255,SE_like
fd710aea,neighbor_xy,12.009538346149549,4217,2,296.8288249141398,NW_like
febb4411,neighbor_xy,20.96181791962819,4247,2,193.99305657701683,SE_like
01869cd4,neighbor_xy,18.260055237102737,5557,3,354.3649858831226,SE_like
03a935ae,neighbor_xy,96.56874853831847,2786,3,1507.00793430023,NW_like
059c8f24,neighbor_xy,12.989460083707666,6258,3,4391.873725243342,SE_like
05a0ee4d,neighbor_xy,15.82534110065781,4348,3,626.1140491156731,NW_like
060ab2b8,neighbor_xy,6.368404179705882,6258,3,358.8154838205494,NW_like
0c1b160c,neighbor_xy,22.655677286853827,5054,3,943.1825390169661,SE_like
109d9d70,neighbor_xy,395.3103764375376,4215,3,250.34358102046033,NW_like
1590af81,neighbor_xy,15.002285283492519,3799,3,256.7005493447082,NW_like
1770d7c6,neighbor_xy,18.05128906302862,7240,3,262.9875185249803,NW_like
177622d7,neighbor_xy,7.541022153770156,3154,3,474.68165858801007,NW_like
1f9afacb,neighbor_xy,7.228472750142484,5328,3,182.1282495936478,NW_like
1fee2b62,neighbor_xy,7.733288063899901,4641,3,1372.465576018465,NW_like
200d233d,neighbor_xy,24.368882688627235,3926,3,739.4393232157072,SE_like
2075c696,neighbor_xy,21.103206049130886,3188,3,2018.2149540810824,SE_like
23b9beb0,neighbor_xy,9.552146005512444,7340,3,473.19353686632667,SE_like
261785ee,neighbor_xy,12.87257272999434,3646,3,641.3428275888126,NW_like
272abef3,neighbor_xy,18.983236388263908,4135,3,1790.9787575445907,SE_like
276b012a,neighbor_xy,12.201407712872122,4837,3,747.8086675746815,SE_like
2d179ded,neighbor_xy,21.37851346461261,7008,3,850.8877834960939,NW_like
2d35f86d,neighbor_xy,19.605583842631408,4896,3,888.4858973559352,NW_like
2e43c2ea,neighbor_xy,41.476970278225735,5698,3,298.9238599678605,NW_like
2ee0235b,neighbor_xy,8.589541564021152,5556,3,340.90661037886554,NW_like
32fe84c9,neighbor_xy,367.07111743680457,6408,3,1101.1597272876043,SE_like
389ae58f,neighbor_xy,671.6745058229637,6463,3,1015.3529018522524,SE_like
398dce4b,neighbor_xy,14.914447122154861,3166,3,398.40645489248664,NW_like
3a223519,neighbor_xy,6.799691119719336,4583,3,159.83583734553181,SE_like
3a824aa7,neighbor_xy,10.691381900725622,4201,3,606.655013166694,NW_like
3bfee975,neighbor_xy,231.58851833216184,3603,3,269.104938130745,SE_like
41fb0192,neighbor_xy,90.32090608948053,2973,3,244.7257242300589,SE_like
4630ab92,neighbor_xy,25.289303691701118,3373,3,175.04767921894853,NW_like
46a301e9,neighbor_xy,859.3285782977732,8226,3,704.6180140334985,SE_like
481de5fc,neighbor_xy,18.744088029432685,5952,3,480.78255635979207,NW_like
48c1f673,neighbor_xy,10.547788821501888,2917,3,171.24110400279136,NW_like
4a035ec2,neighbor_xy,60.23071512248043,2588,3,665.633178334484,SE_like
4b462989,neighbor_xy,14.508782175154339,3106,3,365.8164640067002,NW_like
4b831d20,neighbor_xy,14.998857960718778,7312,3,531.4280671410202,NW_like
4c3168cf,neighbor_xy,9.76808879929743,4334,3,171.99989098839686,NW_like
4ed93db6,neighbor_xy,23.028316577590928,4657,3,347.99430298494843,SE_like
4f3eb9e9,neighbor_xy,34.85527072750633,4697,3,385.6354554204131,SE_like
4f4ac5ce,neighbor_xy,7.846254933162272,5162,3,352.3957638790925,NW_like
4fbe9c06,neighbor_xy,13.596686467564792,6287,3,340.7222355225831,SE_like
529e88ca,neighbor_xy,14.989053984891639,3417,3,882.1043266295767,NW_like
52f1e77a,neighbor_xy,12.060998357609066,4442,3,342.29505718540406,NW_like
5305524b,neighbor_xy,12.931781111643954,4898,3,569.3535541294223,NW_like
53f23031,neighbor_xy,7.73531677755489,8550,3,491.38803814009214,SE_like
577eec7c,neighbor_xy,24.16549287225462,4539,3,1172.601768376899,SE_like
57f05c51,neighbor_xy,40.17722771561853,4771,3,177.9554823545343,SE_like
5a1a8fd8,neighbor_xy,18.580117458506685,5260,3,472.0563712242357,SE_like
5a5269a9,neighbor_xy,10.297641887123731,6513,3,634.7678813550181,SE_like
5aa03df7,neighbor_xy,13.14646950318883,4871,3,1190.6527326639405,SE_like
5b7b6324,neighbor_xy,12.84635847137227,6564,3,989.5465661099655,NW_like
5bd25f59,neighbor_xy,37.64101656744176,4210,3,303.39160321275966,NW_like
5d7198fd,neighbor_xy,621.7404735967513,3368,3,871.83611057456,NW_like
5def1ce5,neighbor_xy,14.840525743578173,6443,3,330.54489046206197,SE_like
5f4d2a52,neighbor_xy,51.51339480197233,5225,3,709.6561658299654,NW_like
653612bc,neighbor_xy,6.367333153914866,4605,3,326.4353848774872,NW_like
698930d1,neighbor_xy,10.357911471003348,4741,3,170.29446397192453,NW_like
6a8fa194,neighbor_xy,16.88049939042645,3017,3,435.7684178553404,NW_like
6ae68655,neighbor_xy,123.20448584324407,4204,3,3402.8353472947906,NW_like
70e1788b,neighbor_xy,10.212541720877192,9285,3,716.9377343331898,NW_like
71ccf778,neighbor_xy,5.70229045218131,2698,3,421.77112660661993,NW_like
7224331b,neighbor_xy,6.74058175076708,6063,3,1026.4765701172985,NW_like
727a3a10,neighbor_xy,20.826008020623203,4397,3,580.7283181119269,NW_like
73348914,neighbor_xy,7.248299860701699,4221,3,157.27982491384017,SE_like
74b6186b,neighbor_xy,13.913303564285982,3405,3,321.56623361292804,NW_like
77e4821c,neighbor_xy,17.06045885264389,5393,3,743.2494088013927,SE_like
7850c72e,neighbor_xy,9.874951750779546,5497,3,14.858145913947117,SE_like
796dbd4c,neighbor_xy,8.087974855297507,6248,3,372.2634557673599,SE_like
7a5660b0,neighbor_xy,7.553974415616426,4998,3,418.456233314877,NW_like
7d50373e,neighbor_xy,27.014168233132228,5122,3,349.6948271386748,SE_like
7e208414,neighbor_xy,8.686285169583433,4226,3,889.4694089552289,NW_like
8050c789,neighbor_xy,12.48000147554875,3077,3,706.2129251663374,NW_like
84633df4,neighbor_xy,19.801179985072988,4972,3,255.09058074198117,NW_like
8a3da6d1,neighbor_xy,21.195362635136405,4593,3,198.94690122428597,NW_like
8b9d8326,neighbor_xy,29.260684547109776,6163,3,1042.8435398573683,SE_like
925a7cd1,neighbor_xy,9.177601867015433,4517,3,362.42018929494293,NW_like
9314ff13,neighbor_xy,13.444513154144673,2748,3,880.4273319814158,NW_like
940a48d9,neighbor_xy,15.464943443773375,3963,3,384.36858729584,SE_like
9426ec1e,neighbor_xy,3.205046986368863,2532,3,370.27713608938234,SE_like
94467f50,neighbor_xy,12.268578678911586,3035,3,1112.1478364819181,NW_like
974802e7,neighbor_xy,15.295234045096402,5843,3,993.5210195059258,NW_like
98bc6f66,neighbor_xy,8.166620654846623,6063,3,550.1819212768999,NW_like
9a8ae0d6,neighbor_xy,20.878090341112497,6294,3,434.723013381773,NW_like
9ad5410a,neighbor_xy,13.565081776051626,4205,3,351.8768989080494,NW_like
9ae248be,neighbor_xy,15.5015149324549,5271,3,325.3859548502044,NW_like
9af1ffd0,neighbor_xy,11.806230989794551,3525,3,2601.318863999809,NW_like
9b9e3b49,neighbor_xy,10.309351688595934,5118,3,320.9630308509646,SE_like
9d3ec64c,neighbor_xy,5.414475558603285,3480,3,3179.700000520055,SE_like
9df1b1f9,neighbor_xy,472.84063269829716,4701,3,925.3029061341714,NW_like
9efc812e,neighbor_xy,10.36522783046906,4450,3,599.5605674157727,SE_like
9f0c7bae,neighbor_xy,7.079389949524754,2542,3,1120.936261033905,SE_like
a0e92ed6,neighbor_xy,20.527946161795146,4897,3,201.44270177897872,NW_like
a6f967fb,neighbor_xy,7.048379316198311,4670,3,174.20306417493157,SE_like
a85bb86f,neighbor_xy,9.53189396951214,3099,3,1086.6037716501555,NW_like
ab6fe95d,neighbor_xy,14.798548651532212,5491,3,562.1541629304459,NW_like
abf460d2,neighbor_xy,9.071663585402638,3217,3,273.2121556889333,NW_like
add9c322,neighbor_xy,9.804710409317153,3932,3,347.84467798150814,NW_like
ae069086,neighbor_xy,18.627012784182117,4770,3,446.03477723149484,NW_like
ae8959c3,neighbor_xy,25.740538373530075,4518,3,355.5617895443489,NW_like
aed44918,neighbor_xy,8.74976170904387,2719,3,681.6570041450491,NW_like
b0d42b0d,neighbor_xy,366.04260732791056,4971,3,1027.523425373752,NW_like
b56bc0aa,neighbor_xy,34.12401518627371,5602,3,940.5470588970959,NW_like
b585b4fa,neighbor_xy,12.692043474989582,4294,3,332.4590129624877,NW_like
b881d27e,neighbor_xy,7.130567951279209,4009,3,352.8467691507531,SE_like
be063506,neighbor_xy,10.616492022634723,4500,3,1532.2464748984157,NW_like
c03b9305,neighbor_xy,38.248125953338565,4255,3,862.1078928527184,NW_like
c03fba65,neighbor_xy,32.33521210198101,3699,3,4531.411914712674,NW_like
c2c4db09,neighbor_xy,13.239839376405724,6039,3,418.9223375521095,SE_like
c36625df,neighbor_xy,17.311031769350326,4742,3,401.1280696904186,SE_like
c66be2b8,neighbor_xy,15.017779941111709,4154,3,367.12557488156153,NW_like
c6797dd7,neighbor_xy,27.203989552980207,4664,3,358.0547317099333,SE_like
c70c0e01,neighbor_xy,116.24824310460372,4312,3,509.2730320072985,SE_like
c8d9680c,neighbor_xy,41.17908979605218,6281,3,189.34084847185096,NW_like
c908edd0,neighbor_xy,24.656563882177764,5293,3,447.6727024289828,SE_like
cbb406b5,neighbor_xy,14.681302124800201,6328,3,843.5764834359568,SE_like
cbe62450,neighbor_xy,16.581210893116566,6258,3,194.83626459178322,NW_like
cc8a1d57,neighbor_xy,60.97640188357847,6638,3,513.6255999265919,NW_like
cdc60a53,neighbor_xy,20.536708962369413,5878,3,349.02200079554586,NW_like
d011f41b,neighbor_xy,1.3644959409668262,2267,3,0.0,SE_like
d0cb63ae,neighbor_xy,27.641786718734746,5223,3,412.52023754907555,NW_like
d114d9c2,neighbor_xy,10.340181176420964,6206,3,520.5445476614988,NW_like
d1457cc5,neighbor_xy,17.0964721354956,6920,3,1568.9005392706222,NW_like
d217e0c5,neighbor_xy,10.101781948144934,3838,3,1849.231270343521,SE_like
d60430e6,neighbor_xy,17.404926322301925,2511,3,453.04259325159506,NW_like
d63196fe,neighbor_xy,20.265641777450078,4510,3,506.1321711194497,NW_like
d924e971,neighbor_xy,32.59802470354368,3184,3,668.023063449029,NW_like
dd64382d,neighbor_xy,20.58526331891637,3124,3,808.5116948626588,NW_like
df71d1ff,neighbor_xy,22.701507805947177,6228,3,622.2314479355352,SE_like
e0079ed1,neighbor_xy,12.923367428479368,3471,3,2004.189602706701,SE_like
e14d641e,neighbor_xy,5.776001881811503,3184,3,325.323755357645,NW_like
e201fd6d,neighbor_xy,329.1559390482879,5070,3,553.559713219739,NW_like
e5864244,neighbor_xy,36.89037215010292,4469,3,14.461275480039204,SE_like
e5c92e59,neighbor_xy,472.6243669297854,4295,3,516.9441981490489,NW_like
e748dd88,neighbor_xy,176.54230453551548,4812,3,673.7107721420191,SE_like
e7818f7a,neighbor_xy,70.77432219119804,5371,3,229.26961837079585,SE_like
e7c36e81,neighbor_xy,17.115285005511904,3531,3,19.20780049876599,NW_like
ea0b99b7,neighbor_xy,13.106473699607088,9239,3,285.38076319218123,SE_like
eac10e86,neighbor_xy,9.693235537031574,6067,3,399.6430308074241,SE_like
eb06a4e7,neighbor_xy,9.839053474243295,4535,3,192.15349938414806,SE_like
eb640a35,neighbor_xy,14.483976333029807,6037,3,613.2154797280577,SE_like
ecdab904,neighbor_xy,14.832032961025753,6147,3,206.5573898460357,NW_like
ef8e3ed0,neighbor_xy,14.63304794207442,5224,3,367.79781511068137,NW_like
f07d7037,neighbor_xy,8.99987725439134,5563,3,183.35835105044586,NW_like
f2d4c8c9,neighbor_xy,11.294655112816105,6249,3,509.50272001213773,NW_like
f40cd091,neighbor_xy,18.167648956917393,5166,3,666.3838978398519,NW_like
f49fdea3,neighbor_xy,92.08626563774774,5391,3,3760.7701132015773,NW_like
f6d009f4,neighbor_xy,94.08229696235483,6715,3,236.14666988970012,NW_like
f72b268f,neighbor_xy,9.163944006446648,6404,3,347.54465900066606,NW_like
f8f59188,neighbor_xy,10.687402554735097,4807,3,493.9966374381547,SE_like
fa16d114,neighbor_xy,24.382823294621662,5686,3,539.6151902977351,SE_like
fa31da94,neighbor_xy,8.002858518982233,5027,3,558.2012758051491,SE_like
fba7683c,neighbor_xy,4.006133442572775,407,3,2.3433522996499767,NW_like
fdfd57da,neighbor_xy,14.328114908579927,5236,3,388.4403030068954,SE_like
ff0aea78,neighbor_xy,34.57732033763004,3261,3,293.1201270811036,NW_like
05948241,neighbor_xy,22.835382939607076,3879,4,323.3688873331937,NW_like
06df5958,neighbor_xy,8.283849300069955,3509,4,706.3738922129911,SE_like
08fecf00,neighbor_xy,5.167613849137175,5574,4,202.81360605243228,SE_like
09441b8d,neighbor_xy,26.57293784321919,5488,4,327.16920912577024,NW_like
0bbf5e67,neighbor_xy,29.67701095264338,4298,4,693.4644337632429,SE_like
12f0cd90,neighbor_xy,9.052510002566574,5947,4,331.9657262431988,SE_like
137d1e44,neighbor_xy,42.34113976618622,4554,4,2314.416079532842,NW_like
14fee784,neighbor_xy,25.027296381856683,4910,4,513.3421499350751,NW_like
153552f5,neighbor_xy,7.777855508763965,4695,4,362.2423294463724,NW_like
15e154a1,neighbor_xy,4.08609738130341,6068,4,3.730857810134897,SE_like
1619e2ca,neighbor_xy,13.032538259195219,4443,4,1181.352795208041,SE_like
1944513c,neighbor_xy,21.218746371930553,4722,4,204.18588320419815,SE_like
1a68190b,neighbor_xy,9.272252336322941,4474,4,321.92333199416123,SE_like
1b82b665,neighbor_xy,5.767877606726638,3806,4,447.35580776080656,SE_like
1bcb2fcf,neighbor_xy,142.57434370624674,4524,4,373.81114255676937,NW_like
1d3fbf02,neighbor_xy,9.443570911027079,2694,4,597.0682651693422,SE_like
1e5e3573,neighbor_xy,17.690988396298078,5480,4,317.28961169598415,NW_like
203721ab,neighbor_xy,13.030862572053092,5730,4,692.0588183818826,SE_like
20402d71,neighbor_xy,7.092698202842867,6372,4,510.6724994614913,NW_like
26623a50,neighbor_xy,152.39512010345678,5735,4,764.2807630204316,NW_like
26d3a96a,neighbor_xy,5.60058676231216,4721,4,186.72317611937353,NW_like
29b24409,neighbor_xy,20.724875786257893,5587,4,348.5023207958609,NW_like
29de15c8,neighbor_xy,5.054488711555844,3431,4,546.6132996002004,NW_like
2acc78d4,neighbor_xy,20.986498676238433,4266,4,778.0785894113267,NW_like
2be5c96a,neighbor_xy,6.867790390336806,4210,4,596.7060548182038,SE_like
2c0c4a4e,neighbor_xy,8.08514008332724,4790,4,1706.328093442078,SE_like
2d0c268a,neighbor_xy,18.099694825306226,4550,4,2348.8751077909997,SE_like
2d9f6cb9,neighbor_xy,17.185547335398528,7338,4,297.31951479277564,NW_like
2fa01aa6,neighbor_xy,15.846509968249972,2174,4,863.2002196478838,SE_like
310c71a5,neighbor_xy,5.392270525079345,5245,4,348.83186576685796,NW_like
3407f5bf,neighbor_xy,9.30553152484355,3638,4,481.3627892765348,SE_like
3417285d,neighbor_xy,53.23021111940774,5449,4,276.37902627006486,NW_like
357c12f9,neighbor_xy,121.31423587074181,4079,4,716.3457589737073,NW_like
35b30c7f,neighbor_xy,10.271879542368428,9579,4,334.5674899031215,SE_like
35b3ef6a,neighbor_xy,34.77707029405672,3904,4,854.6856321523446,NW_like
38991fd4,neighbor_xy,23.03981335078974,4798,4,704.6292534577062,NW_like
3932faa6,neighbor_xy,10.615404402092125,5452,4,794.3422260586085,NW_like
3a7dd95d,neighbor_xy,12.722383729235286,3072,4,3365.223970606415,NW_like
3df4b19e,neighbor_xy,10.495093894294872,4988,4,332.3210734644984,SE_like
3ef98781,neighbor_xy,14.263673160147228,3892,4,351.91554697138173,NW_like
404c4384,neighbor_xy,6.7939191329022375,911,4,326.8812337835708,NW_like
43b06c70,neighbor_xy,12.226083908358007,4846,4,376.68302656202644,NW_like
445af6c2,neighbor_xy,14.697455771029196,6041,4,340.7283217918493,SE_like
44a94013,neighbor_xy,18.46170509576059,4903,4,565.3281205308292,NW_like
460f859e,neighbor_xy,125.80334405106389,3336,4,1306.4538918004102,SE_like
466fc788,neighbor_xy,18.389780456931774,6197,4,330.91254367732745,NW_like
46d41ff6,neighbor_xy,9.128711011198474,7901,4,660.4819495024678,SE_like
47ee27ab,neighbor_xy,4.828006674040386,6397,4,0.0,NW_like
4a8ecc0b,neighbor_xy,9.306649968568292,5809,4,855.3902268557407,NW_like
4c2208f5,neighbor_xy,106.37901134629374,5384,4,1866.7246869849587,NW_like
4e050c92,neighbor_xy,9.657834779679053,3705,4,355.4659701475544,NW_like
5138a660,neighbor_xy,434.47656910629945,3559,4,378.2587667194341,SE_like
5397ceb1,neighbor_xy,21.265488955324123,5255,4,811.7655354480685,SE_like
54753541,neighbor_xy,12.749708223578645,4026,4,515.4821240351965,SE_like
5567d551,neighbor_xy,14.86946100685376,6889,4,379.0486559799596,NW_like
593876b6,neighbor_xy,14.862251357276211,4842,4,172.5593228040167,NW_like
59f8b2e8,neighbor_xy,37.39824670710355,3747,4,772.0309311161491,SE_like
5beded95,neighbor_xy,15.47581194604222,3057,4,1838.142518422877,SE_like
5cdd8dbc,neighbor_xy,13.312283151969236,4010,4,445.4263363800865,NW_like
5f75f796,neighbor_xy,31.681643563000446,5562,4,1860.8561909705263,NW_like
5fffa282,neighbor_xy,6.719046692435388,4201,4,308.90177244162555,SE_like
60e37807,neighbor_xy,10.63166646647632,2699,4,356.0206513672851,NW_like
62569ae3,neighbor_xy,12.395125674880752,3588,4,610.7691150733508,SE_like
6e6d122c,neighbor_xy,18.417881176584142,5632,4,700.0098545734598,SE_like
6e9ccd38,neighbor_xy,13.81025827911309,8282,4,505.4406667452346,NW_like
71642c7d,neighbor_xy,8.584693955513185,4648,4,160.90417911873976,SE_like
722cf0d8,neighbor_xy,13.338227304877796,5143,4,606.3552405972275,NW_like
7271dd80,neighbor_xy,19.86577347442838,4340,4,2497.7534149110825,SE_like
729e9750,neighbor_xy,8.06928376995455,5919,4,1055.4260804054913,SE_like
73b1447d,neighbor_xy,20.08359183021005,5670,4,490.1465315599374,SE_like
75cd5f11,neighbor_xy,267.6465634805606,4946,4,164.5289898466986,SE_like
79507629,neighbor_xy,11.085615794633148,5302,4,348.3195302381461,NW_like
7acda2df,neighbor_xy,140.0194250327761,3091,4,335.8271408029858,SE_like
7b2c7b3c,neighbor_xy,7.746215419685353,2584,4,767.8466565664036,NW_like
811f52b3,neighbor_xy,9.31142649537901,4836,4,330.45190752773635,NW_like
8255c867,neighbor_xy,12.781806275733574,3589,4,352.93433171074685,NW_like
82aab6d2,neighbor_xy,45.8514130341842,6140,4,188.0272121264137,NW_like
861e71df,neighbor_xy,18.691308691930296,4700,4,229.3912714117615,NW_like
877ed19c,neighbor_xy,5.577086223982251,3708,4,295.9230009649451,SE_like
87aa3730,neighbor_xy,12.55235904746576,5607,4,352.8756306496774,SE_like
89969c7a,neighbor_xy,217.37507942745995,4947,4,575.6818934965761,NW_like
89f1085d,neighbor_xy,305.95235506500126,5994,4,703.789362804228,NW_like
8bda1a11,neighbor_xy,15.355255478556463,5981,4,520.4906734994017,SE_like
8cc800b3,neighbor_xy,49.30201666157071,6576,4,1142.9831625291863,SE_like
91b301ce,neighbor_xy,37.49411292196676,6570,4,1931.9851056620114,NW_like
93209a3d,neighbor_xy,20.516920470969517,4697,4,409.7337174312445,NW_like
940e709a,neighbor_xy,4.495161818997352,3348,4,361.5665229249328,NW_like
95b559e7,neighbor_xy,17.638622133760723,2887,4,365.765385634672,SE_like
95c8427f,neighbor_xy,16.417101628606524,6335,4,391.4755309085436,NW_like
98177ced,neighbor_xy,9.102171141474336,4772,4,197.26544983850113,SE_like
9a6b0392,neighbor_xy,58.129058877577755,4255,4,253.3197694610652,SE_like
9a95e33f,neighbor_xy,16.521904215556404,6447,4,387.52137774284245,SE_like
9c8375f7,neighbor_xy,15.121518477552021,3674,4,325.86974489782517,NW_like
9def2eb2,neighbor_xy,8.314826725440186,6003,4,463.9687382787732,SE_like
a056d01e,neighbor_xy,364.4002796763869,6557,4,359.73628681073086,SE_like
a15bc102,neighbor_xy,513.578260308912,3236,4,1507.8425517938651,NW_like
a3f71395,neighbor_xy,22.076098736180256,5543,4,683.0278158522159,NW_like
a612d5a0,neighbor_xy,21.193283784732547,5329,4,400.2062174202815,SE_like
a79fd2e7,neighbor_xy,21.450602832981414,4404,4,199.01143450804443,SE_like
a87433c9,neighbor_xy,7.409587403926191,5721,4,1947.0252243770663,SE_like
a8ed028a,neighbor_xy,131.25110868482201,5538,4,2052.600671509218,NW_like
aa95015b,neighbor_xy,379.94944891065705,4300,4,616.6524636294358,SE_like
aaeffccb,neighbor_xy,16.49948794682342,2712,4,614.0291394609873,SE_like
ab3ced07,neighbor_xy,20.86407306380322,4250,4,309.6604582080977,NW_like
b32902c0,neighbor_xy,13.275085813709678,3808,4,349.2195675795622,NW_like
b32e4903,neighbor_xy,15.66941447285053,5770,4,327.0639023185922,NW_like
b5aa9634,neighbor_xy,17.475790644215852,7326,4,126.4760778037313,NW_like
bcebcc5f,neighbor_xy,3.2663651961712414,6258,4,0.0,SE_like
be83e781,neighbor_xy,5.473603621339366,3221,4,355.0246775269168,SE_like
beda8696,neighbor_xy,20.788652397515825,5912,4,529.7831844254086,NW_like
bf39bc20,neighbor_xy,144.61110898478873,3303,4,880.6201047840407,SE_like
bf70b410,neighbor_xy,15.46120487032729,6347,4,533.0159034544221,NW_like
c03d4aed,neighbor_xy,13.728540698612155,4641,4,667.7715546324317,SE_like
c2717d4f,neighbor_xy,26.059304516733057,4721,4,192.17821983110014,SE_like
c42fe306,neighbor_xy,7.864842137318881,5095,4,352.3197588077003,NW_like
c59b6c4a,neighbor_xy,19.162909022769757,5499,4,537.0310497999673,NW_like
c6b782a4,neighbor_xy,16.977565340692184,4877,4,1049.950586656657,NW_like
cad13e8f,neighbor_xy,49.39635874287217,4848,4,332.1736512591003,SE_like
cdc31d65,neighbor_xy,5.736250640004785,4840,4,250.07771212169854,SE_like
d41beaf2,neighbor_xy,20.021374566125942,4753,4,344.9417356597896,NW_like
d543916f,neighbor_xy,11.796789916049153,4799,4,390.6822648905595,SE_like
d5df0ff5,neighbor_xy,16.436956785338886,4032,4,1391.1330553901325,NW_like
d6dd7330,neighbor_xy,6.813606871253737,6193,4,164.80081315329673,NW_like
d7eb0be8,neighbor_xy,83.33084141148504,5401,4,1904.8903256881433,NW_like
ddc790ff,neighbor_xy,11.3018179074487,4726,4,400.6493705222138,SE_like
e0f36d98,neighbor_xy,24.198717268561396,4976,4,550.0687923091941,SE_like
e161bd0c,neighbor_xy,7.124605002942259,2949,4,785.0390350166706,SE_like
e32da4ec,neighbor_xy,12.933281978941977,4689,4,159.85594546348446,NW_like
e45a2a62,neighbor_xy,11.301014038324032,5007,4,698.67782810435,NW_like
e5ff9fd2,neighbor_xy,5.243822849779116,2354,4,929.1460553112853,NW_like
e730c32b,neighbor_xy,8.759989765135394,4728,4,1052.8736393791803,SE_like
e737965a,neighbor_xy,16.072923462500135,5955,4,336.32248348877357,NW_like
e85074c5,neighbor_xy,15.643710669358065,5675,4,365.16637988732225,SE_like
ea3a0e38,neighbor_xy,38.820984950960856,10052,4,850.3235914072636,SE_like
ebe69318,neighbor_xy,23.48733494275256,4976,4,350.87318434085705,SE_like
ec0d597b,neighbor_xy,29.125384785207842,4616,4,875.6966876720753,SE_like
ee4aecac,neighbor_xy,15.01417937478442,5265,4,182.5323448052078,SE_like
ef04658e,neighbor_xy,131.27059606079354,4104,4,379.53979106289006,NW_like
efde6ac3,neighbor_xy,18.28782708164949,4559,4,0.0,SE_like
efe96181,neighbor_xy,483.06265579168144,4012,4,1195.6900104125007,SE_like
f053a1b9,neighbor_xy,5.647317102629082,4108,4,376.2110350587982,NW_like
f08774c3,neighbor_xy,11.786597821471885,3900,4,857.4557306356955,NW_like
f140c2fa,neighbor_xy,25.474107516224457,4082,4,398.16550812055016,NW_like
f16e25e3,neighbor_xy,6.63955170712909,4651,4,2450.179603294586,NW_like
f56d3ace,neighbor_xy,10.33195267679919,5432,4,566.7051491738077,NW_like
f5d8aab6,neighbor_xy,25.04832063401002,4444,4,178.0804495164132,NW_like
f631da6e,neighbor_xy,14.061209899124918,4093,4,1020.3415881461456,NW_like
f6824bb0,neighbor_xy,11.723966709854055,5015,4,344.65433629853044,NW_like
f8afa78a,neighbor_xy,19.698000950491824,6032,4,637.5360978798466,SE_like
f9fc81aa,neighbor_xy,10.083169002496437,5598,4,338.6463679120992,SE_like
fb0904bd,neighbor_xy,422.13879914871984,3181,4,1556.9900775951319,NW_like
fd8f77fa,neighbor_xy,15.595287045608085,5272,4,376.45635138718666,NW_like
fde20ecf,neighbor_xy,11.949307279549682,4667,4,341.9568723370833,NW_like
ffefef30,neighbor_xy,6.961372177450613,4570,4,159.60785225051993,SE_like
