well_id,fold,true_linear_c1,true_c1,true_c2,ridge_c1,ridge_c2,extra_linear_c1,extra_c1,extra_c2,blend_c1,blend_c2
00bbac68,0,167.7541163219634,197.66278780698056,-39.87491374821507,198.9741814829938,-5.691621278179624,179.38574754449107,198.7289255092607,-22.068762457741528,198.85155349612725,-13.880191867960576
00e12e8b,0,150.7782825345043,201.706917628917,-67.89695455094258,181.67772282411448,-19.44980645137097,147.227637780442,172.53102441654053,-20.57235970800801,177.10437362032752,-20.01108307968949
01982c1d,0,132.0712466782557,102.70775192126754,39.14636042099406,122.54486244958596,35.80883502628973,160.38137455242676,151.64584007955082,4.8331345742183,137.0953512645684,20.320984800254013
028d7b28,0,-295.9029120551277,-437.81996192586485,189.2075589241617,-316.25448792573854,92.46326606703477,-237.24663544644187,-240.38281126760504,0.1589925751653097,-278.3186495966718,46.31112932110004
044af7d1,0,-133.75751623349132,-135.65247206667078,2.52632828556183,-122.13885027523742,-15.806662554601392,-142.03297150444322,-146.80420240341428,4.989290211830482,-134.47152633932586,-5.408686171385455
0a57a29c,0,177.0896667360346,124.67137531569736,69.88505290358243,194.9881537331511,-5.620467516346534,177.15561284355897,199.2175984989709,-20.518230534800946,197.102876116061,-13.06934902557374
0d99f8e4,0,-185.9494313325987,-229.6496746618021,58.261988788373785,-183.30649226200057,8.845035972511653,-162.30356606596996,-159.2773658029957,-6.847811073891654,-171.29192903249813,0.9986124493099995
0dc835f3,0,185.4930523342798,122.89076839059403,83.46028883709259,168.15017071926928,51.08450193756605,209.1438461654027,194.05356799990267,11.016837128418024,181.10186935958598,31.05066953299204
0dd99dc5,0,258.0125538122743,284.28125221169205,-35.022546279490534,260.1263863261587,-12.88853764304027,249.32292878080077,267.21816160691253,-23.722258228200282,263.6722739665356,-18.305397935620277
0e5e560d,0,125.39105567839712,153.63727537030152,-37.655839281954904,123.0544062915661,11.69589555131276,133.43883515413287,140.58350974233474,-5.821693615747064,131.81895801695043,2.9371009677828477
14a53cb3,0,174.11742729080538,172.16827638505265,2.5986800948662276,169.79594466194632,13.089434904548568,176.70164688748073,188.06768467055545,-13.817180677011516,178.9318146662509,-0.36387288623147374
14ab73fb,0,-29.999888199359447,-8.057277308574207,-29.252806738235876,-13.607913247547344,15.511736552568482,52.85703147080744,56.69132141375109,22.486847472149872,21.541704083101873,18.999292012359177
14ad5efb,0,-295.28988084400163,-313.4525679824594,24.214843883037116,-272.15413468130765,-5.2532452787047035,-290.25339869522844,-261.78750187974816,-19.66526553604794,-266.9708182805279,-12.459255407376322
155887bb,0,147.32697235274415,187.63788807940153,-53.7430766896395,144.72412640520588,-16.64915990704282,119.63745723589584,157.77910803863858,-29.304096149708304,151.25161722192223,-22.97662802837556
198a5607,0,217.7695959549373,210.53307092786744,9.647928387017895,233.46101155409207,-6.615577660666174,229.85406011074667,232.87936280792943,-8.222306923327222,233.17018718101076,-7.418942291996698
1a518997,0,-138.14251156462882,-112.317737187909,-34.429295468160014,-128.14469485963826,-21.244248880368932,-142.96332112871738,-130.58834200494815,-10.350296943444066,-129.36651843229322,-15.7972729119065
1aaf1da0,0,214.32315088189407,201.98617707750986,16.44758672026758,187.5322726533378,14.149844776247779,199.71189347809354,181.96628761555326,15.061940768643614,184.74928013444554,14.605892772445696
1b08ed48,0,150.59136199671502,152.86613489714802,-3.0327606433131713,178.64649012975963,-16.51531941588083,165.58558402896904,159.27755700819398,2.6875569675315347,168.9620235689768,-6.913881224174647
1d78281a,0,-162.3169535729067,-156.48773225597876,-7.771510008925226,-185.71157096891943,21.049682250324775,-165.0082330946262,-175.61276915070343,15.739766087433377,-180.66217005981144,18.394724168879076
2043abc5,0,275.3735158780043,284.5054102476897,-12.174984331361184,280.84359417872867,-27.817593218723715,264.87405848816206,276.45498752679896,-21.590848613847648,278.6492908527638,-24.70422091628568
230eaaa3,0,-133.01067871940282,-157.4923806535347,32.63879000129203,-195.49407530270966,14.476535345988108,-163.0827698763758,-156.08496451117662,-11.68315447337966,-175.78951990694316,1.3966904363042234
25050f63,0,161.1718547406643,119.23942528521262,55.90534186664782,158.30633525595633,18.513690083871644,163.45083267627405,200.90869284174966,-37.27615427018205,179.60751404885298,-9.381232093155202
25fd32b3,0,-46.88082254775168,-57.00177412534567,13.492264161306293,-73.72198479899353,15.524337877822234,-54.609850862837014,-59.63120531808541,-3.0314962324056007,-66.67659505853948,6.246420822708316
27300fd5,0,198.42185268071742,193.30219423019815,6.825587071010549,163.82092737680395,35.546044569183245,193.3879557137044,185.11200485842116,-1.0977729373178977,174.46646611761255,17.224135815932673
28f4eda9,0,116.66131894676963,111.73433938553637,6.568682452815662,118.85983262559856,-4.70292974479552,110.2070429112084,146.58360020595075,-25.096729451682677,132.72171641577467,-14.899829598239098
2b547943,0,-81.40990162823266,-71.6574447025373,-13.001408150869578,-115.88642138170499,2.7966090740318075,-108.17144436781311,-112.22181915875268,1.1861852076683639,-114.05412027022884,1.9913971408500857
2bff06cf,0,406.7722555516792,459.34108810023383,-70.08718054932528,364.80079555071075,-41.6525073085487,304.41782468763967,320.4889020979915,-18.231211027786756,342.64484882435113,-29.941859168167728
2d196986,0,156.40901847205217,159.50336499986122,-4.125476776174972,176.0674307134231,5.7019527372847785,179.45371843472617,183.2507234175352,-9.706801946847149,179.65907706547915,-2.002424604781185
2e29e833,0,212.41773356689512,240.4074520726873,-37.31618761188492,206.89256856854502,-19.515520344519988,204.8175427698232,200.3765649092202,-1.019828219432764,203.6345667388826,-10.267674281976376
2f8e53c3,0,-68.38025990506814,-59.71139291558268,-11.556262250080943,-63.720906590414025,-12.246398499842819,-59.423431998217644,-57.1938751626554,-4.476615646485368,-60.45739087653472,-8.361507073164093
33c40295,0,162.03027193192048,118.46358615716761,58.08194926869141,123.13068491328215,32.39451521995992,152.9935138534747,128.85504597507517,16.452163960831964,125.99286544417866,24.42333959039594
347242c8,0,-151.77944635791079,-138.83196990735271,-17.26090158620004,-159.34828111722445,-9.579904393519229,-156.71066886277507,-171.10856539449173,13.84857647399992,-165.2284232558581,2.1343360402403455
37344c2a,0,-64.65993790263191,-100.73950011202463,48.10145558120267,-90.83954243156651,-21.232473924942557,-89.25941307575236,-82.4475497769003,-6.456562930928427,-86.64354610423341,-13.844518427935492
373ef48b,0,-116.11222896582274,-103.5771142340381,-16.71110547054059,-119.26675738216196,0.3290973198079312,-115.25692136780287,-118.56149327946133,0.9196905430741315,-118.91412533081164,0.6243939314410314
37d36812,0,131.86336193443117,132.53527607861358,-0.8957829745777653,96.84582446430056,16.2401747451803,100.79103987743933,97.14074869475161,11.678821583918388,96.99328657952609,13.959498164549345
3a86fe8d,0,-156.25322769602442,-150.3529602036149,-7.866254909135427,-114.80732130053522,-31.229269040846663,-148.67248248254975,-136.43892358347537,-13.948021689726575,-125.6231224420053,-22.58864536528662
3aaa2b30,0,-175.3765536088515,-187.06454028301613,15.582328583850206,-182.2946686605379,-2.7286643289834966,-173.84167900088903,-162.20011577525062,-16.952277185803045,-172.24739221789426,-9.84047075739327
3bbe1f5d,0,-219.61249562935876,-161.83755166617442,-77.02769182623517,-175.45043982834466,-47.38855608874971,-237.00579812067812,-216.67629339648553,-19.676590775794818,-196.0633666124151,-33.532573432272265
3c3dbcbc,0,124.47689739952008,86.18318776907238,51.05324417397893,101.24860319419744,31.252187453176113,122.4427359224336,108.90322418262048,22.92080677939597,105.07591368840896,27.08649711628604
4121c517,0,156.00189260534546,180.72008650470687,-32.95316684005451,151.018524460229,8.369513905935591,146.68795928763478,154.8844696538603,-7.411440283964797,152.95149705704466,0.47903681098539685
42669188,0,154.23925389384146,207.30457010911346,-70.74549511772193,169.0677229198708,2.0621169183712187,175.10671660201206,154.47141991077945,12.485667463453042,161.76957141532512,7.273892190912131
43e16325,0,-30.63535583425536,-58.89745741582423,37.67773857716636,-69.95870465832994,4.38769429176796,20.438547214386084,33.01051606020991,15.628673773304104,-18.474094299060013,10.008184032536033
44441e54,0,-119.0174848179181,-123.6048891737903,6.115837381279808,-118.13390816390006,1.47708715795957,-115.25916755140082,-114.4628855144775,-2.293096356778859,-116.29839683918878,-0.4080045994096446
4463446c,0,-136.6206392156532,-152.92461765619424,21.735300702741462,-173.55624367482815,23.727940074564348,-145.6133255575141,-154.46171218917164,7.620102690956953,-164.00897793199988,15.67402138276065
463c38f2,0,181.341228747266,157.37281010641038,31.95430960099719,167.36411676200376,15.871696471767564,176.60959914077623,170.00960178544037,7.175425609352366,168.68685927372206,11.523561040559965
46a7190b,0,-51.660590506774625,-79.91457018848585,37.66750517022574,-79.65894219073681,-3.2209478810315857,-74.87427920763726,-77.25972434729997,-4.076459179787395,-78.45933326901839,-3.64870353040949
46dfcfca,0,-51.62895985212127,-74.10498997532592,29.963886013986752,-78.5290182208789,-0.25784245132861106,-87.3911757520962,-87.02914721757581,-8.87073151302964,-82.77908271922735,-4.564286982179125
47222616,0,112.47583888427846,64.16988665652363,64.40062884550385,96.0535417618295,18.008806034233864,97.69720169776888,89.5894556874846,17.459573341108204,92.82149872465706,17.734189687671034
4936af16,0,-126.60558614410259,-106.12581184416777,-27.302945597257864,-101.84448780163268,-23.04382974257488,-131.30569187399925,-124.81532197561343,-8.210907690492204,-113.32990488862305,-15.627368716533542
493b5b31,0,-78.22567702598496,-51.26389405125143,-35.94519667992802,-108.11471913494685,6.542516181453457,-107.05710382988178,-93.89925475760198,-13.826048275817403,-101.00698694627442,-3.641766047181973
4c3df468,0,-256.56495081580965,-192.35887302867496,-85.6001667512512,-239.98964331438646,-4.761991093684669,-264.54715215030217,-238.57550345890024,-22.145850449429886,-239.28257338664335,-13.453920771557279
4ddde4c1,0,155.92003678189943,126.39148765511219,39.36699782981025,148.8100330477582,9.344841341354616,160.52829435874966,161.6712102166824,-6.568116907584564,155.2406216322203,1.3883622168850263
504c8b08,0,138.90506371448075,131.81328675629697,9.454960171950432,180.38064013340224,1.4165918986944508,168.7890854003673,182.49854658794447,-16.815544101818073,181.43959336067337,-7.699476101561811
516088b7,0,248.3300270660726,269.871548572896,-28.719867824976536,271.22854641809545,-30.35995084531983,257.3502511045051,274.76444233666683,-25.60723847444901,272.99649437738117,-27.983594659884417
53134831,0,-119.6766753220761,-116.51403270854233,-4.216445577863859,-105.92182864928694,-15.093207763061528,-100.01346428921552,-95.54146624434208,-7.978451303138103,-100.7316474468145,-11.535829533099815
543198e8,0,326.6111102487529,381.760655277002,-73.52707381943797,310.7060145480494,2.718070944237743,302.9061944273743,319.31202908127653,-21.83405602606646,315.00902181466296,-9.55799254091436
55efee7f,0,208.54930475703884,207.08930661395192,1.946461497718208,264.19790899489647,-55.371106652182235,190.54647290367475,190.78843759431936,-1.381037956903018,227.4931732946079,-28.376072304542625
5663b2b7,0,115.96466881218868,-12.3952956942663,171.12941175905834,55.834018049722985,81.83418900262811,156.3194820139024,126.59801119948764,28.467061505935643,91.21601462460532,55.15062525428188
5693dde2,0,-176.10121677773913,-128.7970120960341,-63.06323417679489,-139.0490316221471,-35.49623794558783,-161.33265321853423,-159.89732195256835,-4.7027537645882145,-149.47317678735772,-20.099495855088023
5a5d1982,0,-127.83599971125474,-130.4409480034935,3.4728185277273815,-122.66226133822042,-18.18838118595124,-138.11418229868687,-141.21726841026606,3.0542959438366055,-131.93976487424322,-7.567042621057317
5aef5c6c,0,-69.08177375547166,-86.10253442274453,22.690712971553353,-99.70469693632415,28.655522223894238,-54.20256522205663,-62.90780737317498,4.004881145873655,-81.30625215474957,16.330201684883946
5fb1c15f,0,149.28692592111207,145.23958188288788,5.395515610551274,97.17457525456214,40.50589511762165,132.95337601700277,126.15754226037551,4.098353412856948,111.66605875746882,22.3021242652393
633774dc,0,229.405054838519,224.3500674187001,6.739442643875869,187.2950187774875,17.700813190646475,207.61569866363578,196.5246157098467,-2.7992835663827225,191.9098172436671,7.450764812131876
660d9546,0,-115.41380458412831,-90.0207444168218,-33.85383681717817,-61.91075830807673,-55.03783439747775,-104.95871057086507,-87.72263961079653,-17.22039937267761,-74.81669895943664,-36.12911688507768
684a6fc1,0,-223.55877186859794,-269.65845442939406,61.463113449866064,-291.7985103569517,40.6447429500413,-234.24799381421062,-247.45240527491143,11.627213167635487,-269.62545781593155,26.135978058838393
69c1bdad,0,73.65689838793149,62.70932871375342,14.594071396221683,31.699267998891063,52.44738918850804,89.74997205031454,71.29425793879314,31.931744352106143,51.4967629688421,42.189566770307096
69e41fa6,0,-153.23499383976926,-157.93976172122962,6.272480534841565,-145.96615715589184,-2.5387457657525005,-128.54189687698658,-121.8687497224159,-13.243995992817618,-133.91745343915386,-7.891370879285059
6ea22614,0,-227.38404971168492,-240.21312485509154,17.10400138844653,-201.33264536818987,-9.40076839438263,-216.0738075437565,-193.77071135525975,-23.07146250804525,-197.5516783617248,-16.23611545121394
7256229b,0,-227.03909985725207,-232.8703500043333,7.774282415440235,-214.54361265546677,5.0558130818389175,-212.54024220806576,-193.26672277295725,-20.019628343867147,-203.905167714212,-7.481907631014115
75c20ec7,0,193.42187466256757,197.8535996332382,-5.908415623585857,169.3401363411579,12.92208490746351,186.4046451599419,171.78278968597087,7.127120572261902,170.56146301356438,10.024602739862706
764072a5,0,83.16706653296542,61.6041301982368,28.7457087996755,68.65467940726089,25.248573232662856,95.20114316797128,88.7222581849792,15.536811240723555,78.68846879612005,20.392692236693208
77b0d905,0,123.23256406109768,93.8830532049483,39.1279945928928,100.15879481974073,20.2133879840659,103.18869844393467,83.2625346972688,27.04568798686214,91.71066475850478,23.62953798546402
7987f2f2,0,-182.01861165084503,-203.65183953438108,28.840412276467973,-172.06625040003627,-11.01370334457549,-168.71392015234963,-171.00705290556752,-1.1017067812599315,-171.53665165280188,-6.0577050629177105
7bb17b96,0,-157.73616127081175,-154.95433430950825,-3.7086298770373585,-167.53640706657657,5.8438944024796795,-159.0858408033737,-153.86694081150281,-4.383982531074844,-160.7016739390397,0.7299559357024177
7c607683,0,166.4651500017975,135.49043188473604,41.29574916788946,201.50472694620908,-20.3216709617144,178.04981714579796,181.96607915047562,-7.664663527257578,191.73540304834233,-13.993167244485988
7ff89f8f,0,204.9326842252636,267.9244264379731,-83.98326673675955,194.4234041827093,-12.308930419793139,193.0163170253769,195.75523114293793,-11.624272253332396,195.08931766282362,-11.966601336562768
833af382,0,65.5871467853865,45.075895646078486,27.3445668261152,42.76514877291901,45.077487569064644,73.97427150732163,64.22064932166192,24.214967607870502,53.492899047290464,34.646227588467575
85380836,0,202.38694587955442,188.97557443798544,17.88047779342795,157.76664476571827,15.816772363647829,184.0439733265829,186.60930777816102,-11.396453752105025,172.18797627193965,2.210159305771402
8648abae,0,-181.80782866041108,-191.5262506032273,12.956369669818102,-185.71346506884785,9.25265334674587,-167.9490735258193,-165.84914637659665,-5.550757420894358,-175.78130572272227,1.8509479629257557
865033f8,0,109.25308049758452,93.52135439929215,20.972687125604335,100.07723373969219,21.680629006579075,112.96968989038747,109.07817263160787,6.701353297543906,104.57770318565002,14.19099115206149
8b5be31b,0,250.2259760732511,249.04230589769438,1.5780878008920303,266.3661127912331,-26.19115746090288,255.3413896732652,258.4728258621388,-7.0779219508475695,262.41946932668594,-16.634539705875223
8b95d6d1,0,-55.19705758800148,-74.18908657897077,25.315395071488336,-39.359915984356185,-4.258301783514698,-48.54635671916896,-56.56662101526743,5.216672436490281,-47.963268499811804,0.47918532648779166
8bb9c1e6,0,168.38714229626495,190.47063545353927,-29.441419731558618,168.70623315204088,-13.738402107357963,166.3898414883263,155.11990784836576,3.2861797433293765,161.91307050020333,-5.226111182014293
8c8348e8,0,-50.26161850222524,-60.749960063874255,13.982657465491458,-92.06307158844089,18.679475024043924,-66.00078115595652,-78.03102431024845,-0.2763291510961016,-85.04704794934467,9.20157293647391
9283ae69,0,167.6191611123791,187.51291241964856,-26.521068617026113,156.34018674826643,0.3984628249541968,161.82046705815253,167.17331403890444,-5.77922300666162,161.75675039358543,-2.6903800908537114
9298ad5b,0,120.80232094771635,146.0140241627356,-33.61136524453762,104.0600803816993,26.82131920887352,120.59428801865522,112.10383233002688,9.746628287723288,108.08195635586308,18.283973748298404
944f36b9,0,-171.57153602043908,-160.23808941859798,-15.109630602411274,-153.84420481242904,-19.942078937938852,-171.40813853590666,-155.46227646187893,-19.733450535493944,-154.653240637154,-19.837764736716398
9719aa04,0,191.44218403992647,175.3994727439774,21.388086501974765,169.32844741680253,12.741876077299679,184.44063088735234,171.9852853801888,10.239398283213369,170.65686639849565,11.490637180256524
97cd5bf9,0,136.62441837191164,126.70511025698094,13.223827378725975,114.61250657022055,11.867313235434885,124.87231650744707,119.58561187413794,6.511543562597226,117.09905922217925,9.189428399016055
9896fc0b,0,-132.0945500957571,-68.42589945418639,-84.87973058278362,-98.35998808661748,-15.601130569854355,-115.0513472482764,-111.20718394643926,-6.327517946805528,-104.78358601652837,-10.964324258329942
992c99e8,0,140.5711284169868,176.24636371290975,-47.56213156883559,179.6663256034069,-22.669387119578335,150.11147859701566,168.13767890605246,-17.022664873671403,173.90200225472967,-19.846025996624867
9ab94eeb,0,170.65228829172497,155.61799315201694,20.043470975513006,198.16265670352266,-17.951311249921684,183.10972359375978,186.9058063579006,-8.807906375901654,192.53423153071162,-13.37960881291167
9b5b61c1,0,-162.2189529593164,-158.22144046601238,-5.329535000711891,-148.6466491185463,-17.56710296418353,-167.08168070734405,-153.87609225675953,-18.386588496425592,-151.2613706876529,-17.97684573030456
9d4272e3,0,145.2403972063554,155.98977642644323,-14.330727841417064,153.6568673753928,-25.058050265996584,116.56374912713905,114.47552812896843,5.399927059882419,134.0661977521806,-9.829061603057083
9dede370,0,258.7909183303122,264.9287000427142,-8.183059242902878,225.30625892072004,-1.4937298256813842,233.902518324737,238.58761677331572,-11.404727960179367,231.94693784701786,-6.449228892930376
9dfff011,0,91.77869526597907,73.6828325886077,24.125024331760965,111.84436816291145,-11.345081835307845,99.37399574249312,108.01784114639466,6.971158341866799,109.93110465465305,-2.186961746720523
a0b83014,0,-107.5807110425435,-99.18316796077107,-11.195612440631479,-125.54313265213409,0.9736685631887969,-119.95720737727515,-114.12163031255751,-7.451351782507833,-119.8323814823458,-3.238841609659518
a3518960,0,159.6019082441663,139.17984841472463,27.226672625537077,158.09758004283879,-1.1297148305206073,164.92081137404827,170.26537757492605,-9.444526049518027,164.18147880888242,-5.287120440019317
a4719920,0,-208.39093154091097,-225.7744056415248,23.175996226578775,-194.40841028127468,-10.397795253682027,-185.69357473109284,-170.06781322885143,-20.698730785923217,-182.23811175506307,-15.548263019802622
a48640d9,0,-119.10474964144034,-218.45371707584704,132.4506786959183,-167.65939967655774,43.81130241421024,-118.43436946406202,-164.81244257400104,30.84648971202855,-166.2359211252794,37.328896063119394
a645da9a,0,-253.20252976011201,-240.14793503797537,-17.40443769254454,-224.24511166794514,9.792780201881996,-229.53073997495895,-236.27276023543402,6.2704452409027205,-230.25893595168958,8.031612721392358
a692b17e,0,109.2752766403839,68.69370579447514,54.10117649637732,70.01135483733003,46.42877245148552,109.73113563624767,90.68317046510246,20.423912286749676,80.34726265121625,33.4263423691176
a6b8ac67,0,273.2859317312506,335.8897977897125,-83.46416906241826,286.477243063833,-52.52974743659261,243.80727912114426,255.9652713051655,-19.699418359902577,271.2212571844992,-36.11458289824759
a85e4bc3,0,-184.49309257674065,-101.66405824420065,-110.42666107799569,-136.34607914196184,-64.54034375044266,-187.06165459488534,-157.914346046598,-28.15063372407485,-147.13021259427993,-46.345488737258755
a959858c,0,-188.1844380593644,-190.7741485383845,3.45255537036518,-156.84113276252145,-31.15598039099457,-208.56285938086396,-171.49993710365325,-20.222636981397365,-164.17053493308737,-25.689308686195968
ab112491,0,159.90994798304925,192.85157521717264,-43.917934958875584,117.37381073404185,17.41854605021333,124.20123961564087,121.91885082663607,8.613061249787863,119.64633078033896,13.015803650000596
ab18d3fc,0,-176.3613601874372,-135.13319105545867,-54.96606593434055,-110.39564714928105,-46.047446157536434,-153.92818524926352,-128.29178849145143,-23.796447321311703,-119.34371782036624,-34.92194673942407
ae35f33a,0,-155.07636946423978,-189.2040633506109,45.49848023404319,-152.24534136208177,5.337246320404117,-149.5577750364906,-170.89371150771333,21.24315299902433,-161.56952643489757,13.290199659714222
aff4e561,0,133.65315438198363,174.99470964453707,-55.11750075544009,162.89423108864602,-32.9139020897143,119.11509246330343,172.78345916654365,-44.40416411744863,167.83884512759482,-38.659033103581464
b19b0395,0,-113.677754240579,-113.66623538802344,-0.015357149256278482,-115.27815262165726,-2.306376798754142,-106.5898670243266,-99.26477743678794,-12.737972949652079,-107.2714650292226,-7.5221748742031105
b38e3116,0,163.0466300674855,176.5550230669247,-18.00974095643191,168.35180059287788,-7.296414553329402,158.42779877250194,151.8059882189536,10.08745166571758,160.07889440591572,1.395518556194089
b7974e66,0,142.88806581481055,143.58736204814156,-0.9323111142221654,121.6103952097684,26.039143243550466,147.1804850090988,140.10837054186607,9.827494517868143,130.85938287581723,17.933318880709304
b8c49c1a,0,-124.26392770350547,-147.59771744778067,31.108118765554554,-137.33894568046054,4.7026651688956305,-117.29922791883985,-119.22393760394381,0.10904078163414135,-128.28144164220217,2.405852975264886
b95e7121,0,-339.4495714166161,-370.5625977377877,41.48074636530198,-286.1330882437724,-5.026287490663043,-295.7049510354763,-259.49927607335314,-23.725551002259312,-272.8161821585628,-14.375919246461176
ba48188d,0,127.6641414615534,130.0802265781677,-3.2210602794571637,179.2429255259235,35.44824874957244,222.2674780125943,203.5835638576742,4.292166199800841,191.41324469179887,19.87020747468664
bd4ae5da,0,194.41105732948793,215.81165170509144,-28.53127641074729,196.61050802226137,-6.518432018252197,197.90631016486807,184.16686525529224,13.978362831708903,190.3886866387768,3.729965406728353
bd8f847e,0,-212.01258099336022,-253.04441454976168,54.703598600049965,-189.82815093983714,-13.901966879239826,-202.14665221233636,-204.222703236985,3.6066030132329563,-197.02542708841108,-5.147681933003435
c07fd0cd,0,-160.3149964167764,-218.85181637219438,78.03978398318506,-192.47388634796135,53.85506708759288,-130.74377856886923,-136.3631268186292,3.9719748278672675,-164.41850658329528,28.91352095773007
c3957531,0,88.46222715853628,51.3579551876015,49.46771034630425,77.63343963260388,18.274414263561823,105.87547492501646,117.75616444827949,-3.3972688381487717,97.69480204044169,7.4385727127065255
c472c0b5,0,179.69491639471747,177.00072342075183,3.591669367802833,158.7754827365082,7.789956132130164,162.1494844418559,167.54567810987135,-4.871076263977097,163.16058042318977,1.4594399340765336
c50b42f6,0,-111.10729996025867,-115.596241843012,5.984758316169506,-140.4492908303735,3.1228737677221865,-135.27188330323307,-138.0660115796631,-5.922493200486864,-139.2576512050183,-1.3998097163823386
c593337f,0,160.24254647581148,227.96335642555988,-90.28574611205345,204.21114589841144,-22.166829091426028,180.35124785573745,174.70926064968012,3.598803847560688,189.4602032740458,-9.28401262193267
c84c65be,0,306.2077664195585,350.5567014298715,-59.128433771154356,306.12448047482667,-20.573723304266345,297.10482323187,303.17939502988224,-17.45059615915555,304.65193775235446,-19.012159731710945
c9578d27,0,192.46423563076266,215.16967011774125,-30.27053988720042,172.4563523741904,-4.341397902650444,181.16683748743262,163.8348824180733,3.9616571356381227,168.14561739613185,-0.1898703835061606
c96c018a,0,-205.28469442740803,-178.3027457506032,-35.97304749567506,-181.81158334848587,-28.835983823795832,-227.27907119385029,-233.11287056447708,5.191175186313173,-207.46222695648146,-11.822404318741329
c99f9fae,0,-307.1670262347476,-292.31765169243675,-19.797610007525993,-262.80651667336696,-8.826779948138892,-273.466843208062,-263.6874345748099,-10.58264552181261,-263.24697562408846,-9.70471273497575
c9fedcf3,0,-95.62279299272265,-89.56414687374036,-8.077046702111074,-90.07410232575614,-18.779386314847212,-105.89023633680766,-100.19857346803045,-8.02148177716157,-95.1363378968933,-13.400434046004392
cbe51de1,0,-182.93661556506257,-184.06858692986805,1.5091047778024076,-198.10807251692404,25.659938495008547,-168.32862286590245,-165.9460296182113,-3.024790444711383,-182.02705106756767,11.317574025148582
cc08aa63,0,116.78348117339918,111.2204350134939,7.416262453174497,87.68111462950952,22.095866691617072,104.00282488786836,83.54758856847064,24.32993343254452,85.61435159899008,23.2129000620808
cda7eb37,0,145.1252665829141,5.682680626405757,185.90788689012447,115.7124932978281,51.99058212974137,163.15495513596568,138.44840843611334,21.740716391094097,127.08045086697072,36.86564926041773
ce8399b7,0,-72.74652936741894,-60.54031694890838,-16.26991432516814,-106.60810380436726,32.07320345944867,-70.07893609603735,-78.9510517147623,7.022382372769425,-92.77957775956477,19.547792916109046
d3df146b,0,-143.0198602244017,-141.2268452718946,-2.3904800823853374,-139.04106218469963,-29.99776737604354,-167.46114453218846,-166.21017894234407,-1.5063453838440908,-152.62562056352186,-15.752056379943816
d40f61d5,0,-123.02112859889687,-140.44304976598875,23.226353318306188,-142.7781561529645,18.740529176289517,-111.65856438774148,-113.93806161557954,1.5052795726297807,-128.358108884272,10.12290437445965
d50c649a,0,234.080796014,230.58330600451598,4.66284162528248,228.83394237429425,-11.941178525934056,225.76044457057978,202.03122376217354,17.471798783961237,215.4325830682339,2.7653101290135904
d7ba4f9d,0,-294.02792155855775,-403.97408301341216,146.58271436992376,-313.14295542622784,74.09952528971466,-231.0372539252005,-225.28683458204952,-6.900772803066676,-269.21489500413867,33.599376243323995
d84b621b,0,126.43327192411522,157.93512214573872,-41.99721008269511,166.18669170585378,-37.20687626124585,135.973835021322,133.36856090940918,1.6563838096589245,149.77762630763146,-17.775246225793463
da2d4d7c,0,-60.55795935192497,-57.09375354755317,-4.617849124251632,-88.71640375059738,8.299913559962707,-64.70576302289307,-74.09573759779876,-1.1904172984129564,-81.40607067419808,3.5547481307748754
dd7d638e,0,140.76788533272594,132.9546034865414,10.416498329881597,145.57164758901152,-7.430997149868297,121.75529998181058,110.24224091480296,15.596840925267859,127.90694425190725,4.082921887699781
e46f4ef4,0,-138.2538868946373,-148.52513003306012,13.694039281549276,-165.18444189395285,-0.7946803237168583,-142.21250092205116,-167.58768915613774,10.313215736134023,-166.3860655250453,4.759267706208583
ea41324e,0,-148.9606566265339,-84.57007646225432,-85.84556588820453,-134.68488463047325,-28.60459367399492,-154.69459310244,-141.84377052711716,-15.696127219634361,-138.2643275787952,-22.15036044681464
eabc711b,0,118.96809984359416,150.48785090783903,-42.022406323204066,166.10713762920676,-30.79651676917515,122.14666570324681,145.35084389782173,-9.962655490235154,155.72899076351425,-20.379586129705153
eba6605e,0,-44.02534818974701,31.61251614016089,-100.8390540699944,-8.630278662590811,-31.635627449830544,48.38524826693804,64.48208444978235,12.800986701205082,27.92590289359577,-9.41732037431273
ee0300f7,0,-80.46203780074214,-93.44125626769579,17.303720813515433,-117.0053194538462,4.569407666073116,-117.18518785614766,-125.69701528193411,5.314625647328625,-121.35116736789016,4.94201665670087
eeda36f5,0,-184.8508762544558,-206.44691046798187,28.791711585213537,-150.3988872875045,-19.592420120460556,-169.51953639144503,-182.95674135199855,14.98884412054695,-166.67781431975152,-2.3017879999568027
eeed308d,0,-133.35536221606262,-146.83699158580814,17.973201274298372,-146.70617637019393,6.587278422700851,-137.1593397997065,-134.86292958467263,0.7806346988113421,-140.7845529774333,3.6839565607560965
f021b650,0,187.90532218125125,169.19182162845354,24.947998330547918,173.90914582050902,12.771999831825617,170.69685480218496,169.54215560322453,2.624801304391129,171.72565071186676,7.698400568108373
f4d12d23,0,69.00556841361279,49.754307329799204,25.664881290018357,91.74387618567135,5.096018116785511,92.28128546258345,84.29319816408557,18.40343263417896,88.01853717487846,11.749725375482235
f6bc699b,0,-117.11785255020361,-130.8446164477839,18.299913500548893,-114.84720787442293,-3.6999213970992613,-134.21228376264247,-139.11979698877926,2.0875174479720497,-126.9835024316011,-0.8062019745636058
fb03ae90,0,56.19267002007931,-116.33812579885483,230.02317854674035,52.975214440489786,69.2940050899036,114.5506744481141,115.96363702887986,11.447356563515575,84.46942573468482,40.37068082670959
fb3848a1,0,195.75705441189626,201.24089745892735,-7.311173179482084,220.32699076634424,-22.555736055152682,192.84513473967002,203.01654362477606,-12.872536840092739,211.67176719556016,-17.71413644762271
fb73b13a,0,370.44406675070564,288.4109362966478,109.36781240350136,294.1861003428124,66.66601476075164,297.81555259451756,294.67038951386917,-8.894030061015387,294.42824492834075,28.885992349868125
fc0d20b2,0,172.7807998722491,171.38292760561615,1.863594059300489,168.5313948051438,21.85246709370011,180.3646316938571,176.81217485549817,4.9476747424286245,172.67178483032097,13.400070918064367
fd3b4faa,0,178.1899461089251,189.5234566991816,-15.10984323832052,180.66625234514342,-7.631249461537225,169.95184699433662,170.48887817206023,-4.340934135571062,175.57756525860182,-5.986091798554144
fef8af96,0,-123.5486874573438,-76.64165047952713,-62.53454472454159,-63.085113208614736,-22.746024037565764,-82.23911544827186,-86.2698857015183,1.5977067336087167,-74.67749945506652,-10.574158651978523
ff8bb73a,0,278.18192113117726,320.676701266904,-56.65492785751687,290.2139688372336,-33.39483316983398,271.34879333875904,293.0566059302039,-24.968960233397443,291.6352873837187,-29.181896701615713
015fe0d2,1,-136.63787851144747,-98.7387933474942,-50.52623362250421,-164.80183398380962,-5.105202220371857,-169.51721967351793,-158.36613529892273,-8.387750270657264,-161.58398464136616,-6.746476245514561
02e7fe5a,1,103.95191837996398,148.2646738893842,-59.07789169958196,137.04193941022382,-38.08336728179756,103.03082914230541,125.5978436918726,-5.41600511549089,131.31989155104822,-21.749686198644223
0849b4e2,1,-153.535994594131,-145.08811034648826,-11.262828703821297,-136.54298519129836,-1.4329317740884713,-130.01323672118963,-127.17660697156184,-8.770147972653877,-131.8597960814301,-5.101539873371174
09053135,1,-175.6347222446815,-183.42490178753715,10.386027002802871,-201.72992562665942,26.51829750239647,-174.49105316562418,-169.39019807697252,-4.806346715211432,-185.560061851816,10.85597539359252
0955cd6c,1,-124.64155839137673,-96.2193381976179,-37.8926469121565,-100.10923782803401,-31.298005811069306,-121.55905757848404,-116.65247620296707,-5.16707243084116,-108.38085701550054,-18.232539120955234
0be01c24,1,-159.0691412625422,-148.00551813520389,-14.749941109627194,-136.5519766342184,-20.181294507475815,-162.3078743398745,-146.66924482004265,-16.982541222360112,-141.6106107271305,-18.581917864917962
10a1281a,1,192.48318543646963,223.02322933350766,-40.716429290655796,229.1091471775654,-30.60714675532688,188.75199019591574,200.22288185661264,-13.476009946538682,214.66601451708902,-22.04157835093278
1131525f,1,-99.22364853914239,-99.07995084610606,-0.19157389557194937,-109.99344279812897,-10.964624056324336,-113.62999076195482,-106.94676174841572,-8.608086656252794,-108.47010227327235,-9.786355356288565
11d0f5ac,1,159.96613693656667,153.43172605493422,8.711655894199316,155.30209362877753,-6.080149749839831,149.50631491957512,162.40270829524238,-9.300277480152083,158.85240096200994,-7.690213614995956
12203f2a,1,126.83129625182328,142.8381661610107,-21.339221830703035,161.8488947528881,-24.775793148075092,132.50787075355078,142.03918960049944,-6.726176139225527,151.94404217669376,-15.750984643650309
122bd617,1,170.65702095307535,168.29450328872886,3.149678986332808,212.07286922766596,-27.78051688604562,170.34660570338553,170.59763904826386,-4.625489954273595,191.3352541379649,-16.203003420159607
13ce113d,1,111.72155254743132,132.9223748048589,-28.262999315429145,135.0938594556719,-33.275028679634474,98.08695278612045,104.53816610736003,6.490828324257856,119.81601278151595,-13.39210017768831
13f598d9,1,240.54053633027124,269.0832286774503,-38.054318988123484,262.7046471067573,-33.539231776268636,236.12365952861924,233.0950911733061,-8.152058845901394,247.89986914003168,-20.845645311085015
19871e7f,1,169.0470906985481,186.1715654211204,-22.83047650017284,181.91066757343947,-5.267306510740652,172.18286391890837,167.7462034437335,3.735365498116524,174.8284355085865,-0.7659705063120641
19fb4f7b,1,210.55896048345676,197.65213280565177,17.207572783752116,179.46969675410762,15.690019881304792,214.33205606439276,203.72755015149224,2.7384765002976876,191.59862345279993,9.21424819080124
1b1eba53,1,12.025758840836033,130.38266727862006,-157.79226438490934,-62.37480510493765,-32.76120010897868,-91.50077167816745,-82.52161048513177,-7.417633834175494,-72.4482077950347,-20.089416971577087
1fdbba44,1,263.40892673073876,255.79034812450521,10.157070799271427,244.94793193219104,-11.81479579401759,237.540776713982,229.36479063348295,-1.7767162130470617,237.156361282837,-6.7957560035323255
201661b5,1,195.76411299407405,130.0158045013939,87.65705198749873,135.55428268384057,45.61939375717539,200.4476771135987,176.59176409239427,13.774214233032136,156.0730233881174,29.696803995103764
204cc64b,1,160.54394150299203,186.4739652418826,-34.56976808912154,165.33870276016148,9.035254533502371,165.97333179235946,167.88192264715457,-3.7267321616086235,166.61031270365802,2.654261185946874
206b6193,1,197.6453697612059,201.0460407738937,-4.533881151248732,246.27306257174095,-2.3843823718697834,265.7387046336912,285.17354461720925,-21.53936265641626,265.7233035944751,-11.961872514143021
24d8997e,1,100.39523444177014,90.81564081033235,12.770936615829081,105.14082387765302,8.48620141348771,99.04350742002926,90.84895901487627,13.609422958674982,97.99489144626465,11.047812186081345
25939962,1,115.59252217977799,78.43394646460172,49.5390332721308,81.42163742858776,43.90619879133814,131.0137246573486,114.26537182979786,19.889532392847922,97.84350462919281,31.897865592093034
264feceb,1,218.98926979588535,266.39430109689187,-63.20113068263382,259.15713108624783,-52.08615571603606,209.01207204414837,214.99041053782136,-10.740519823406107,237.07377081203458,-31.413337769721082
2ab29395,1,-50.32610444164181,-58.64077325712118,11.083233661216417,-51.16527330670522,-12.377106999588252,-58.408376768024034,-58.43517422376285,-6.2883454805812855,-54.80022376523404,-9.332726240084769
2ac7cb6b,1,224.4309466170475,224.6019234261459,-0.22794624078155937,204.94090017986358,33.65212029862449,251.37458200880607,241.93736119504206,1.301048439794777,223.4391306874528,17.476584369209633
2f19d536,1,101.7161206782551,118.61082189151867,-22.522622077118562,112.3060973194334,-0.1261930054559659,114.35043169397589,115.92910342393216,4.8631272121637075,114.11760037168278,2.3684671033538707
2fe023be,1,173.0748480795184,184.38392749331646,-15.076986813626464,131.39600046194204,49.498160240704976,180.0987396993478,166.95552019954616,11.381322691473535,149.17576033074408,30.439741466089256
30d75030,1,132.25309967437556,161.74196028882338,-39.31270718037696,163.84312979131826,3.69028805062122,164.16469201347795,164.83100306238484,-1.6822125925137232,164.33706642685155,1.0040377290537483
353e5502,1,220.3975514467169,204.77281029860958,20.83127015457719,218.84066222330063,-5.6895987194709114,226.9392475012389,216.54108515656884,-2.150402430616381,217.69087368993473,-3.9200005750436464
367456ce,1,-219.44805420229986,-202.73136614060155,-22.28691661511159,-201.10506078077856,-16.920474914959772,-236.34260912948073,-222.8385955014794,-9.756071558754238,-211.97182814112898,-13.338273236857006
368131f9,1,198.73963320938904,137.57375624469043,81.54633409970432,158.20594299164526,31.98946310553227,180.9829052582533,172.82017042111755,9.373650204784775,165.5130567063814,20.681556655158523
368fe682,1,180.60223113386036,235.7078388822793,-73.46670249141037,183.34266409810854,-20.650493846049216,151.3702174198516,163.5171050376576,-12.8447171602724,173.42988456788305,-16.74760550316081
3ac16ad0,1,-158.96023040992773,-180.54322641710218,28.774781343370435,-175.31255515114802,25.423260892747653,-145.98951490375578,-142.8587282246544,-7.928782989625342,-159.08564168790122,8.747238951561155
3b21ea64,1,238.62489936786807,265.6025083874618,-35.9677073666863,258.7011251614502,-31.920909221329335,217.06855340089166,226.39085235159422,-17.574417433872394,242.5459887565222,-24.747663327600865
3e011332,1,128.99915947346727,75.70564774736184,71.04497268039557,61.05205677476077,55.138942238381546,118.01366570339418,88.69294043060484,28.364300657899683,74.87249860268281,41.75162144814061
3e678ea7,1,-143.78437384582153,-154.1535586824351,13.824571939916282,-162.03111319212022,-5.109094505271152,-143.60295527149813,-155.74537812803467,2.325621127312111,-158.88824566007744,-1.3917366889795204
3ef6372a,1,-127.67861591642946,-149.8494458881409,29.557980454389735,-140.4303288786755,7.153675232113905,-118.64053758025783,-156.79737025347268,28.082559763880774,-148.6138495660741,17.61811749799734
42c538a1,1,45.28861880808203,10.971659197524636,45.74897115561907,-56.4273816233318,66.29215740014028,-37.25030076492782,-50.96325820309758,5.26556205988322,-53.69531991321469,35.77885973001175
43c7f85a,1,-218.0160162551038,-183.67236318628247,-45.7877080608682,-180.02686371347235,-25.780714993479517,-197.78485965981466,-184.58733325280215,-18.297356249621416,-182.30709848313725,-22.039035621550468
4654e7de,1,-156.87841329569898,-112.14704325318151,-59.636277614059615,-116.30793262085601,-54.217008708664544,-173.43187462338804,-148.74047715457453,-23.796631252489416,-132.52420488771526,-39.00681998057698
4a335117,1,-167.04278132883607,-145.02941641661894,-29.34822746337719,-165.2970343219948,1.7703500133030319,-193.36907721927162,-182.3958643673363,-9.89541552307639,-173.84644934466553,-4.0625327548866785
4cd1ac61,1,231.61613889870995,188.17137059635317,57.9199071398458,203.96584097235507,25.452626694338505,215.57788156550458,203.1977768569763,5.050538564943789,203.5818089146657,15.251582629641147
4f4afcc6,1,-191.51005805268804,-142.77745418124894,-64.97105092837624,-162.70350020607245,-26.956833061806677,-181.2195049594715,-152.18315412001627,-29.155724819926924,-157.44332716304436,-28.0562789408668
521a7819,1,177.4731625005876,187.63501453688644,-13.547833497345943,272.8505026833332,-68.08964219335661,194.81925469449746,195.15887290263498,-2.7765964546648787,234.0046877929841,-35.43311932401075
5254b6db,1,105.81875659870171,106.78701654174623,-1.2908161561320206,95.37058402834195,19.672822359631482,113.85349196097648,130.17640980154079,-2.697673137528645,112.77349691494138,8.487574611051418
5542c301,1,175.17203219244277,191.19496262295277,-21.36093342285703,168.3527532900992,2.0573953323684258,164.07112841676397,163.79318325395096,-1.7916905819190851,166.0729682720251,0.1328523752246703
58850d2c,1,51.424644802018214,34.654360200286675,22.358141640765904,72.63094154309296,4.952664051188754,85.36960870155085,87.57830788701013,14.135780317455131,80.10462471505154,9.544222184321942
58fa8486,1,131.93464151413679,139.55180144370422,-10.155078720518043,161.57469411701965,0.9825748359903008,144.74494936585936,147.60109170380662,0.6741286635993495,154.58789291041313,0.8283517497948252
5aa403d0,1,177.81207586637618,180.07860917787943,-3.0215599580732997,135.78116546379474,10.24727054053076,141.75062116052067,139.50705401860884,1.027743248428741,137.6441097412018,5.637506894479751
5d11dfb5,1,234.99785740613325,254.3112216026645,-25.748968480472595,201.01450903788313,15.287296513212041,239.29653951166907,242.50631835692974,-9.289773209502412,221.76041369740642,2.9987616518548146
5f6756c5,1,243.7733047851507,237.3023595236916,8.627199779353749,218.80323824929846,12.411312946145113,239.0501165057127,230.44968258770342,-4.340569535387071,224.62646041850093,4.035371705379021
62a6f539,1,111.6207491115565,109.1872285080488,3.244254953638626,131.860796138374,-1.5291111471355099,119.53204493870425,117.28674675228018,4.18590135450289,124.5737714453271,1.3283951036836898
65156b96,1,-176.29450570841664,-201.3287989330715,33.37387776669795,-151.74869140581285,-20.852139421873968,-169.52516386782972,-162.91507093319234,-4.359149811677088,-157.3318811695026,-12.605644616775528
67a8da4a,1,176.23404254572944,204.35025489139875,-37.484467137827046,172.35939241648094,-11.387907928188994,152.83896808357468,140.03033117881475,10.662570925482225,156.19486179764783,-0.3626685013533848
6d1d74e1,1,-269.8725472694865,-194.56390292136317,-100.40291565122801,-229.93730064626382,-10.205678832891259,-252.1582791397335,-246.25099464530663,-6.31206651333298,-238.09414764578523,-8.25887267311212
708caea9,1,446.22250004905385,438.10684339722786,10.820049388605481,356.32224972413957,19.350624391026575,321.6401456844528,336.32836461945817,-24.472868525566966,346.32530717179884,-2.5611220672701958
70925e23,1,113.62125639697231,229.39849949730635,-154.35668086510563,147.8100120902315,-46.6796365330058,117.06241297079164,148.41937743341933,-12.240633368253032,148.11469476182543,-29.460134950629417
726f3dc2,1,213.8647079859259,245.5991309450167,-42.30941756205579,251.49803823292396,-36.01195681001176,214.5910969319161,221.44630128253462,-8.678937079601958,236.4721697577293,-22.34544694480686
729665c0,1,-148.6767670445776,-121.60334872969212,-36.09365821936031,-113.44553669534716,-36.75014681332152,-162.53775427979636,-146.17352276104154,-16.116746942138406,-129.80952972819435,-26.433446877729963
72dd8501,1,148.38101843708174,151.7232233213438,-4.455844196230288,149.95803456113813,-3.857499809887197,136.50725434936413,138.04480837747528,3.648821639659572,144.0014214693067,-0.10433908511381262
739a914f,1,-219.82749048692523,-200.96604203278156,-25.14631419404006,-165.91658856926907,-16.032247494350845,-194.72606920836054,-186.98306013331975,-6.030965996407337,-176.4498243512944,-11.03160674537909
76201745,1,-170.96760004641345,-155.3896239838471,-20.76830044634043,-158.7097659789729,1.2693109753899596,-170.27743653654292,-154.77517355881807,-15.634386071535088,-156.7424697688955,-7.182537548072564
78a4a386,1,165.1061319426637,163.75821183992153,1.7970512932262397,189.02729020603977,-19.619125330170455,169.56090478815696,169.4050600204872,-1.8500325177496173,179.2161751132635,-10.734578923960036
7b38844c,1,-112.91269207094352,-103.00048219007947,-13.214517670506606,-77.0226527939932,-42.43508813138104,-114.75207481644631,-107.5824054282068,-10.789956680962671,-92.3025291111,-26.612522406171855
807f0298,1,250.84931448571282,191.8452265790869,78.66162199575982,256.4354539626136,-18.00583444332281,239.75739431743452,234.90178161289697,-0.32724919316500867,245.6686177877553,-9.16654181824391
81bf5923,1,-6.890613716759944,-15.822850927049496,11.908339132908036,34.595522206644816,23.311944597897984,57.18557159107724,55.42563749088857,12.839510863314478,45.010579848766696,18.075727730606232
82fcf37c,1,116.9701862950077,163.58983832572136,-62.15436899722409,155.82815052663474,-37.54510488586961,108.87542853938247,153.9038322720429,-30.088131005386636,154.86599139933884,-33.816617945628124
8382f4b6,1,132.35814090866077,181.55273180878504,-65.5861863382628,190.4536366310479,-24.600853507760416,168.73039697829049,158.09461594099403,7.45293912151383,174.274126286021,-8.573957193123293
8478df29,1,221.52308490370052,184.66122588111358,49.14408678529309,216.3833438648904,3.154596227409195,231.4142843779959,224.3567867349655,2.5963031870799314,220.37006529992794,2.875449707244563
84815d5a,1,104.16730614200587,102.90191969286096,1.6869506846696805,88.8346560360424,28.74984499363627,101.3706872574601,111.52861644944072,4.451034470990723,100.18163624274156,16.600439732313497
84c3b497,1,174.9952887862607,125.70130326700922,65.71912869590902,131.75079305785934,26.460097766779555,158.69171407477288,145.78336016922296,9.132357296045246,138.76707661354115,17.7962275314124
86454a6f,1,-220.00952702287006,-162.95467647640734,-76.06835859841844,-338.21737380570204,40.52518510648468,-303.0785873081796,-277.1288637643634,-9.194480340770834,-307.6731187850327,15.665352382856922
87695469,1,240.3676586937031,283.6275879846137,-57.67578808088566,272.33829180799495,-35.90277172909175,256.88833203734504,279.39185516886874,-31.56771878997352,275.86507348843185,-33.73524525953263
8902c3f6,1,-153.96940738774475,-211.6860622905319,76.94778225547658,-180.93201365898994,39.050660397814966,-134.4471006002612,-134.14053543340142,-3.515657413318556,-157.53627454619567,17.767501492248204
896d15b9,1,179.91844614948707,90.66864907608156,118.98582759365702,36.737698738075125,88.67639487445459,-26.358449509142535,-27.337540007408265,-2.776897836935871,4.70007936533343,42.94974851875936
89f36adf,1,-104.51375537587944,-76.54048295508942,-37.294173257013924,-95.06766684972496,-26.476272526330177,-111.8090659662274,-106.65017233757867,-7.090569545191517,-100.85891959365182,-16.783421035760846
8ac2f237,1,121.36802135744092,144.904816294826,-31.379443776796954,145.83169923992534,9.868177085091018,158.7634787093041,165.33299899654506,-6.716688317262335,155.5823491182352,1.5757443839143415
8b12bab6,1,137.01433574852456,112.6774895609342,32.44602900195907,122.42542521979709,10.931339921726053,122.6461696214145,136.83592299798786,-4.559253048596496,129.6306741088925,3.1860434365647787
8bfa881d,1,118.3538221122679,99.52884317488054,25.096903460291987,84.19301848619823,8.259974521440478,86.19482871592623,80.776653775318,17.45026330605166,82.48483613075811,12.855118913746068
8d5d46d7,1,224.9576816042459,278.9893164619372,-72.03592180297485,221.01049708961347,-22.675155943181633,204.77216432327697,205.1235041660992,-7.321828380713213,213.06700062785632,-14.998492161947423
8f201368,1,217.60686571315145,235.87960965958598,-24.3617401969315,136.87972325967567,34.84259536004,155.37606980584584,118.21936777601577,13.357757572345081,127.54954551784573,24.10017646619254
91db7070,1,-111.46788408791032,-71.53080148077377,-53.242908198386736,-146.39147515807932,-24.847237791176962,-176.03826958540427,-150.37191478958636,-22.49141412360406,-148.38169497383285,-23.669325957390512
939d9c34,1,167.98578486208592,193.62969023738736,-34.18852300329295,229.80180267165258,-61.79763683970176,152.59926431620292,135.1684761112591,11.31526211467589,182.48513939145585,-25.241187362512935
992ce078,1,81.70882795768813,19.79073905886528,82.54311897414831,53.41465145376799,46.488635098745306,83.53709623828875,57.88488984930021,29.453174333023597,55.6497706515341,37.97090471588445
99529c45,1,143.18205998819826,109.89601203620272,44.37759814269927,147.6525221070098,1.9167021361492325,167.17236474765545,156.24359693107527,4.0838840831662075,151.94805951904254,3.00029310965772
999daf80,1,107.07381046815752,109.12169415202378,-2.7301286175376878,124.36312446481105,-0.5905826679558769,118.41558138358185,120.61079860761605,0.8469509491506099,122.48696153621356,0.1281841405973665
9c350a6a,1,-107.0953336416416,-113.01157746401681,7.887673491916069,-180.26217778321606,41.74968228032636,-121.28522194582405,-130.7702603471339,3.444505520827514,-155.516219065175,22.597093900576937
9d5e14d4,1,194.68899373546924,187.27143312872494,9.88916523032098,255.0564045174505,-31.2533878141744,237.3722839107816,236.16918675055734,-6.966339097054071,245.61279563400393,-19.109863455614235
9e3e364d,1,-174.48267849514858,-207.6245203913044,44.18397348107097,-173.22929780246233,-0.028660312808963306,-172.48760069163905,-175.5369718286815,3.363733089912644,-174.3831348155719,1.6675363885518402
a08d9e63,1,-120.98728796835644,-84.50190179663204,-48.64058264998744,-166.13006372720744,25.84594565964044,-155.64637004312658,-177.8126900513462,20.642509927545348,-171.97137688927683,23.24422779359289
a2e8e7f6,1,-110.05869074741798,-131.50631471420365,28.593828717743698,-102.58320252687395,-32.85213787392182,-127.58370961569743,-125.28774694289032,-5.0064917784413945,-113.93547473488213,-18.929314826181606
a4cdbb0f,1,179.28911069034476,135.7528563211181,58.04276294963568,165.9958068906066,12.520468124459855,182.64823006416466,174.89957801740726,5.170996846044529,170.44769245400693,8.845732485252192
a5aa7973,1,177.21291171516611,189.50398739037772,-16.386326143849303,210.61438721786854,-7.4102388551197285,193.24136208661298,186.10614979249166,3.348355413523641,198.3602685051801,-2.030941720798044
a622ce4d,1,-291.55337556576524,-235.9999930721175,-74.06529706011338,-263.93702046010765,-16.915513128444566,-303.46705769196956,-268.9668760867562,-22.981314040369675,-266.4519482734319,-19.94841358440712
a76db406,1,-114.81292529778224,-151.75443818726112,49.25008031274406,-153.73064773358743,25.609059436397168,-112.02957696890726,-128.28278262841476,9.822293763072103,-141.00671518100108,17.715676599734635
a7744f5b,1,-138.7064222629163,-165.04258871075544,35.11087821696845,-152.7313562272029,-2.3616568616841027,-150.5223442385015,-152.68013251173087,2.464577620929489,-152.70574436946688,0.05146037962269312
a7fc3e6b,1,-177.1585872672105,-85.70229803540292,-121.92892341236721,-179.18094909480547,-14.887509121631517,-197.76012863366338,-183.7637250111276,-12.298584566659047,-181.47233705296654,-13.593046844145281
a9c9b150,1,153.4347812863911,140.80918013462951,16.832023740990678,159.99529838235026,3.5386468419989816,161.2860650359037,159.53038576126264,1.1315297536287867,159.76284207180646,2.335088297813884
aaaf3c03,1,81.75830193161778,-81.85644982775683,218.11661925671564,16.957847313215268,79.3158711032429,63.7902915449266,36.797713475525626,30.327894286970462,26.877780394370447,54.82188269510668
ab94878e,1,276.934618667972,312.5884540908046,-47.53448899170642,307.57846134301275,-42.719049488494754,275.2408932263889,295.3043935955734,-27.240971454123574,301.4414274692931,-34.980010471309164
ae0784a8,1,-267.6699393428293,-308.84515013016426,54.89677259623643,-275.2057906894258,19.56934381671742,-254.6438828774355,-254.11602840029454,-0.5401203308686378,-264.66090954486015,9.51461174292439
aee6393a,1,-121.30023663453728,-120.82710555338764,-0.6307876705269058,-143.67240705748193,-6.096632476013564,-128.19792161855992,-149.88817973773,14.29957255568173,-146.780293397606,4.101470039834083
b04b58a3,1,-139.65415386389182,-150.0458237269338,13.853524031344946,-163.4981349371487,29.94359628659216,-124.97783793126389,-137.08307115746862,5.913168938693818,-150.29060304730865,17.92838261264299
b3388334,1,168.19623530329974,67.35979310823039,134.4375347842173,156.51065805992272,28.83072057434578,189.6389164814002,183.7271236098859,4.139044332739248,170.1188908349043,16.484882453542514
b37fd114,1,-253.93095817236332,-316.2935224152357,83.14499192488813,-304.6560936976883,55.397148433599014,-253.40543211219637,-260.51158188915394,11.8253531105846,-282.58383779342114,33.61125077209181
b4d8dd4f,1,142.7412144485633,122.2645359426722,27.299033519825727,138.39447446696104,-10.813882100814128,120.4935943078879,113.6961712419845,8.118168287862137,126.04532285447277,-1.3478569064759958
b4f37e6e,1,-56.57613344420075,-78.40633997153259,29.102079533596356,-83.63386497896015,5.144827394334808,-81.65935128025231,-75.40350472767437,-9.289489021767409,-79.51868485331727,-2.0723308137163006
b7cdcecb,1,-255.85792639997118,-206.82662587820337,-65.369768686124,-225.3733950803284,-22.621608111624266,-266.96557301417954,-245.4734778102701,-14.474614146555819,-235.42343644529927,-18.548111129090042
b7fea9ef,1,-159.6471133727405,-159.27098641829846,-0.5014377620377742,-133.07757610853508,-28.875688555617753,-162.68786781957448,-160.3565256516269,0.9991677076894411,-146.717050880081,-13.938260423964156
bb2cdd83,1,141.82904063393167,138.9384092719878,3.8536714671950256,176.62360534853627,-36.203792848002756,145.74393163687296,165.80129381743558,-18.564329752065625,171.21244958298593,-27.38406130003419
bc4381e2,1,169.6315977392497,275.09798215732,-140.6076588603033,187.97355260260903,-42.91316408005608,144.73194962027816,170.27168949329968,-20.37445902359396,179.12262104795434,-31.643811551825017
bd2c2f34,1,251.06924760717715,257.8581211431642,-9.05137068142914,271.646030077495,-25.720589034781614,261.3863402573573,275.8007322979311,-25.651196014274632,273.7233811877131,-25.68589252452812
bd6f0e19,1,-142.02431704656394,-101.09565134072857,-54.56624679007886,-127.91070352162535,-30.973528903402755,-153.939071426464,-131.92710633999502,-24.39001561127621,-129.91890493081019,-27.68177225733948
be35c8f2,1,139.688311198807,188.55997097952218,-65.15450518514074,168.33358057837432,-17.758965169958486,143.64938820946327,153.85136953152988,-9.275305762802306,161.0924750549521,-13.517135466380395
bffe3082,1,-148.18178622963782,-141.75144545994118,-8.573038759692237,-182.31750122586928,-8.26215886240249,-177.61268945039708,-176.65060204690278,-1.386141736365676,-179.48405163638603,-4.824150299384083
c1d046f4,1,-174.3585001825084,-141.0569254381382,-44.39807335342409,-182.12489111079947,4.724939847806384,-173.17526981624292,-166.36352173766724,-5.482555411333904,-174.24420642423337,-0.37880778176376007
c43812e2,1,248.1483188622081,288.2823767212796,-53.50723705162019,240.57752288822704,-8.998122880183791,249.11081760716678,263.0329461882765,-15.784560870026008,251.8052345382518,-12.3913418751049
c9e6734f,1,-49.438032121346986,-67.30673650127393,23.82242387138062,-110.88630291168866,7.93008995242074,-79.55618841104324,-97.3290934517283,10.349349454684596,-104.10769818170849,9.139719703552668
c9e980e8,1,-162.25515457700354,-140.20376392491474,-29.398482430514118,-142.89271613120187,-13.415719337532066,-156.76559688991435,-169.17099566869132,13.200853626047383,-156.0318558999466,-0.10743285574234118
cd7f1687,1,161.23168493940267,172.92158401010875,-15.58469102032083,179.42104272046544,-13.610124559835484,165.43381852574024,157.62579944066636,5.01799033636615,168.5234210805659,-4.296067111734667
ce55ba43,1,137.108995648843,137.701537973812,-0.7899602023013722,115.0856512757633,18.771171922475062,126.79547037292525,116.08225924306473,10.913466366165244,115.58395525941401,14.842319144320154
cf50c9d1,1,175.90143210883863,168.213297168021,10.249791756866943,203.85088784198263,5.780830660596802,217.45869383867296,208.8001977229572,6.190243460363636,206.3255427824699,5.985537060480219
d00e7eb9,1,-187.87060822640456,-198.72763297098132,14.474764278220979,-127.37077517190852,-43.49593804422259,-175.8136634296387,-152.22592896336022,-25.313617488199355,-139.79835206763437,-34.40477776621097
d07aed8f,1,-34.580585430173834,-52.17219596266471,23.45151595665617,-69.24555039095176,16.664999267929065,-58.08808740727281,-61.476377765531524,-2.622728814816712,-65.36096407824164,7.021135226556177
d085e611,1,-242.70849650950296,-231.14823486153836,-15.412437552405834,-243.01697179408458,12.009644675732392,-240.7632203109301,-255.05673450391953,15.7860487569976,-249.03685314900207,13.897846716364995
d0a0e7b5,1,114.28044481374144,118.5157243933604,-5.646299717270378,122.93614035165176,-13.328051521786765,102.0784175654822,110.21618458099178,3.1358453852715615,116.57616246632176,-5.096103068257602
d0a43760,1,-35.59014776248694,-93.3340610411561,76.98236038784145,-99.78684080131066,34.12687131716735,-69.2824038048517,-81.4823051613785,6.2696685415952675,-90.63457298134458,20.198269929381308
d24ff243,1,-107.8038294928049,-111.99298740663865,5.585048888312258,-132.97491627299175,3.1978190943934317,-104.89471140774963,-105.54712754266751,-5.067570617912168,-119.26102190782963,-0.9348757617593679
d6c320d9,1,-141.60475481789763,-63.90573918757545,-103.58918826929066,-108.54650387792199,-64.73346336695886,-174.84284706017172,-139.52443873786797,-38.0313028471271,-124.03547130789498,-51.38238310704298
d90aa14c,1,303.0873478940686,269.52623929683296,44.74591163208636,292.882526220932,11.012732238744736,320.0874744241376,329.61777096254104,-25.031092118852822,311.25014859173655,-7.009179940054043
d9eca87b,1,139.97956727225628,246.99094407565377,-142.67064324996426,212.78846857397787,-31.695934032546873,187.64276575374004,188.8236421877048,-6.134165357587813,200.80605538084131,-18.915049695067342
da3bfe4e,1,-131.11374394771454,-143.55462556897007,16.586347761479292,-78.79423342440192,-33.938039645416644,-105.67577451447121,-105.62655274471969,-4.582414035817659,-92.2103930845608,-19.26022684061715
da3cf798,1,254.76818462460093,246.74988889557292,10.690146424477645,231.90249884448258,-3.032523414964852,248.48384853248623,256.69288649603874,-15.862734577550492,244.29769267026066,-9.447628996257672
dbee6c86,1,252.44866901342635,293.23612047390213,-54.37957911134803,288.82549751901996,-55.834288471163255,246.45100629123795,266.5954379950654,-28.262914569463,277.7104677570427,-42.04860152031313
dc5fbe29,1,-140.97499137413146,-152.31156672076523,15.11398150556206,-161.45336707861765,14.017683440443015,-141.09314349192712,-136.76711156499024,-7.786795932515463,-149.11023932180393,3.1154437539637763
dc7da28f,1,-93.74161848958786,-136.35373162997288,56.810201518678774,-143.66855625740848,15.368698427764304,-110.40615822272329,-131.10795484005095,15.259004452693643,-137.38825554872972,15.313851440228973
dc7f9757,1,104.61079443644009,82.427925431273,29.57376757533623,83.5416031581361,39.735722964471606,103.09328321802359,79.84996294256871,25.774459576568265,81.6957830503524,32.755091270519934
dd6bc5b2,1,-121.30785801330165,-126.66385991114787,7.14034483744704,-156.11710004681444,34.47576157557779,-124.01209161997694,-122.19202127567581,-3.791362319903586,-139.1545606612451,15.342199627837102
df73b8f3,1,-208.78506609429647,-140.1575944465482,-91.49468264483295,-172.10954262754535,-15.120787814969326,-198.07370779271088,-180.47812093550002,-14.54155887690827,-176.29383178152267,-14.831173345938797
df8290be,1,123.30033756871077,55.86640833903772,89.90059027263237,63.09713337196125,55.02279864850462,112.26160915719036,88.75462723575454,23.402270113651884,75.9258803038579,39.21253438107825
e149204f,1,-216.30421923749037,-174.71357179713644,-55.44964967039642,-202.47889996365035,-15.97997120809358,-225.87369949018938,-228.7971362575559,5.710245491938978,-215.63801811060313,-5.134862858077302
e25f1537,1,158.94069212064272,197.36001658372587,-51.217706516235246,172.34171470858107,-2.6917192983819627,165.42315926987376,169.15762228462086,-3.547471537393373,170.74966849660098,-3.119595417887668
e6c55748,1,-126.5900704963887,-141.10797869374903,19.355047145895824,-139.97709180027863,-3.89980629437522,-130.6144446940468,-138.4746757736779,5.051670748576375,-139.22588378697827,0.5759322271005773
e7d0c1de,1,-158.03801504176357,-130.13998523020115,-37.19342599240977,-129.4144968899637,-23.623815327194215,-155.96589751492513,-139.4256253533732,-15.813267615701081,-134.42006112166843,-19.718541471447647
e97032ad,1,119.48367852806467,126.86901820863162,-9.845725192954491,112.53927926109671,14.036124941304925,117.84459435724688,107.69975420159402,9.923237739854113,110.11951673134536,11.979681340579518
eb934281,1,149.21305823727636,164.08746971820656,-19.830888180034517,155.7929902596183,-5.475380501732396,145.64401774443616,137.7639381816938,10.151441792659531,146.77846422065605,2.3380306454635673
ed6436d6,1,74.2249166649667,43.81491973455215,40.539780927149124,79.33381570756465,14.128565018289578,87.30977079203787,98.50197519818109,2.432960835863667,88.91789545287287,8.280762927076623
ed6e6e54,1,170.83492360541433,183.1142795498665,-16.371121271839648,154.53701207656874,15.387176242794077,172.55905292991653,167.26897400566807,5.187744236809624,160.9029930411184,10.28746023980185
edf885a3,1,106.88349949410339,145.53975104865663,-51.53340355840048,99.82338567953677,9.947474130497682,93.05566530537676,95.345397225166,5.348971061566667,97.58439145235138,7.648222596032174
f88ddb26,1,-80.7060972040011,-50.58609141928641,-40.155984470344926,25.035420759929515,-108.88305834426973,-87.81783732111802,-86.50818316986211,-2.5490946517875206,-30.736381204966296,-55.71607649802863
fa667be2,1,253.93553403277843,280.7521567444468,-35.753046935395936,274.8908612641986,-28.136989455421517,260.2834778304369,282.0212150541877,-29.999369989326212,278.4560381591931,-29.068179722373863
fae0c593,1,178.58108734104076,126.89447117787829,68.90766402497312,134.42572825948088,37.96468266460426,176.30181574133672,163.9519461122087,9.741121419852545,149.1888371858448,23.852902042228404
fbd68d27,1,-226.80237387927102,-219.90467520870985,-9.196258286109774,-134.71423834437203,-56.35575823972059,-178.32865254495485,-156.1404626585794,-19.87860198148391,-145.4273505014757,-38.11718011060225
fc03f21f,1,212.02849249138228,203.00133016899687,12.034963701242898,196.24743871776533,23.325856734412433,220.4718278366289,203.61133491092627,10.723432639081768,199.9293868143458,17.024644686747102
fcfcc902,1,-68.63748339078772,-89.02778305927436,27.18219748069743,-74.20743876676978,-5.08175951166551,-64.687046177093,-70.31453630588335,-2.777418531177463,-72.26098753632657,-3.9295890214214864
000d7d20,2,92.98656756982194,95.26904662662395,-3.0429088355211604,109.90946572551235,0.8159522544854818,104.02625640809855,89.11543118173904,18.67661994466461,99.5124484536257,9.746286099575045
0390d174,2,-174.2175054401706,-198.66886218391213,32.59811431701901,-170.1593917142725,8.815510411189194,-161.8280125323321,-152.3703265723463,-13.263671970732489,-161.2648591433094,-2.224080779771647
0498acab,2,-141.2149620769289,-124.77873619911637,-21.912684552249434,-134.89706588180587,-9.212873930976425,-136.71827363645428,-137.53975361376308,1.780256215587551,-136.21840974778448,-3.716308857694437
052d64df,2,84.40509679282863,72.4693596322297,15.911063083262306,93.6775206160028,-8.486307414704132,82.38040634728337,90.73352128278646,7.583108930784319,92.20552094939463,-0.45159924195990664
071d7b45,2,153.1160399232681,154.79372170241,-2.236560827610809,136.85796625626847,8.94091040408327,138.25633181499248,133.66437872938684,-0.3981607762192709,135.26117249282765,4.271374813932
084d66f9,2,-110.07677068754053,-71.62919136170498,-51.256843187693974,-126.22754482375689,7.562977638029594,-115.28575594379046,-119.63409778235206,1.1439950265279097,-122.93082130305447,4.353486332278751
09ec2ca9,2,159.47315080748632,148.34151490866762,14.84092039472136,137.16647134123073,24.64240617887592,168.18989816016077,148.6983882964048,13.025766133802044,142.93242981881775,18.834086156338984
0dc5e64d,2,-215.18535347699228,-260.0695143054531,59.8394160553208,-227.918792745361,21.829565751132385,-238.98377027050398,-233.92636666187957,-4.208414992612097,-230.92257970362027,8.810575379260143
10b89021,2,147.59204187586093,228.3622141057733,-107.68361896924849,215.4984940083473,-73.76982483979624,149.9446878556728,175.5107862192064,-22.630146428605336,195.50464011377687,-48.199985634200786
10be2420,2,152.43696155618537,143.37259489711627,12.083975356619643,153.43734594559206,10.735745193591164,161.0372494952941,159.32086634546584,-2.8977581786185054,156.37910614552897,3.9189935074863294
113011eb,2,-134.97432152922892,-113.20846922696786,-29.016702987737794,-113.47397056520086,-12.599712090273947,-128.21093121116374,-123.57086765377294,-3.1915707941258273,-118.52241910948689,-7.895641442199887
125be846,2,217.04667404075659,227.45494032865213,-13.876622672880526,284.50119430888327,-50.481903119487946,252.38345165399122,280.2916093135437,-33.03872573610549,282.3964018112135,-41.760314427796715
1285a37b,2,185.7494606151218,176.37995853338242,12.49155362689909,189.6601968097822,-6.299464818023111,186.562840002936,193.59065559299245,-9.214224332724369,191.6254262013873,-7.75684457537374
1295a25b,2,-172.75024994218566,-117.89431928496963,-73.13465394897575,-154.14536938544668,-31.26734819724573,-186.4607666380568,-183.04181697872045,-0.6391019278612073,-168.59359318208357,-15.95322506255347
1550491d,2,179.18966690599305,180.9448168766909,-2.339943584948784,220.50378605564353,-39.44141005609836,177.83235827117315,180.26217368224545,-4.058552439011587,200.3829798689445,-21.749981247554974
16e4a047,2,88.7393839207168,39.06034102951894,66.23070852048535,104.16687546641694,18.579692075100596,122.10467503146467,120.0587996549358,5.448932850617089,112.11283756067637,12.014312462858843
173ed841,2,200.96524608890965,261.39020941173203,-80.55836974802163,161.2398007976802,-0.16556076872295877,163.34523252616628,147.81970356775093,10.02121659960923,154.52975218271558,4.927827915443136
18d24f7b,2,159.40572471593072,160.01115477967207,-0.8071515524061719,185.23896131789044,-7.160079804479192,171.69130538700563,181.81880908385747,-12.087581388444521,183.52888520087396,-9.623830596461858
19137a89,2,-218.73661304874815,-232.30164092672013,18.08526105619851,-224.10545306298022,7.876505161970554,-251.80851338242184,-251.8426913239646,-2.205174484533249,-237.9740721934724,2.835665338718653
197f8a5a,2,201.90530415142476,272.0253186465786,-93.48594548601241,197.07179235372968,-20.154953572096744,163.46775097030093,179.3565102756285,-11.871015510725003,188.2141513146791,-16.012984541410873
1a730ac2,2,-139.3361218003191,-121.36243929357208,-23.962308520718846,-147.442371602402,-0.08993091444399903,-159.13562756118017,-158.11673409489944,1.274053597570243,-152.77955284865072,0.592061341563122
1b1c5372,2,-184.77410334957426,-168.77267399734998,-21.33273617534919,-135.73636700462686,-12.631196410104861,-157.81962068412813,-154.02159195545238,-2.559077154373813,-144.87897948003962,-7.595136782239337
1b6ba517,2,198.65986882931483,148.76100749727922,66.52677329253397,242.3488871654264,-15.419347891495272,227.52810322878204,247.02210536820678,-20.765802725968292,244.68549626681659,-18.09257530873178
1beca81d,2,-143.29300660863578,-134.27263622489002,-12.025966630331691,-105.84424428577861,-27.697403791612103,-137.06336283159104,-124.1272312101234,-10.884448878660887,-114.985737747951,-19.290926335136497
1e30dedf,2,260.5559469099365,260.87659365327397,-0.42747649492423,275.7291349430257,-19.20700917346465,247.82710657138622,223.01357985504146,8.445474037912573,249.37135739903357,-5.380767567776039
20096916,2,147.1506887160715,109.22071959728756,50.56836682801642,135.67073352807802,23.848012690333146,147.09528333102452,141.21619970535716,8.997156517903868,138.4434666167176,16.422584604118505
22c5f93f,2,139.0648061917957,122.90275158571822,21.547323268235186,137.8085849721253,19.54354202942384,145.83776605399908,136.356981740426,11.920966126161504,137.08278335627563,15.732254077792671
2364716c,2,-160.1352808054992,-107.12050085410283,-70.6781862899242,-161.8791893815086,-14.451137915516115,-160.81712411870183,-145.77240878290152,-21.829490357071222,-153.82579908220507,-18.140314136293668
27c3155b,2,-105.62428003609602,-92.83734873878706,-17.04752270960719,-59.293791595476684,-39.39348033169162,-86.90147853357212,-67.87153484216239,-20.65390288282267,-63.58266321881953,-30.023691607257145
27ebb9b9,2,152.49664249140005,33.337553070070534,158.86501107406437,107.95296781991777,68.73620330374098,165.02963593950946,151.97885928330575,9.851814010508864,129.96591355161178,39.29400865712492
283269ac,2,89.72335942460889,82.16602681885904,10.074525612994304,86.43724307267067,13.07181847834963,87.26170228665652,86.22576642812166,13.6083962992232,86.33150475039616,13.340107388786414
28473855,2,144.9650963270465,180.60210030673318,-47.510468600899806,164.64177179944264,-33.78244721277264,135.54013218223008,147.92292448078462,-6.479347211052959,156.28234814011364,-20.1308972119128
2b034622,2,179.13337163975106,167.36347927012272,15.6916820254576,190.80802570434858,-9.815089331558623,182.93715609974342,176.07581723895044,4.8528341524854905,183.4419214716495,-2.481127589536566
2b06ad65,2,125.70206215971007,124.30237819452482,1.8660260896753322,128.53048943284963,-2.6951016105841816,133.82427062222973,138.45245713832884,-3.9085634013716297,133.49147328558922,-3.301832505977906
2cee0cba,2,-178.5772007082838,-225.36510150360388,62.37819749734194,-185.57617635905132,4.063606333872524,-165.54921654047303,-155.51145544822302,-11.784750698229377,-170.54381590363715,-3.8605721821784265
2d2d0c6b,2,-80.9814727124689,-77.92018031958338,-4.0813187391475605,-90.36363183766684,-11.752573683754646,-90.70992677401951,-87.24109194977163,-3.209797734375154,-88.80236189371924,-7.4811857090649
2ddad940,2,-178.60427147558883,-98.79480129299998,-106.40264823167611,-124.53900420892631,-54.368231369926384,-169.78530199024667,-135.71275154250006,-39.45129316701519,-130.12587787571317,-46.909762268470786
2e63d9de,2,-126.5394576661624,-181.5523222622027,73.34268288484863,-124.53677749609588,28.081390177831924,-100.70747100020009,-140.64073910705616,26.703914283418385,-132.58875830157604,27.392652230625153
2fd68f7b,2,-184.47846063641708,-153.08708552083087,-41.8507433197437,-269.24511122867773,49.327819572988794,-229.82005099729943,-235.33462721302385,2.9519978587425624,-252.2898692208508,26.13990871586568
3584a6eb,2,100.33740942353063,40.69973937485257,79.50804836003964,129.96677575916226,10.090547688245714,129.79328186397674,126.00023955200031,4.412222524453741,127.98350765558129,7.251385106349727
3690a146,2,-98.34764270592716,-109.31944574810998,14.6272753043141,-110.21985877127685,-2.0945768075004043,-108.33529289011462,-116.4120933947904,5.554242481262762,-113.31597608303363,1.729832836881179
374be387,2,262.9310700187787,282.0738328550603,-25.522403243690423,309.8487960149456,-51.29027718414524,251.2286457793599,276.4698313407692,-26.823050078359383,293.1593136778574,-39.05666363125231
39b51819,2,160.548428375089,166.79131668345602,-8.322867636060105,152.1243048996572,7.904248680394383,161.87209463760658,152.84418582276857,4.743470576660469,152.48424536121288,6.323859628527426
3a0af893,2,140.82130528062055,160.06772389880032,-25.657509337304745,110.64708279894049,6.495009525822031,116.32150330073884,121.41647933537678,1.3641086836298328,116.03178106715863,3.9295591047259317
3d96d897,2,-179.53076665989335,-102.35483589618185,-102.89215080264434,-122.53489470603682,-70.66687107198528,-188.17996249773532,-146.22480833658258,-41.92889572594949,-134.37985152130972,-56.297883398967386
3f603129,2,-172.90196717515033,-131.29755189109565,-55.46706355434218,-209.71967807308317,17.989345958630565,-186.66711343242116,-201.68492109785686,13.132065976511631,-205.70229958547003,15.5607059675711
45fb3e21,2,115.60797865423532,134.69805171950748,-25.449943982360047,170.5204917175541,-17.37613821447709,141.2661477634431,142.66579512727012,-3.5223399695344297,156.5931434224121,-10.44923909200576
46d24a09,2,244.81011564889934,250.19452572637962,-7.1784067834453635,200.97428501697908,6.4701668515949855,197.95204471332337,182.117784659343,6.507810527586915,191.54603483816103,6.4889886895909505
49dbc14c,2,-123.6976178369486,-111.93072831714802,-15.687160569903751,-125.35318991038514,-0.8954930206777352,-118.88267857884544,-128.54487713019213,6.891531099001794,-126.94903352028864,2.9980190391620294
4caa7289,2,166.3773861632993,159.39009412013976,9.315526282727548,158.28522253962333,2.766349844126054,157.11229599800802,154.47725612790552,8.585205957098328,156.38123933376443,5.675777900612191
4cecf7b3,2,175.15006821931834,140.25580033878444,46.52182624736967,183.04530847200905,11.765851441511659,206.98121167536115,194.7656486330842,3.855385449618775,188.90547855254664,7.810618445565217
4f69febf,2,140.2580963149302,103.87057784227082,48.512249190003416,117.47015817065761,21.635971722577008,133.02722438819094,156.67585545211182,-21.385404283111153,137.07300681138472,0.12528371973292707
511e1db0,2,-190.220473256019,-165.19073183131562,-33.36862265986536,-190.3920290999658,1.3136224552518794,-172.08157944214693,-164.8311926657104,-13.660488388329036,-177.6116108828381,-6.173432966538578
512943b2,2,-152.82898530321347,-105.94437711506393,-62.50659692042367,-126.48139510914314,-19.68825622255827,-153.01987874681672,-131.45861778719237,-24.11796633435396,-128.97000644816774,-21.903111278456116
54a7e3c2,2,214.00353256402343,206.8343687995972,9.558108631562813,207.2070353622044,8.456762440994924,220.621645571898,230.23150075925525,-11.863608823394058,218.71926806072983,-1.7034231911995672
56b00794,2,-112.55616734590502,-157.91666932009286,60.475684080544255,-208.940372573187,56.53095937681051,-132.62057421505455,-152.7836239791916,11.9042124631852,-180.8619982761893,34.21758591999785
57796579,2,255.9706128303098,276.2739251821295,-27.068785471259837,251.38633128545482,-27.768018753973273,249.2104333358805,270.5668364767733,-27.292406785425648,260.97658388111404,-27.53021276969946
591cc951,2,203.64337175864438,207.9772948786945,-5.777937417750186,232.47142790272127,-17.36139643245637,207.1037949112964,205.69811779603356,2.3239615730446928,219.08477284937743,-7.518717429705839
5a63b5d1,2,53.434268722152666,-16.503296689589092,93.2425888168767,100.072249960389,4.7928709889360945,117.47340185402722,152.96039040119365,-26.634498413231686,126.51632018079133,-10.920813712147796
5cb483ac,2,-109.50767837563146,-110.9332887363959,1.900567147623481,-126.56253236681926,3.6610895019616776,-114.38071417953122,-112.70120099959415,-3.5273889098898077,-119.63186668320671,0.06685029603593495
5eae34a8,2,-142.7998910106605,-126.58258507022758,-21.62087040023204,-138.6368236078236,-2.930135567645877,-141.3455499611031,-152.30316184130146,12.985499418616142,-145.46999272456253,5.027681925485132
61f27424,2,204.99993413412062,214.41429203243584,-12.551468318377475,206.61265693100847,-14.814849114651807,201.11674487099856,202.41167271777746,-5.36879008623919,204.51216482439298,-10.091819600445499
63559d57,2,-195.20906771020674,-222.0181359184172,35.74103294785009,-181.82583693839842,-2.4753217254411912,-186.13845115972944,-183.7481051581216,-5.113570323184284,-182.78697104826,-3.7944460243127374
647f2a41,2,-142.51659633608523,-121.69121345274824,-27.763600776806637,-139.10204809412875,-2.341733129958844,-139.12328164965788,-142.3164115014048,3.5855429831066443,-140.70922979776677,0.6219049265739001
656a067b,2,127.36923496361896,157.10348745363893,-39.639174955568215,143.793835990698,-0.14772518466522988,127.70839151963591,128.46445816113197,-0.4714599170807612,136.129147075915,-0.30959255087299553
65a5466a,2,-167.4214572334853,-106.54936618505909,-81.15412423151268,-138.3871174682074,-37.99364040793405,-176.7902009495513,-175.78802476372945,2.057133723895423,-157.08757111596844,-17.968253342019313
6767c111,2,428.3277455439077,397.691332341842,40.845540282274285,340.30016912040946,-3.376218547085066,313.52640184448506,328.58158689355156,-25.793266634189436,334.4408780069805,-14.584742590637251
67847288,2,238.07015990308747,252.96651601199218,-19.86047154977248,323.4459930709169,-68.79474503088001,257.00597784505385,285.18959262944264,-34.94434475958916,304.3177928501798,-51.86954489523458
699ea575,2,81.7794056192628,35.53275320212133,61.65472176165383,72.44378244825415,28.18026861110326,102.99162400857605,104.97533319062805,9.147283055408291,88.7095578194411,18.663775833255777
6a0ff78e,2,-203.41469590804257,-167.55857103972374,-47.80446960225077,-166.72787605315074,-26.412239557570416,-185.43955086108107,-169.10479667350668,-19.054379475752082,-167.9163363633287,-22.73330951666125
6d590e26,2,255.00186987048463,307.3710935800128,-69.81990538409916,269.4989432855468,-33.210586213255404,254.74787592382032,269.46668212280963,-19.012130038338704,269.4828127041782,-26.111358125797054
6d6d93af,2,-165.5077714681357,-223.49431457139877,77.30464061096866,-124.16417560464677,-5.836660196782399,-96.10095898829117,-107.0901295850062,13.598410508925538,-115.62715259482648,3.8808751560715695
6dbe4b60,2,-162.19105512217502,-128.16302701595512,-45.36582452190808,-151.9411147076911,-9.46486835238121,-154.06486599358993,-131.3276319856777,-21.726628224411293,-141.6343733466844,-15.595748288396251
6ede926a,2,151.77771893418546,155.20532331367573,-4.569676514304553,169.53117782993718,-20.176129663996697,147.36101405860592,159.7665991230276,-6.927762011875802,164.6488884764824,-13.55194583793625
729f4217,2,-210.24656447267415,-237.37185899781582,36.16414078556389,-179.95259579843687,-14.22518163560191,-186.5847992734921,-173.942511743747,-17.37668454961545,-176.94755377109192,-15.80093309260868
75d20a82,2,119.63823743200051,-15.424094994108884,180.0653432173926,60.0410883848577,70.17426928672356,132.77187221229366,117.42277889904857,23.14825279096774,88.73193364195313,46.66126103884565
7993a768,2,105.35907645656259,127.48465608723635,-29.49808508827069,126.54886184338594,-21.985905811419997,117.99936810757531,155.06454976328905,-28.955019004649184,140.80670580333748,-25.470462408034592
7cbbd047,2,-251.74423687410524,-260.67643327259793,11.90843260572193,-250.2001305685193,8.36601776755913,-246.33221576711227,-250.8055297002187,4.465346104368715,-250.502830134369,6.4156819359639226
7cd4bb31,2,-223.19845356155597,-196.97919264199885,-34.95630035020454,-181.0497665751668,-32.44132396983236,-228.30378108409957,-211.28484410924986,-17.112109763484384,-196.16730534220835,-24.776716866658372
7d57c75d,2,-140.49045190025564,-177.0722494924364,48.77019497423292,-155.53940922662542,22.548631157536498,-149.17861362742133,-146.2558230430773,-3.378637627276737,-150.89761613485138,9.58499676512988
7e721392,2,47.61956511065139,-7.375487406798511,73.32079930234696,114.40740232605745,4.123913736847273,127.9981101637032,140.45901975324182,-7.3709813954548675,127.43321103964963,-1.6235338293037973
81fc01c6,2,243.1258233224253,204.69479513094944,51.23703578060389,243.79555199120904,-27.00272951705653,222.47614002007538,229.1097102059531,-12.908932334221479,236.45263109858107,-19.955830925639006
8612b37f,2,224.310511759933,182.62617977170132,55.57373000005444,165.67972811679968,33.54362245922125,216.87361667036512,198.7942246595154,13.14897310480022,182.23697638815753,23.346297782010733
884ecb5f,2,-213.1444426742249,-186.8580617867347,-35.045902012972,-187.2540832019357,-16.70586132179632,-221.7275899628738,-213.31705786399766,-6.163265043701641,-200.2855705329667,-11.434563182748981
8995c945,2,418.8209289623671,376.9413845327153,55.83524094516848,309.568927272122,44.01282093105699,310.651059550444,312.6286612091527,-20.47634936440353,311.09879424063735,11.768235783326732
89fdb2f2,2,-50.370645420260566,-44.12569817713411,-8.324547456962872,-39.42993861501375,-21.5877940975374,-56.353273513750025,-58.31223809922566,-2.5686287009999917,-48.8710883571197,-12.078211399268696
8a89da23,2,-83.09470667253433,-72.07181120943396,-14.695326929211173,-107.88536134896901,-8.334925201971613,-112.90693500762247,-111.61296316101587,-4.676910232472897,-109.74916225499244,-6.505917717222255
8a9c8932,2,163.41684128604516,222.67619877485413,-79.00400618898254,197.01152494779546,-48.390980269788024,149.37426352569352,171.41762674209613,-18.667953384441077,184.21457584494578,-33.52946682711455
8c167025,2,-150.12173255956978,-230.6602378272534,107.37467325499702,-215.63379777922216,63.68372466971812,-137.21515114185556,-155.08312842855287,12.005284113327775,-185.35846310388752,37.844504391522946
8cc21f01,2,-106.80370430444376,-110.87266438503096,5.4246094918615455,-108.20600261187954,-5.177009147109947,-108.35160670252628,-115.4640904870566,4.404177495643648,-111.83504654946807,-0.3864158257331498
8d92cb49,2,128.01068646365295,170.97328266547575,-57.27548340443566,118.27738264195673,12.465872030756982,131.43352283671592,112.17334304884045,15.85078484765418,115.22536284539859,14.158328439205581
90386ee4,2,-137.2584203240089,-139.59823839316178,3.1193513128809642,-153.01389860195096,18.496157491884496,-138.82805896339815,-145.73237439332436,6.611261831609406,-149.37313649763766,12.55370966174695
91abc4c7,2,183.18202249561133,168.2971716055915,19.84477128404418,172.6550959420706,12.577565041039772,185.32672065895295,177.77379720039906,3.2531069452647285,175.21444657123482,7.915335993152251
93f5d2e6,2,-124.22127599655173,-106.45936268282138,-23.679343805574334,-106.76153797964497,11.085511353700007,-96.06851924422716,-96.76060504707596,-1.8710942322351165,-101.76107151336046,4.607208560732445
94d813a4,2,143.1545410068976,159.97995708720487,-22.43157438099277,222.23968615446105,-21.56988066655373,184.56236958529428,195.149365355134,-11.55706739990047,208.69452575479752,-16.5634740332271
96936c22,2,83.43607201776867,65.63090037092171,23.736682368757464,75.09353490157321,21.239654007182295,75.226186662554,60.02602910656058,26.896031136396118,67.55978200406689,24.067842571789207
96ae5806,2,-338.9400056665607,-361.2762371601563,29.78012869664419,-323.4722225285348,8.706096200397111,-291.93613709179846,-276.76069254037776,2.6514960870915667,-300.1164575344563,5.678796143744339
96b7eea1,2,188.398668996999,177.61690735854495,14.374023324440923,187.16519257279566,6.712418291108504,177.5512796629631,177.0743182478747,-2.3616734497829523,182.1197554103352,2.175372420662776
995ff498,2,144.48590544146202,173.50249781692906,-38.68451671822448,165.73951195538,-11.89915993646426,152.2524645227236,158.61866459339885,-4.646861783754892,162.17908827438941,-8.273010860109576
9bd2bba3,2,233.38586629781184,269.00269196488273,-47.48590941759399,260.1587868018952,-39.36433951087624,232.72932779111036,256.24688665893297,-30.02067264793821,258.2028367304141,-34.692506079407224
9c211c53,2,272.434056982649,303.89387279170916,-41.94353459229777,289.56220055562335,-25.132978560117838,279.1467120556922,297.7211337723136,-29.613488319951767,293.64166716396846,-27.373233440034802
9d072e4c,2,-151.6979446987674,-197.48975595122033,61.04977185379878,-134.93506264536248,-8.563067907669037,-151.71877548058646,-134.16109214691897,-18.048058148152528,-134.54807739614074,-13.305563027910782
9da441ba,2,-272.0692186403084,-284.40012349192153,16.439785202698122,-274.2845236137742,13.285385968151447,-276.2096873319603,-260.6262882130504,-4.267783472447879,-267.4554059134123,4.508801247851784
9ffce529,2,142.4261319484906,119.15601048832791,31.02385270441787,162.3923164003129,30.759402554222795,166.3129737144738,164.0087383580068,5.3294855048638325,163.20052737915984,18.044444029543314
a0383629,2,-180.60572711318198,-208.2253113060206,36.822955552827274,-146.36745594984433,-28.08445947010384,-169.28769699881374,-158.20003547484941,-14.624857527413036,-152.28374571234687,-21.35465849875844
a247e7cf,2,-183.1946197784912,-196.21055778504126,17.35305497049479,-185.42353797362094,10.554915579300328,-167.9225930108102,-151.55926594493016,-20.307446199183026,-168.49140195927555,-4.876265309941349
a4f989c2,2,-173.08995776366447,-182.72162437266283,12.841029959836789,-163.09719684481598,0.6064524646221212,-160.55280696216877,-140.70578241162733,-23.41343196233777,-151.90148962822167,-11.403489748857826
a5e6f7dc,2,-308.04569401192174,-352.8854831203104,59.781094647278465,-286.162275483031,32.50469014266465,-253.9862238592421,-251.1902724912005,0.8401239087987818,-268.67627398711574,16.672407025731715
a6ed2eff,2,149.56979732148977,179.3943011957799,-39.762236590552824,169.12214444762293,-24.69280594416287,139.21655783467475,154.59299374194393,-7.851004087073421,161.85756909478343,-16.271905015618145
a783cc24,2,-64.59193318968111,-67.56173043523847,3.9586821132138343,-56.21154215783819,19.806199310606925,-52.497037107933245,-64.05252954331539,7.3148464249970155,-60.132035850576784,13.56052286780197
ac6f01d5,2,-131.67798734026456,-135.53058914008517,5.136289232687807,-112.0269897555902,-17.06335533028757,-108.85397091957242,-108.73535547126859,-4.425245263334471,-110.38117261342938,-10.744300296811021
ad2133a8,2,137.8370338392882,80.18075981159808,76.86832391894143,184.49836270416077,-21.52876637419116,152.58840999879527,147.67874512197227,11.602332936879726,166.0885539130665,-4.963216718655717
af7a59ce,2,-91.74283586850551,-107.3845946555973,20.85223116322167,-98.57433866138834,8.679991471759605,-92.09137297048714,-94.82663054294976,1.777266787371226,-96.70048460216904,5.228629129565416
b0f53bf4,2,89.85941118817838,88.81902570030984,1.3869289849161532,118.06252854202975,-14.186954708572602,92.95848799127474,98.67196331386944,3.8124804655280253,108.3672459279496,-5.187237121522288
b1efb8a4,2,167.23863565824587,181.9458301781606,-19.60795828809432,183.56367678026874,-21.88547473472999,148.76382247943238,160.55590942293702,-6.255953442519592,172.05979310160288,-14.07071408862479
b85f7b06,2,-166.83105838512415,-168.99728536952028,2.8879230056609635,-152.0541847920745,-11.94435285812519,-166.02586516467224,-164.64903700813923,0.4491619989702448,-158.35161090010686,-5.747595429577473
b977be4a,2,-303.6336287967653,-219.98266334092773,-111.52519727045613,-211.9986865889989,-48.46655434391718,-292.0803948551636,-262.98718929062557,-10.429345888626878,-237.49293793981224,-29.44795011627203
bb337fa0,2,245.80380821173875,223.15755203767642,30.192811912019735,212.93236048716867,11.251525134823815,232.54580197450443,238.78460674081452,-10.86570992115109,225.8584836139916,0.19290760683636243
bb682ebd,2,195.30204160693032,198.4263593168421,-4.165253835806712,169.17325740316227,-1.2893530159287097,161.29309610321056,167.6056269378996,-8.204444989926865,168.3894421705309,-4.746899002927787
c1708b88,2,-276.3399354533948,-208.42232231013446,-90.5496486819212,-216.32223512127996,-38.4009241503442,-255.77789137557806,-230.98000846953084,-9.880629811365985,-223.6511217954054,-24.140776980855094
c2c6fc71,2,-194.08530176576426,-190.20264144775868,-5.176516879033786,-209.98338822128412,6.659691783098442,-202.371843675903,-205.20147879114032,1.1838570961619113,-207.59243350621222,3.9217744396301764
c47e0767,2,145.76280552769106,172.29070972428536,-35.36647988140559,115.37182274911328,-5.985449172173595,107.82367893593542,80.62893024187238,28.64783943582328,98.00037649549283,11.331195131824842
c6c96179,2,-124.62225696279044,-113.00795181675036,-15.483806893821919,-131.4093627038185,1.033834525950772,-128.4487673511043,-133.25778572585406,5.281687748208645,-132.3335742148363,3.1577611370797083
cb34231f,2,-121.73694700405413,-50.772399057271585,-94.61096416101658,-99.69848751394488,-38.67861635250611,-128.23311761579004,-115.32534312459525,-14.57033353842471,-107.51191531927006,-26.624474945465412
cb879f40,2,274.46832757664686,312.17882715894154,-50.27668568967323,271.31821284888815,-21.48261935422898,266.4796376782411,287.5680661353825,-27.015103227473283,279.4431394921353,-24.24886129085113
ccedb12b,2,146.1538350407451,181.98166064944863,-47.76500815287248,174.76156404629216,-12.893494952355795,152.93960534096612,169.38030343452397,-15.670178900711791,172.07093374040807,-14.281836926533792
d1ecf309,2,197.62560598346224,207.17983495325277,-12.737939460777655,176.8225200591593,5.064878555824286,179.0014911848326,167.57829674696575,12.458019660579053,172.2004084030625,8.76144910820167
d1ee630d,2,-282.91675649222947,-215.1226083592757,-90.38501326346561,-273.1036402853091,-11.91283172523982,-295.3086784937495,-275.91849554891786,-5.57434477235646,-274.51106791711345,-8.74358824879814
d273674e,2,98.9146840107694,80.18367435380293,24.9714776606293,115.83641251410143,-5.114918458572998,105.01288829524525,109.06295300496308,4.595447391964032,112.44968275953225,-0.25973553330448285
d2f3b1ab,2,-169.04512652534038,-101.78594083505376,-89.670881387874,-159.93054169779492,-2.6179336622657368,-166.2771723918633,-141.98052353659733,-27.1914815365598,-150.95553261719613,-14.904707599412768
d463e527,2,163.5748351806979,140.31827729249784,31.005492095076512,149.01576184842443,0.40303923501923045,155.48648327851646,129.65002949008291,16.401311856613773,139.33289566925367,8.402175545816501
d4f60a28,2,-168.37460532850565,-197.71321763539905,39.11380521234426,-162.0827937089392,18.446031130011104,-146.80208393934797,-132.57207575222412,-10.596554555035565,-147.32743473058167,3.924738287487769
d9ae59b2,2,-176.6452196608417,-206.36569730242573,39.62187363672942,-187.5922179232019,35.02087336004904,-149.91184825388834,-152.3668330855831,-1.3290941237292995,-169.97952550439248,16.84588961815987
d9d6d94d,2,163.90674330377715,211.68587050971774,-63.699028804776376,187.91885268412378,-23.749574846259044,154.30223165507937,152.21034059206048,0.6664284637570168,170.06459663809213,-11.541573191251013
da940160,2,134.7021389917629,173.9622926384098,-52.34177247650241,128.8116123359915,-3.4454125685914097,129.510924250932,149.4393317822648,-16.300212881401052,139.12547205912813,-9.87281272499623
dafc88c3,2,-88.73448232598288,-76.21671559216598,-16.688858215011575,-128.13820713019166,-3.103511866743263,-111.8545637564198,-124.48369000068111,11.52232750608217,-126.31094856543638,4.209407819669454
dd168de0,2,151.130714878555,150.6216052834613,0.6787100986332913,157.2014898994513,-19.840375732343304,143.16197617406038,148.78757948630093,-4.951175854639267,152.99453469287613,-12.395775793491286
e03b45fd,2,296.314047701037,333.4977511403912,-49.57363169873349,302.7604985226663,-17.20809978684705,293.29749090266597,278.3857109186567,-4.016551337366734,290.5731047206615,-10.612325562106893
e2fc7745,2,143.00107640853307,178.35572906180906,-47.13315458876127,156.95060615268335,-11.235732691562816,139.66253183234636,149.7542390973106,-10.236652749402452,153.35242262499696,-10.736192720482634
e3b34f5b,2,-179.77979771785948,-166.39109438647426,-17.849968481029443,-155.2793299170462,-12.803633772856312,-160.47670386962614,-146.766007879567,-18.408925157719793,-151.02266889830662,-15.606279465288052
e4726608,2,148.3033948678757,138.22568455530626,13.435527887494036,155.20052738299304,-11.533901599084615,143.00311214522074,156.47902787057808,-7.009741856275697,155.83977762678558,-9.271821727680155
e9949a23,2,117.98559744835903,105.34893964697831,16.847029603916827,157.1304008880325,-25.440934615388986,129.46643897140981,147.16264169492194,-13.457363154406591,152.14652129147723,-19.449148884897788
eafb863e,2,76.94469510288587,76.12857200825391,1.0880116795345627,64.41761845578822,2.4146853813656457,61.64085694028219,67.42016628357408,17.474021065133915,65.91889236968115,9.94435322324978
ec13af42,2,-123.69275051075867,-77.91728075150239,-61.028373557858906,-128.58538443333836,-3.3535496520732515,-124.49220197929158,-129.0661898896033,4.867673982379134,-128.82578716147083,0.7570621651529414
ecdaf714,2,299.91946204605455,394.31372040304774,-125.84946624571066,323.30345576372736,-84.24191236664412,256.55409755617916,283.0261769952575,-32.983242916471944,303.16481637949244,-58.61257764155803
ee288beb,2,-134.09384690395237,-172.0114989189041,50.55142024038335,-221.48385910878346,44.344406276676985,-165.82210643224582,-175.96886650707634,6.619268214463041,-198.7263628079299,25.481837245570013
f0188a48,2,-233.85844196161156,-287.14315378319964,71.0377657322572,-246.56871551351438,42.32037722868501,-209.25675908461702,-219.3942835032784,5.381093931100487,-232.98149950839638,23.85073557989275
f03f10fe,2,-105.13689542877968,-115.75182364988052,14.15153077362068,-116.47821248141014,-2.924930364312265,-105.90790760287194,-117.38954176128814,10.010977642378826,-116.93387712134914,3.5430236390332803
f074d277,2,117.32257946957598,128.02963201619644,-14.273161327429104,106.12904340448878,10.748744721480463,107.58270543780195,127.92183257222351,-5.620398293632731,117.02543798835615,2.564173213923866
f321a31c,2,-234.2208382313782,-263.46615981392017,38.98997041790206,-271.75417848889265,65.53394559465525,-172.16550659336465,-149.94152710551526,-25.372166771049947,-210.84785279720396,20.08088941180265
f439a621,2,162.61647835360583,154.10037405182456,11.352793899114534,144.12177635386567,13.842279124314915,164.45247671332783,162.78805096790265,-1.6018710394604008,153.45491366088416,6.1202040424272575
f5859199,2,304.69033198270836,369.79927918963455,-86.80443419137859,270.10984371396285,-4.989416116717678,280.16470071373294,278.97919583016005,-8.671941333293045,274.54451977206145,-6.830678725005361
f8662c22,2,-156.64644463359755,-88.75133006775538,-90.51848361822958,-130.943275237101,-46.78517500259864,-175.09667785128988,-150.03980888480487,-26.349543338672074,-140.49154206095295,-36.567359170635356
fd710aea,2,114.50444877361063,130.20440211982182,-20.930789706858118,108.37629816468308,-3.6202633145514236,105.39661241922572,76.05687568080535,30.868258967756557,92.21658692274421,13.623997826602567
febb4411,2,-153.50880100291528,-219.87727207536628,88.48087912122898,-140.78486527697507,23.411320349519915,-100.56261158717591,-85.35188719914566,-12.934758045862658,-113.06837623806037,5.2382811518286285
01869cd4,3,-201.3123406510852,-213.92847304158218,16.81999658394795,-201.62818614393973,-1.1041680154618243,-197.0222074926177,-169.73528341023174,-33.367877838456536,-185.68173477708575,-17.23602292695918
03a935ae,3,76.0712601951943,188.58346538104007,-149.98936000495593,166.11374903315556,-66.8751864743343,87.93013623725216,78.68924865688926,12.16052756546176,122.40149884502242,-27.357329454436268
059c8f24,3,-297.89011690163363,-493.4932218728168,260.78330563181544,-339.80199760964814,107.35897996081135,-231.45444311209235,-233.27449543655854,1.0084262666658688,-286.53824652310334,54.18370311373861
05a0ee4d,3,166.8044355063817,195.5651756380513,-38.34324471911251,210.20025583347586,-14.58842394344667,181.45797519544,180.2174255741766,1.1831750692725411,195.20884070382624,-6.7026244370870645
060ab2b8,3,171.9421190894712,194.9838319069418,-30.719829508044935,213.96009558998475,-34.688174398988835,158.16584038976748,176.84761168210207,-11.697196166864288,195.4038536360434,-23.19268528292656
0c1b160c,3,-146.72039991863286,-121.093006778968,-34.16647771168771,-159.2181382057359,3.269478626914898,-148.95493823510031,-155.36507416673712,6.168363265276713,-157.2916061862365,4.718920946095805
109d9d70,3,190.3119150804927,183.30454059521608,9.342057919887182,194.00870225274235,-31.377807776100333,161.47020905945192,161.67525871550106,-4.186350760801055,177.8419804841217,-17.782079268450694
1590af81,3,148.59329628690782,164.84151418631978,-21.661439968005553,167.50993710582088,-18.24902651549138,144.0090326429041,153.98112017630498,-10.931165379917992,160.74552864106295,-14.590095947704686
1770d7c6,3,253.96360887194072,261.4491470024936,-9.980028326523605,250.91195848992407,3.929279145212483,259.17603634052756,282.7345222430902,-31.931067246663773,266.82324036650715,-14.000894050725645
177622d7,3,83.61125268633874,72.44232603845907,14.88954214928109,114.15548785476882,-3.704829796682035,102.99670939290061,106.86157365124471,3.42003184867463,110.50853075300677,-0.1423989740037026
1f9afacb,3,153.60908744677275,148.5440238258477,6.752784513442035,152.41375521127338,3.8978999853777934,149.79419659091664,140.13674215497073,11.502053426091614,146.27524868312207,7.699976705734704
1fee2b62,3,143.39919977139002,155.46147163055093,-16.081296807208158,131.58763951646236,5.997668863706506,140.92681137675578,139.81999372906463,4.0969718869514695,135.7038166227635,5.047320375328988
200d233d,3,-106.16031701693396,-133.3005954452385,36.182430438413625,-135.98835414185743,16.704325926080216,-106.5769038816401,-115.761325900791,7.035978297787661,-125.87484002132422,11.870152111933939
2075c696,3,-106.67760975141393,-102.93166737375154,-4.993806740326746,-122.8388590174206,-13.569012846688436,-128.9684842794201,-125.3990432969838,-3.4076724269492487,-124.1189511572022,-8.488342636818842
23b9beb0,3,-236.50606082989813,-221.45385656118614,-20.068238738497033,-234.38837755703992,-6.574224967729963,-236.24544571159382,-242.1140260977045,5.990606345358057,-238.2512018273722,-0.29180931118595277
261785ee,3,139.8219291829301,119.74505784993448,26.765491752405975,174.5684086601472,-1.3628028053558223,163.61174003328492,167.8197494142766,-2.49115754604366,171.1940790372119,-1.9269801756997411
272abef3,3,-153.99826646994504,-126.41700593478609,-36.77056832467755,-117.26557876711452,-27.365395702000338,-148.3597162770641,-134.62492232564102,-10.906170711777436,-125.94525054637776,-19.13578320688889
276b012a,3,-179.1794459918422,-316.0639077711346,182.49375330228122,-216.62991101763055,82.02584438810368,-160.99319540069402,-164.77564106282796,-1.7781326868848166,-190.70277604022925,40.12385585060943
2d179ded,3,172.88238428047447,211.00959242155125,-50.83265102139834,186.90457616867786,-23.53220629223065,167.7202377787771,167.33088081766692,-0.6600128522672025,177.1177284931724,-12.096109572248926
2d35f86d,3,216.1219287038308,174.37854923360106,55.65215644298693,167.08535124159783,24.31976632442076,206.62878770930297,178.95223390558505,18.59105945764073,173.01879257359144,21.455412891030743
2e43c2ea,3,193.64689211579824,198.68514734132614,-6.717084261021377,157.40954933332108,22.400698854531097,183.55569069023775,159.94687354097007,12.902029425614232,158.6782114371456,17.651364140072666
2ee0235b,3,224.078577044387,263.40236188409773,-52.426995492016644,236.74009653922104,-38.4178454137966,201.87588242129016,210.14216654294185,-14.96659706011295,223.44113154108146,-26.692221236954772
32fe84c9,3,-157.31407437045445,-163.1450881044306,7.774078434323894,-98.39069955398483,-45.52116112913135,-121.98818492821496,-125.41840615161006,-2.8370806189058424,-111.90455285279745,-24.179120874018597
389ae58f,3,-114.83764571447144,-47.443862008837584,-89.85142759516594,-143.7608984808678,-31.87681868418304,-175.97699535987408,-167.41256620344845,-7.795687834026246,-155.58673234215814,-19.836253259104645
398dce4b,3,129.05251943710545,119.21312875783538,13.117116339715288,135.78080066769377,-2.0139250769006383,126.19593714283495,133.45699783998072,-4.682666715920226,134.61889925383724,-3.3482958964104323
3a223519,3,-173.5309079831658,-222.711775680414,65.56733772261113,-145.1529803393106,2.766512187539756,-154.7503313884169,-167.38614755145292,12.662388208392848,-156.26956394538178,7.714450197966302
3a824aa7,3,112.14248843778344,66.01010922106026,61.502519841047864,104.48257244083315,17.756400533454567,116.9361112406202,92.85501135063788,25.29100494435136,98.66879189573552,21.523702738902962
3bfee975,3,-103.10157849833722,-103.68394989260007,0.7763874654924642,-135.6634081182384,19.54846982527894,-102.09607991653036,-110.5621683580984,1.6060111930386243,-123.1127882381684,10.577240509158782
41fb0192,3,-111.05596323905084,-83.95372019086166,-36.130248690334234,-96.46429552114586,-27.21085623311173,-108.97636695105857,-105.78290961742914,-3.223509187777523,-101.1236025692875,-15.217182710444627
4630ab92,3,87.59626967712323,72.69683128931156,19.862973879186978,110.0555283145987,7.105841160172561,102.40506597698797,92.81367503500834,18.533192299822453,101.43460167480353,12.819516729997506
46a301e9,3,-261.1556720456606,-261.8105690991964,0.8731430024574034,-248.18920746037213,8.664760317369936,-246.5341007810261,-249.28774563036512,2.2471180056160995,-248.73847654536863,5.455939161493018
481de5fc,3,150.47768808826115,48.29099935370998,136.2374745937434,135.32602771675707,55.29925886501727,199.3100367360297,190.83428807363495,2.6325793165114164,163.080157895196,28.965919090764345
48c1f673,3,181.5962999659954,187.00982172779314,-7.216792204726886,135.6742290687502,24.204380461256743,163.99010602782536,163.6761107283148,-3.7777419431548562,149.6751698985325,10.213319259050945
4a035ec2,3,-109.53773407246636,-101.06707145630351,-11.292035628653329,-68.26349014127591,-21.14312943146375,-81.16646393007936,-82.98550544537238,0.6988539187503079,-75.62449779332414,-10.22213775635672
4b462989,3,164.64656677333562,155.48663288848027,12.211279739642917,170.39013129899894,-12.000964501658627,163.9466688852322,165.53986061524077,-2.7476942093398886,167.96499595711987,-7.374329355499258
4b831d20,3,264.1692396099672,263.29245791214817,1.1689623347099707,248.29307198056694,20.425028773957855,280.20783266397046,295.7675660765285,-23.708763090803778,272.03031902854775,-1.6418671584229614
4c3168cf,3,135.68659736459114,144.11821901450753,-11.24086552604772,124.4376552827819,6.876996385526596,129.18510811973502,133.10627004846725,-0.04129446698890272,128.77196266562459,3.4178509592688466
4ed93db6,3,127.5215146016517,172.28380496657545,-59.67664730918347,134.73323620930745,-9.56218090514444,130.21140236568633,118.10285213322368,14.863020920997638,126.41804417126556,2.6504200079265985
4f3eb9e9,3,155.54951453077254,166.19937613470836,-14.198304210157069,107.90155096453644,-7.783492707896239,108.06170514913252,129.37447636505192,-5.4245486751168235,118.63801366479419,-6.604020691506531
4f4ac5ce,3,151.31909823698885,133.42122535139393,23.861519471078537,150.64346745209474,-5.465049759411672,144.06466317716288,159.63371738313222,-14.221995811897461,155.1385924176135,-9.843522785654567
4fbe9c06,3,-222.48496841394388,-247.31342123320695,33.10197139548712,-153.95324441080498,-43.84157094424744,-205.3737433535597,-188.64823680038614,-19.298687343012702,-171.30074060559556,-31.57012914363007
529e88ca,3,254.2221644814272,201.00508160828585,70.9457307271155,158.9611568389983,63.352388345975704,230.75488884804665,216.32277351714234,7.910214682740714,187.64196517807034,35.631301514358206
52f1e77a,3,-102.61617196247236,-65.55828726486769,-49.40495244027572,-59.669099199971285,-57.14783489385544,-115.0199296183164,-108.71440065114777,-10.30454991594488,-84.19174992555952,-33.72619240490016
5305524b,3,184.63620491069892,187.88721970788714,-4.334243991025759,185.04045251905927,2.6835829650606513,195.29877526803907,178.5008984871316,10.370960845904175,181.77067550309545,6.527271905482413
53f23031,3,-265.38742130020114,-281.42578554741556,21.38323525448202,-282.1157806648869,8.589809434195606,-258.7018963561206,-268.570818818542,10.552617617368975,-275.3432997417145,9.57121352578229
577eec7c,3,-167.21777774580553,-96.74239795524004,-93.95682424648226,-168.56348189707063,-6.118517317067303,-170.66570437417408,-155.6926637610387,-15.70649884309835,-162.12807282905464,-10.912508080082826
57f05c51,3,-95.2341684306436,-99.36693347116058,5.509776024260062,-144.9235478320037,38.517796844357704,-115.37573601404901,-107.06905164495312,-12.76449188664078,-125.9962997384784,12.876652478858462
5a1a8fd8,3,-139.6170778837679,-177.54568709098655,50.56667268189153,-141.79475601115604,1.4607726745929241,-122.67561493016969,-122.25095889323865,-4.7940675239849835,-132.02285745219734,-1.6666474246960297
5a5269a9,3,-300.2289050579368,-208.08870970047363,-122.84416384419953,-243.2097114151171,-50.62245042816726,-297.4537201347014,-272.1433169328486,-15.162137693139265,-257.67651417398287,-32.89229406065326
5aa03df7,3,-144.68228568546678,-127.9636900027505,-22.28917319878277,-138.03928527823376,-29.054200859577527,-158.759995320488,-145.0202377095942,-19.50783306486231,-141.52976149391398,-24.28101696221992
5b7b6324,3,241.71925513034,221.2465041004002,27.29492239371205,209.62228378518614,-7.834227094095883,213.36657331461538,216.8122779087167,-10.530382931106704,213.21728084695144,-9.182305012601294
5bd25f59,3,249.23186173217545,228.41807053315785,27.74842645245414,208.96847808293853,25.2141755018275,236.95379150711852,233.40445281358828,-0.7700950285898778,221.1864654482634,12.222040236618811
5d7198fd,3,167.67390638294194,206.98283946598156,-52.40413222131954,178.97027473005977,0.7480751513320758,173.07806836464778,168.41734156189895,-0.16200870817015628,173.69380814597935,0.2930332215809598
5def1ce5,3,-205.98925925669027,-154.70833943610904,-68.36925447215287,-158.0233844391679,-50.49418899702498,-208.6600763347335,-188.9900262694759,-22.09506524370259,-173.5067053543219,-36.294627120363785
5f4d2a52,3,209.95317235063717,170.70981797024982,52.31946633874577,74.37780487106221,83.74286831771084,154.76509482249313,137.3504691316364,20.308234353639303,105.8641370013493,52.025551335675075
653612bc,3,-95.05480700617844,-62.3850434344713,-43.55495618164632,-53.227953641945774,-54.16287811557428,-97.95310372290943,-86.04884988484629,-13.378737683759098,-69.63840176339603,-33.77080789966669
698930d1,3,176.3273215302871,183.60249132599793,-9.699203595209564,186.4474552169686,-24.503596411014083,157.14090714423727,174.4026991059908,-14.831942851017814,180.4250771614797,-19.66776963101595
6a8fa194,3,90.16730944572885,11.65160779635026,104.67025832869444,38.10888717063162,66.3172186590248,92.33321114564453,47.293556910862925,39.189834499073974,42.70122204074727,52.75352657904939
6ae68655,3,185.76294308077365,207.25857084602987,-28.657429073014594,189.33681097275775,-14.266498948759319,173.985999081334,177.03367089128486,-7.814985416870894,183.18524093202132,-11.040742182815107
70e1788b,3,242.9910384399091,286.34110562890146,-57.79697736856759,286.2931715937679,-58.94809692036143,226.9865506095512,254.92835618215236,-28.042094633687448,270.61076388796016,-43.49509577702444
71ccf778,3,63.849991932862395,-2.087676420689424,87.90060420010353,40.79557919544994,44.86635192357322,80.4814613241129,51.95230486940708,34.8199099786097,46.37394203242851,39.84313095109146
7224331b,3,244.85734613831897,283.1640016318113,-51.07132928425485,258.0589433332551,-22.307009088580404,251.75893428303843,270.6474458838807,-27.560187260423845,264.35319460856795,-24.933598174502123
727a3a10,3,-11.841081348930993,-30.073561851820543,24.30721025055533,-0.2541833184319202,19.080456216170827,40.1999930326298,39.85560007460915,22.901543881730177,19.800708378088615,20.991000048950504
73348914,3,-179.58993860576837,-260.1391706935488,107.38625714781774,-166.8188325290928,8.076886532227958,-165.37003768828993,-163.37245736814685,-0.9961403171209335,-165.09564494861982,3.540373107553512
74b6186b,3,137.040121961702,120.31201327295308,22.3008706750967,131.2857161769768,10.057763117500658,143.07304252308916,144.58757973612137,-4.930216131661996,137.93664795654908,2.563773492919331
77e4821c,3,-117.09386384632735,-145.81125787235894,38.286309400420606,-167.6058492161036,17.149383714862186,-129.09283922965554,-134.15564490924606,4.199280819919831,-150.88074706267483,10.674332267391009
7850c72e,3,-172.65055724889976,-129.28839163091803,-57.810962891925456,-143.0875730880373,-30.515912255350297,-163.6219645923612,-134.39190436967704,-31.433767330834026,-138.73973872885716,-30.974839793092162
796dbd4c,3,-245.62299789203345,-208.83915856705252,-49.04119486256852,-180.2391233553048,-45.39618268684009,-244.41271124646457,-233.4670777793656,-6.545970033591744,-206.85310056733522,-25.971076360215918
7a5660b0,3,102.84161173016938,76.24560348325957,35.4577974854114,132.76019908248298,-2.6248506233505866,137.63995471154018,129.56860103254286,8.11208568538437,131.16440005751292,2.7436175310168918
7d50373e,3,-105.89864575712808,-118.1228972356153,16.29741120399526,-97.05774116207857,-12.826506948993469,-91.22784529083789,-88.11328422042718,-2.885088635588719,-92.58551269125287,-7.855797792291094
7e208414,3,-129.88338284659616,-130.66041285048885,1.0359174549175307,-112.28182008944732,-12.370423110528323,-113.0239495631252,-112.86513814399943,-1.4143275559236492,-112.57347911672338,-6.892375333225986
8050c789,3,90.0856860790852,126.79881759733304,-48.94289029560654,124.68257799296829,-14.472595407893728,103.70256442202994,120.12720047866122,-4.220591457222205,122.40488923581475,-9.346593432557967
84633df4,3,227.85135876235557,203.79404141899616,32.07319806685572,188.3500790185788,19.8281090278402,214.95184802213143,188.0324210512725,18.62146120982218,188.19125003492564,19.22478511883119
8a3da6d1,3,171.52720945095652,82.48953857658104,118.70397363559532,103.43729352828231,75.56275758821485,177.3449591325065,142.52228526387773,23.43740025532442,122.97978939608002,49.500078921769635
8b9d8326,3,-178.61855537195535,-145.07081406893857,-44.726693385495075,-174.12306269241986,-4.301171633742743,-174.7257887952533,-176.28644554122909,-4.807974927666405,-175.20475411682446,-4.554573280704574
925a7cd1,3,166.40799472760253,172.0772995275998,-7.558236515858883,173.83034805254027,2.3244364486273517,165.23827582465216,173.378813733653,-6.700292932217263,173.60458089309662,-2.1879282417949555
9314ff13,3,73.86649729443263,20.023305295404935,71.77786502210625,48.88581583902935,46.163870565468955,103.172886609528,66.60902604209444,36.589013369333955,57.747420940561895,41.376441967401455
940a48d9,3,-110.62185204687407,-85.68453514476887,-33.24556190430341,-96.35338970586655,-9.662901245770144,-101.45680438031539,-99.07312675564884,-4.499213704295042,-97.7132582307577,-7.081057475032592
9426ec1e,3,-94.47278479490197,-73.10798393422559,-28.48077809167675,-59.92472252011662,-25.39976826804097,-73.49862852417698,-72.17331237640359,-1.1647538744990706,-66.0490174482601,-13.28226107127002
94467f50,3,111.44284007817716,115.54948323512046,-5.47462244308359,75.81019532342185,57.679015648841,144.76554941020927,133.08059345308217,9.20208394148041,104.44539438825201,33.440549795160706
974802e7,3,237.909669493596,244.27041919893088,-8.480273991130431,281.2331365803329,-73.66616341117643,209.2068865258062,206.11465774409598,-6.617831416898662,243.67389716221442,-40.14199741403755
98bc6f66,3,175.9704449689019,231.78460040295403,-74.41273779119946,187.5046634100268,-16.659063419658978,160.12233754307275,178.5642428800063,-17.69258022947129,183.03445314501656,-17.175821824565134
9a8ae0d6,3,177.19755961742882,133.7955924569243,57.86469309860635,165.3116690779679,8.59785380572618,165.63882314731893,149.28914201854374,12.73640432984647,157.3004055482558,10.667129067786325
9ad5410a,3,201.84145519648337,165.72393951666223,48.15096281232774,196.33925585444325,1.770962205664051,199.35924420462095,180.09532254322284,10.884049659949602,188.21728919883304,6.327505932806826
9ae248be,3,284.52888932123784,265.4929629096464,25.37882804216079,290.73429047481727,-38.801111255672254,251.52547158589223,259.88939084246346,-17.553402345349898,275.31184065864034,-28.177256800511074
9af1ffd0,3,136.8463069639375,153.50631382074795,-22.21019254062585,159.2754441486182,2.088889218310795,163.0691093569293,165.37048776484988,-8.463300475884813,162.32296595673404,-3.1872056287870087
9b9e3b49,3,220.51924609074123,245.8069107794925,-33.71359294377121,180.2703307491467,15.404168747749338,212.1836730316717,194.65012627570974,9.355888160650775,187.46022851242822,12.380028454200056
9d3ec64c,3,-141.68859402042145,-124.96696986563151,-22.29229641702438,-111.00646139251621,-30.25834897480698,-143.8284130974717,-140.9386700079714,-4.636313096718348,-125.97256570024382,-17.447331035762666
9df1b1f9,3,191.1717898059018,180.5775573059203,14.124141244481159,171.21692582925937,14.652776676811563,178.90352060183864,172.63846538059965,1.4751983744640018,171.9276956049295,8.063987525637781
9efc812e,3,-33.218368813484204,-92.25907599629498,78.71209984785422,-121.74881590831627,65.77049902587069,-55.23063719913555,-74.63495361519534,12.855432224650942,-98.1918847617558,39.312965625260816
9f0c7bae,3,-47.521902321949455,-24.83605889481291,-30.24184397089769,-58.24345994594135,-19.34579461919377,-67.14491777794929,-69.61554238499698,-0.12234263767793245,-63.92950116546917,-9.734068628435852
a0e92ed6,3,164.97677477759194,195.9673587847428,-41.31656054852893,130.43206736224403,26.45411839171191,167.14121584214908,149.72544785904236,11.531731481064153,140.0787576106432,18.99292493638803
a6f967fb,3,-96.45931205010078,-64.36248966929948,-42.79118216785345,-83.44476494036718,-23.660988442928225,-93.23424690964977,-89.0816233194409,-9.754358099767364,-86.26319412990404,-16.707673271347794
a85bb86f,3,116.68918232493293,98.20585404930094,24.640462791536056,84.3143240948149,40.43807284167656,117.5720965984489,81.9680465457675,29.533399864487347,83.14118532029121,34.985736353081954
ab6fe95d,3,186.6103699582969,174.3494736454386,16.346373416378103,174.5011182802176,0.7856561600836294,170.7462735154428,176.98694694679523,-6.045887713570855,175.74403261350642,-2.630115776743613
abf460d2,3,86.62703379156387,65.78749106877213,27.78173967705927,81.8591749682256,11.344460936213068,76.8829801530462,74.41161416574951,16.00039394051787,78.13539456698756,13.67242743836547
add9c322,3,126.58405312958963,122.52256567264234,5.414628163215583,142.62793834660192,-5.304349639768341,141.308119558153,144.8929110954375,-3.6733579506772536,143.76042472101972,-4.488853795222797
ae069086,3,208.49646265273844,211.59116763960333,-4.125840883068323,245.384988051932,-30.996406762427863,201.98026225622627,197.49487026942197,2.883836274818128,221.43992916067697,-14.056285243804869
ae8959c3,3,272.22487027061493,283.5556336824556,-15.10601297526059,219.82867980550566,9.053949417363482,221.86981407437165,210.1066704586548,6.554847595714775,214.96767513208022,7.804398506539128
aed44918,3,97.52603595356952,124.06851960417613,-35.38347269011008,90.94535647876877,4.851530451932835,91.76457182612616,92.96931996156503,9.227498512717087,91.9573382201669,7.039514482324961
b0d42b0d,3,227.30576049572807,279.7145315388545,-69.87133420244108,194.32862713254752,9.17331188722481,203.0150431658381,188.462082886576,11.777347929167577,191.39535500956177,10.475329908196194
b56bc0aa,3,215.01555338230787,231.4198493473335,-21.870442773289458,197.25386751931586,0.543313113060444,207.9358201299549,188.90891284281474,6.274476588067557,193.0813901810653,3.4088948505640007
b585b4fa,3,169.85058622861234,166.56584774491202,4.379141456965816,154.2445457304499,14.765420127008724,175.78815716023968,171.7130708301057,2.777713147689557,162.9788082802778,8.77156663734914
b881d27e,3,-137.2425095696972,-146.84871403205165,12.806675574999252,-156.38992861072518,11.029725507986932,-150.93525935453548,-150.66093867020265,-3.28531354879783,-153.52543364046392,3.8722059795945505
be063506,3,189.44881961793266,195.89069326415037,-8.588210722003353,205.62189095947684,-23.26367449579676,175.17462201428083,164.1355967755886,8.006957090112007,184.8787438675327,-7.628358702842377
c03b9305,3,201.83818862454157,216.70298190609077,-19.817395930336023,200.06417305149608,-29.617933524030096,169.84833098477185,172.35576104749924,-4.472620436192423,186.20996704949766,-17.04527698011126
c03fba65,3,92.4077155218221,71.67706089922437,27.63713757704513,120.30250862172616,-0.006642395037587789,83.84442346000841,63.993195607621956,12.801661066491896,92.14785211467407,6.397509335727154
c2c4db09,3,-306.9937467593301,-237.96883926468666,-92.02559134964676,-242.99940930276955,-40.44540868836826,-293.4068502266823,-267.97336301892324,-14.661822423582633,-255.4863861608464,-27.553615555975448
c36625df,3,173.07234198809857,177.47713049444243,-5.87243221346149,160.31523752731619,14.181675545478797,180.0216786791504,172.10072761357583,4.3487112319502,166.207982570446,9.265193388714499
c66be2b8,3,154.69569391634215,183.86211460252272,-38.883881184352,195.19700854116115,-10.373777363560622,176.6290054828458,175.4800379804317,-0.5178881350119645,185.33852326079642,-5.445832749286294
c6797dd7,3,-132.2019727510163,-161.46936057977922,39.01900122251215,-147.36421290353093,20.91516996394924,-114.32865950989572,-138.22103891934157,19.069743268331237,-142.79262591143623,19.992456616140238
c70c0e01,3,-166.7164296027197,-133.97576451142044,-43.649159349633834,-139.48477991013254,-17.100730334025734,-156.88871908585463,-146.52996138294398,-12.06658925168878,-143.00737064653828,-14.583659792857258
c8d9680c,3,290.0075051562474,339.83016875847477,-66.42493079006476,221.2615906497963,4.677466261178912,243.81019781395375,256.0932944015365,-17.39223600418361,238.6774425256664,-6.357384871502348
c908edd0,3,124.30225790452299,122.06363826151048,2.9845442841675034,112.53152911129682,28.691722859759484,141.6812987967732,133.54229925914734,8.169718889377101,123.03691418522209,18.430720874568294
cbb406b5,3,205.52134591983418,211.83316810737801,-8.415098059487246,187.0235558755365,6.510429498455332,207.9173713043785,183.8017244322395,9.644149507391383,185.412640153888,8.077289502923357
cbe62450,3,269.9632314307848,340.3964342547816,-93.90343502667821,198.3640729139217,27.324728389669655,249.669143492921,255.55311718006925,-14.556595294779886,226.95859504699547,6.384066547444885
cc8a1d57,3,183.96988923729106,175.74727336738036,10.962662138354636,228.20539755872807,-29.31456676846504,199.56238435267275,213.86552507901143,-11.295354038029654,221.03546131886975,-20.304960403247346
cdc60a53,3,205.98166481993653,186.23399575192323,26.32798607842969,208.81586172508213,-13.550663475388822,199.66438157304898,197.02253085091021,-3.919439781472473,202.91919628799616,-8.735051628430647
d011f41b,3,-77.97771756998725,-73.81096828513411,-5.55444091910905,-42.048129108097456,-28.61634286623735,-67.12453105901267,-64.51327648170371,-1.3843842419861463,-53.280702794900584,-15.000363554111749
d0cb63ae,3,322.99497322406506,265.285798932934,76.9382010999804,291.0744590976601,20.909047217751954,300.2339944252705,296.35702055789227,-7.307460150724833,293.7157398277762,6.800793533513561
d114d9c2,3,123.28743738352296,188.36153844885902,-86.75847876311859,177.41538607406892,-39.48599100474851,124.5113145544476,159.4502035086589,-30.58105121562686,168.4327947913639,-35.033521110187685
d1457cc5,3,161.97504675162816,206.48424652230773,-59.34131233694333,199.05084341169385,-42.84922325594198,160.68799136873088,184.24185998971834,-20.334928043854493,191.64635170070608,-31.592075649898234
d217e0c5,3,-124.6597517080873,-121.48053862420639,-4.238398688018313,-113.43051071691455,-18.14164925370533,-135.25076851590018,-145.28807368624405,10.255977146566183,-129.3592922015793,-3.9428360535695743
d60430e6,3,89.79835343883124,120.38957196698927,-40.78017268230836,98.10186368895462,-6.127004082367014,90.80975471617948,95.71768794995698,10.043903558813195,96.9097758194558,1.9584497382230905
d63196fe,3,107.71096273477627,74.82271189639435,43.846140665490715,138.85243299953055,17.264834415155295,153.12978423178777,157.79176995947947,0.42043014153541486,148.32210147950502,8.842632278345356
d924e971,3,175.38257312487508,138.9829245988059,48.52524572737509,143.05928432118708,-13.782148114374968,115.79525292440445,135.65440719170027,-12.650427839844381,139.35684575644368,-13.216287977109674
dd64382d,3,132.34965475180192,124.42288912193409,10.567329796489382,135.01998848490842,-7.823178398822428,128.94697368874486,132.33727504053596,-2.193936059084023,133.6786317627222,-5.008557228953226
df71d1ff,3,-288.89537658941634,-274.04978757416467,-19.792529818910516,-199.21215170312547,-46.62982155416539,-261.9782446360386,-220.19957059539544,-32.1678013550888,-209.70586114926044,-39.398811454627094
e0079ed1,3,-144.94548251695392,-131.58140732423522,-17.816200856959707,-126.81195708372728,-8.627612314797695,-128.64224149102233,-125.47054094050898,-5.409261916818604,-126.14124901211812,-7.018437115808149
e14d641e,3,90.16048478834242,60.68566830785085,39.29358580099439,70.64044418073601,38.188555152042355,104.11111995331287,76.32748544187473,31.158606263356557,73.48396481130537,34.67358070769946
e201fd6d,3,145.68215719350954,68.57557912743893,102.79863382212865,140.85356199004764,13.07291964539413,157.83474229685052,143.49008339312024,10.565613880767344,142.17182269158394,11.819266763080737
e5864244,3,-158.8885191698261,-152.45754454095683,-8.573673707302353,-139.19961154301234,-18.098408220384027,-157.40879073312445,-131.6366824078874,-27.88527516488736,-135.41814697544987,-22.991841692635695
e5c92e59,3,208.85415451664613,229.83834165373975,-27.975659791243128,191.59073495595982,-1.0828921575904262,190.60381715101218,176.18933700348242,4.149768875474196,183.89003597972112,1.533438358941885
e748dd88,3,-108.25868300150343,-131.4741655794492,30.950761107102693,-118.79602261735907,2.45414613288248,-105.8475745670551,-119.32114069563347,9.151858035855039,-119.05858165649627,5.803002084368759
e7818f7a,3,-256.88677950018973,-240.3571641496444,-22.037435804282552,-220.22576745728077,-18.110076566756582,-250.1930191767051,-224.40428931985528,-17.726370485076508,-222.315028388568,-17.918223525916545
e7c36e81,3,111.82006992559755,108.91470996999331,3.8732648860764365,132.04222030984963,0.21692477540377064,124.61967995820469,122.72780064860048,3.5345874947432487,127.38501047922506,1.8757561350735097
ea0b99b7,3,-304.9936929104501,-314.73311814634286,12.985197614290048,-287.821080086643,-17.97006106198004,-292.87243878086724,-270.0391559404616,-12.32502280627824,-278.9301180135523,-15.14754193412914
eac10e86,3,-116.55873133005166,-109.78735914880399,-9.02775229833438,-96.27343751663108,-37.96504641017628,-114.12483386519835,-115.79688963470537,-8.396566424894528,-106.03516357566822,-23.180806417535404
eb06a4e7,3,161.0370508361724,212.1914866679315,-68.19839615371646,188.1355503651318,-22.305907835548187,159.97917775691474,169.41387935016533,-9.659421183019738,178.77471485764858,-15.982664509283962
eb640a35,3,-220.84271921721583,-170.827565586245,-66.68134924301347,-186.5108826484685,-22.9482718239182,-227.02167899719112,-222.26748655280235,-4.610815609100647,-204.38918460063542,-13.779543716509425
ecdab904,3,236.26098194091807,247.0329236650694,-14.361420895515089,227.44526106121322,-12.954452821427685,226.39105487376912,226.66265198727405,-8.386638049268463,227.05395652424363,-10.670545435348075
ef8e3ed0,3,135.5006568049578,127.06734732848885,11.243336614944086,129.02795233189767,12.927562496821004,147.87419189581541,133.92784747040022,14.288970927653105,131.47789990114893,13.608266712237054
f07d7037,3,138.54615012562994,130.98252872894113,10.083922271861503,130.27832812168776,-1.29161113627814,131.6565209464451,136.70080856295522,-1.3987507074720091,133.4895683423215,-1.3451809218750745
f2d4c8c9,3,167.25722701886613,197.753631610316,-40.658619838776715,181.12836469523813,-25.265935936896327,147.35879833567213,154.51575820932877,-5.204763629812313,167.82206145228344,-15.23534978335432
f40cd091,3,211.4483225543168,155.04915587230627,75.19161206699123,199.54488827712947,15.056708141330915,214.4451130904915,201.8632120573254,7.893991600682081,200.70405016722742,11.475349871006499
f49fdea3,3,251.66554370669937,261.09649292043105,-12.573432909454677,227.72554049276505,-11.152058961488663,219.17688680906892,219.08483871444238,-5.481420899528633,223.40518960360373,-8.316739930508648
f6d009f4,3,434.4990182353501,398.15307325476573,48.45765207804519,346.59899813036157,15.074727119908406,306.3522027550645,301.7395308357942,-15.213852854370431,324.1692644830779,-0.06956286723101268
f72b268f,3,-242.97956208337783,-324.94255869631894,109.2754643367331,-244.79163596980953,20.26997174276589,-237.29706209164692,-244.37036965955795,2.7251374196072926,-244.58100281468376,11.497554581186591
f8f59188,3,164.03162826257042,150.78764274257665,17.6568109781948,166.1343958775537,-1.383456918358109,166.9051482322904,179.23793022639006,-18.18637442789398,172.68616305197187,-9.784915673126045
fa16d114,3,-165.47200341085355,-181.30278341909923,21.105850891949796,-124.80849051333537,-19.157216699012253,-139.62765732517062,-149.21518186547638,6.3256230973975285,-137.01183618940587,-6.415796800807362
fa31da94,3,-246.63079725352873,-261.1095615233903,19.303099275186693,-220.59621020496098,-1.6312318275022704,-232.33289335922575,-229.17520901578064,-1.752319524107878,-224.8857096103708,-1.6917756758050742
fba7683c,3,6.90464940454719,6.595462214928373,0.41174437833224875,11.331600196720883,31.40902687252892,46.04668777106256,42.80532693003104,20.76083320028032,27.068463563375964,26.08493003640462
fdfd57da,3,-194.24663752128254,-228.69292336606665,45.92399613677357,-195.1394787316343,12.04471312418596,-178.70940803789034,-168.83292150503846,-12.051841520636426,-181.9862001183364,-0.0035641982252325732
ff0aea78,3,86.2601207508635,89.50269499002611,-4.322769622329441,20.251300068849744,58.41604363238401,72.24429239660813,58.55053851495553,26.63393454121474,39.40091929190264,42.52498908679937
05948241,4,151.57384266558515,125.05498323680953,35.35392273331103,159.01081495610754,3.3651303208116614,155.26818916485578,158.78419288896623,-4.215011710281193,158.89750392253688,-0.4249406947347656
06df5958,4,-126.08953486933476,-113.58918373223955,-16.664760613726706,-105.39952867763435,-21.840082940883885,-123.5660719218691,-119.07544970424262,-6.291074794773491,-112.23748919093848,-14.065578867828687
08fecf00,4,-144.94571402627398,-155.54207120787646,14.127209114222648,-117.76884753421231,-26.381044138651426,-145.76439222782852,-131.21248214305476,-15.279112103124625,-124.49066483863353,-20.830078120888025
09441b8d,4,178.78408618971991,150.81090899277194,37.29417211281931,199.97084799850467,-8.492251512469188,191.0731059408433,189.97838514454267,1.0069478607224276,194.97461657152365,-3.7426518258733803
0bbf5e67,4,-125.0800898477929,-118.52929665769571,-8.733375057031207,-130.42596535684112,0.16189164518456978,-107.6309453411597,-128.50335608042207,15.895190801415135,-129.4646607186316,8.028541223299852
12f0cd90,4,-326.1175361226464,-360.5290087670678,45.8781066022632,-323.38573216572394,40.57733768144723,-291.17460680076647,-262.4602130876355,-15.051842630568544,-292.9229726266797,12.762747525439345
137d1e44,4,151.0933946959505,95.18153651449371,74.5409610208402,109.87577765568224,25.292305249698902,136.53801545589442,142.84146514605598,-5.539864782544855,126.35862140086911,9.876220233577023
14fee784,4,175.1261280724594,109.85944203574557,87.01338811736458,215.37664026645163,-28.55130817435117,183.1844365270801,179.97617329592074,-2.712440298272549,197.6764067811862,-15.631874236311859
153552f5,4,163.36218020597698,180.26982838767722,-22.541130618163976,162.0982422876511,15.43953448603704,165.80325431957186,169.87402064814614,-4.833539005581887,165.98613146789862,5.3029977402275765
15e154a1,4,-152.53820157991052,-138.4217176311455,-18.820427932790697,-174.66751555536135,4.429407485229716,-170.64560365916756,-171.8821478251973,2.2842071985929033,-173.2748316902793,3.35680734191131
1619e2ca,4,-132.2485499719072,-138.63930152062684,8.520043356356334,-122.66197375240904,-1.1396303555610785,-131.13244626884455,-122.56068146895848,-7.4511093770590096,-122.61132761068376,-4.295369866310044
1944513c,4,185.79870737065312,240.94029367469898,-73.51433165949784,192.92218892062624,-35.727313380598346,157.97121906887517,175.5148829503215,-18.275461058487593,184.21853593547388,-27.00138721954297
1a68190b,4,-141.57620437151198,-104.59135592976507,-49.307621408594834,-179.87226741869182,24.34154693396812,-150.44849057916988,-174.5870673400746,25.099825662138528,-177.22966737938322,24.720686298053323
1b82b665,4,-157.2520426105371,-172.58044890896633,20.435190815154783,-180.21263645486377,24.199685340984164,-147.47027797445634,-159.60996801505013,9.23073697724199,-169.91130223495696,16.71521115911308
1bcb2fcf,4,147.14493954180807,130.61822565663596,22.033183638588888,134.67640477492176,7.301147847315222,139.8544384297625,128.4677141068451,11.59409324326736,131.57205944088344,9.44762054529129
1d3fbf02,4,-64.02318615223403,-66.64363316230383,3.4932811223911444,-65.42839762657745,-16.376699350183486,-68.36164013078941,-70.83127470395328,1.5717081478953103,-68.12983616526537,-7.4024956011440874
1e5e3573,4,-117.14516192379743,-83.61620532924663,-44.70119725510809,-127.56924939278667,-6.530143495371043,-134.9246213446925,-144.87347210505192,5.2560987050711105,-136.2213607489193,-0.6370223951499661
203721ab,4,-98.13365590674718,-72.04545885183151,-34.78122799353088,-110.33907313051265,-19.74019288855652,-105.51361718541283,-112.00012639526157,2.263738362544843,-111.16959976288712,-8.73822726300584
20402d71,4,129.03192530620905,157.25978824982496,-37.63419773172084,166.99870057527966,-23.645919891964663,134.03659772528846,156.69813567698372,-18.520213041405142,161.8484181261317,-21.083066466684905
26623a50,4,255.93164602003284,257.2229285697338,-1.7215599869384843,273.86623631990904,-24.633333190131264,269.54232499676675,275.2714331865453,-14.517530121653788,274.5688347532272,-19.575431655892526
26d3a96a,4,187.51485290798996,239.80020476572352,-69.70642066816012,194.56976959504556,-9.021798191061912,181.7533425103184,182.35240162912984,-4.873312054914723,188.4610856120877,-6.947555122988318
29b24409,4,200.3091095828536,199.356265964442,1.2703444805236102,199.02213676764876,-12.891711220841685,188.35226181523302,194.19362769901107,-10.171063036362902,196.60788223332992,-11.531387128602294
29de15c8,4,92.12074178298714,89.81830163419056,3.069472948949246,106.04588242923441,-9.276190849467401,93.50085946681031,99.35973446396882,2.527481077418644,102.70280844660161,-3.3743548860243786
2acc78d4,4,-140.6737064465077,-198.6080930000926,77.23679719736575,-155.0152670696581,20.36136376507802,-133.94170612650254,-145.25450421270563,6.933132657565765,-150.13488564118188,13.647248211321893
2be5c96a,4,-153.59958021119343,-140.26386287411944,-17.778845198369286,-149.23069235430933,-4.942998794726274,-148.6280118199172,-154.7108579035365,5.301131049391114,-151.97077512892292,0.1790661273324199
2c0c4a4e,4,-161.10122412359163,-159.93569614815377,-1.5538751176052863,-150.4060692108958,-6.992769905017548,-158.85897280354985,-149.52618472722418,-12.225182059151512,-149.96612696905999,-9.60897598208453
2d0c268a,4,152.01374499618507,145.97955557374166,8.044701960544527,128.3141591124132,19.29960006340326,160.85725420711745,156.40418872963028,6.761786916367368,142.35917392102175,13.030693489885314
2d9f6cb9,4,234.28777478776473,267.8261755407065,-44.71482107925026,246.41504582590963,-40.68357852342428,212.7725692901785,222.525981962308,-12.63705630755031,234.47051389410882,-26.660317415487295
2fa01aa6,4,-92.7953201639702,-59.92381931964924,-43.81859223661361,-38.23204128719644,-29.360105373327706,-70.30495675732422,-65.76460413637628,-1.6047510782062546,-51.99832271178636,-15.48242822576698
310c71a5,4,205.09421649470178,242.66345178017806,-50.087539379836365,214.21189619207192,-15.933671611059477,207.65527956839603,215.60368246375882,-11.86759218276285,214.90778932791537,-13.900631896911165
3407f5bf,4,-133.81279396252225,-85.12573716297568,-64.9071562389485,-120.24353350178333,12.955906393196585,-96.69561024230923,-108.84762780509352,6.597199753969643,-114.54558065343844,9.776553073583115
3417285d,4,170.86475025113717,261.6044101548217,-120.9751135523253,145.8462903484231,-9.66729947494128,125.93213010171772,143.81608114756966,-12.477760880378714,144.8311857479964,-11.072530177659997
357c12f9,4,153.3517341189453,145.64703840595973,10.271668680106036,135.59826849297855,20.444315610713634,150.31960272931127,150.73111619606271,-1.6961125742258676,143.16469234452063,9.374101518243883
35b30c7f,4,-342.9141841074812,-306.8778038648591,-48.04599923927612,-256.7655516474922,-66.49672689894753,-284.06762341440356,-250.07570633060874,-21.991356489579886,-253.42062898905047,-44.24404169426371
35b3ef6a,4,168.1549815828566,144.3274855785036,31.765926811437044,223.58578560692575,-31.757888700323257,202.44994517286665,204.6795550509566,-2.410788055598597,214.13267032894117,-17.084338377960925
38991fd4,4,184.65384425261527,190.41289919563772,-7.677939888613737,216.96768874055235,-13.522548713657844,193.2336048928658,196.31409451490578,-2.9237585472854164,206.64089162772905,-8.22315363047163
3932faa6,4,144.56503981731268,68.51292648161727,101.39351988822769,120.5687766716982,46.03469368268595,146.45849171733497,143.4559190836398,4.118689573378026,132.01234787766901,25.076691628031988
3a7dd95d,4,-57.978836731479696,-78.92302865631899,27.921045531649295,-61.955606931096995,17.187868746687865,-35.48133597345591,-48.56548112833901,14.864591962647442,-55.260544029718005,16.026230354667653
3df4b19e,4,150.8313176360933,188.74840313216143,-50.55104723648975,189.91677909265016,-34.987702878708035,150.1565834820324,170.15631691106944,-19.120870049169252,180.03654800185979,-27.054286463938645
3ef98781,4,103.94926358312172,102.18128876613258,2.3569969946503333,131.89006365308757,-28.079381760528,111.1779644216032,113.20316647877983,-0.1484145671184578,122.54661506593371,-14.11389816382323
404c4384,4,34.24857915668069,29.463656682143966,6.376398882368748,49.998327369758016,-14.685497623914905,61.51823813250287,72.52080539138409,7.746431127780522,61.25956638057105,-3.469533248067192
43b06c70,4,221.19054885117492,190.32749639991516,41.1464916319456,179.49972912301655,51.224577963147425,239.23225934959498,227.28549908428212,8.450744051335429,203.39261410364935,29.837661007241426
445af6c2,4,-216.88737181038678,-249.86164903488927,43.962064625804274,-140.5998959612312,-35.84865419743433,-169.80661365368584,-147.07316830953897,-26.68997710250985,-143.83653213538508,-31.26931564997209
44a94013,4,161.52737923281356,154.76159429956914,9.020126813530204,156.80860790891063,29.319210204569398,213.9737585646813,205.0983036968056,5.19853838250155,180.95345580285812,17.258874293535474
460f859e,4,-54.39451191880215,-12.23993486955954,-56.1976810807304,-64.34061516008414,21.426139285156165,-53.72952898752628,-69.33997399080049,9.41413364229832,-66.84029457544231,15.420136463727243
466fc788,4,150.8331025782122,86.03881965600777,86.38540785422437,141.8531433767152,29.588425508320515,151.13644415659087,164.59767456041558,-9.176611683134356,153.22540896856538,10.205906912593079
46d41ff6,4,-253.35762049928462,-231.3409133740681,-29.353752020568333,-211.5767022211012,-50.72360674582514,-261.0211113643682,-254.3918137483692,-2.8036219527967323,-232.9842579847352,-26.763614349310934
47ee27ab,4,203.53022399438376,204.4795092575281,-1.2656147693999256,204.00712217228735,17.940989275404192,226.95523016206855,233.18907641551516,-9.767802846541624,218.59809929390127,4.086593214431284
4a8ecc0b,4,155.3820923041534,131.332570948825,32.06326891882512,121.58332859021098,46.04509259573508,150.69450365613977,143.9547895459849,11.616867268735234,132.76905906809793,28.830979932235156
4c2208f5,4,106.58832871098555,219.588036724109,-150.65228791003736,107.27359500922668,-12.116894142264691,90.8814633086822,130.2065986039646,-14.041680906757733,118.74009680659564,-13.079287524511212
4e050c92,4,-119.78693264333538,-104.06914978668657,-20.954216360968605,-104.84639765085021,-9.103987191764464,-97.33037295484692,-90.8268634938411,-7.6301413394400255,-97.83663057234565,-8.367064265602245
5138a660,4,-147.49501057306574,-167.655521371728,26.876905688329018,-95.58576159735165,-13.28894668197415,-123.37401954897352,-109.5092390213561,-11.694582184793653,-102.54750030935386,-12.491764433383901
5397ceb1,4,-189.95673325379107,-190.65328845299055,0.9286519151173912,-178.8555888858845,-14.985066876299996,-190.96917677984925,-172.54124376664367,-14.575004472893866,-175.69841632626407,-14.780035674596931
54753541,4,-107.7579543840904,-162.66383457296558,73.19875062677113,-106.68618108261984,-30.08498150667891,-136.09596832823857,-135.27926909878983,-3.1631974379524195,-120.98272509070483,-16.624089472315667
5567d551,4,244.2277805570836,196.3783126263806,63.794660727349445,228.34086096967656,5.0104368665588375,256.45367543013026,273.4477665814369,-24.073465762265492,250.89431377555672,-9.531514447853327
593876b6,4,-165.25665476467051,-145.69938871278245,-26.07366256625178,-151.16866011493676,3.0324591435663697,-155.83307420654913,-134.17293861523518,-20.31899358196815,-142.67079936508597,-8.64326721920089
59f8b2e8,4,-164.81369271510212,-193.37047384147579,38.070628698358256,-171.0639240843741,14.268693582438544,-119.40760163935275,-127.67233381332264,11.632966141211917,-149.36812894884838,12.95082986182523
5beded95,4,-113.02058988848798,-139.63944532640906,35.48600414277033,-96.54686103854999,-8.187047864045004,-91.62244162600257,-98.51978639138588,5.208296359998968,-97.53332371496793,-1.489375752023018
5cdd8dbc,4,122.8104374166648,78.43549582539852,59.159213247493874,87.51086910619422,28.679759283771304,100.3490405685168,87.77860043312143,16.542779767332338,87.64473476965782,22.61126952555182
5f75f796,4,196.12897442015742,192.02560858267253,5.470662705017655,199.13460913977642,-18.74160201104734,178.11651425471777,185.1364199231298,-8.465753892843425,192.1355145314531,-13.603677951945382
5fffa282,4,-123.3162643568694,-106.77683535911346,-22.04994794036851,-134.41829835574208,16.363587408608264,-112.64762685955024,-115.8476373792535,3.0363639187455784,-125.1329678674978,9.699975663676922
60e37807,4,130.05410545985708,62.68653852335786,89.80678861485418,76.74560534823429,31.985608143261842,103.72801988223837,87.81564560590672,22.146291840726168,82.28062547707052,27.065949991994003
62569ae3,4,-106.53521863381225,-98.86105743758576,-10.230789431655545,-82.45111350969374,-5.659039684244047,-77.14291412190569,-70.89369355360687,-8.563729408844013,-76.6724035316503,-7.111384546544031
6e6d122c,4,-161.3500108987768,-113.32524932785505,-64.02733168784347,-148.04840203899008,-28.006767041600305,-164.57344829133507,-143.31126758733424,-23.281131065371692,-145.67983481316216,-25.643949053485997
6e9ccd38,4,209.0150997710437,286.02987037075883,-102.68016217829928,251.7834087421476,-30.446915230226157,215.2420013341091,232.73182925580525,-19.63763101895039,242.25761899897643,-25.042273124588274
71642c7d,4,-174.55589420216415,-197.4447008137601,30.51512656026496,-175.36132039179722,6.281136142985033,-167.35477816777595,-195.6367621228232,32.21792708678767,-185.4990412573102,19.24953161488635
722cf0d8,4,157.43779738231342,108.00648141018802,65.9020149566166,157.45718948826436,2.4195382784760437,157.51600901493046,167.08968742998562,-13.799812030079675,162.27343845912497,-5.690136875801816
7271dd80,4,-143.55210862127439,-143.93863315658118,0.5153066867846695,-129.6203710875253,-11.505194251268417,-131.87196953756933,-145.51940377647207,10.390122719840717,-137.5698874319987,-0.5575357657138502
729e9750,4,-198.67569515264546,-169.84770530723367,-38.43407339862948,-158.53896279259882,-37.45054166339056,-214.73864183024386,-186.86753703526924,-27.234130413831444,-172.70324991393403,-32.342336038611
73b1447d,4,-153.14084925383878,-88.37916873304845,-86.34129416167441,-154.80509524732372,-46.737610252819714,-202.70415087609862,-175.04968359199052,-22.123308668537952,-164.92738941965712,-34.43045946067883
75cd5f11,4,-139.8272640540636,-95.65179385343546,-58.89467376791512,-111.08561114475958,-32.86008541160612,-127.78224948416522,-118.93280228200429,-9.419797205121839,-115.00920671338193,-21.13994130836398
79507629,4,179.12726988779795,206.5495702666098,-36.55961977714495,196.03973935021259,-12.373240283214685,185.0707441028532,187.35772858300138,-4.213493586884546,191.698733966607,-8.293366935049615
7acda2df,4,-55.56197541604503,-68.50007944416306,17.248015783927062,-105.93035391311122,19.373202980878574,-75.73544867929252,-83.3096701747426,7.36875706709227,-94.62001204392692,13.370980023985421
7b2c7b3c,4,101.68572016107026,55.94549511498821,60.97517040959333,77.07107396427118,24.371160921988533,93.94821399207727,86.09238393470224,14.270367957311349,81.58172894948672,19.320764439649942
811f52b3,4,194.7875814434896,200.79264559018173,-8.00592453875724,200.25096546445982,-17.470459351332558,181.4544574179477,188.28759025060265,-12.862604596779214,194.26927785753122,-15.166531974055886
8255c867,4,81.70610942081747,93.75441481960692,-16.06216981576778,39.34851415514394,30.14862505916282,52.24346839728166,41.535297295833395,29.125671552127912,40.44190572548867,29.63714830564537
82aab6d2,4,239.3401589143192,250.64870009862224,-15.076827257713356,260.2979984566995,-44.32607302590935,249.26070244985127,270.244862542826,-29.61277989597616,265.27143049976274,-36.969426460942756
861e71df,4,-154.93526163050487,-157.93235471226433,3.9956990798582024,-104.85089355436756,-18.090509991678672,-146.85196948911684,-147.82304764215507,1.6278974460038755,-126.33697059826132,-8.231306272837399
877ed19c,4,-152.95563079039954,-160.65908903632334,10.269893018786103,-145.89891642826845,2.8074338121929365,-141.09460658747383,-147.12131602936643,3.3707670934188716,-146.51011622881742,3.089100452805904
87aa3730,4,-213.94904967936293,-174.3060707301114,-52.852592595798306,-160.49087417114688,-44.953138521086366,-201.013973012862,-167.14655713517863,-30.63705819086683,-163.81871565316277,-37.7950983559766
89969c7a,4,185.7341221365183,140.87555474354676,59.80537919071041,157.94855084567646,36.30239790551786,204.37741864677668,191.92304565248872,8.459470567724102,174.9357982490826,22.38093423662098
89f1085d,4,266.48838158359075,324.7727498047757,-77.70600951946473,334.2752728943633,-79.55416631618574,261.88858978179303,275.24708439302276,-21.148027916847482,304.76117864369303,-50.35109711651661
8bda1a11,4,-197.60532110165175,-195.90464957608896,-2.2673725019845903,-191.02000007462968,-19.206774713282975,-204.05612603847229,-193.46160787126098,-12.466304657060412,-192.24080397294534,-15.836539685171694
8cc800b3,4,-361.3257205046142,-360.77414696252566,-0.7353754801163634,-302.5126551135669,-13.672404543852629,-282.7951423240553,-265.45871992794486,-1.400241882608393,-283.98568752075585,-7.536323213230511
91b301ce,4,262.4787755965407,432.33030222445075,-226.4514697323965,339.2422831166891,-54.09444309984091,284.7633323568761,300.8304084643503,-17.213564796714266,320.0363457905197,-35.65400394827759
93209a3d,4,245.19806646289558,210.79030255006313,45.87213593884781,220.17299627789393,15.258948990208825,245.5434409452222,230.88320695070684,9.87949721464206,225.5281016143004,12.569223102425443
940e709a,4,160.18993730987447,168.6171464447044,-11.234601289132218,149.65015144193836,3.0842411744215905,156.61309051507135,158.710082358932,-2.3582102675710654,154.18011690043517,0.36301545342526254
95b559e7,4,-47.0866374105113,-23.71219394248072,-31.160528861467323,-75.75987925865215,11.411120987497252,-65.77353115425508,-62.91777712611777,-0.8787595523472459,-69.33882819238497,5.266180717575003
95c8427f,4,140.39898633436883,107.81726707856963,43.43886412986453,184.62455202446668,-5.3000892492585105,167.07897299814348,178.93617101266068,-11.007725465327685,181.78036151856367,-8.153907357293097
98177ced,4,-104.88959912999283,-89.11928953883698,-21.024876743848406,-115.48398346159303,12.56372911544949,-101.15152548933574,-97.4790113515086,-10.064544500608724,-106.48149740655082,1.2495923074203832
9a6b0392,4,-164.407640768735,-146.15380747598982,-24.335585080600648,-159.99679812392864,12.60016086564384,-145.08918093910717,-145.47631423486308,1.146167279162358,-152.73655617939585,6.873164072403099
9a95e33f,4,139.95926192129951,42.302322958769565,130.19915507876578,152.7923090193899,29.532476881983886,186.73314778993182,169.2921244527728,12.808750099555846,161.04221673608134,21.170613490769867
9c8375f7,4,57.68863339563152,29.67594603751071,37.34516814418679,57.12563404296459,21.65081364718165,62.28514495302914,66.1537039753343,20.53391672470558,61.63966900914944,21.092365185943613
9def2eb2,4,-209.0153917865034,-199.36005869211513,-12.872705359129407,-170.85598024830097,-35.964576407359374,-225.90925716518538,-207.341840579587,-14.878525500214003,-189.098910413944,-25.42155095378669
a056d01e,4,-208.6720695766481,-224.38058654155992,20.943092405694696,-213.98708776377364,20.89473058770083,-173.259963395529,-161.9267361858969,-15.942757138322666,-187.9569119748353,2.4759867246890828
a15bc102,4,123.31723292031894,115.2096963680641,10.808378972864924,124.8698804096046,-7.010315397197259,113.58942071146512,107.6754811333415,7.412451105317283,116.27268077147306,0.2010678540600117
a3f71395,4,315.02539946163824,326.910970452713,-15.845998746759083,308.3408000025772,-26.25978449887927,294.72022487371703,305.2899821367314,-14.214435429557582,306.8153910696543,-20.237109964218426
a612d5a0,4,-148.6045148834416,-138.23541545001385,-13.82416896321531,-192.65746692604992,24.598922088332234,-166.26066401412348,-160.47160706777342,-7.7478638429465265,-176.56453699691167,8.425529122692854
a79fd2e7,4,165.07384506017476,101.95594131401364,84.14765253120441,150.83306464658125,16.82464325117615,174.30582499947883,149.79178190206815,18.982542055710297,150.31242327432471,17.903592653443223
a87433c9,4,-161.1346029813337,-154.0637129650443,-9.427029530047754,-117.19155370464424,-51.596982455631654,-165.1184683871547,-153.64166294670937,-11.204246637346985,-135.4166083256768,-31.40061454648932
a8ed028a,4,142.6965068205864,288.21164046528594,-194.00266418515213,137.09350070072227,-32.46180616256331,94.69101228550537,97.8215709122322,14.279742805746942,117.45753580647724,-9.091031678408186
aa95015b,4,-163.15171842240636,-176.40683415108938,17.671433059350893,-180.59217508374508,20.72653968573908,-159.23740476206282,-160.70881004361596,0.06348444990908045,-170.65049256368053,10.39501206782408
aaeffccb,4,-46.99747270167123,-37.075360748318595,-13.227044439596522,-44.26186749980687,-21.12762960358125,-58.69765945431187,-65.32086250005248,4.375835972508287,-54.79136499992968,-8.375896815536482
ab3ced07,4,115.11123148034319,84.69177662107779,40.55450258897747,135.0546192324453,-12.06685527998269,118.41702174570725,98.93679109016232,22.75487167311644,116.99570516130382,5.344008196566875
b32902c0,4,150.53643645142603,140.74047447409046,13.059568107353707,156.46368719091458,-22.590763253264576,131.1518897917552,135.19478900841582,-4.784143648262359,145.8292380996652,-13.687453450763467
b32e4903,4,206.16973606232872,247.19449721991435,-54.69494235773075,218.20512239593356,-25.49091258094778,178.6064600317786,192.05107541636156,-13.098055607247506,205.12809890614756,-19.29448409409764
b5aa9634,4,245.80897667380714,268.5513073237102,-30.32103826150114,257.4277735707234,-5.976347414377247,261.11617305788184,283.46579693043657,-31.6357039361952,270.44678525058,-18.80602567528622
bcebcc5f,4,-157.1054410110278,-145.35490512732324,-15.66612959006547,-175.8550214507556,-10.062956243765566,-186.48126840083845,-178.33773316468913,-9.35389956885583,-177.09637730772238,-9.708427906310698
be83e781,4,-108.53266434404993,-116.37479184527243,10.454547380586886,-97.40976789119739,-0.7411444090175261,-105.38758270997738,-98.91843736767379,-9.146410071330916,-98.16410262943559,-4.943777240174221
beda8696,4,107.9285516119018,198.21911399338396,-120.37723661548297,141.94100192920155,-15.497217620651668,123.04958215591762,151.03232807373968,-17.219510966949525,146.4866650014706,-16.358364293800598
bf39bc20,4,-63.117023135820006,-33.63991776247314,-39.296859403087744,-78.5069384118898,7.2224209388169,-60.46434782478253,-73.92874728643942,9.459403438725586,-76.21784284916461,8.340912188771243
bf70b410,4,133.6890216851501,244.4336366977464,-147.6478562891105,207.07156582836376,-49.365470656013876,155.81854736269779,173.74797685004978,-20.268178439122604,190.40977133920677,-34.81682454756824
c03d4aed,4,-174.53091100311045,-174.32254719897313,-0.2777884810867999,-184.04155642595975,12.600884971844803,-168.87378765544014,-198.21401466242318,34.36429708332529,-191.12778554419145,23.482591027585045
c2717d4f,4,186.0227608478413,234.79056493863482,-65.01685359725586,174.59871270499121,-18.288857133789943,158.01776385233296,172.5055734977187,-15.507966087642192,173.55214310135494,-16.898411610716067
c42fe306,4,166.2518728952828,122.1713949373969,58.76820393364921,156.79086370948997,-0.8308986657917741,156.19642797401232,153.65015086481216,1.6303774107722973,155.22050728715107,0.3997393724902616
c59b6c4a,4,109.12846568399033,146.79939072896428,-50.223333887232535,152.66048303763412,-6.809662143456949,142.7233876791316,143.7147107761947,1.483070533232476,148.1875969069144,-2.663295805112236
c6b782a4,4,191.18412993620473,185.87550365614865,7.077442853894612,223.43247655274516,-19.152005463907866,197.83580759511293,197.85826077251372,-1.9292195146215099,210.64536866262944,-10.540612489264689
cad13e8f,4,-109.05468135484733,-69.46859205844962,-52.776009886185236,-89.93039965757646,-25.316493174300057,-91.43008843010642,-90.01291900031387,-10.471320658901757,-89.97165932894517,-17.893906916600905
cdc31d65,4,-128.8266178617001,-109.81779895981951,-25.342474115417712,-142.00905101998814,21.273216180280006,-117.87396300771192,-119.74684630673639,-0.6975976514447453,-130.87794866336225,10.28780926441763
d41beaf2,4,180.69186040275113,171.40323222036827,12.383535006298452,207.80967758916478,-15.190822933505313,196.77431935955855,196.2706545236932,-0.7281289107037017,202.04016605642897,-7.959475922104508
d543916f,4,-145.91253128711475,-137.70141993570792,-10.947008036410343,-169.4575767058927,2.357507028901876,-159.91797235211203,-163.4990632334242,4.672388419223364,-166.47831996965846,3.51494772406262
d5df0ff5,4,149.25704076274576,143.95269548141155,7.071583551361286,165.3571110129947,-8.990268818030675,169.68008542503918,170.7334056126538,-2.3039420275620013,168.04525831282425,-5.647105422796338
d6dd7330,4,177.5957571202478,201.50455200069115,-31.875819845447356,155.25631242518418,7.939885448504913,159.34867173335766,141.08927709100308,17.148565996676993,148.17279475809363,12.544225722590953
d7eb0be8,4,105.2381682861754,284.5644291689812,-239.0795503291313,104.60853115386537,-4.680042290176225,92.01446359831414,124.86823954638716,-8.483923899426943,114.73838535012626,-6.581983094801584
ddc790ff,4,129.76843563754144,135.58203212897047,-7.75064207509743,125.7352897802076,7.783905368446601,136.7856178750421,147.68912902468028,-7.794155526837079,136.71220940244393,-0.0051250791952388575
e0f36d98,4,-130.46244974163363,-111.02968855398673,-25.90774524153103,-125.05473544486003,-15.689796880208924,-138.280773425989,-132.20755112194374,-6.124459479141029,-128.63114328340188,-10.907128179674977
e161bd0c,4,-81.44873952091692,-81.25190186653202,-0.26240572276081653,-79.81864384911009,-12.942890228758579,-86.6368734997054,-82.86168275430146,-3.0110505187781085,-81.34016330170577,-7.976970373768344
e32da4ec,4,144.66706908756424,126.30896679460243,24.474860185598946,163.3473305474204,-19.083279289502485,133.52371234084913,157.4550748662978,-22.024895352811114,160.4012027068591,-20.5540873211568
e45a2a62,4,191.65613055735747,201.5792533119643,-13.229509369993004,139.4714768824821,26.952541552984506,166.74258761778054,153.84379639274113,8.506786289694572,146.65763663761163,17.72966392133954
e5ff9fd2,4,76.6914664506111,79.99694076160141,-4.4063633490313645,59.49761365418179,12.926896219750631,71.5226153019081,70.03720831304179,19.407091539543888,64.7674109836118,16.166993879647258
e730c32b,4,183.7500099447325,198.32672009600392,-19.433558595978514,167.61808503802825,-7.648487987322651,159.52934796050323,158.64646781008216,-0.5988511619276984,163.1322764240552,-4.123669574625175
e737965a,4,191.16239343211515,186.4877935199135,6.2322766458736085,223.58800533548583,-15.936483664751798,209.2240250328549,209.02181213862025,-7.089431951417773,216.30490873705304,-11.512957808084785
e85074c5,4,-101.12585945524752,-124.32729942748249,30.932528203528193,-132.88381757313567,10.76069862461549,-112.30819011137665,-142.26569621085008,14.637022411038817,-137.57475689199288,12.698860517827153
ea3a0e38,4,-238.63061225462695,-289.37391011912956,67.65436543425338,-250.09018637961864,2.2788748133336068,-230.23065753795711,-241.3458666560195,7.428802152645902,-245.71802651781906,4.8538384829897545
ebe69318,4,-114.83504010622136,-124.17245342925436,12.448633688855024,-122.24067768850051,-2.434287785539135,-110.08712405765708,-108.86528548385166,-3.1760849339340878,-115.55298158617609,-2.805186359736611
ec0d597b,4,-109.70255505525758,-180.05738823960147,93.79628543658178,-190.4728025023007,68.57359984912128,-102.98717665727455,-139.3010145069204,24.2200270919013,-164.88690850461057,46.39681347051129
ee4aecac,4,-160.44639598828925,-82.3123521814533,-104.1688334383833,-139.16299169093358,-57.91634312241562,-197.03213237263543,-169.68112130678767,-23.96920483489464,-154.42205649886063,-40.942773978655126
ef04658e,4,158.55170916327333,160.73557629492046,-2.9114681743712976,152.48118177660592,-2.387973242424382,142.34130815162374,152.37156310354476,-10.991665009861835,152.42637244007534,-6.689819126143108
efde6ac3,4,-183.13576710714182,-175.01988684719896,-10.81998714772215,-174.1086072010134,11.066758612213778,-158.20414375386576,-152.5597043256702,-5.300356594365549,-163.3341557633418,2.883201008924115
efe96181,4,-179.88333564886244,-191.30094340735153,15.22158024119533,-150.03002080341082,7.625751666218183,-138.38682898017075,-140.41919638443736,-1.5036420605564254,-145.22460859392407,3.0610548028308786
f053a1b9,4,103.27442445815929,51.862626073479426,68.54072318113315,113.8454144641331,8.533786360951467,118.47974826229729,93.3550896089402,23.49401731611031,103.60025203653666,16.013901838530888
f08774c3,4,147.85277722727332,93.89558132496421,71.933706781836,105.55426639782866,35.05002820743212,130.91795890841829,122.68058301109332,8.492407942594758,114.11742470446099,21.77121807501344
f140c2fa,4,130.20303777030634,144.35545275694514,-18.867575861850895,155.86295646613632,-1.6264187694358212,150.55807434197024,154.3523462080255,-0.7270802189155827,155.1076513370809,-1.176749494175702
f16e25e3,4,135.19535190434726,130.7432135436853,5.935546455895505,147.1698426790563,-6.292567235091313,142.24790213178073,162.31650348226364,-21.853013299248392,154.74317308065997,-14.072790267169852
f56d3ace,4,-148.11951661866948,-70.31520551078782,-103.72953435022198,-136.00245855834578,-36.16014304654723,-166.37839661499274,-157.32505849944428,-11.505822773241636,-146.66375852889502,-23.832982909894433
f5d8aab6,4,149.48491722014575,132.5933860316107,22.519508171711742,165.25896773609253,-0.38966948374724497,169.19796317656696,172.077764972461,-3.18631186957593,168.66836635427677,-1.7879906766615874
f631da6e,4,159.38095528978795,167.45754974440936,-10.7674774140996,195.15642028528003,-33.102052782427975,159.01848520589397,166.35682843064058,-8.762738688552902,180.7566243579603,-20.932395735490438
f6824bb0,4,177.3661678032544,166.55536677710327,14.412964525959882,242.20230420442272,-28.10056304571261,210.4949135758472,213.62527839768183,-7.293303155551815,227.91379130105227,-17.696933100632215
f8afa78a,4,-195.8885694358629,-142.87145894969598,-70.68362208029215,-187.9504668293635,-20.775822267016547,-223.23816070442305,-200.1425147655273,-23.679748405432715,-194.04649079744541,-22.22778533622463
f9fc81aa,4,-173.2071544448815,-116.42133741233336,-75.7076612863537,-149.25820114066113,-23.771370623387735,-168.56407069329478,-132.0606167653812,-40.56249221969956,-140.65940895302117,-32.166931421543644
fb0904bd,4,121.91545858940738,89.75179063098138,42.878151942062594,130.61396815737055,6.854884389795725,134.24717234109414,135.69146431911958,-2.878809235902981,133.15271623824506,1.9880375769463718
fd8f77fa,4,-172.25960429348436,-112.93144314022912,-79.09671399722822,-186.04292475995032,3.350350977735566,-181.33822062768127,-169.48552038616043,-10.26494526282211,-177.76422257305538,-3.457297142543272
fde20ecf,4,-101.29099441111322,-87.29192190737245,-18.66343070871464,-124.51065940433162,3.907598350838568,-117.15858748750547,-103.27491580261268,-16.330533047799427,-113.89278760347216,-6.211467348480429
ffefef30,4,-169.45016480879565,-205.0870138351304,47.510601174028444,-155.20961021027136,10.405050827729323,-161.43724849879592,-181.4208331208088,26.664556213350867,-168.3152216655401,18.534803520540095
