well_id,candidate,rmse,rows,fold,direction
000d7d20,last_known,7.454442102844319,3836,2,NW_like
00bbac68,last_known,15.263052288602681,6014,0,NW_like
00e12e8b,last_known,7.92458894231589,4301,0,NW_like
015fe0d2,last_known,23.154889673287215,4296,1,SE_like
01869cd4,last_known,10.618593023436276,5557,3,SE_like
01982c1d,last_known,6.33452473981023,3941,0,NW_like
028d7b28,last_known,7.393605105422137,6234,0,SE_like
02e7fe5a,last_known,8.414429717261077,5108,1,SE_like
0390d174,last_known,8.517417217402954,4411,2,SE_like
03a935ae,last_known,35.05448621305352,2786,3,NW_like
044af7d1,last_known,9.868136513863366,4519,0,NW_like
0498acab,last_known,5.996139045372776,4798,2,SE_like
052d64df,last_known,7.3962717049147795,2445,2,NW_like
05948241,last_known,4.995769989509691,3879,4,NW_like
059c8f24,last_known,10.912174729109239,6258,3,SE_like
05a0ee4d,last_known,18.344706956532814,4348,3,NW_like
060ab2b8,last_known,9.048312196834127,6258,3,NW_like
06df5958,last_known,3.0884860085517194,3509,4,SE_like
071d7b45,last_known,17.11579247751261,3211,2,NW_like
0849b4e2,last_known,14.567522114617379,5537,1,SE_like
084d66f9,last_known,10.693040191903986,3885,2,SE_like
08fecf00,last_known,4.759806836739511,5574,4,SE_like
09053135,last_known,13.261553626472297,5907,1,SE_like
09441b8d,last_known,15.9390645279074,5488,4,NW_like
0955cd6c,last_known,8.023088122545198,5195,1,NW_like
09ec2ca9,last_known,6.13281698431714,5885,2,SE_like
0a57a29c,last_known,6.952723985070934,5821,0,NW_like
0bbf5e67,last_known,18.377119492009776,4298,4,SE_like
0be01c24,last_known,8.273369324203173,4738,1,NW_like
0c1b160c,last_known,8.432276859497074,5054,3,SE_like
0d99f8e4,last_known,9.343320012239094,5823,0,SE_like
0dc5e64d,last_known,18.008822359134772,4879,2,SE_like
0dc835f3,last_known,7.2297789729208715,4428,0,NW_like
0dd99dc5,last_known,8.234632190411654,7342,0,NW_like
0e5e560d,last_known,10.293900986020363,3253,0,SE_like
109d9d70,last_known,9.371137061320914,4215,3,NW_like
10a1281a,last_known,3.5911852573850855,5609,1,NW_like
10b89021,last_known,14.721334704881999,5414,2,NW_like
10be2420,last_known,13.259451874685324,3271,2,NW_like
113011eb,last_known,5.177910618587731,3272,2,SE_like
1131525f,last_known,14.670165574890584,4159,1,SE_like
11d0f5ac,last_known,22.169205194123972,4883,1,NW_like
12203f2a,last_known,13.762320645487467,3261,1,NW_like
122bd617,last_known,11.670160284769418,4570,1,NW_like
125be846,last_known,18.441379950265283,6510,2,NW_like
1285a37b,last_known,5.549117512133954,5597,2,NW_like
1295a25b,last_known,9.716800903498608,5551,2,SE_like
12f0cd90,last_known,7.895034499573364,5947,4,SE_like
137d1e44,last_known,25.010172511867026,4554,4,NW_like
13ce113d,last_known,3.381014512965784,2966,1,NW_like
13f598d9,last_known,15.16858992587756,7306,1,NW_like
14a53cb3,last_known,8.94761773897247,6919,0,NW_like
14ab73fb,last_known,14.81915286795364,3649,0,SE_like
14ad5efb,last_known,6.298504340917485,5842,0,SE_like
14fee784,last_known,21.419815878785553,4910,4,NW_like
153552f5,last_known,5.161441840641978,4695,4,NW_like
1550491d,last_known,21.167156242041475,4563,2,SE_like
155887bb,last_known,11.793313793912793,5585,0,NW_like
1590af81,last_known,5.560887269871239,3799,3,NW_like
15e154a1,last_known,23.22648490243106,6068,4,SE_like
1619e2ca,last_known,7.812315673810556,4443,4,SE_like
16e4a047,last_known,10.715407020528387,4131,2,NW_like
173ed841,last_known,17.58051747694951,4883,2,NW_like
1770d7c6,last_known,12.332849608315879,7240,3,NW_like
177622d7,last_known,9.800349606500166,3154,3,NW_like
18d24f7b,last_known,7.530076271970659,4558,2,NW_like
19137a89,last_known,18.119920942456794,6267,2,NW_like
1944513c,last_known,5.738736995920461,4722,4,SE_like
197f8a5a,last_known,24.61555435098563,6310,2,NW_like
19871e7f,last_known,5.353880109906093,5293,1,NW_like
198a5607,last_known,9.944851115115334,6251,0,NW_like
19fb4f7b,last_known,11.089880426882702,5620,1,NW_like
1a518997,last_known,10.76070073803029,4606,0,SE_like
1a68190b,last_known,16.431826147748733,4474,4,SE_like
1a730ac2,last_known,16.350400725581075,4605,2,SE_like
1aaf1da0,last_known,9.288199403984146,4804,0,NW_like
1b08ed48,last_known,11.838490879530399,5618,0,NW_like
1b1c5372,last_known,17.833374900392585,4261,2,SE_like
1b1eba53,last_known,70.63937461968057,4655,1,SE_like
1b6ba517,last_known,7.818279827064867,6597,2,NW_like
1b82b665,last_known,6.106594455886377,3806,4,SE_like
1bcb2fcf,last_known,6.2062031463179,4524,4,NW_like
1beca81d,last_known,8.154769966888065,5036,2,SE_like
1d3fbf02,last_known,5.906372283901897,2694,4,SE_like
1d78281a,last_known,11.881246003992382,4949,0,SE_like
1e30dedf,last_known,12.137059232129838,4071,2,NW_like
1e5e3573,last_known,11.921759172625736,5480,4,NW_like
1f9afacb,last_known,2.518404175433652,5328,3,NW_like
1fdbba44,last_known,5.835321753197851,4911,1,NW_like
1fee2b62,last_known,8.271183690259376,4641,3,NW_like
20096916,last_known,10.457150039432173,5133,2,NW_like
200d233d,last_known,12.776233899276743,3926,3,SE_like
201661b5,last_known,12.376074593108253,5955,1,SE_like
203721ab,last_known,10.037088673521446,5730,4,SE_like
20402d71,last_known,11.661871660575386,6372,4,NW_like
2043abc5,last_known,18.043675019417094,6958,0,NW_like
204cc64b,last_known,6.09488008126444,4805,1,NW_like
206b6193,last_known,36.50899923584182,6535,1,NW_like
2075c696,last_known,21.898881254260402,3188,3,SE_like
22c5f93f,last_known,7.091232323797548,5172,2,NW_like
230eaaa3,last_known,25.322864048616943,4690,0,SE_like
2364716c,last_known,19.668009235301668,4316,2,SE_like
23b9beb0,last_known,5.499363741994015,7340,3,SE_like
24d8997e,last_known,5.6395027824068205,3442,1,NW_like
25050f63,last_known,37.996607342363916,6124,0,NW_like
25939962,last_known,11.099661933822553,4319,1,NW_like
25fd32b3,last_known,3.1781649872704114,2885,0,SE_like
261785ee,last_known,23.57894263400833,3646,3,NW_like
264feceb,last_known,10.863394363873287,5665,1,NW_like
26623a50,last_known,21.675376849132046,5735,4,NW_like
26d3a96a,last_known,9.063491001698889,4721,4,NW_like
272abef3,last_known,10.023016592838678,4135,3,SE_like
27300fd5,last_known,17.389589831741016,5467,0,NW_like
276b012a,last_known,27.08665184488836,4837,3,SE_like
27c3155b,last_known,18.11085336032788,4958,2,SE_like
27ebb9b9,last_known,9.988233062217338,5766,2,NW_like
283269ac,last_known,1.1159494538507433,2626,2,NW_like
28473855,last_known,4.546502439117813,4290,2,NW_like
28f4eda9,last_known,12.159025419229918,5266,0,NW_like
29b24409,last_known,13.756821410921399,5587,4,NW_like
29de15c8,last_known,4.5857601721794286,3431,4,NW_like
2ab29395,last_known,2.45945596628769,1852,1,SE_like
2ac7cb6b,last_known,19.596293256603055,4990,1,NW_like
2acc78d4,last_known,13.626234402591441,4266,4,NW_like
2b034622,last_known,6.805621396093291,5203,2,NW_like
2b06ad65,last_known,2.7463768040476424,4256,2,NW_like
2b547943,last_known,12.241457142013665,3480,0,SE_like
2be5c96a,last_known,3.6618588662445717,4210,4,SE_like
2bff06cf,last_known,28.427941006681795,7624,0,NW_like
2c0c4a4e,last_known,8.04594018660484,4790,4,SE_like
2cee0cba,last_known,10.665140786694133,5500,2,SE_like
2d0c268a,last_known,14.874791132341558,4550,4,SE_like
2d179ded,last_known,7.749754286132607,7008,3,NW_like
2d196986,last_known,11.991317360702503,6474,0,NW_like
2d2d0c6b,last_known,3.045945300727323,5045,2,SE_like
2d35f86d,last_known,11.216196779664774,4896,3,NW_like
2d9f6cb9,last_known,9.908706063856238,7338,4,NW_like
2ddad940,last_known,7.645816438023014,5331,2,SE_like
2e29e833,last_known,4.3076518266215045,5428,0,SE_like
2e43c2ea,last_known,7.487396669090343,5698,3,NW_like
2e63d9de,last_known,13.77390817425645,4699,2,SE_like
2ee0235b,last_known,6.80295371229703,5556,3,NW_like
2f19d536,last_known,6.535598394413745,3088,1,NW_like
2f8e53c3,last_known,3.293055138227308,2594,0,NW_like
2fa01aa6,last_known,18.77741961251621,2174,4,SE_like
2fd68f7b,last_known,60.74015262396321,4730,2,SE_like
2fe023be,last_known,12.90931147808348,4221,1,NW_like
30d75030,last_known,17.599318669377997,3404,1,NW_like
310c71a5,last_known,8.843313479056066,5245,4,NW_like
32fe84c9,last_known,22.250821979444407,6408,3,SE_like
33c40295,last_known,8.700789781165115,4169,0,NW_like
3407f5bf,last_known,21.29388267466182,3638,4,SE_like
3417285d,last_known,34.42198868150785,5449,4,NW_like
347242c8,last_known,2.242023016039388,3595,0,SE_like
353e5502,last_known,5.639360585146688,6062,1,NW_like
357c12f9,last_known,5.624420852755269,4079,4,NW_like
3584a6eb,last_known,9.108318362664079,4494,2,NW_like
35b30c7f,last_known,19.15158789297762,9579,4,SE_like
35b3ef6a,last_known,26.045383636758544,3904,4,NW_like
367456ce,last_known,12.622377103894497,5569,1,SE_like
368131f9,last_known,20.875783169531438,4991,1,NW_like
368fe682,last_known,13.878502686940966,4936,1,NW_like
3690a146,last_known,7.130156510792888,4073,2,SE_like
37344c2a,last_known,13.239300394199656,5197,0,SE_like
373ef48b,last_known,5.207191387759596,3509,0,SE_like
374be387,last_known,6.712762639770746,9965,2,NW_like
37d36812,last_known,21.856313079076383,4367,0,NW_like
38991fd4,last_known,14.86604108751415,4798,4,NW_like
389ae58f,last_known,49.76304894845995,6463,3,SE_like
3932faa6,last_known,13.157974615537267,5452,4,NW_like
398dce4b,last_known,4.559718484677409,3166,3,NW_like
39b51819,last_known,3.160351282946552,4231,2,NW_like
3a0af893,last_known,18.6897660134781,2927,2,NW_like
3a223519,last_known,9.401162306681243,4583,3,SE_like
3a7dd95d,last_known,13.010388611275376,3072,4,NW_like
3a824aa7,last_known,5.690131490731758,4201,3,NW_like
3a86fe8d,last_known,11.634711217695367,5118,0,SE_like
3aaa2b30,last_known,17.520232328990414,4711,0,SE_like
3ac16ad0,last_known,8.880546118495223,5649,1,SE_like
3b21ea64,last_known,8.368949948322665,7376,1,NW_like
3bbe1f5d,last_known,10.572803005133604,6918,0,SE_like
3bfee975,last_known,7.840543276658913,3603,3,SE_like
3c3dbcbc,last_known,8.29349171896155,5069,0,NW_like
3d96d897,last_known,3.6092906343486293,5659,2,SE_like
3df4b19e,last_known,8.67249047497302,4988,4,SE_like
3e011332,last_known,17.42146062278745,2723,1,NW_like
3e678ea7,last_known,10.229911981746914,6858,1,SE_like
3ef6372a,last_known,6.229379944022544,4727,1,SE_like
3ef98781,last_known,12.433878700657393,3892,4,NW_like
3f603129,last_known,29.712176284154232,5051,2,SE_like
404c4384,last_known,3.6011694039210935,911,4,NW_like
4121c517,last_known,11.223238561279205,3723,0,NW_like
41fb0192,last_known,3.5577103110362645,2973,3,SE_like
42669188,last_known,23.030677799344762,4282,0,NW_like
42c538a1,last_known,26.18883109705342,3279,1,NW_like
43b06c70,last_known,8.769342298126745,4846,4,NW_like
43c7f85a,last_known,11.180370167514397,5978,1,SE_like
43e16325,last_known,45.776662453735184,3720,0,SE_like
44441e54,last_known,3.668929750345109,4357,0,NW_like
445af6c2,last_known,29.954468486977532,6041,4,SE_like
4463446c,last_known,18.86029305975226,3256,0,SE_like
44a94013,last_known,23.26260921867206,4903,4,NW_like
45fb3e21,last_known,25.15963005414619,3649,2,NW_like
460f859e,last_known,20.01206991533264,3336,4,SE_like
4630ab92,last_known,10.880550178687447,3373,3,NW_like
463c38f2,last_known,6.316346789980795,4460,0,NW_like
4654e7de,last_known,5.262206132576318,5373,1,SE_like
466fc788,last_known,16.96677982284487,6197,4,NW_like
46a301e9,last_known,10.714122960128444,8226,3,SE_like
46a7190b,last_known,13.31037471543342,4215,0,SE_like
46d24a09,last_known,21.034427197140683,4449,2,NW_like
46d41ff6,last_known,7.152719312990992,7901,4,SE_like
46dfcfca,last_known,23.306915931867923,3606,0,SE_like
47222616,last_known,12.72802806095558,4406,0,NW_like
47ee27ab,last_known,7.811133847911845,6397,4,NW_like
481de5fc,last_known,13.661013098019078,5952,3,NW_like
48c1f673,last_known,18.480143096264484,2917,3,NW_like
4936af16,last_known,5.12683088404085,3991,0,SE_like
493b5b31,last_known,20.806259253075513,4671,0,SE_like
49dbc14c,last_known,5.472416193779096,3872,2,SE_like
4a035ec2,last_known,18.37817503927824,2588,3,SE_like
4a335117,last_known,25.01473417971471,5015,1,SE_like
4a8ecc0b,last_known,11.211904800768597,5809,4,NW_like
4b462989,last_known,6.605024585467642,3106,3,NW_like
4b831d20,last_known,16.40332593479727,7312,3,NW_like
4c2208f5,last_known,37.38188510729996,5384,4,NW_like
4c3168cf,last_known,4.398564145674671,4334,3,NW_like
4c3df468,last_known,20.730613836474724,5392,0,SE_like
4caa7289,last_known,9.679853283039389,5396,2,NW_like
4cd1ac61,last_known,14.744577751415134,4489,1,NW_like
4cecf7b3,last_known,8.796914734080126,6019,2,NW_like
4ddde4c1,last_known,4.584881244279585,4472,0,NW_like
4e050c92,last_known,6.760683545123174,3705,4,NW_like
4ed93db6,last_known,9.134304566059011,4657,3,SE_like
4f3eb9e9,last_known,33.07892812639342,4697,3,SE_like
4f4ac5ce,last_known,8.250612102027123,5162,3,NW_like
4f4afcc6,last_known,8.324204115356522,5645,1,SE_like
4f69febf,last_known,14.941245790403045,5460,2,NW_like
4fbe9c06,last_known,12.700621635010842,6287,3,SE_like
504c8b08,last_known,20.6567768266876,6367,0,NW_like
511e1db0,last_known,2.646655635093415,3821,2,SE_like
512943b2,last_known,4.032978673574936,5029,2,NW_like
5138a660,last_known,5.4780109058052355,3559,4,SE_like
516088b7,last_known,6.371603205164532,6645,0,NW_like
521a7819,last_known,25.361861575542044,5200,1,NW_like
5254b6db,last_known,7.293881229520888,3274,1,NW_like
529e88ca,last_known,15.265625031718603,3417,3,NW_like
52f1e77a,last_known,14.174880875648114,4442,3,NW_like
5305524b,last_known,16.63490369332069,4898,3,NW_like
53134831,last_known,17.343954276390388,5126,0,NW_like
5397ceb1,last_known,9.25091584943266,5255,4,SE_like
53f23031,last_known,10.66798407051043,8550,3,SE_like
543198e8,last_known,20.51495618405221,6503,0,NW_like
54753541,last_known,16.22277834812335,4026,4,SE_like
54a7e3c2,last_known,11.037762426443331,6155,2,NW_like
5542c301,last_known,5.501114137426537,3591,1,NW_like
5567d551,last_known,10.289492216812466,6889,4,NW_like
55efee7f,last_known,25.83515609352923,4801,0,NW_like
5663b2b7,last_known,16.28409405856329,4972,0,NW_like
5693dde2,last_known,6.95783505375875,3488,0,SE_like
56b00794,last_known,29.944728017238926,6065,2,SE_like
57796579,last_known,12.813078334954168,5890,2,NW_like
577eec7c,last_known,18.875287599886814,4539,3,SE_like
57f05c51,last_known,36.3244551404309,4771,3,SE_like
58850d2c,last_known,14.887955622671049,4995,1,NW_like
58fa8486,last_known,11.865701003853058,4475,1,NW_like
591cc951,last_known,15.021994805073081,4609,2,NW_like
593876b6,last_known,12.278386863654298,4842,4,NW_like
59f8b2e8,last_known,6.235385931133263,3747,4,SE_like
5a1a8fd8,last_known,13.165282167987698,5260,3,SE_like
5a5269a9,last_known,5.863105043604518,6513,3,SE_like
5a5d1982,last_known,7.106652935637849,3894,0,SE_like
5a63b5d1,last_known,19.44924550712061,6217,2,SE_like
5aa03df7,last_known,6.58601427636249,4871,3,SE_like
5aa403d0,last_known,25.684478606280763,3118,1,NW_like
5aef5c6c,last_known,10.926258823623487,3121,0,SE_like
5b7b6324,last_known,17.673226229685234,6564,3,NW_like
5bd25f59,last_known,4.338412715856817,4210,3,NW_like
5beded95,last_known,16.64432832796459,3057,4,SE_like
5cb483ac,last_known,6.114075023717169,3852,2,NW_like
5cdd8dbc,last_known,17.231660513857207,4010,4,NW_like
5d11dfb5,last_known,9.758377072411292,5895,1,NW_like
5d7198fd,last_known,13.36645546990557,3368,3,NW_like
5def1ce5,last_known,8.052417616706911,6443,3,SE_like
5eae34a8,last_known,7.397484649492449,4904,2,SE_like
5f4d2a52,last_known,56.914917258531396,5225,3,NW_like
5f6756c5,last_known,8.573813859683462,5931,1,NW_like
5f75f796,last_known,9.239915906257119,5562,4,NW_like
5fb1c15f,last_known,18.291082508578185,2860,0,NW_like
5fffa282,last_known,5.318148657346763,4201,4,SE_like
60e37807,last_known,20.874268055180604,2699,4,NW_like
61f27424,last_known,2.8150009994687166,6220,2,NW_like
62569ae3,last_known,8.163464251076302,3588,4,SE_like
62a6f539,last_known,7.864940463331049,3693,1,NW_like
633774dc,last_known,14.212429924790966,6233,0,NW_like
63559d57,last_known,5.894220519880757,4069,2,SE_like
647f2a41,last_known,6.546227092935274,3881,2,SE_like
65156b96,last_known,6.076781706471203,3221,1,SE_like
653612bc,last_known,2.8332405605306503,4605,3,NW_like
656a067b,last_known,14.667037832749068,3051,2,NW_like
65a5466a,last_known,11.991020361693243,4683,2,SE_like
660d9546,last_known,9.433757519583331,4732,0,NW_like
6767c111,last_known,17.475154063370617,6783,2,NW_like
67847288,last_known,11.461290028070946,7429,2,NW_like
67a8da4a,last_known,14.48691836331104,4911,1,NW_like
684a6fc1,last_known,24.030978453294004,9818,0,SE_like
698930d1,last_known,10.389172214568049,4741,3,NW_like
699ea575,last_known,10.392889600471305,4120,2,NW_like
69c1bdad,last_known,9.789958199101882,2714,0,NW_like
69e41fa6,last_known,5.861732687565972,5772,0,SE_like
6a0ff78e,last_known,11.350827388917207,6465,2,SE_like
6a8fa194,last_known,8.348329338921092,3017,3,NW_like
6ae68655,last_known,5.259877371830794,4204,3,NW_like
6d1d74e1,last_known,11.887571200184345,5830,1,SE_like
6d590e26,last_known,8.629685403348205,6096,2,NW_like
6d6d93af,last_known,32.195372520142506,3595,2,SE_like
6dbe4b60,last_known,8.699464045404161,4648,2,NW_like
6e6d122c,last_known,9.11700946941914,5632,4,SE_like
6e9ccd38,last_known,12.23949279951463,8282,4,NW_like
6ea22614,last_known,6.4753183432909225,5971,0,SE_like
6ede926a,last_known,7.686767373145472,4938,2,NW_like
708caea9,last_known,34.916458237909005,6548,1,NW_like
70925e23,last_known,14.784803005082047,5947,1,NW_like
70e1788b,last_known,7.159206283115686,9285,3,NW_like
71642c7d,last_known,11.901230993511438,4648,4,SE_like
71ccf778,last_known,5.388651839136806,2698,3,NW_like
7224331b,last_known,4.338260107312621,6063,3,NW_like
722cf0d8,last_known,11.127293106426961,5143,4,NW_like
7256229b,last_known,6.6453924693055635,5415,0,SE_like
726f3dc2,last_known,6.931383638655225,6723,1,NW_like
7271dd80,last_known,8.313957865645467,4340,4,SE_like
727a3a10,last_known,12.36395803493887,4397,3,NW_like
729665c0,last_known,8.662513145164612,4263,1,SE_like
729e9750,last_known,8.825983755646552,5919,4,SE_like
729f4217,last_known,16.25171177822061,6195,2,SE_like
72dd8501,last_known,6.0720820352358595,5193,1,NW_like
73348914,last_known,10.691729206195715,4221,3,SE_like
739a914f,last_known,13.540022100878758,5505,1,NW_like
73b1447d,last_known,13.404843871674935,5670,4,SE_like
74b6186b,last_known,9.007196786463387,3405,3,NW_like
75c20ec7,last_known,11.054465755153933,5361,0,NW_like
75cd5f11,last_known,5.260066074409697,4946,4,SE_like
75d20a82,last_known,17.230705080539593,5067,2,NW_like
76201745,last_known,7.881811891978768,4448,1,SE_like
764072a5,last_known,6.358306065218297,2949,0,NW_like
77b0d905,last_known,13.048365351893997,4174,0,NW_like
77e4821c,last_known,19.218605395377665,5393,3,SE_like
7850c72e,last_known,12.350659981673207,5497,3,SE_like
78a4a386,last_known,5.866186376682608,5119,1,NW_like
79507629,last_known,12.57032003546627,5302,4,NW_like
796dbd4c,last_known,4.867507118040292,6248,3,SE_like
7987f2f2,last_known,12.030471815010397,3705,0,SE_like
7993a768,last_known,8.94458476658435,5487,2,SE_like
7a5660b0,last_known,13.453411559639392,4998,3,NW_like
7acda2df,last_known,13.841227690699123,3091,4,SE_like
7b2c7b3c,last_known,6.17273385674935,2584,4,NW_like
7b38844c,last_known,7.388349907150671,3749,1,NW_like
7bb17b96,last_known,17.009046194531738,3922,0,SE_like
7c607683,last_known,16.864753655466934,5328,0,NW_like
7cbbd047,last_known,12.532698729088267,5121,2,SE_like
7cd4bb31,last_known,5.9143797077311655,6439,2,SE_like
7d50373e,last_known,14.288140886490114,5122,3,SE_like
7d57c75d,last_known,14.198113996829493,4405,2,NW_like
7e208414,last_known,6.381931414565357,4226,3,NW_like
7e721392,last_known,40.331826473951956,6174,2,SE_like
7ff89f8f,last_known,14.155555516103233,7337,0,NW_like
8050c789,last_known,7.786449457719408,3077,3,NW_like
807f0298,last_known,8.853825493010934,3747,1,NW_like
811f52b3,last_known,4.598301010999275,4836,4,NW_like
81bf5923,last_known,31.31927935297995,4543,1,NW_like
81fc01c6,last_known,15.007610097527794,5909,2,NW_like
8255c867,last_known,25.379544413656888,3589,4,NW_like
82aab6d2,last_known,16.359385167102737,6140,4,NW_like
82fcf37c,last_known,6.562385974432521,6014,1,NW_like
833af382,last_known,11.932419080398546,3628,0,NW_like
8382f4b6,last_known,35.957613544757436,4967,1,SE_like
84633df4,last_known,4.736172446701271,4972,3,NW_like
8478df29,last_known,14.043024034272376,4857,1,NW_like
84815d5a,last_known,18.796385252137515,3647,1,NW_like
84c3b497,last_known,18.960394713110585,5312,1,SE_like
85380836,last_known,14.16579981313258,6618,0,NW_like
8612b37f,last_known,19.617069448970486,5165,2,NW_like
861e71df,last_known,11.539564677986593,4700,4,NW_like
86454a6f,last_known,70.26338513734783,7964,1,SE_like
8648abae,last_known,6.857839767871924,4244,0,SE_like
865033f8,last_known,5.940308678128904,3557,0,NW_like
87695469,last_known,7.051593014629924,7003,1,NW_like
877ed19c,last_known,3.961990141908008,3708,4,SE_like
87aa3730,last_known,9.116484132166912,5607,4,SE_like
884ecb5f,last_known,19.928910115404566,6724,2,SE_like
8902c3f6,last_known,8.832044207317482,4959,1,SE_like
896d15b9,last_known,29.78460727060298,4279,1,NW_like
8995c945,last_known,17.049572930743697,6724,2,NW_like
89969c7a,last_known,8.235332474787521,4947,4,NW_like
89f1085d,last_known,27.630506752261244,5994,4,NW_like
89f36adf,last_known,4.477972454313123,5292,1,NW_like
89fdb2f2,last_known,1.6866180518953557,2031,2,NW_like
8a3da6d1,last_known,9.412246097229765,4593,3,NW_like
8a89da23,last_known,24.252456304947117,3935,2,SE_like
8a9c8932,last_known,2.3969295087935425,4663,2,NW_like
8ac2f237,last_known,16.45119897844976,5319,1,SE_like
8b12bab6,last_known,15.811256392108719,5234,1,NW_like
8b5be31b,last_known,14.42858472653754,5672,0,NW_like
8b95d6d1,last_known,12.821591683060278,1731,0,SE_like
8b9d8326,last_known,6.582552988433189,6163,3,SE_like
8bb9c1e6,last_known,5.877089429163017,4546,0,NW_like
8bda1a11,last_known,12.860573075338545,5981,4,SE_like
8bfa881d,last_known,24.907656478671402,4089,1,NW_like
8c167025,last_known,12.842100494100917,5368,2,SE_like
8c8348e8,last_known,6.541121071059431,3888,0,SE_like
8cc21f01,last_known,5.692405675014437,4044,2,SE_like
8cc800b3,last_known,13.894631430456734,6576,4,SE_like
8d5d46d7,last_known,14.448678432466647,5755,1,NW_like
8d92cb49,last_known,7.261615385751236,3589,2,NW_like
8f201368,last_known,31.179492905922075,6349,1,NW_like
90386ee4,last_known,10.152954610245539,3840,2,SE_like
91abc4c7,last_known,7.02683994774031,5848,2,NW_like
91b301ce,last_known,35.315076932980844,6570,4,NW_like
91db7070,last_known,40.80747690976154,4073,1,SE_like
925a7cd1,last_known,4.612563792738408,4517,3,NW_like
9283ae69,last_known,6.173284378497139,3371,0,NW_like
9298ad5b,last_known,13.089984763550598,3964,0,NW_like
9314ff13,last_known,5.189815774469084,2748,3,NW_like
93209a3d,last_known,13.65809981076041,4697,4,NW_like
939d9c34,last_known,15.729081869192102,5101,1,NW_like
93f5d2e6,last_known,20.10571368100563,3691,2,SE_like
940a48d9,last_known,10.06328128166555,3963,3,SE_like
940e709a,last_known,4.6519560575408425,3348,4,NW_like
9426ec1e,last_known,12.079413246018726,2532,3,SE_like
94467f50,last_known,7.795325573109472,3035,3,NW_like
944f36b9,last_known,6.513075857645095,4630,0,SE_like
94d813a4,last_known,36.730942118502206,4847,2,NW_like
95b559e7,last_known,20.38335913388356,2887,4,SE_like
95c8427f,last_known,27.215687207592826,6335,4,NW_like
96936c22,last_known,4.079825343764616,3346,2,NW_like
96ae5806,last_known,8.450669041365172,9839,2,SE_like
96b7eea1,last_known,12.405056848354107,4332,2,NW_like
9719aa04,last_known,7.07656345543121,4871,0,NW_like
974802e7,last_known,13.80511563998303,5843,3,NW_like
97cd5bf9,last_known,9.273936692075774,3449,0,NW_like
98177ced,last_known,5.779865915399804,4772,4,SE_like
9896fc0b,last_known,15.814766850712997,3595,0,SE_like
98bc6f66,last_known,17.645391862557158,6063,3,NW_like
992c99e8,last_known,13.77905931963707,4904,0,SE_like
992ce078,last_known,5.02484380821733,2879,1,NW_like
99529c45,last_known,21.675545088419643,5840,1,NW_like
995ff498,last_known,8.343710199277547,4526,2,NW_like
999daf80,last_known,5.121625403452367,3564,1,NW_like
9a6b0392,last_known,6.974051133501153,4255,4,SE_like
9a8ae0d6,last_known,5.937216688673599,6294,3,NW_like
9a95e33f,last_known,32.28932813245856,6447,4,SE_like
9ab94eeb,last_known,8.205724523051869,4442,0,NW_like
9ad5410a,last_known,8.784377249544983,4205,3,NW_like
9ae248be,last_known,8.107003944596206,5271,3,NW_like
9af1ffd0,last_known,18.128053838502368,3525,3,NW_like
9b5b61c1,last_known,5.429982209622746,5532,0,SE_like
9b9e3b49,last_known,7.923721572593473,5118,3,SE_like
9bd2bba3,last_known,15.673287472863077,7439,2,NW_like
9c211c53,last_known,6.466506541772609,7265,2,NW_like
9c350a6a,last_known,17.397946606336834,6052,1,SE_like
9c8375f7,last_known,5.917156069883692,3674,4,NW_like
9d072e4c,last_known,9.990804668905984,5107,2,SE_like
9d3ec64c,last_known,9.187876827833358,3480,3,SE_like
9d4272e3,last_known,17.76831335353228,4030,0,NW_like
9d5e14d4,last_known,28.543156532728414,5400,1,NW_like
9da441ba,last_known,15.618529769468404,5783,2,SE_like
9dede370,last_known,18.676124657054373,6297,0,NW_like
9def2eb2,last_known,7.253592864593499,6003,4,SE_like
9df1b1f9,last_known,12.592269852167446,4701,3,NW_like
9dfff011,last_known,4.8459695911212535,4319,0,NW_like
9e3e364d,last_known,4.097267023631261,4290,1,SE_like
9efc812e,last_known,7.747022854046375,4450,3,SE_like
9f0c7bae,last_known,7.898258335635161,2542,3,SE_like
9ffce529,last_known,11.084878093703349,5212,2,NW_like
a0383629,last_known,8.416225361246278,5832,2,SE_like
a056d01e,last_known,8.584211201864289,6557,4,SE_like
a08d9e63,last_known,21.46258569009769,3685,1,SE_like
a0b83014,last_known,17.51843897699374,5035,0,NW_like
a0e92ed6,last_known,8.114542367589692,4897,3,NW_like
a15bc102,last_known,2.578928597930721,3236,4,NW_like
a247e7cf,last_known,4.201165296490171,5674,2,SE_like
a2e8e7f6,last_known,10.698430341162505,4760,1,SE_like
a3518960,last_known,7.100675858286987,4967,0,SE_like
a3f71395,last_known,15.089395383508826,5543,4,NW_like
a4719920,last_known,7.205451003735877,5884,0,SE_like
a48640d9,last_known,21.626612771414322,4532,0,SE_like
a4cdbb0f,last_known,11.150021440885437,5204,1,NW_like
a4f989c2,last_known,10.578786672639087,5385,2,SE_like
a5aa7973,last_known,14.159778554983863,4616,1,NW_like
a5e6f7dc,last_known,6.350818327780091,5649,2,SE_like
a612d5a0,last_known,19.256901319606147,5329,4,SE_like
a622ce4d,last_known,14.236097814848373,6298,1,SE_like
a645da9a,last_known,8.951092580974047,5153,0,SE_like
a692b17e,last_known,13.138061444708827,3566,0,NW_like
a6b8ac67,last_known,10.875902281234387,5453,0,NW_like
a6ed2eff,last_known,8.632582794631363,5275,2,SE_like
a6f967fb,last_known,13.762814229045636,4670,3,SE_like
a76db406,last_known,3.7043201708377427,4672,1,SE_like
a7744f5b,last_known,13.084948643934053,4377,1,SE_like
a783cc24,last_known,26.72523186448825,1889,2,SE_like
a79fd2e7,last_known,12.374341369091132,4404,4,SE_like
a7fc3e6b,last_known,18.149529358993682,4764,1,SE_like
a85bb86f,last_known,7.873900707960967,3099,3,NW_like
a85e4bc3,last_known,9.638478456190704,4581,0,SE_like
a87433c9,last_known,9.580358514748033,5721,4,SE_like
a8ed028a,last_known,19.044521110452333,5538,4,NW_like
a959858c,last_known,65.35865899088088,4404,0,SE_like
a9c9b150,last_known,1.1630317709118394,3986,1,NW_like
aa95015b,last_known,11.725050285011942,4300,4,SE_like
aaaf3c03,last_known,15.079592231507316,2997,1,NW_like
aaeffccb,last_known,4.756126793123975,2712,4,SE_like
ab112491,last_known,28.204036984751497,5185,0,NW_like
ab18d3fc,last_known,16.597890792722144,5694,0,SE_like
ab3ced07,last_known,9.797524442428841,4250,4,NW_like
ab6fe95d,last_known,6.6795806397720465,5491,3,NW_like
ab94878e,last_known,6.090270250340663,6004,1,NW_like
abf460d2,last_known,8.350877150110843,3217,3,NW_like
ac6f01d5,last_known,15.962529701035821,5004,2,SE_like
ad2133a8,last_known,28.088198915386187,5729,2,NW_like
add9c322,last_known,12.296784203800955,3932,3,NW_like
ae069086,last_known,14.585517424947831,4770,3,NW_like
ae0784a8,last_known,10.87737509844777,7823,1,SE_like
ae35f33a,last_known,5.0951729458693835,4450,0,SE_like
ae8959c3,last_known,19.76800976672305,4518,3,NW_like
aed44918,last_known,9.488704385906805,2719,3,NW_like
aee6393a,last_known,4.665683726709421,5865,1,SE_like
af7a59ce,last_known,4.115059728297358,3024,2,SE_like
aff4e561,last_known,10.851934253065428,6026,0,NW_like
b04b58a3,last_known,13.058667367524363,3402,1,SE_like
b0d42b0d,last_known,19.797243019186585,4971,3,NW_like
b0f53bf4,last_known,9.231328022549082,2755,2,NW_like
b19b0395,last_known,10.045237735851847,5813,0,SE_like
b1efb8a4,last_known,8.506706925766984,5998,2,NW_like
b32902c0,last_known,5.155416417213564,3808,4,NW_like
b32e4903,last_known,5.863958705383137,5770,4,NW_like
b3388334,last_known,14.23010661853958,6080,1,SE_like
b37fd114,last_known,24.97877020046922,8161,1,SE_like
b38e3116,last_known,6.404438939196513,6211,0,NW_like
b4d8dd4f,last_known,17.098418824477594,4259,1,NW_like
b4f37e6e,last_known,14.94895263643877,2992,1,SE_like
b56bc0aa,last_known,8.788528154094545,5602,3,NW_like
b585b4fa,last_known,9.973817813617734,4294,3,NW_like
b5aa9634,last_known,11.47866217552782,7326,4,NW_like
b7974e66,last_known,6.972963992749996,5558,0,NW_like
b7cdcecb,last_known,9.274351431311539,6168,1,SE_like
b7fea9ef,last_known,11.148074644872509,3866,1,SE_like
b85f7b06,last_known,3.569865119414346,3803,2,SE_like
b881d27e,last_known,18.785154458691416,4009,3,SE_like
b8c49c1a,last_known,8.256954162110757,4319,0,SE_like
b95e7121,last_known,3.4204599760598935,6306,0,SE_like
b977be4a,last_known,18.57837175934225,5917,2,SE_like
ba48188d,last_known,50.93720227649117,4166,0,NW_like
bb2cdd83,last_known,3.017674077265869,3825,1,NW_like
bb337fa0,last_known,24.083821271230853,6873,2,NW_like
bb682ebd,last_known,19.87022580202752,4139,2,NW_like
bc4381e2,last_known,12.598370947658928,4955,1,NW_like
bcebcc5f,last_known,24.241537215571864,6258,4,SE_like
bd2c2f34,last_known,5.663541608648027,9823,1,NW_like
bd4ae5da,last_known,14.052431666337634,5006,0,SE_like
bd6f0e19,last_known,10.118149844909517,5140,1,NW_like
bd8f847e,last_known,7.389741905257485,4961,0,SE_like
be063506,last_known,9.685884513043288,4500,3,NW_like
be35c8f2,last_known,4.674735185385168,4226,1,NW_like
be83e781,last_known,3.1537973198868037,3221,4,SE_like
beda8696,last_known,9.819955216289504,5912,4,NW_like
bf39bc20,last_known,8.401808199266226,3303,4,SE_like
bf70b410,last_known,18.920279724233612,6347,4,NW_like
bffe3082,last_known,16.598918029974968,5723,1,SE_like
c03b9305,last_known,7.1171172090817905,4255,3,NW_like
c03d4aed,last_known,12.583094329136486,4641,4,SE_like
c03fba65,last_known,22.739971638302574,3699,3,NW_like
c07fd0cd,last_known,4.052934357090802,4191,0,SE_like
c1708b88,last_known,18.304767828554887,6315,2,SE_like
c1d046f4,last_known,7.700112298091984,5513,1,SE_like
c2717d4f,last_known,8.452559650622254,4721,4,SE_like
c2c4db09,last_known,9.028322821306517,6039,3,SE_like
c2c6fc71,last_known,11.767462410523247,7119,2,SE_like
c36625df,last_known,8.003204999077816,4742,3,SE_like
c3957531,last_known,12.518722274768233,5316,0,NW_like
c42fe306,last_known,11.279308916635767,5095,4,NW_like
c43812e2,last_known,7.016864008504025,5527,1,NW_like
c472c0b5,last_known,8.28128095427446,3054,0,NW_like
c47e0767,last_known,21.47720905393819,4356,2,NW_like
c50b42f6,last_known,8.604265674370385,6014,0,SE_like
c593337f,last_known,23.822334034025907,5208,0,NW_like
c59b6c4a,last_known,20.952603428128082,5499,4,NW_like
c66be2b8,last_known,22.226756512262092,4154,3,NW_like
c6797dd7,last_known,5.82900989050451,4664,3,SE_like
c6b782a4,last_known,12.807882966584375,4877,4,NW_like
c6c96179,last_known,8.772647918302802,4004,2,SE_like
c70c0e01,last_known,8.964901066736223,4312,3,SE_like
c84c65be,last_known,9.738388019795911,8496,0,NW_like
c8d9680c,last_known,42.77043899776709,6281,3,NW_like
c908edd0,last_known,8.765028360555872,5293,3,SE_like
c9578d27,last_known,10.306756368182521,4487,0,NW_like
c96c018a,last_known,12.859960619036775,6236,0,SE_like
c99f9fae,last_known,5.40523137400998,6361,0,SE_like
c9e6734f,last_known,10.310371611471203,4735,1,SE_like
c9e980e8,last_known,9.741734918381256,4359,1,NW_like
c9fedcf3,last_known,7.471714606706554,3517,0,SE_like
cad13e8f,last_known,17.022296131058066,4848,4,SE_like
cb34231f,last_known,5.418906491757253,5609,2,SE_like
cb879f40,last_known,8.79643766880234,6315,2,NW_like
cbb406b5,last_known,11.364887497962812,6328,3,SE_like
cbe51de1,last_known,15.022202061672788,3963,0,SE_like
cbe62450,last_known,18.607063412926227,6258,3,NW_like
cc08aa63,last_known,12.988941242217614,3274,0,NW_like
cc8a1d57,last_known,27.55539015081038,6638,3,NW_like
ccedb12b,last_known,10.609060511646556,4401,2,NW_like
cd7f1687,last_known,10.573162838089827,4232,1,NW_like
cda7eb37,last_known,10.042623008757838,5973,0,NW_like
cdc31d65,last_known,7.482412321764383,4840,4,SE_like
cdc60a53,last_known,8.315926094659538,5878,3,NW_like
ce55ba43,last_known,14.30444944852245,4104,1,NW_like
ce8399b7,last_known,3.363562739626084,1615,0,SE_like
cf50c9d1,last_known,31.56819712560828,4858,1,NW_like
d00e7eb9,last_known,7.907003476643952,5704,1,SE_like
d011f41b,last_known,10.86185548345431,2267,3,SE_like
d07aed8f,last_known,5.402411556483793,2957,1,SE_like
d085e611,last_known,10.083729659420946,6191,1,SE_like
d0a0e7b5,last_known,11.676903707262621,3816,1,NW_like
d0a43760,last_known,4.249353040412356,4041,1,SE_like
d0cb63ae,last_known,19.937391369771746,5223,3,NW_like
d114d9c2,last_known,7.69852853923108,6206,3,NW_like
d1457cc5,last_known,8.115732473647405,6920,3,NW_like
d1ecf309,last_known,9.37828460834895,6168,2,SE_like
d1ee630d,last_known,12.219780010195931,6290,2,SE_like
d217e0c5,last_known,5.20363871867946,3838,3,SE_like
d24ff243,last_known,3.584579952704873,5641,1,SE_like
d273674e,last_known,3.400366201632784,3899,2,NW_like
d2f3b1ab,last_known,17.357707330254247,5581,2,SE_like
d3df146b,last_known,11.69933929625434,5787,0,SE_like
d40f61d5,last_known,4.553018133859985,4039,0,SE_like
d41beaf2,last_known,16.335502961206803,4753,4,NW_like
d463e527,last_known,8.591154291112087,4767,2,SE_like
d4f60a28,last_known,6.183126130423007,4501,2,SE_like
d50c649a,last_known,6.81996221614117,4873,0,NW_like
d543916f,last_known,10.200221672654065,4799,4,SE_like
d5df0ff5,last_known,16.351335751344372,4032,4,NW_like
d60430e6,last_known,7.849172504180856,2511,3,NW_like
d63196fe,last_known,19.525114489586926,4510,3,NW_like
d6c320d9,last_known,11.20598215508914,5452,1,SE_like
d6dd7330,last_known,11.822832979899944,6193,4,NW_like
d7ba4f9d,last_known,5.098116159708834,6023,0,SE_like
d7eb0be8,last_known,32.82610912419109,5401,4,NW_like
d84b621b,last_known,21.82037371732548,3994,0,NW_like
d90aa14c,last_known,11.994352891576652,10018,1,NW_like
d924e971,last_known,32.7702837302337,3184,3,NW_like
d9ae59b2,last_known,5.0470807715641435,3648,2,SE_like
d9d6d94d,last_known,9.3857291463184,4919,2,NW_like
d9eca87b,last_known,26.443315428754445,6373,1,NW_like
da2d4d7c,last_known,3.5771941153487132,2114,0,SE_like
da3bfe4e,last_known,30.20824343453741,5549,1,SE_like
da3cf798,last_known,16.905110806271015,5844,1,NW_like
da940160,last_known,11.224828130654686,5132,2,SE_like
dafc88c3,last_known,6.877339398362787,5572,2,SE_like
dbee6c86,last_known,4.395928954072107,7369,1,NW_like
dc5fbe29,last_known,7.9201039214922035,5203,1,SE_like
dc7da28f,last_known,10.223244436669471,4774,1,SE_like
dc7f9757,last_known,9.810154572145091,4360,1,SE_like
dd168de0,last_known,2.9913571830542716,3304,2,NW_like
dd64382d,last_known,4.262126959206316,3124,3,NW_like
dd6bc5b2,last_known,11.780956097388067,3602,1,SE_like
dd7d638e,last_known,6.017680647613085,4301,0,NW_like
ddc790ff,last_known,5.724817380990974,4726,4,SE_like
df71d1ff,last_known,12.742621639442314,6228,3,SE_like
df73b8f3,last_known,15.617554195793542,5311,1,SE_like
df8290be,last_known,13.009724784668556,3972,1,NW_like
e0079ed1,last_known,8.069511840769099,3471,3,SE_like
e03b45fd,last_known,15.75182643192855,5342,2,NW_like
e0f36d98,last_known,14.253156162438394,4976,4,SE_like
e149204f,last_known,4.546152895643239,6097,1,SE_like
e14d641e,last_known,6.820600870242808,3184,3,NW_like
e161bd0c,last_known,4.33499689746737,2949,4,SE_like
e201fd6d,last_known,16.371250707380042,5070,3,NW_like
e25f1537,last_known,13.005049007414012,3177,1,NW_like
e2fc7745,last_known,13.341394284804746,3692,2,NW_like
e32da4ec,last_known,10.850139553093255,4689,4,NW_like
e3b34f5b,last_known,10.347045761247115,5455,2,SE_like
e45a2a62,last_known,19.872920518687707,5007,4,NW_like
e46f4ef4,last_known,4.926550809338883,7195,0,SE_like
e4726608,last_known,6.271487164710907,4733,2,NW_like
e5864244,last_known,26.806032670999695,4469,3,SE_like
e5c92e59,last_known,7.71135994039849,4295,3,NW_like
e5ff9fd2,last_known,8.891230852152741,2354,4,NW_like
e6c55748,last_known,9.397103554297912,4472,1,SE_like
e730c32b,last_known,11.654671854511827,4728,4,SE_like
e737965a,last_known,9.897022674368223,5955,4,NW_like
e748dd88,last_known,4.989931749983482,4812,3,SE_like
e7818f7a,last_known,6.312633342217896,5371,3,SE_like
e7c36e81,last_known,7.349841849963589,3531,3,NW_like
e7d0c1de,last_known,6.860255388151551,4711,1,NW_like
e85074c5,last_known,11.347685731962262,5675,4,SE_like
e97032ad,last_known,11.959144677460708,3530,1,NW_like
e9949a23,last_known,11.580872171010277,4559,2,NW_like
ea0b99b7,last_known,12.15975654126152,9239,3,SE_like
ea3a0e38,last_known,9.232672132138228,10052,4,SE_like
ea41324e,last_known,5.294230079936561,5025,0,NW_like
eabc711b,last_known,11.698478022871637,5348,0,NW_like
eac10e86,last_known,5.617579051148656,6067,3,SE_like
eafb863e,last_known,13.457858083605023,3568,2,NW_like
eb06a4e7,last_known,9.669099026629615,4535,3,SE_like
eb640a35,last_known,9.969896905690025,6037,3,SE_like
eb934281,last_known,3.1374200876783114,5971,1,NW_like
eba6605e,last_known,15.631712662756936,4410,0,SE_like
ebe69318,last_known,4.825325809935079,4976,4,SE_like
ec0d597b,last_known,16.44325138720608,4616,4,SE_like
ec13af42,last_known,10.906432170405786,5462,2,SE_like
ecdab904,last_known,16.918396989500764,6147,3,NW_like
ecdaf714,last_known,15.351875762973165,6592,2,NW_like
ed6436d6,last_known,1.6175417954726792,2945,1,NW_like
ed6e6e54,last_known,11.951935194527213,6048,1,NW_like
edf885a3,last_known,12.288723348140039,3117,1,NW_like
ee0300f7,last_known,25.680311432467565,4544,0,SE_like
ee288beb,last_known,27.522025330807587,4638,2,SE_like
ee4aecac,last_known,10.778813139095936,5265,4,SE_like
eeda36f5,last_known,5.470124457464137,4797,0,SE_like
eeed308d,last_known,9.69013148078532,3899,0,SE_like
ef04658e,last_known,15.448044048107809,4104,4,NW_like
ef8e3ed0,last_known,14.635089490374893,5224,3,NW_like
efde6ac3,last_known,10.202375669006345,4559,4,SE_like
efe96181,last_known,27.539517372291407,4012,4,SE_like
f0188a48,last_known,6.015986492439641,4170,2,SE_like
f021b650,last_known,6.684494210561717,3739,0,NW_like
f03f10fe,last_known,9.378929872264584,4145,2,SE_like
f053a1b9,last_known,10.028295659116962,4108,4,NW_like
f074d277,last_known,12.187719616802815,2453,2,NW_like
f07d7037,last_known,7.4960867974462735,5563,3,NW_like
f08774c3,last_known,11.44575716149874,3900,4,NW_like
f140c2fa,last_known,13.3161842942989,4082,4,NW_like
f16e25e3,last_known,2.9647800324346743,4651,4,NW_like
f2d4c8c9,last_known,4.229551942410153,6249,3,NW_like
f321a31c,last_known,12.557281531880928,5141,2,SE_like
f40cd091,last_known,7.728760684292187,5166,3,NW_like
f439a621,last_known,6.65613263851673,2821,2,NW_like
f49fdea3,last_known,12.40626946494166,5391,3,NW_like
f4d12d23,last_known,16.062842467413066,3701,0,NW_like
f56d3ace,last_known,6.90314793936432,5432,4,NW_like
f5859199,last_known,15.921573253079503,5790,2,NW_like
f5d8aab6,last_known,15.698547978741031,4444,4,NW_like
f631da6e,last_known,8.782664213746434,4093,4,NW_like
f6824bb0,last_known,20.837423542758717,5015,4,NW_like
f6bc699b,last_known,10.622157035929634,3752,0,SE_like
f6d009f4,last_known,47.03924865295554,6715,3,NW_like
f72b268f,last_known,12.93812397222547,6404,3,NW_like
f8662c22,last_known,15.629207250700455,5429,2,SE_like
f88ddb26,last_known,51.40308485650886,4990,1,NW_like
f8afa78a,last_known,14.720946843240096,6032,4,SE_like
f8f59188,last_known,6.924261008500594,4807,3,SE_like
f9fc81aa,last_known,8.639067487231838,5598,4,SE_like
fa16d114,last_known,20.815118518803075,5686,3,SE_like
fa31da94,last_known,5.188297076747949,5027,3,SE_like
fa667be2,last_known,8.802015991385062,7296,1,NW_like
fae0c593,last_known,10.97095627674098,4403,1,NW_like
fb03ae90,last_known,42.88755217158539,6431,0,SE_like
fb0904bd,last_known,1.7987576836953807,3181,4,NW_like
fb3848a1,last_known,9.958923975567506,5919,0,NW_like
fb73b13a,last_known,9.977934385041513,5640,0,NW_like
fba7683c,last_known,2.555309739035002,407,3,NW_like
fbd68d27,last_known,22.09543667740266,6829,1,SE_like
fc03f21f,last_known,12.90913373270699,4803,1,NW_like
fc0d20b2,last_known,11.932087953866953,3954,0,NW_like
fcfcc902,last_known,8.80765155445474,2791,1,SE_like
fd3b4faa,last_known,7.446926041471426,5022,0,SE_like
fd710aea,last_known,7.203999750290396,4217,2,NW_like
fd8f77fa,last_known,27.415343744152285,5272,4,NW_like
fde20ecf,last_known,16.31905728866344,4667,4,NW_like
fdfd57da,last_known,4.29522046585047,5236,3,SE_like
febb4411,last_known,13.027667980552959,4247,2,SE_like
fef8af96,last_known,44.55173272632465,3826,0,SE_like
ff0aea78,last_known,30.697786830378174,3261,3,NW_like
ff8bb73a,last_known,9.861864748200674,5927,0,NW_like
ffefef30,last_known,7.035568765607176,4570,4,SE_like
000d7d20,z_anchor,53.748793830586465,3836,2,NW_like
00bbac68,z_anchor,97.07367516201886,6014,0,NW_like
00e12e8b,z_anchor,87.4237254765058,4301,0,NW_like
015fe0d2,z_anchor,79.20444330979126,4296,1,SE_like
01869cd4,z_anchor,116.34017416384435,5557,3,SE_like
01982c1d,z_anchor,76.43725081150835,3941,0,NW_like
028d7b28,z_anchor,172.64531676907347,6234,0,SE_like
02e7fe5a,z_anchor,60.4687968145148,5108,1,SE_like
0390d174,z_anchor,100.89194021867155,4411,2,SE_like
03a935ae,z_anchor,47.58836296812143,2786,3,NW_like
044af7d1,z_anchor,77.2997704647111,4519,0,NW_like
0498acab,z_anchor,81.58740801536179,4798,2,SE_like
052d64df,z_anchor,48.81037554640876,2445,2,NW_like
05948241,z_anchor,87.62294885236408,3879,4,NW_like
059c8f24,z_anchor,174.71448025741248,6258,3,SE_like
05a0ee4d,z_anchor,96.51907784304952,4348,3,NW_like
060ab2b8,z_anchor,99.36737510705568,6258,3,NW_like
06df5958,z_anchor,72.84752763851064,3509,4,SE_like
071d7b45,z_anchor,88.42977150528637,3211,2,NW_like
0849b4e2,z_anchor,88.70645903330731,5537,1,SE_like
084d66f9,z_anchor,64.11981929749942,3885,2,SE_like
08fecf00,z_anchor,83.89855950231001,5574,4,SE_like
09053135,z_anchor,101.53651804156307,5907,1,SE_like
09441b8d,z_anchor,103.38288872110566,5488,4,NW_like
0955cd6c,z_anchor,72.11783618439401,5195,1,NW_like
09ec2ca9,z_anchor,92.21072264901002,5885,2,SE_like
0a57a29c,z_anchor,102.65035751934441,5821,0,NW_like
0bbf5e67,z_anchor,72.2425838434742,4298,4,SE_like
0be01c24,z_anchor,91.9417889793429,4738,1,NW_like
0c1b160c,z_anchor,84.84705855228208,5054,3,SE_like
0d99f8e4,z_anchor,107.6077087084589,5823,0,SE_like
0dc5e64d,z_anchor,124.60900281832666,4879,2,SE_like
0dc835f3,z_anchor,107.62350273738221,4428,0,NW_like
0dd99dc5,z_anchor,149.1606908904604,7342,0,NW_like
0e5e560d,z_anchor,72.57692822943454,3253,0,SE_like
109d9d70,z_anchor,109.94287461441725,4215,3,NW_like
10a1281a,z_anchor,111.38229380161076,5609,1,NW_like
10b89021,z_anchor,86.12152508427211,5414,2,NW_like
10be2420,z_anchor,88.04758527796557,3271,2,NW_like
113011eb,z_anchor,78.14815592481968,3272,2,SE_like
1131525f,z_anchor,57.36030337624063,4159,1,SE_like
11d0f5ac,z_anchor,92.42933376810055,4883,1,NW_like
12203f2a,z_anchor,73.30301226828965,3261,1,NW_like
122bd617,z_anchor,98.59273569041066,4570,1,NW_like
125be846,z_anchor,125.35697137649834,6510,2,NW_like
1285a37b,z_anchor,107.27864222920675,5597,2,NW_like
1295a25b,z_anchor,100.23137845848916,5551,2,SE_like
12f0cd90,z_anchor,188.40520620033263,5947,4,SE_like
137d1e44,z_anchor,87.89080923860432,4554,4,NW_like
13ce113d,z_anchor,64.60439666103774,2966,1,NW_like
13f598d9,z_anchor,138.99958968230894,7306,1,NW_like
14a53cb3,z_anchor,100.60407449876102,6919,0,NW_like
14ab73fb,z_anchor,17.963521027979642,3649,0,SE_like
14ad5efb,z_anchor,170.54125572756647,5842,0,SE_like
14fee784,z_anchor,101.65108675840536,4910,4,NW_like
153552f5,z_anchor,94.41096184358183,4695,4,NW_like
1550491d,z_anchor,103.56816589371293,4563,2,SE_like
155887bb,z_anchor,85.35601409425647,5585,0,NW_like
1590af81,z_anchor,85.85661083139473,3799,3,NW_like
15e154a1,z_anchor,88.2545427199748,6068,4,SE_like
1619e2ca,z_anchor,76.40503373537193,4443,4,SE_like
16e4a047,z_anchor,51.80445732293082,4131,2,NW_like
173ed841,z_anchor,116.4485004919507,4883,2,NW_like
1770d7c6,z_anchor,146.68906104273566,7240,3,NW_like
177622d7,z_anchor,48.338806586366495,3154,3,NW_like
18d24f7b,z_anchor,92.08977409572313,4558,2,NW_like
19137a89,z_anchor,126.3800261670888,6267,2,NW_like
1944513c,z_anchor,107.61226335131015,4722,4,SE_like
197f8a5a,z_anchor,117.08874613645253,6310,2,NW_like
19871e7f,z_anchor,97.69018374248732,5293,1,NW_like
198a5607,z_anchor,125.80546494558381,6251,0,NW_like
19fb4f7b,z_anchor,121.71892682320644,5620,1,NW_like
1a518997,z_anchor,79.90099114459036,4606,0,SE_like
1a68190b,z_anchor,82.14436682781204,4474,4,SE_like
1a730ac2,z_anchor,80.5139184649451,4605,2,SE_like
1aaf1da0,z_anchor,123.81910743099392,4804,0,NW_like
1b08ed48,z_anchor,86.97304336095651,5618,0,NW_like
1b1c5372,z_anchor,106.7427553989364,4261,2,SE_like
1b1eba53,z_anchor,20.2309952452769,4655,1,SE_like
1b6ba517,z_anchor,115.11101428623044,6597,2,NW_like
1b82b665,z_anchor,90.87799291129849,3806,4,SE_like
1bcb2fcf,z_anchor,85.06355201747888,4524,4,NW_like
1beca81d,z_anchor,82.84178080918457,5036,2,SE_like
1d3fbf02,z_anchor,37.01859367421817,2694,4,SE_like
1d78281a,z_anchor,93.79719280768467,4949,0,SE_like
1e30dedf,z_anchor,150.47252856040888,4071,2,NW_like
1e5e3573,z_anchor,67.93247920857414,5480,4,NW_like
1f9afacb,z_anchor,88.7208050241062,5328,3,NW_like
1fdbba44,z_anchor,152.33219301223465,4911,1,NW_like
1fee2b62,z_anchor,82.87529230525948,4641,3,NW_like
20096916,z_anchor,85.20581924697126,5133,2,NW_like
200d233d,z_anchor,61.466865367072984,3926,3,SE_like
201661b5,z_anchor,113.52546140057505,5955,1,SE_like
203721ab,z_anchor,56.95620971313432,5730,4,SE_like
20402d71,z_anchor,74.709221934295,6372,4,NW_like
2043abc5,z_anchor,159.0801701587613,6958,0,NW_like
204cc64b,z_anchor,92.8462069045685,4805,1,NW_like
206b6193,z_anchor,114.15526376630551,6535,1,NW_like
2075c696,z_anchor,61.71912121377232,3188,3,SE_like
22c5f93f,z_anchor,80.50634114250332,5172,2,NW_like
230eaaa3,z_anchor,76.93813475219596,4690,0,SE_like
2364716c,z_anchor,92.84520461733855,4316,2,SE_like
23b9beb0,z_anchor,136.67211102086347,7340,3,SE_like
24d8997e,z_anchor,58.02352053971174,3442,1,NW_like
25050f63,z_anchor,93.31201983737267,6124,0,NW_like
25939962,z_anchor,67.07419287270831,4319,1,NW_like
25fd32b3,z_anchor,27.126246784434457,2885,0,SE_like
261785ee,z_anchor,80.85280544906917,3646,3,NW_like
264feceb,z_anchor,126.71294341438751,5665,1,NW_like
26623a50,z_anchor,147.86053555960024,5735,4,NW_like
26d3a96a,z_anchor,108.59588208746388,4721,4,NW_like
272abef3,z_anchor,89.09754636164898,4135,3,SE_like
27300fd5,z_anchor,114.60730650246433,5467,0,NW_like
276b012a,z_anchor,105.65943698448606,4837,3,SE_like
27c3155b,z_anchor,61.436768768025914,4958,2,SE_like
27ebb9b9,z_anchor,90.28901566530304,5766,2,NW_like
283269ac,z_anchor,51.841232857457754,2626,2,NW_like
28473855,z_anchor,83.91031672055924,4290,2,NW_like
28f4eda9,z_anchor,67.38728020172184,5266,0,NW_like
29b24409,z_anchor,115.71051964070324,5587,4,NW_like
29de15c8,z_anchor,53.2158918345653,3431,4,NW_like
2ab29395,z_anchor,29.109910342176445,1852,1,SE_like
2ac7cb6b,z_anchor,129.84111019848618,4990,1,NW_like
2acc78d4,z_anchor,81.7476460890006,4266,4,NW_like
2b034622,z_anchor,103.47136163429391,5203,2,NW_like
2b06ad65,z_anchor,72.60210579769311,4256,2,NW_like
2b547943,z_anchor,47.06952699031453,3480,0,SE_like
2be5c96a,z_anchor,88.80217274885264,4210,4,SE_like
2bff06cf,z_anchor,235.15824628757767,7624,0,NW_like
2c0c4a4e,z_anchor,93.04392641911997,4790,4,SE_like
2cee0cba,z_anchor,103.38358749398954,5500,2,SE_like
2d0c268a,z_anchor,87.83179637776409,4550,4,SE_like
2d179ded,z_anchor,100.28996247660481,7008,3,NW_like
2d196986,z_anchor,90.35561606205975,6474,0,NW_like
2d2d0c6b,z_anchor,46.804266276536914,5045,2,SE_like
2d35f86d,z_anchor,125.00076680181503,4896,3,NW_like
2d9f6cb9,z_anchor,135.48932678865904,7338,4,NW_like
2ddad940,z_anchor,103.83318421475748,5331,2,SE_like
2e29e833,z_anchor,122.76812322870258,5428,0,SE_like
2e43c2ea,z_anchor,111.83715040795836,5698,3,NW_like
2e63d9de,z_anchor,73.54828844607853,4699,2,SE_like
2ee0235b,z_anchor,129.57628170498538,5556,3,NW_like
2f19d536,z_anchor,58.81995755661811,3088,1,NW_like
2f8e53c3,z_anchor,39.514136335191644,2594,0,NW_like
2fa01aa6,z_anchor,53.83546656530088,2174,4,SE_like
2fd68f7b,z_anchor,106.68732188073822,4730,2,SE_like
2fe023be,z_anchor,100.05902793530086,4221,1,NW_like
30d75030,z_anchor,76.51980493389331,3404,1,NW_like
310c71a5,z_anchor,118.58089049473573,5245,4,NW_like
32fe84c9,z_anchor,90.86168735498478,6408,3,SE_like
33c40295,z_anchor,93.92510648341226,4169,0,NW_like
3407f5bf,z_anchor,77.72778501301138,3638,4,SE_like
3417285d,z_anchor,99.62505545548746,5449,4,NW_like
347242c8,z_anchor,87.75197391485143,3595,0,SE_like
353e5502,z_anchor,127.32580720447272,6062,1,NW_like
357c12f9,z_anchor,88.56782982741738,4079,4,NW_like
3584a6eb,z_anchor,58.77389963631943,4494,2,NW_like
35b30c7f,z_anchor,198.11402729911245,9579,4,SE_like
35b3ef6a,z_anchor,97.18664039061544,3904,4,NW_like
367456ce,z_anchor,126.76279909197537,5569,1,SE_like
368131f9,z_anchor,115.17431300397124,4991,1,NW_like
368fe682,z_anchor,104.68330179303138,4936,1,NW_like
3690a146,z_anchor,56.889632918155854,4073,2,SE_like
37344c2a,z_anchor,37.877824654003284,5197,0,SE_like
373ef48b,z_anchor,67.09082088562805,3509,0,SE_like
374be387,z_anchor,151.96695128167417,9965,2,NW_like
37d36812,z_anchor,76.17638400139715,4367,0,NW_like
38991fd4,z_anchor,106.68348667588936,4798,4,NW_like
389ae58f,z_anchor,67.41804725848415,6463,3,SE_like
3932faa6,z_anchor,85.19232863037202,5452,4,NW_like
398dce4b,z_anchor,74.5443428138331,3166,3,NW_like
39b51819,z_anchor,92.73761817052655,4231,2,NW_like
3a0af893,z_anchor,81.37834575302668,2927,2,NW_like
3a223519,z_anchor,100.64903873801909,4583,3,SE_like
3a7dd95d,z_anchor,33.663101954077455,3072,4,NW_like
3a824aa7,z_anchor,65.14328413861769,4201,3,NW_like
3a86fe8d,z_anchor,90.25314635730709,5118,0,SE_like
3aaa2b30,z_anchor,101.31215197227507,4711,0,SE_like
3ac16ad0,z_anchor,91.90778538615042,5649,1,SE_like
3b21ea64,z_anchor,138.0141895464403,7376,1,NW_like
3bbe1f5d,z_anchor,127.12990710308027,6918,0,SE_like
3bfee975,z_anchor,59.58483430804429,3603,3,SE_like
3c3dbcbc,z_anchor,72.14663196755095,5069,0,NW_like
3d96d897,z_anchor,104.36495022838167,5659,2,SE_like
3df4b19e,z_anchor,87.33898832776163,4988,4,SE_like
3e011332,z_anchor,75.24200831696992,2723,1,NW_like
3e678ea7,z_anchor,83.08793429906758,6858,1,SE_like
3ef6372a,z_anchor,73.849633644613,4727,1,SE_like
3ef98781,z_anchor,60.048816073203255,3892,4,NW_like
3f603129,z_anchor,100.07991407790675,5051,2,SE_like
404c4384,z_anchor,19.80445238168115,911,4,NW_like
4121c517,z_anchor,90.25793163762701,3723,0,NW_like
41fb0192,z_anchor,64.29929704308813,2973,3,SE_like
42669188,z_anchor,89.46778290705875,4282,0,NW_like
42c538a1,z_anchor,26.69480056925332,3279,1,NW_like
43b06c70,z_anchor,128.0434338586434,4846,4,NW_like
43c7f85a,z_anchor,126.11438057363169,5978,1,SE_like
43e16325,z_anchor,18.846992050585314,3720,0,SE_like
44441e54,z_anchor,68.73955102551452,4357,0,NW_like
445af6c2,z_anchor,125.34823927960944,6041,4,SE_like
4463446c,z_anchor,78.95572091886073,3256,0,SE_like
44a94013,z_anchor,93.36725571882724,4903,4,NW_like
45fb3e21,z_anchor,66.83690760723638,3649,2,NW_like
460f859e,z_anchor,32.10477472856217,3336,4,SE_like
4630ab92,z_anchor,50.682514822919934,3373,3,NW_like
463c38f2,z_anchor,104.89840784421574,4460,0,NW_like
4654e7de,z_anchor,90.94528814609485,5373,1,SE_like
466fc788,z_anchor,87.66814957108141,6197,4,NW_like
46a301e9,z_anchor,150.8143947425474,8226,3,SE_like
46a7190b,z_anchor,30.240322500508302,4215,0,SE_like
46d24a09,z_anchor,141.57451462626003,4449,2,NW_like
46d41ff6,z_anchor,146.34575559496338,7901,4,SE_like
46dfcfca,z_anchor,30.08001690628812,3606,0,SE_like
47222616,z_anchor,65.6044704652785,4406,0,NW_like
47ee27ab,z_anchor,117.54263688681749,6397,4,NW_like
481de5fc,z_anchor,88.46010264774905,5952,3,NW_like
48c1f673,z_anchor,104.87494306568487,2917,3,NW_like
4936af16,z_anchor,73.19094322820182,3991,0,SE_like
493b5b31,z_anchor,47.31442970236915,4671,0,SE_like
49dbc14c,z_anchor,71.47351366849684,3872,2,SE_like
4a035ec2,z_anchor,63.280323029274,2588,3,SE_like
4a335117,z_anchor,96.54163491862745,5015,1,SE_like
4a8ecc0b,z_anchor,89.8697531869858,5809,4,NW_like
4b462989,z_anchor,95.13580100233985,3106,3,NW_like
4b831d20,z_anchor,152.5986930442666,7312,3,NW_like
4c2208f5,z_anchor,64.10521730293944,5384,4,NW_like
4c3168cf,z_anchor,78.38253899506243,4334,3,NW_like
4c3df468,z_anchor,148.47989680264968,5392,0,SE_like
4caa7289,z_anchor,96.21911627908413,5396,2,NW_like
4cd1ac61,z_anchor,133.9629419057094,4489,1,NW_like
4cecf7b3,z_anchor,101.3291527566898,6019,2,NW_like
4ddde4c1,z_anchor,90.1553023827174,4472,0,NW_like
4e050c92,z_anchor,69.26367241517964,3705,4,NW_like
4ed93db6,z_anchor,73.98842536793198,4657,3,SE_like
4f3eb9e9,z_anchor,90.00827474013016,4697,3,SE_like
4f4ac5ce,z_anchor,87.43523119390991,5162,3,NW_like
4f4afcc6,z_anchor,110.93593012293587,5645,1,SE_like
4f69febf,z_anchor,81.18653473766904,5460,2,NW_like
4fbe9c06,z_anchor,128.56038464311803,6287,3,SE_like
504c8b08,z_anchor,80.47911327093438,6367,0,NW_like
511e1db0,z_anchor,109.93184349357908,3821,2,SE_like
512943b2,z_anchor,88.58492145712309,5029,2,NW_like
5138a660,z_anchor,85.3308836386732,3559,4,SE_like
516088b7,z_anchor,143.45043602419048,6645,0,NW_like
521a7819,z_anchor,102.59644285987635,5200,1,NW_like
5254b6db,z_anchor,61.12891293495888,3274,1,NW_like
529e88ca,z_anchor,147.0264738381405,3417,3,NW_like
52f1e77a,z_anchor,59.63759660080713,4442,3,NW_like
5305524b,z_anchor,106.79335767809273,4898,3,NW_like
53134831,z_anchor,69.21866201880734,5126,0,NW_like
5397ceb1,z_anchor,109.71951892446589,5255,4,SE_like
53f23031,z_anchor,153.43893190547186,8550,3,SE_like
543198e8,z_anchor,188.8366137915056,6503,0,NW_like
54753541,z_anchor,62.77888431746033,4026,4,SE_like
54a7e3c2,z_anchor,123.62116868502318,6155,2,NW_like
5542c301,z_anchor,101.1922454153071,3591,1,NW_like
5567d551,z_anchor,141.27636572383577,6889,4,NW_like
55efee7f,z_anchor,120.54734431056177,4801,0,NW_like
5663b2b7,z_anchor,70.01423892360368,4972,0,NW_like
5693dde2,z_anchor,101.98103988564765,3488,0,SE_like
56b00794,z_anchor,65.37453618750276,6065,2,SE_like
57796579,z_anchor,147.9011221790318,5890,2,NW_like
577eec7c,z_anchor,97.17395010316037,4539,3,SE_like
57f05c51,z_anchor,56.504609165892674,4771,3,SE_like
58850d2c,z_anchor,29.850934875358607,4995,1,NW_like
58fa8486,z_anchor,76.22727156830874,4475,1,NW_like
591cc951,z_anchor,117.61690263993957,4609,2,NW_like
593876b6,z_anchor,95.4931006643625,4842,4,NW_like
59f8b2e8,z_anchor,95.33536168755694,3747,4,SE_like
5a1a8fd8,z_anchor,80.84550080445491,5260,3,SE_like
5a5269a9,z_anchor,173.9395244929194,6513,3,SE_like
5a5d1982,z_anchor,73.87670877054109,3894,0,SE_like
5a63b5d1,z_anchor,32.73187858955302,6217,2,SE_like
5aa03df7,z_anchor,83.65364352308255,4871,3,SE_like
5aa403d0,z_anchor,102.69022598489516,3118,1,NW_like
5aef5c6c,z_anchor,40.172749727874816,3121,0,SE_like
5b7b6324,z_anchor,139.6489174004732,6564,3,NW_like
5bd25f59,z_anchor,143.96358121112027,4210,3,NW_like
5beded95,z_anchor,65.41080584727612,3057,4,SE_like
5cb483ac,z_anchor,63.30890983491918,3852,2,NW_like
5cdd8dbc,z_anchor,71.25792362468685,4010,4,NW_like
5d11dfb5,z_anchor,135.82697092578366,5895,1,NW_like
5d7198fd,z_anchor,97.02781809891314,3368,3,NW_like
5def1ce5,z_anchor,119.29759983894047,6443,3,SE_like
5eae34a8,z_anchor,82.53942454365028,4904,2,SE_like
5f4d2a52,z_anchor,121.450159160753,5225,3,NW_like
5f6756c5,z_anchor,140.79288076432366,5931,1,NW_like
5f75f796,z_anchor,113.27570801001875,5562,4,NW_like
5fb1c15f,z_anchor,86.22851571824684,2860,0,NW_like
5fffa282,z_anchor,71.34115881145921,4201,4,SE_like
60e37807,z_anchor,75.86432759062669,2699,4,NW_like
61f27424,z_anchor,118.39808593927272,6220,2,NW_like
62569ae3,z_anchor,61.62056820623469,3588,4,SE_like
62a6f539,z_anchor,64.4869192310277,3693,1,NW_like
633774dc,z_anchor,132.48436503802446,6233,0,NW_like
63559d57,z_anchor,112.83511141681228,4069,2,SE_like
647f2a41,z_anchor,82.35928861538088,3881,2,SE_like
65156b96,z_anchor,101.88693274250555,3221,1,SE_like
653612bc,z_anchor,55.1497501509799,4605,3,NW_like
656a067b,z_anchor,73.84093355565795,3051,2,NW_like
65a5466a,z_anchor,97.1237842626957,4683,2,SE_like
660d9546,z_anchor,66.8233306127446,4732,0,NW_like
6767c111,z_anchor,247.41810578961073,6783,2,NW_like
67847288,z_anchor,137.51377971183018,7429,2,NW_like
67a8da4a,z_anchor,101.92806725170038,4911,1,NW_like
684a6fc1,z_anchor,129.55235105136333,9818,0,SE_like
698930d1,z_anchor,101.8298993342241,4741,3,NW_like
699ea575,z_anchor,47.75576527514451,4120,2,NW_like
69c1bdad,z_anchor,42.70514212772249,2714,0,NW_like
69e41fa6,z_anchor,88.63596125119369,5772,0,SE_like
6a0ff78e,z_anchor,117.7098183102004,6465,2,SE_like
6a8fa194,z_anchor,53.423869736974446,3017,3,NW_like
6ae68655,z_anchor,107.38583314702288,4204,3,NW_like
6d1d74e1,z_anchor,156.26322944995835,5830,1,SE_like
6d590e26,z_anchor,147.61103528772472,6096,2,NW_like
6d6d93af,z_anchor,96.01724666127271,3595,2,SE_like
6dbe4b60,z_anchor,93.86233597230692,4648,2,NW_like
6e6d122c,z_anchor,93.47987958456561,5632,4,SE_like
6e9ccd38,z_anchor,121.31684270414341,8282,4,NW_like
6ea22614,z_anchor,131.38868096076317,5971,0,SE_like
6ede926a,z_anchor,87.7169387136981,4938,2,NW_like
708caea9,z_anchor,257.6983781384236,6548,1,NW_like
70925e23,z_anchor,68.47282238804378,5947,1,NW_like
70e1788b,z_anchor,140.5639115491408,9285,3,NW_like
71642c7d,z_anchor,100.92855211364022,4648,4,SE_like
71ccf778,z_anchor,38.28121944787871,2698,3,NW_like
7224331b,z_anchor,141.5303134943873,6063,3,NW_like
722cf0d8,z_anchor,91.25632118975311,5143,4,NW_like
7256229b,z_anchor,131.1402083815212,5415,0,SE_like
726f3dc2,z_anchor,123.60867318685547,6723,1,NW_like
7271dd80,z_anchor,82.99528265424142,4340,4,SE_like
727a3a10,z_anchor,8.320955763701061,4397,3,NW_like
729665c0,z_anchor,85.97341133610712,4263,1,SE_like
729e9750,z_anchor,114.81816993241779,5919,4,SE_like
729f4217,z_anchor,121.5144477662322,6195,2,SE_like
72dd8501,z_anchor,85.71195007305809,5193,1,NW_like
73348914,z_anchor,104.51690340862726,4221,3,SE_like
739a914f,z_anchor,126.97437999599656,5505,1,NW_like
73b1447d,z_anchor,89.15137839840331,5670,4,SE_like
74b6186b,z_anchor,79.17986315949257,3405,3,NW_like
75c20ec7,z_anchor,111.70917936763172,5361,0,NW_like
75cd5f11,z_anchor,81.1625709184691,4946,4,SE_like
75d20a82,z_anchor,72.29754929486772,5067,2,NW_like
76201745,z_anchor,98.80120873037261,4448,1,SE_like
764072a5,z_anchor,48.16227424123716,2949,0,NW_like
77b0d905,z_anchor,71.31848572165605,4174,0,NW_like
77e4821c,z_anchor,67.80029469498477,5393,3,SE_like
7850c72e,z_anchor,100.41467096643697,5497,3,SE_like
78a4a386,z_anchor,95.36418590319461,5119,1,NW_like
79507629,z_anchor,103.53773708525577,5302,4,NW_like
796dbd4c,z_anchor,141.950271529363,6248,3,SE_like
7987f2f2,z_anchor,105.19675382057152,3705,0,SE_like
7993a768,z_anchor,60.96918355240716,5487,2,SE_like
7a5660b0,z_anchor,59.586919406912024,4998,3,NW_like
7acda2df,z_anchor,32.19446028512908,3091,4,SE_like
7b2c7b3c,z_anchor,59.129956231635255,2584,4,NW_like
7b38844c,z_anchor,65.24080190255809,3749,1,NW_like
7bb17b96,z_anchor,91.09807114600319,3922,0,SE_like
7c607683,z_anchor,96.2743422908713,5328,0,NW_like
7cbbd047,z_anchor,145.41768925664002,5121,2,SE_like
7cd4bb31,z_anchor,128.96207962802498,6439,2,SE_like
7d50373e,z_anchor,61.27013404194116,5122,3,SE_like
7d57c75d,z_anchor,81.47471423142282,4405,2,NW_like
7e208414,z_anchor,75.09227985643385,4226,3,NW_like
7e721392,z_anchor,28.781147404761366,6174,2,SE_like
7ff89f8f,z_anchor,118.85180322339941,7337,0,NW_like
8050c789,z_anchor,52.335961868918915,3077,3,NW_like
807f0298,z_anchor,145.15959188263108,3747,1,NW_like
811f52b3,z_anchor,112.53234214830779,4836,4,NW_like
81bf5923,z_anchor,4.921310022734595,4543,1,NW_like
81fc01c6,z_anchor,140.51801798038912,5909,2,NW_like
8255c867,z_anchor,47.27494556775524,3589,4,NW_like
82aab6d2,z_anchor,138.3297088116589,6140,4,NW_like
82fcf37c,z_anchor,67.95273379792702,6014,1,NW_like
833af382,z_anchor,38.01911954737601,3628,0,NW_like
8382f4b6,z_anchor,76.7949086061028,4967,1,SE_like
84633df4,z_anchor,131.66027939005355,4972,3,NW_like
8478df29,z_anchor,128.07151644314956,4857,1,NW_like
84815d5a,z_anchor,60.20092276201856,3647,1,NW_like
84c3b497,z_anchor,101.5369545330329,5312,1,SE_like
85380836,z_anchor,116.97130913049145,6618,0,NW_like
8612b37f,z_anchor,129.72125962479976,5165,2,NW_like
861e71df,z_anchor,89.54263780682447,4700,4,NW_like
86454a6f,z_anchor,127.43529475328882,7964,1,SE_like
8648abae,z_anchor,105.0307005143824,4244,0,SE_like
865033f8,z_anchor,63.14842884586708,3557,0,NW_like
87695469,z_anchor,139.02319013552878,7003,1,NW_like
877ed19c,z_anchor,88.36171988231654,3708,4,SE_like
87aa3730,z_anchor,123.79385683672564,5607,4,SE_like
884ecb5f,z_anchor,123.24609186167359,6724,2,SE_like
8902c3f6,z_anchor,89.46586096360637,4959,1,SE_like
896d15b9,z_anchor,104.90557793394315,4279,1,NW_like
8995c945,z_anchor,241.97653445679757,6724,2,NW_like
89969c7a,z_anchor,107.50263017104949,4947,4,NW_like
89f1085d,z_anchor,154.18835434931603,5994,4,NW_like
89f36adf,z_anchor,60.539506147726975,5292,1,NW_like
89fdb2f2,z_anchor,29.110995627433855,2031,2,NW_like
8a3da6d1,z_anchor,100.006014457276,4593,3,NW_like
8a89da23,z_anchor,48.05640051644776,3935,2,SE_like
8a9c8932,z_anchor,94.87211008393169,4663,2,NW_like
8ac2f237,z_anchor,70.19717479715159,5319,1,SE_like
8b12bab6,z_anchor,79.2370091515191,5234,1,NW_like
8b5be31b,z_anchor,144.5039339043748,5672,0,NW_like
8b95d6d1,z_anchor,32.01455056699847,1731,0,SE_like
8b9d8326,z_anchor,103.29786058047418,6163,3,SE_like
8bb9c1e6,z_anchor,97.32900650029917,4546,0,NW_like
8bda1a11,z_anchor,114.17661927667318,5981,4,SE_like
8bfa881d,z_anchor,68.42469654328681,4089,1,NW_like
8c167025,z_anchor,87.55196627491009,5368,2,SE_like
8c8348e8,z_anchor,29.18445665921954,3888,0,SE_like
8cc21f01,z_anchor,61.86447638210057,4044,2,SE_like
8cc800b3,z_anchor,208.7542206005729,6576,4,SE_like
8d5d46d7,z_anchor,130.1665062105512,5755,1,NW_like
8d92cb49,z_anchor,74.25493007603121,3589,2,NW_like
8f201368,z_anchor,125.8219734127508,6349,1,NW_like
90386ee4,z_anchor,79.29238327163416,3840,2,SE_like
91abc4c7,z_anchor,105.82666721690559,5848,2,NW_like
91b301ce,z_anchor,153.8691827397597,6570,4,NW_like
91db7070,z_anchor,64.91829925811446,4073,1,SE_like
925a7cd1,z_anchor,96.10202323481664,4517,3,NW_like
9283ae69,z_anchor,96.86309622790884,3371,0,NW_like
9298ad5b,z_anchor,70.12524997194352,3964,0,NW_like
9314ff13,z_anchor,43.64867473740569,2748,3,NW_like
93209a3d,z_anchor,141.7285096754435,4697,4,NW_like
939d9c34,z_anchor,97.19880449226994,5101,1,NW_like
93f5d2e6,z_anchor,71.97497980108363,3691,2,SE_like
940a48d9,z_anchor,64.11829630314173,3963,3,SE_like
940e709a,z_anchor,92.52624562044063,3348,4,NW_like
9426ec1e,z_anchor,54.68750465583326,2532,3,SE_like
94467f50,z_anchor,64.3900286892019,3035,3,NW_like
944f36b9,z_anchor,99.14844078059093,4630,0,SE_like
94d813a4,z_anchor,82.81129216693112,4847,2,NW_like
95b559e7,z_anchor,27.53550101741124,2887,4,SE_like
95c8427f,z_anchor,81.24857541797616,6335,4,NW_like
96936c22,z_anchor,48.302218655535,3346,2,NW_like
96ae5806,z_anchor,195.7590094989,9839,2,SE_like
96b7eea1,z_anchor,108.85531053203157,4332,2,NW_like
9719aa04,z_anchor,110.60053641351897,4871,0,NW_like
974802e7,z_anchor,137.40174021690115,5843,3,NW_like
97cd5bf9,z_anchor,78.92684177493653,3449,0,NW_like
98177ced,z_anchor,61.47005367600724,4772,4,SE_like
9896fc0b,z_anchor,77.16007111603335,3595,0,SE_like
98bc6f66,z_anchor,101.96029046715147,6063,3,NW_like
992c99e8,z_anchor,81.38694377708124,4904,0,SE_like
992ce078,z_anchor,48.10214503892977,2879,1,NW_like
99529c45,z_anchor,83.04783724823695,5840,1,NW_like
995ff498,z_anchor,83.61732362050574,4526,2,NW_like
999daf80,z_anchor,61.8410741367974,3564,1,NW_like
9a6b0392,z_anchor,95.01398004811078,4255,4,SE_like
9a8ae0d6,z_anchor,102.61460433493477,6294,3,NW_like
9a95e33f,z_anchor,82.30788438595812,6447,4,SE_like
9ab94eeb,z_anchor,98.58834729406244,4442,0,NW_like
9ad5410a,z_anchor,116.8795482735845,4205,3,NW_like
9ae248be,z_anchor,164.45575203559886,5271,3,NW_like
9af1ffd0,z_anchor,79.07530784230069,3525,3,NW_like
9b5b61c1,z_anchor,93.68291308072044,5532,0,SE_like
9b9e3b49,z_anchor,127.40879328044042,5118,3,SE_like
9bd2bba3,z_anchor,134.915486961203,7439,2,NW_like
9c211c53,z_anchor,157.42722673690554,7265,2,NW_like
9c350a6a,z_anchor,61.90445690630631,6052,1,SE_like
9c8375f7,z_anchor,33.69641357887246,3674,4,NW_like
9d072e4c,z_anchor,87.92274713171795,5107,2,SE_like
9d3ec64c,z_anchor,81.86426311366662,3480,3,SE_like
9d4272e3,z_anchor,84.11158162302384,4030,0,NW_like
9d5e14d4,z_anchor,112.44203627581643,5400,1,NW_like
9da441ba,z_anchor,157.12919012783703,5783,2,SE_like
9dede370,z_anchor,149.54875508030702,6297,0,NW_like
9def2eb2,z_anchor,120.78503163920033,6003,4,SE_like
9df1b1f9,z_anchor,110.42004758907102,4701,3,NW_like
9dfff011,z_anchor,53.28466076282651,4319,0,NW_like
9e3e364d,z_anchor,100.92694474817216,4290,1,SE_like
9efc812e,z_anchor,21.15802661780153,4450,3,SE_like
9f0c7bae,z_anchor,27.707407029311423,2542,3,SE_like
9ffce529,z_anchor,82.39018329588971,5212,2,NW_like
a0383629,z_anchor,104.39994725279175,5832,2,SE_like
a056d01e,z_anchor,120.61853372674457,6557,4,SE_like
a08d9e63,z_anchor,70.20905269091537,3685,1,SE_like
a0b83014,z_anchor,62.178874728500105,5035,0,NW_like
a0e92ed6,z_anchor,95.43622433048094,4897,3,NW_like
a15bc102,z_anchor,71.24167859653532,3236,4,NW_like
a247e7cf,z_anchor,105.81343532549457,5674,2,SE_like
a2e8e7f6,z_anchor,63.84284833107891,4760,1,SE_like
a3518960,z_anchor,92.27246656411867,4967,0,SE_like
a3f71395,z_anchor,182.36428940870726,5543,4,NW_like
a4719920,z_anchor,120.40120923026097,5884,0,SE_like
a48640d9,z_anchor,70.63604795028655,4532,0,SE_like
a4cdbb0f,z_anchor,103.79181390090544,5204,1,NW_like
a4f989c2,z_anchor,100.00835298874344,5385,2,SE_like
a5aa7973,z_anchor,102.47098708742135,4616,1,NW_like
a5e6f7dc,z_anchor,178.04412783494286,5649,2,SE_like
a612d5a0,z_anchor,85.83949954477883,5329,4,SE_like
a622ce4d,z_anchor,168.59080718425238,6298,1,SE_like
a645da9a,z_anchor,146.26827514427447,5153,0,SE_like
a692b17e,z_anchor,63.50853489106848,3566,0,NW_like
a6b8ac67,z_anchor,158.20015417890772,5453,0,NW_like
a6ed2eff,z_anchor,86.52005198478665,5275,2,SE_like
a6f967fb,z_anchor,56.50702818522234,4670,3,SE_like
a76db406,z_anchor,66.54860340466477,4672,1,SE_like
a7744f5b,z_anchor,80.28208972031463,4377,1,SE_like
a783cc24,z_anchor,37.328357491343446,1889,2,SE_like
a79fd2e7,z_anchor,95.85018459702805,4404,4,SE_like
a7fc3e6b,z_anchor,103.36672612415607,4764,1,SE_like
a85bb86f,z_anchor,67.4880425475433,3099,3,NW_like
a85e4bc3,z_anchor,107.41154784946012,4581,0,SE_like
a87433c9,z_anchor,93.08766761696525,5721,4,SE_like
a8ed028a,z_anchor,85.34058320254603,5538,4,NW_like
a959858c,z_anchor,108.73892762502382,4404,0,SE_like
a9c9b150,z_anchor,88.63872581354366,3986,1,NW_like
aa95015b,z_anchor,94.26356307246262,4300,4,SE_like
aaaf3c03,z_anchor,53.66784356328006,2997,1,NW_like
aaeffccb,z_anchor,27.237845910654134,2712,4,SE_like
ab112491,z_anchor,92.63045896570272,5185,0,NW_like
ab18d3fc,z_anchor,102.17896016871182,5694,0,SE_like
ab3ced07,z_anchor,66.703000152123,4250,4,NW_like
ab6fe95d,z_anchor,107.80462018366607,5491,3,NW_like
ab94878e,z_anchor,160.04140248336992,6004,1,NW_like
abf460d2,z_anchor,50.186531822855486,3217,3,NW_like
ac6f01d5,z_anchor,76.20905055471304,5004,2,SE_like
ad2133a8,z_anchor,80.22969122347398,5729,2,NW_like
add9c322,z_anchor,73.11815169382375,3932,3,NW_like
ae069086,z_anchor,120.51616168617454,4770,3,NW_like
ae0784a8,z_anchor,154.73960462544693,7823,1,SE_like
ae35f33a,z_anchor,89.8569783598073,4450,0,SE_like
ae8959c3,z_anchor,157.2191896357057,4518,3,NW_like
aed44918,z_anchor,56.47351952596719,2719,3,NW_like
aee6393a,z_anchor,70.10688057827099,5865,1,SE_like
af7a59ce,z_anchor,53.035849763958055,3024,2,SE_like
aff4e561,z_anchor,77.47592900587613,6026,0,NW_like
b04b58a3,z_anchor,80.70849734731961,3402,1,SE_like
b0d42b0d,z_anchor,131.56098816021878,4971,3,NW_like
b0f53bf4,z_anchor,51.921777503556335,2755,2,NW_like
b19b0395,z_anchor,65.65703402160894,5813,0,SE_like
b1efb8a4,z_anchor,96.74469214140704,5998,2,NW_like
b32902c0,z_anchor,87.04498083446073,3808,4,NW_like
b32e4903,z_anchor,119.24340953721051,5770,4,NW_like
b3388334,z_anchor,98.54542420024318,6080,1,SE_like
b37fd114,z_anchor,147.00024200258144,8161,1,SE_like
b38e3116,z_anchor,94.23968336731564,6211,0,NW_like
b4d8dd4f,z_anchor,82.50869028290231,4259,1,NW_like
b4f37e6e,z_anchor,32.84450729409206,2992,1,SE_like
b56bc0aa,z_anchor,124.18658403874554,5602,3,NW_like
b585b4fa,z_anchor,98.12794429498643,4294,3,NW_like
b5aa9634,z_anchor,142.0697734057009,7326,4,NW_like
b7974e66,z_anchor,82.53173502346941,5558,0,NW_like
b7cdcecb,z_anchor,147.99955203993312,6168,1,SE_like
b7fea9ef,z_anchor,92.2465747244647,3866,1,SE_like
b85f7b06,z_anchor,96.36162068721735,3803,2,SE_like
b881d27e,z_anchor,79.29301321349149,4009,3,SE_like
b8c49c1a,z_anchor,71.87196522930861,4319,0,SE_like
b95e7121,z_anchor,196.0967380949621,6306,0,SE_like
b977be4a,z_anchor,175.88974771777393,5917,2,SE_like
ba48188d,z_anchor,73.75741269841528,4166,0,NW_like
bb2cdd83,z_anchor,81.90980093670129,3825,1,NW_like
bb337fa0,z_anchor,142.05507070225212,6873,2,NW_like
bb682ebd,z_anchor,112.84849285747273,4139,2,NW_like
bc4381e2,z_anchor,99.25766356410894,4955,1,NW_like
bcebcc5f,z_anchor,90.87943081093351,6258,4,SE_like
bd2c2f34,z_anchor,145.05427096720484,9823,1,NW_like
bd4ae5da,z_anchor,112.34842155459624,5006,0,SE_like
bd6f0e19,z_anchor,82.42412690900659,5140,1,NW_like
bd8f847e,z_anchor,122.72531983615087,4961,0,SE_like
be063506,z_anchor,109.51634555565873,4500,3,NW_like
be35c8f2,z_anchor,81.11619160886625,4226,1,NW_like
be83e781,z_anchor,62.742545641877506,3221,4,SE_like
beda8696,z_anchor,63.822709351701526,5912,4,NW_like
bf39bc20,z_anchor,36.75966297506857,3303,4,SE_like
bf70b410,z_anchor,79.30790418412451,6347,4,NW_like
bffe3082,z_anchor,85.60794310374118,5723,1,SE_like
c03b9305,z_anchor,116.57772796834342,4255,3,NW_like
c03d4aed,z_anchor,100.89761255257991,4641,4,SE_like
c03fba65,z_anchor,53.506666711635276,3699,3,NW_like
c07fd0cd,z_anchor,93.32456243066598,4191,0,SE_like
c1708b88,z_anchor,160.3315425238953,6315,2,SE_like
c1d046f4,z_anchor,100.84777979998347,5513,1,SE_like
c2717d4f,z_anchor,107.67627016527035,4721,4,SE_like
c2c4db09,z_anchor,177.60938178675997,6039,3,SE_like
c2c6fc71,z_anchor,112.18225198914986,7119,2,SE_like
c36625df,z_anchor,99.95833875411545,4742,3,SE_like
c3957531,z_anchor,51.40568040221574,5316,0,NW_like
c42fe306,z_anchor,96.28031382054054,5095,4,NW_like
c43812e2,z_anchor,143.45288379208313,5527,1,NW_like
c472c0b5,z_anchor,103.77850751608483,3054,0,NW_like
c47e0767,z_anchor,84.30222220083029,4356,2,NW_like
c50b42f6,z_anchor,64.2503296117708,6014,0,SE_like
c593337f,z_anchor,93.20375025984843,5208,0,NW_like
c59b6c4a,z_anchor,63.30523305086334,5499,4,NW_like
c66be2b8,z_anchor,89.61796273220214,4154,3,NW_like
c6797dd7,z_anchor,76.48719235310622,4664,3,SE_like
c6b782a4,z_anchor,110.47720109915213,4877,4,NW_like
c6c96179,z_anchor,71.99830230058143,4004,2,SE_like
c70c0e01,z_anchor,96.45202799037293,4312,3,SE_like
c84c65be,z_anchor,177.05290319596554,8496,0,NW_like
c8d9680c,z_anchor,167.67253408926555,6281,3,NW_like
c908edd0,z_anchor,71.82376028060776,5293,3,SE_like
c9578d27,z_anchor,111.36936480461027,4487,0,NW_like
c96c018a,z_anchor,118.6702811800792,6236,0,SE_like
c99f9fae,z_anchor,177.41779542181848,6361,0,SE_like
c9e6734f,z_anchor,28.73872053802319,4735,1,SE_like
c9e980e8,z_anchor,93.76354559718274,4359,1,NW_like
c9fedcf3,z_anchor,55.249351893447205,3517,0,SE_like
cad13e8f,z_anchor,63.65584350533898,4848,4,SE_like
cb34231f,z_anchor,71.30248719286963,5609,2,SE_like
cb879f40,z_anchor,158.6778165795128,6315,2,NW_like
cbb406b5,z_anchor,118.70661332906664,6328,3,SE_like
cbe51de1,z_anchor,105.67097264828173,3963,0,SE_like
cbe62450,z_anchor,156.30340237282238,6258,3,NW_like
cc08aa63,z_anchor,67.46705136022067,3274,0,NW_like
cc8a1d57,z_anchor,106.5470343170256,6638,3,NW_like
ccedb12b,z_anchor,84.61602742738069,4401,2,NW_like
cd7f1687,z_anchor,93.22889788575417,4232,1,NW_like
cda7eb37,z_anchor,86.57631064969384,5973,0,NW_like
cdc31d65,z_anchor,74.47896738549757,4840,4,SE_like
cdc60a53,z_anchor,119.06066081973422,5878,3,NW_like
ce55ba43,z_anchor,79.2373333330803,4104,1,NW_like
ce8399b7,z_anchor,42.06309953850594,1615,0,SE_like
cf50c9d1,z_anchor,101.61228638273668,4858,1,NW_like
d00e7eb9,z_anchor,108.5534205786252,5704,1,SE_like
d011f41b,z_anchor,45.066974623556774,2267,3,SE_like
d07aed8f,z_anchor,20.187948269360298,2957,1,SE_like
d085e611,z_anchor,140.1904752835121,6191,1,SE_like
d0a0e7b5,z_anchor,66.07742125044633,3816,1,NW_like
d0a43760,z_anchor,22.40251113872025,4041,1,SE_like
d0cb63ae,z_anchor,186.78224378642653,5223,3,NW_like
d114d9c2,z_anchor,71.92829366159533,6206,3,NW_like
d1457cc5,z_anchor,94.0002936941971,6920,3,NW_like
d1ecf309,z_anchor,114.17161445989328,6168,2,SE_like
d1ee630d,z_anchor,163.79442124466522,6290,2,SE_like
d217e0c5,z_anchor,72.01079649091427,3838,3,SE_like
d24ff243,z_anchor,62.436513422432476,5641,1,SE_like
d273674e,z_anchor,57.222646856241134,3899,2,NW_like
d2f3b1ab,z_anchor,98.21780299149428,5581,2,SE_like
d3df146b,z_anchor,82.6424783787995,5787,0,SE_like
d40f61d5,z_anchor,71.12611720354568,4039,0,SE_like
d41beaf2,z_anchor,104.39300647094079,4753,4,NW_like
d463e527,z_anchor,94.64219958424226,4767,2,SE_like
d4f60a28,z_anchor,97.34012804784751,4501,2,SE_like
d50c649a,z_anchor,135.1823028400875,4873,0,NW_like
d543916f,z_anchor,84.35551976989558,4799,4,SE_like
d5df0ff5,z_anchor,86.23950149801381,4032,4,NW_like
d60430e6,z_anchor,52.13780750440124,2511,3,NW_like
d63196fe,z_anchor,62.48660953425536,4510,3,NW_like
d6c320d9,z_anchor,82.67475154812045,5452,1,SE_like
d6dd7330,z_anchor,102.72430495222987,6193,4,NW_like
d7ba4f9d,z_anchor,171.0450803317504,6023,0,SE_like
d7eb0be8,z_anchor,66.78741922397317,5401,4,NW_like
d84b621b,z_anchor,73.23521283729589,3994,0,NW_like
d90aa14c,z_anchor,175.17611713439743,10018,1,NW_like
d924e971,z_anchor,101.53854650423796,3184,3,NW_like
d9ae59b2,z_anchor,102.12352896562832,3648,2,SE_like
d9d6d94d,z_anchor,95.17642613978809,4919,2,NW_like
d9eca87b,z_anchor,82.44615566078123,6373,1,NW_like
da2d4d7c,z_anchor,34.9910877840929,2114,0,SE_like
da3bfe4e,z_anchor,75.89021566714769,5549,1,SE_like
da3cf798,z_anchor,147.12951113974373,5844,1,NW_like
da940160,z_anchor,78.02144944600535,5132,2,SE_like
dafc88c3,z_anchor,51.34952614800516,5572,2,SE_like
dbee6c86,z_anchor,145.9602140204769,7369,1,NW_like
dc5fbe29,z_anchor,81.55478194043238,5203,1,SE_like
dc7da28f,z_anchor,54.56355688829021,4774,1,SE_like
dc7f9757,z_anchor,60.550938432601335,4360,1,SE_like
dd168de0,z_anchor,87.28594221305346,3304,2,NW_like
dd64382d,z_anchor,76.4514115455358,3124,3,NW_like
dd6bc5b2,z_anchor,70.06278776695856,3602,1,SE_like
dd7d638e,z_anchor,81.30467099939304,4301,0,NW_like
ddc790ff,z_anchor,74.95735094467679,4726,4,SE_like
df71d1ff,z_anchor,166.92219323792702,6228,3,SE_like
df73b8f3,z_anchor,121.0924796527437,5311,1,SE_like
df8290be,z_anchor,71.9453260223023,3972,1,NW_like
e0079ed1,z_anchor,83.762914299049,3471,3,SE_like
e03b45fd,z_anchor,171.3759795410823,5342,2,NW_like
e0f36d98,z_anchor,75.70074463520116,4976,4,SE_like
e149204f,z_anchor,125.09644146168611,6097,1,SE_like
e14d641e,z_anchor,52.271446371598294,3184,3,NW_like
e161bd0c,z_anchor,47.04438660658831,2949,4,SE_like
e201fd6d,z_anchor,84.97697344073775,5070,3,NW_like
e25f1537,z_anchor,91.99465963342769,3177,1,NW_like
e2fc7745,z_anchor,82.77246074821836,3692,2,NW_like
e32da4ec,z_anchor,83.63766768540333,4689,4,NW_like
e3b34f5b,z_anchor,103.86737835721644,5455,2,SE_like
e45a2a62,z_anchor,110.94707114379484,5007,4,NW_like
e46f4ef4,z_anchor,79.89360537858572,7195,0,SE_like
e4726608,z_anchor,85.69177388684352,4733,2,NW_like
e5864244,z_anchor,91.92963636147539,4469,3,SE_like
e5c92e59,z_anchor,120.6786522651213,4295,3,NW_like
e5ff9fd2,z_anchor,44.4418733502757,2354,4,NW_like
e6c55748,z_anchor,73.24689330477659,4472,1,SE_like
e730c32b,z_anchor,106.20947546769992,4728,4,SE_like
e737965a,z_anchor,110.41528044767767,5955,4,NW_like
e748dd88,z_anchor,62.64871265110931,4812,3,SE_like
e7818f7a,z_anchor,148.38212914981946,5371,3,SE_like
e7c36e81,z_anchor,64.58400247310601,3531,3,NW_like
e7d0c1de,z_anchor,91.3899162554936,4711,1,NW_like
e85074c5,z_anchor,58.54209357015671,5675,4,SE_like
e97032ad,z_anchor,69.02588942188018,3530,1,NW_like
e9949a23,z_anchor,68.30614187344727,4559,2,NW_like
ea0b99b7,z_anchor,176.19084080115144,9239,3,SE_like
ea3a0e38,z_anchor,138.15704160046332,10052,4,SE_like
ea41324e,z_anchor,86.58687063974631,5025,0,NW_like
eabc711b,z_anchor,68.9917598252475,5348,0,NW_like
eac10e86,z_anchor,67.3643415669739,6067,3,SE_like
eafb863e,z_anchor,44.586317174713095,3568,2,NW_like
eb06a4e7,z_anchor,93.32183964938618,4535,3,SE_like
eb640a35,z_anchor,127.92391676748026,6037,3,SE_like
eb934281,z_anchor,86.1928026882389,5971,1,NW_like
eba6605e,z_anchor,28.2658545677361,4410,0,SE_like
ebe69318,z_anchor,66.35982703376348,4976,4,SE_like
ec0d597b,z_anchor,64.59078037646105,4616,4,SE_like
ec13af42,z_anchor,71.93796783825061,5462,2,SE_like
ecdab904,z_anchor,136.4764423911226,6147,3,NW_like
ecdaf714,z_anchor,173.893856740297,6592,2,NW_like
ed6436d6,z_anchor,43.18173230612159,2945,1,NW_like
ed6e6e54,z_anchor,98.80935019744784,6048,1,NW_like
edf885a3,z_anchor,62.017544420210136,3117,1,NW_like
ee0300f7,z_anchor,46.52484399073905,4544,0,SE_like
ee288beb,z_anchor,77.69935248178655,4638,2,SE_like
ee4aecac,z_anchor,93.38241659486965,5265,4,SE_like
eeda36f5,z_anchor,106.93296527691554,4797,0,SE_like
eeed308d,z_anchor,77.05905649995793,3899,0,SE_like
ef04658e,z_anchor,91.560875756106,4104,4,NW_like
ef8e3ed0,z_anchor,78.44514447358394,5224,3,NW_like
efde6ac3,z_anchor,105.7834463066084,4559,4,SE_like
efe96181,z_anchor,103.89154037884093,4012,4,SE_like
f0188a48,z_anchor,135.3658562227229,4170,2,SE_like
f021b650,z_anchor,108.59151857645094,3739,0,NW_like
f03f10fe,z_anchor,60.83302416192431,4145,2,SE_like
f053a1b9,z_anchor,60.24400535010247,4108,4,NW_like
f074d277,z_anchor,67.78342621034763,2453,2,NW_like
f07d7037,z_anchor,80.04248408407784,5563,3,NW_like
f08774c3,z_anchor,85.7815161926371,3900,4,NW_like
f140c2fa,z_anchor,75.24154854931447,4082,4,NW_like
f16e25e3,z_anchor,78.08528866964907,4651,4,NW_like
f2d4c8c9,z_anchor,96.84414629105576,6249,3,NW_like
f321a31c,z_anchor,135.99523548612703,5141,2,SE_like
f40cd091,z_anchor,122.44067973642109,5166,3,NW_like
f439a621,z_anchor,93.93343244468461,2821,2,NW_like
f49fdea3,z_anchor,145.4087662809022,5391,3,NW_like
f4d12d23,z_anchor,39.98851812038721,3701,0,NW_like
f56d3ace,z_anchor,86.38514809510855,5432,4,NW_like
f5859199,z_anchor,176.23420551613404,5790,2,NW_like
f5d8aab6,z_anchor,86.4004317591559,4444,4,NW_like
f631da6e,z_anchor,92.05780698387093,4093,4,NW_like
f6824bb0,z_anchor,102.45290518573371,5015,4,NW_like
f6bc699b,z_anchor,67.79311770493773,3752,0,SE_like
f6d009f4,z_anchor,251.15197298021326,6715,3,NW_like
f72b268f,z_anchor,140.85244962079472,6404,3,NW_like
f8662c22,z_anchor,91.11015722946331,5429,2,SE_like
f88ddb26,z_anchor,46.9318275309061,4990,1,NW_like
f8afa78a,z_anchor,113.58458727367415,6032,4,SE_like
f8f59188,z_anchor,94.86907099774115,4807,3,SE_like
f9fc81aa,z_anchor,100.45163300861685,5598,4,SE_like
fa16d114,z_anchor,95.63937769175224,5686,3,SE_like
fa31da94,z_anchor,142.44458118779733,5027,3,SE_like
fa667be2,z_anchor,146.81771342793144,7296,1,NW_like
fae0c593,z_anchor,103.58692491043831,4403,1,NW_like
fb03ae90,z_anchor,41.67674262021321,6431,0,SE_like
fb0904bd,z_anchor,70.61306868333723,3181,4,NW_like
fb3848a1,z_anchor,113.10897946731703,5919,0,NW_like
fb73b13a,z_anchor,214.37757471712303,5640,0,NW_like
fba7683c,z_anchor,4.017083727128687,407,3,NW_like
fbd68d27,z_anchor,130.9861935537421,6829,1,SE_like
fc03f21f,z_anchor,122.72878417071794,4803,1,NW_like
fc0d20b2,z_anchor,99.78062590424035,3954,0,NW_like
fcfcc902,z_anchor,39.77139415926354,2791,1,SE_like
fd3b4faa,z_anchor,102.92016026284918,5022,0,SE_like
fd710aea,z_anchor,66.18790113299256,4217,2,NW_like
fd8f77fa,z_anchor,99.91261990553755,5272,4,NW_like
fde20ecf,z_anchor,58.64130589308009,4667,4,NW_like
fdfd57da,z_anchor,112.370932094448,5236,3,SE_like
febb4411,z_anchor,89.48930821599593,4247,2,SE_like
fef8af96,z_anchor,71.91594674758993,3826,0,SE_like
ff0aea78,z_anchor,49.91305441200736,3261,3,NW_like
ff8bb73a,z_anchor,160.8162326023048,5927,0,NW_like
ffefef30,z_anchor,98.13027059699859,4570,4,SE_like
000d7d20,prefix_u_slope,13.568350911416932,3836,2,NW_like
00bbac68,prefix_u_slope,27.01736747137977,6014,0,NW_like
00e12e8b,prefix_u_slope,25.471390310334687,4301,0,NW_like
015fe0d2,prefix_u_slope,7.058752771089937,4296,1,SE_like
01869cd4,prefix_u_slope,6.369807722714805,5557,3,SE_like
01982c1d,prefix_u_slope,14.518706687507065,3941,0,NW_like
028d7b28,prefix_u_slope,51.52625518361921,6234,0,SE_like
02e7fe5a,prefix_u_slope,16.298746275494096,5108,1,SE_like
0390d174,prefix_u_slope,14.617991085271484,4411,2,SE_like
03a935ae,prefix_u_slope,22.629126230757823,2786,3,NW_like
044af7d1,prefix_u_slope,18.062717785848918,4519,0,NW_like
0498acab,prefix_u_slope,2.895173147676731,4798,2,SE_like
052d64df,prefix_u_slope,2.5459845911570755,2445,2,NW_like
05948241,prefix_u_slope,22.231526766224956,3879,4,NW_like
059c8f24,prefix_u_slope,51.380919403912394,6258,3,SE_like
05a0ee4d,prefix_u_slope,41.05019146775736,4348,3,NW_like
060ab2b8,prefix_u_slope,49.20864233803985,6258,3,NW_like
06df5958,prefix_u_slope,6.349360353036491,3509,4,SE_like
071d7b45,prefix_u_slope,19.623832169339842,3211,2,NW_like
0849b4e2,prefix_u_slope,13.796305160674724,5537,1,SE_like
084d66f9,prefix_u_slope,8.460819176985781,3885,2,SE_like
08fecf00,prefix_u_slope,21.81905803946241,5574,4,SE_like
09053135,prefix_u_slope,6.67087330371301,5907,1,SE_like
09441b8d,prefix_u_slope,5.754486519130965,5488,4,NW_like
0955cd6c,prefix_u_slope,9.90931127628192,5195,1,NW_like
09ec2ca9,prefix_u_slope,42.692777733986,5885,2,SE_like
0a57a29c,prefix_u_slope,43.68346193686302,5821,0,NW_like
0bbf5e67,prefix_u_slope,16.38962560821851,4298,4,SE_like
0be01c24,prefix_u_slope,15.454969900827358,4738,1,NW_like
0c1b160c,prefix_u_slope,29.68605982333768,5054,3,SE_like
0d99f8e4,prefix_u_slope,25.758990545026702,5823,0,SE_like
0dc5e64d,prefix_u_slope,57.06797696898839,4879,2,SE_like
0dc835f3,prefix_u_slope,11.140082891045822,4428,0,NW_like
0dd99dc5,prefix_u_slope,17.541915750122982,7342,0,NW_like
0e5e560d,prefix_u_slope,20.083148897179342,3253,0,SE_like
109d9d70,prefix_u_slope,31.281558882957295,4215,3,NW_like
10a1281a,prefix_u_slope,78.80601263968487,5609,1,NW_like
10b89021,prefix_u_slope,49.11205226249695,5414,2,NW_like
10be2420,prefix_u_slope,12.59054438656296,3271,2,NW_like
113011eb,prefix_u_slope,19.96438040083569,3272,2,SE_like
1131525f,prefix_u_slope,5.27204708608341,4159,1,SE_like
11d0f5ac,prefix_u_slope,22.15725936941509,4883,1,NW_like
12203f2a,prefix_u_slope,5.124406541063579,3261,1,NW_like
122bd617,prefix_u_slope,31.266029376620395,4570,1,NW_like
125be846,prefix_u_slope,41.86271451267964,6510,2,NW_like
1285a37b,prefix_u_slope,15.578175496152541,5597,2,NW_like
1295a25b,prefix_u_slope,57.57801383143011,5551,2,SE_like
12f0cd90,prefix_u_slope,44.25413601712173,5947,4,SE_like
137d1e44,prefix_u_slope,10.7939351814653,4554,4,NW_like
13ce113d,prefix_u_slope,5.856904211103764,2966,1,NW_like
13f598d9,prefix_u_slope,5.517944010412979,7306,1,NW_like
14a53cb3,prefix_u_slope,38.338048806015216,6919,0,NW_like
14ab73fb,prefix_u_slope,52.73866831054628,3649,0,SE_like
14ad5efb,prefix_u_slope,28.40872743902374,5842,0,SE_like
14fee784,prefix_u_slope,10.48227398023066,4910,4,NW_like
153552f5,prefix_u_slope,4.839103204679892,4695,4,NW_like
1550491d,prefix_u_slope,19.54310775270095,4563,2,SE_like
155887bb,prefix_u_slope,36.375744428711094,5585,0,NW_like
1590af81,prefix_u_slope,6.562990588779705,3799,3,NW_like
15e154a1,prefix_u_slope,31.88386742677777,6068,4,SE_like
1619e2ca,prefix_u_slope,15.975584271685848,4443,4,SE_like
16e4a047,prefix_u_slope,23.853123568582212,4131,2,NW_like
173ed841,prefix_u_slope,72.86746810545344,4883,2,NW_like
1770d7c6,prefix_u_slope,26.33088302923976,7240,3,NW_like
177622d7,prefix_u_slope,8.267845447438475,3154,3,NW_like
18d24f7b,prefix_u_slope,36.21985383660996,4558,2,NW_like
19137a89,prefix_u_slope,36.63017703284608,6267,2,NW_like
1944513c,prefix_u_slope,12.23067933937874,4722,4,SE_like
197f8a5a,prefix_u_slope,11.914832836332595,6310,2,NW_like
19871e7f,prefix_u_slope,12.960672454557178,5293,1,NW_like
198a5607,prefix_u_slope,7.371021023703852,6251,0,NW_like
19fb4f7b,prefix_u_slope,35.13234596993394,5620,1,NW_like
1a518997,prefix_u_slope,47.80268428318866,4606,0,SE_like
1a68190b,prefix_u_slope,30.396009281094106,4474,4,SE_like
1a730ac2,prefix_u_slope,21.62412116733799,4605,2,SE_like
1aaf1da0,prefix_u_slope,32.1504439196191,4804,0,NW_like
1b08ed48,prefix_u_slope,3.204964209112127,5618,0,NW_like
1b1c5372,prefix_u_slope,17.759776550069216,4261,2,SE_like
1b1eba53,prefix_u_slope,19.579738160209125,4655,1,SE_like
1b6ba517,prefix_u_slope,45.56826401609314,6597,2,NW_like
1b82b665,prefix_u_slope,26.148471241147988,3806,4,SE_like
1bcb2fcf,prefix_u_slope,22.999879307373742,4524,4,NW_like
1beca81d,prefix_u_slope,34.81858504366834,5036,2,SE_like
1d3fbf02,prefix_u_slope,10.553666960503625,2694,4,SE_like
1d78281a,prefix_u_slope,28.75022217251107,4949,0,SE_like
1e30dedf,prefix_u_slope,2.4970676635074547,4071,2,NW_like
1e5e3573,prefix_u_slope,37.99894546315346,5480,4,NW_like
1f9afacb,prefix_u_slope,14.186831741440596,5328,3,NW_like
1fdbba44,prefix_u_slope,50.97868705651573,4911,1,NW_like
1fee2b62,prefix_u_slope,5.182904822363942,4641,3,NW_like
20096916,prefix_u_slope,20.62991139321053,5133,2,NW_like
200d233d,prefix_u_slope,11.152681967277257,3926,3,SE_like
201661b5,prefix_u_slope,38.7528564614247,5955,1,SE_like
203721ab,prefix_u_slope,8.570091218403542,5730,4,SE_like
20402d71,prefix_u_slope,11.952290403516521,6372,4,NW_like
2043abc5,prefix_u_slope,12.583594865119512,6958,0,NW_like
204cc64b,prefix_u_slope,6.74297470870163,4805,1,NW_like
206b6193,prefix_u_slope,13.238583344345493,6535,1,NW_like
2075c696,prefix_u_slope,3.945210596058987,3188,3,SE_like
22c5f93f,prefix_u_slope,24.654501570983186,5172,2,NW_like
230eaaa3,prefix_u_slope,10.803174266309373,4690,0,SE_like
2364716c,prefix_u_slope,16.112602907484405,4316,2,SE_like
23b9beb0,prefix_u_slope,29.68032092359663,7340,3,SE_like
24d8997e,prefix_u_slope,9.628599336588751,3442,1,NW_like
25050f63,prefix_u_slope,59.53750000006825,6124,0,NW_like
25939962,prefix_u_slope,6.914973095475722,4319,1,NW_like
25fd32b3,prefix_u_slope,15.93675396547584,2885,0,SE_like
261785ee,prefix_u_slope,37.82813289120075,3646,3,NW_like
264feceb,prefix_u_slope,8.589570038352292,5665,1,NW_like
26623a50,prefix_u_slope,35.428327725640266,5735,4,NW_like
26d3a96a,prefix_u_slope,31.62255048493432,4721,4,NW_like
272abef3,prefix_u_slope,34.96229950087799,4135,3,SE_like
27300fd5,prefix_u_slope,39.04519701051364,5467,0,NW_like
276b012a,prefix_u_slope,47.88317353217577,4837,3,SE_like
27c3155b,prefix_u_slope,62.38836134122711,4958,2,SE_like
27ebb9b9,prefix_u_slope,30.713087990883967,5766,2,NW_like
283269ac,prefix_u_slope,5.7807097061717405,2626,2,NW_like
28473855,prefix_u_slope,15.67569616014346,4290,2,NW_like
28f4eda9,prefix_u_slope,28.660338653066344,5266,0,NW_like
29b24409,prefix_u_slope,16.13097551906074,5587,4,NW_like
29de15c8,prefix_u_slope,1.485344046278526,3431,4,NW_like
2ab29395,prefix_u_slope,5.373136790480164,1852,1,SE_like
2ac7cb6b,prefix_u_slope,33.942300372091296,4990,1,NW_like
2acc78d4,prefix_u_slope,11.661361797713122,4266,4,NW_like
2b034622,prefix_u_slope,10.511000691451088,5203,2,NW_like
2b06ad65,prefix_u_slope,1.8841900446521789,4256,2,NW_like
2b547943,prefix_u_slope,30.32721888360227,3480,0,SE_like
2be5c96a,prefix_u_slope,6.8583883226347195,4210,4,SE_like
2bff06cf,prefix_u_slope,62.953525516279925,7624,0,NW_like
2c0c4a4e,prefix_u_slope,8.686157804915135,4790,4,SE_like
2cee0cba,prefix_u_slope,22.73138947902417,5500,2,SE_like
2d0c268a,prefix_u_slope,4.4510882538581145,4550,4,SE_like
2d179ded,prefix_u_slope,62.300937854720885,7008,3,NW_like
2d196986,prefix_u_slope,4.341804053085247,6474,0,NW_like
2d2d0c6b,prefix_u_slope,1.9979960181948504,5045,2,SE_like
2d35f86d,prefix_u_slope,42.65556842596768,4896,3,NW_like
2d9f6cb9,prefix_u_slope,40.22708647579576,7338,4,NW_like
2ddad940,prefix_u_slope,30.718007822510277,5331,2,SE_like
2e29e833,prefix_u_slope,29.61562905507969,5428,0,SE_like
2e43c2ea,prefix_u_slope,65.85330610853237,5698,3,NW_like
2e63d9de,prefix_u_slope,35.698568343700906,4699,2,SE_like
2ee0235b,prefix_u_slope,16.19626193332251,5556,3,NW_like
2f19d536,prefix_u_slope,16.23726997925125,3088,1,NW_like
2f8e53c3,prefix_u_slope,1.7668593834161765,2594,0,NW_like
2fa01aa6,prefix_u_slope,29.280083291164793,2174,4,SE_like
2fd68f7b,prefix_u_slope,24.47145171157127,4730,2,SE_like
2fe023be,prefix_u_slope,13.493749959172783,4221,1,NW_like
30d75030,prefix_u_slope,28.8969209335718,3404,1,NW_like
310c71a5,prefix_u_slope,6.118905245182331,5245,4,NW_like
32fe84c9,prefix_u_slope,5.679760765698288,6408,3,SE_like
33c40295,prefix_u_slope,51.32321387116709,4169,0,NW_like
3407f5bf,prefix_u_slope,10.40367449304339,3638,4,SE_like
3417285d,prefix_u_slope,16.34718155199386,5449,4,NW_like
347242c8,prefix_u_slope,36.37700462549138,3595,0,SE_like
353e5502,prefix_u_slope,61.43978106403075,6062,1,NW_like
357c12f9,prefix_u_slope,10.57222124392099,4079,4,NW_like
3584a6eb,prefix_u_slope,9.947228428750218,4494,2,NW_like
35b30c7f,prefix_u_slope,41.87744956061455,9579,4,SE_like
35b3ef6a,prefix_u_slope,7.120212179972293,3904,4,NW_like
367456ce,prefix_u_slope,27.39110351644473,5569,1,SE_like
368131f9,prefix_u_slope,29.548141396457073,4991,1,NW_like
368fe682,prefix_u_slope,26.054294220761435,4936,1,NW_like
3690a146,prefix_u_slope,8.119689345528696,4073,2,SE_like
37344c2a,prefix_u_slope,16.732556285221033,5197,0,SE_like
373ef48b,prefix_u_slope,9.354832731770589,3509,0,SE_like
374be387,prefix_u_slope,20.696350706009394,9965,2,NW_like
37d36812,prefix_u_slope,57.35379957773644,4367,0,NW_like
38991fd4,prefix_u_slope,42.68827764123065,4798,4,NW_like
389ae58f,prefix_u_slope,76.13039266694841,6463,3,SE_like
3932faa6,prefix_u_slope,18.262429466967006,5452,4,NW_like
398dce4b,prefix_u_slope,1.9901779105663333,3166,3,NW_like
39b51819,prefix_u_slope,14.9881171743688,4231,2,NW_like
3a0af893,prefix_u_slope,9.158215357312772,2927,2,NW_like
3a223519,prefix_u_slope,9.539516215618562,4583,3,SE_like
3a7dd95d,prefix_u_slope,30.03953616315438,3072,4,NW_like
3a824aa7,prefix_u_slope,29.871657229281364,4201,3,NW_like
3a86fe8d,prefix_u_slope,28.3898971401198,5118,0,SE_like
3aaa2b30,prefix_u_slope,4.191408893016393,4711,0,SE_like
3ac16ad0,prefix_u_slope,15.544005540767008,5649,1,SE_like
3b21ea64,prefix_u_slope,8.983037677390877,7376,1,NW_like
3bbe1f5d,prefix_u_slope,48.96596969490438,6918,0,SE_like
3bfee975,prefix_u_slope,35.47122648570966,3603,3,SE_like
3c3dbcbc,prefix_u_slope,21.882213661796165,5069,0,NW_like
3d96d897,prefix_u_slope,36.58261910520047,5659,2,SE_like
3df4b19e,prefix_u_slope,19.348671750754168,4988,4,SE_like
3e011332,prefix_u_slope,35.029795486161085,2723,1,NW_like
3e678ea7,prefix_u_slope,33.533537994973734,6858,1,SE_like
3ef6372a,prefix_u_slope,42.30424689841427,4727,1,SE_like
3ef98781,prefix_u_slope,1.8078281561746714,3892,4,NW_like
3f603129,prefix_u_slope,69.72009503801985,5051,2,SE_like
404c4384,prefix_u_slope,3.6320906408618296,911,4,NW_like
4121c517,prefix_u_slope,8.459383084347145,3723,0,NW_like
41fb0192,prefix_u_slope,7.654423509308847,2973,3,SE_like
42669188,prefix_u_slope,24.392980318058946,4282,0,NW_like
42c538a1,prefix_u_slope,36.245825178767845,3279,1,NW_like
43b06c70,prefix_u_slope,30.775933808723423,4846,4,NW_like
43c7f85a,prefix_u_slope,38.91246500543846,5978,1,SE_like
43e16325,prefix_u_slope,14.82118596178979,3720,0,SE_like
44441e54,prefix_u_slope,3.8522765735026008,4357,0,NW_like
445af6c2,prefix_u_slope,72.8092534070529,6041,4,SE_like
4463446c,prefix_u_slope,12.422958481411657,3256,0,SE_like
44a94013,prefix_u_slope,4.340383926533736,4903,4,NW_like
45fb3e21,prefix_u_slope,8.065080890828275,3649,2,NW_like
460f859e,prefix_u_slope,6.819154219670902,3336,4,SE_like
4630ab92,prefix_u_slope,5.00398677461921,3373,3,NW_like
463c38f2,prefix_u_slope,34.37824212133787,4460,0,NW_like
4654e7de,prefix_u_slope,14.665266765682746,5373,1,SE_like
466fc788,prefix_u_slope,18.06488155899743,6197,4,NW_like
46a301e9,prefix_u_slope,5.77199435088814,8226,3,SE_like
46a7190b,prefix_u_slope,24.502799673463816,4215,0,SE_like
46d24a09,prefix_u_slope,74.66233318742492,4449,2,NW_like
46d41ff6,prefix_u_slope,23.176548920737744,7901,4,SE_like
46dfcfca,prefix_u_slope,17.89119903963922,3606,0,SE_like
47222616,prefix_u_slope,60.43362821636519,4406,0,NW_like
47ee27ab,prefix_u_slope,2.2386327420341234,6397,4,NW_like
481de5fc,prefix_u_slope,29.59397663268217,5952,3,NW_like
48c1f673,prefix_u_slope,1.3479516007313275,2917,3,NW_like
4936af16,prefix_u_slope,15.967262211002284,3991,0,SE_like
493b5b31,prefix_u_slope,30.78515706770802,4671,0,SE_like
49dbc14c,prefix_u_slope,14.276330023574848,3872,2,SE_like
4a035ec2,prefix_u_slope,14.609775156433264,2588,3,SE_like
4a335117,prefix_u_slope,8.708079346538176,5015,1,SE_like
4a8ecc0b,prefix_u_slope,21.450400785957033,5809,4,NW_like
4b462989,prefix_u_slope,4.571769348353558,3106,3,NW_like
4b831d20,prefix_u_slope,33.046961479881126,7312,3,NW_like
4c2208f5,prefix_u_slope,49.9864032999424,5384,4,NW_like
4c3168cf,prefix_u_slope,2.392423753715358,4334,3,NW_like
4c3df468,prefix_u_slope,17.579907968350483,5392,0,SE_like
4caa7289,prefix_u_slope,15.367370478668436,5396,2,NW_like
4cd1ac61,prefix_u_slope,9.585592095657889,4489,1,NW_like
4cecf7b3,prefix_u_slope,26.646244721640866,6019,2,NW_like
4ddde4c1,prefix_u_slope,8.440566198070945,4472,0,NW_like
4e050c92,prefix_u_slope,5.082059006025131,3705,4,NW_like
4ed93db6,prefix_u_slope,9.99974191178974,4657,3,SE_like
4f3eb9e9,prefix_u_slope,10.455441471556634,4697,3,SE_like
4f4ac5ce,prefix_u_slope,3.208449368132898,5162,3,NW_like
4f4afcc6,prefix_u_slope,14.531894823142501,5645,1,SE_like
4f69febf,prefix_u_slope,15.844141590452148,5460,2,NW_like
4fbe9c06,prefix_u_slope,72.1580571255383,6287,3,SE_like
504c8b08,prefix_u_slope,7.667537596536936,6367,0,NW_like
511e1db0,prefix_u_slope,7.55008052731575,3821,2,SE_like
512943b2,prefix_u_slope,28.107325796315592,5029,2,NW_like
5138a660,prefix_u_slope,69.71546878528193,3559,4,SE_like
516088b7,prefix_u_slope,24.169771853146237,6645,0,NW_like
521a7819,prefix_u_slope,94.11808663090952,5200,1,NW_like
5254b6db,prefix_u_slope,24.725754653178658,3274,1,NW_like
529e88ca,prefix_u_slope,36.93265498067435,3417,3,NW_like
52f1e77a,prefix_u_slope,6.798929524098988,4442,3,NW_like
5305524b,prefix_u_slope,26.70558053213436,4898,3,NW_like
53134831,prefix_u_slope,6.339457447061375,5126,0,NW_like
5397ceb1,prefix_u_slope,4.402868353379023,5255,4,SE_like
53f23031,prefix_u_slope,16.811244840483486,8550,3,SE_like
543198e8,prefix_u_slope,25.353168584977848,6503,0,NW_like
54753541,prefix_u_slope,12.623156048489257,4026,4,SE_like
54a7e3c2,prefix_u_slope,4.235382115381563,6155,2,NW_like
5542c301,prefix_u_slope,11.172042439109308,3591,1,NW_like
5567d551,prefix_u_slope,25.221258343071483,6889,4,NW_like
55efee7f,prefix_u_slope,56.10637682077493,4801,0,NW_like
5663b2b7,prefix_u_slope,23.08422155503848,4972,0,NW_like
5693dde2,prefix_u_slope,18.04211353115981,3488,0,SE_like
56b00794,prefix_u_slope,70.21116792871848,6065,2,SE_like
57796579,prefix_u_slope,25.11379961307656,5890,2,NW_like
577eec7c,prefix_u_slope,27.307662487192875,4539,3,SE_like
57f05c51,prefix_u_slope,47.01670659844816,4771,3,SE_like
58850d2c,prefix_u_slope,25.909291594932625,4995,1,NW_like
58fa8486,prefix_u_slope,21.690017791373027,4475,1,NW_like
591cc951,prefix_u_slope,29.570719617110527,4609,2,NW_like
593876b6,prefix_u_slope,15.47968909445469,4842,4,NW_like
59f8b2e8,prefix_u_slope,10.618736378032917,3747,4,SE_like
5a1a8fd8,prefix_u_slope,7.6363410744304066,5260,3,SE_like
5a5269a9,prefix_u_slope,21.26379064470737,6513,3,SE_like
5a5d1982,prefix_u_slope,5.805657936611656,3894,0,SE_like
5a63b5d1,prefix_u_slope,50.68734829460561,6217,2,SE_like
5aa03df7,prefix_u_slope,24.41301869795807,4871,3,SE_like
5aa403d0,prefix_u_slope,29.334099326708774,3118,1,NW_like
5aef5c6c,prefix_u_slope,5.010525993559278,3121,0,SE_like
5b7b6324,prefix_u_slope,34.0012173395572,6564,3,NW_like
5bd25f59,prefix_u_slope,21.203779776027627,4210,3,NW_like
5beded95,prefix_u_slope,5.764072083527957,3057,4,SE_like
5cb483ac,prefix_u_slope,12.095175187780482,3852,2,NW_like
5cdd8dbc,prefix_u_slope,31.14349685436911,4010,4,NW_like
5d11dfb5,prefix_u_slope,39.504184597106764,5895,1,NW_like
5d7198fd,prefix_u_slope,7.483316882215168,3368,3,NW_like
5def1ce5,prefix_u_slope,41.032382319085904,6443,3,SE_like
5eae34a8,prefix_u_slope,4.048673831219483,4904,2,SE_like
5f4d2a52,prefix_u_slope,36.08753746492576,5225,3,NW_like
5f6756c5,prefix_u_slope,68.40218921788457,5931,1,NW_like
5f75f796,prefix_u_slope,16.008896220486857,5562,4,NW_like
5fb1c15f,prefix_u_slope,23.229734217032817,2860,0,NW_like
5fffa282,prefix_u_slope,29.55861308486061,4201,4,SE_like
60e37807,prefix_u_slope,28.807041494977348,2699,4,NW_like
61f27424,prefix_u_slope,4.319646902249432,6220,2,NW_like
62569ae3,prefix_u_slope,44.595977793332985,3588,4,SE_like
62a6f539,prefix_u_slope,4.245441114177459,3693,1,NW_like
633774dc,prefix_u_slope,49.74184152495193,6233,0,NW_like
63559d57,prefix_u_slope,13.979965727472303,4069,2,SE_like
647f2a41,prefix_u_slope,15.293171662076379,3881,2,SE_like
65156b96,prefix_u_slope,9.99014816107852,3221,1,SE_like
653612bc,prefix_u_slope,20.863127850218337,4605,3,NW_like
656a067b,prefix_u_slope,7.080490625859958,3051,2,NW_like
65a5466a,prefix_u_slope,22.16739436137852,4683,2,SE_like
660d9546,prefix_u_slope,24.443666453827188,4732,0,NW_like
6767c111,prefix_u_slope,10.421670071447846,6783,2,NW_like
67847288,prefix_u_slope,102.39100208894389,7429,2,NW_like
67a8da4a,prefix_u_slope,54.79719548694484,4911,1,NW_like
684a6fc1,prefix_u_slope,66.43168774221664,9818,0,SE_like
698930d1,prefix_u_slope,28.00756827739419,4741,3,NW_like
699ea575,prefix_u_slope,14.16205214315513,4120,2,NW_like
69c1bdad,prefix_u_slope,7.879974120795727,2714,0,NW_like
69e41fa6,prefix_u_slope,35.82695140348517,5772,0,SE_like
6a0ff78e,prefix_u_slope,58.128705953281994,6465,2,SE_like
6a8fa194,prefix_u_slope,21.87997738517039,3017,3,NW_like
6ae68655,prefix_u_slope,5.316012274976859,4204,3,NW_like
6d1d74e1,prefix_u_slope,12.259017122858545,5830,1,SE_like
6d590e26,prefix_u_slope,10.501672825623249,6096,2,NW_like
6d6d93af,prefix_u_slope,29.805339012226128,3595,2,SE_like
6dbe4b60,prefix_u_slope,36.40539245886663,4648,2,NW_like
6e6d122c,prefix_u_slope,44.304860476819975,5632,4,SE_like
6e9ccd38,prefix_u_slope,16.18661501814016,8282,4,NW_like
6ea22614,prefix_u_slope,47.96549272959776,5971,0,SE_like
6ede926a,prefix_u_slope,10.46803090579417,4938,2,NW_like
708caea9,prefix_u_slope,91.79845585386717,6548,1,NW_like
70925e23,prefix_u_slope,31.330726246659484,5947,1,NW_like
70e1788b,prefix_u_slope,14.081608971104185,9285,3,NW_like
71642c7d,prefix_u_slope,45.64492543244151,4648,4,SE_like
71ccf778,prefix_u_slope,18.642187650991858,2698,3,NW_like
7224331b,prefix_u_slope,52.95279297981642,6063,3,NW_like
722cf0d8,prefix_u_slope,9.708564360030985,5143,4,NW_like
7256229b,prefix_u_slope,24.41444852116102,5415,0,SE_like
726f3dc2,prefix_u_slope,36.46458182073811,6723,1,NW_like
7271dd80,prefix_u_slope,7.232034377249401,4340,4,SE_like
727a3a10,prefix_u_slope,54.87878203001176,4397,3,NW_like
729665c0,prefix_u_slope,17.24745486211453,4263,1,SE_like
729e9750,prefix_u_slope,52.71300014751583,5919,4,SE_like
729f4217,prefix_u_slope,42.716878336441695,6195,2,SE_like
72dd8501,prefix_u_slope,5.451520431874263,5193,1,NW_like
73348914,prefix_u_slope,20.872722370934,4221,3,SE_like
739a914f,prefix_u_slope,8.687870418115278,5505,1,NW_like
73b1447d,prefix_u_slope,15.430797089381675,5670,4,SE_like
74b6186b,prefix_u_slope,2.6090367650409867,3405,3,NW_like
75c20ec7,prefix_u_slope,55.11095245703139,5361,0,NW_like
75cd5f11,prefix_u_slope,53.66116497025152,4946,4,SE_like
75d20a82,prefix_u_slope,21.653656751966402,5067,2,NW_like
76201745,prefix_u_slope,4.238505816057883,4448,1,SE_like
764072a5,prefix_u_slope,6.064113994946511,2949,0,NW_like
77b0d905,prefix_u_slope,63.06988874839565,4174,0,NW_like
77e4821c,prefix_u_slope,69.36009253738713,5393,3,SE_like
7850c72e,prefix_u_slope,102.8605016844563,5497,3,SE_like
78a4a386,prefix_u_slope,2.647421795055741,5119,1,NW_like
79507629,prefix_u_slope,7.832301584825961,5302,4,NW_like
796dbd4c,prefix_u_slope,64.25445186280074,6248,3,SE_like
7987f2f2,prefix_u_slope,8.114315900304494,3705,0,SE_like
7993a768,prefix_u_slope,9.574356431066567,5487,2,SE_like
7a5660b0,prefix_u_slope,5.642979500573725,4998,3,NW_like
7acda2df,prefix_u_slope,12.68231054766171,3091,4,SE_like
7b2c7b3c,prefix_u_slope,22.9328155283909,2584,4,NW_like
7b38844c,prefix_u_slope,2.31747740921151,3749,1,NW_like
7bb17b96,prefix_u_slope,5.284313855004477,3922,0,SE_like
7c607683,prefix_u_slope,5.411657188942999,5328,0,NW_like
7cbbd047,prefix_u_slope,5.077874424376505,5121,2,SE_like
7cd4bb31,prefix_u_slope,42.27572462707278,6439,2,SE_like
7d50373e,prefix_u_slope,44.0602523354636,5122,3,SE_like
7d57c75d,prefix_u_slope,8.83548490011953,4405,2,NW_like
7e208414,prefix_u_slope,6.324528312501573,4226,3,NW_like
7e721392,prefix_u_slope,40.181538678561054,6174,2,SE_like
7ff89f8f,prefix_u_slope,28.248698186553288,7337,0,NW_like
8050c789,prefix_u_slope,17.335096727134125,3077,3,NW_like
807f0298,prefix_u_slope,9.704436514133302,3747,1,NW_like
811f52b3,prefix_u_slope,16.421749267756766,4836,4,NW_like
81bf5923,prefix_u_slope,34.8905460962998,4543,1,NW_like
81fc01c6,prefix_u_slope,30.490710061028913,5909,2,NW_like
8255c867,prefix_u_slope,35.62625646866596,3589,4,NW_like
82aab6d2,prefix_u_slope,6.128404277396019,6140,4,NW_like
82fcf37c,prefix_u_slope,8.101258098666834,6014,1,NW_like
833af382,prefix_u_slope,34.12819098179243,3628,0,NW_like
8382f4b6,prefix_u_slope,7.496091889502294,4967,1,SE_like
84633df4,prefix_u_slope,48.933639560149274,4972,3,NW_like
8478df29,prefix_u_slope,7.089436716132712,4857,1,NW_like
84815d5a,prefix_u_slope,16.384591107577236,3647,1,NW_like
84c3b497,prefix_u_slope,16.182770423803206,5312,1,SE_like
85380836,prefix_u_slope,82.9221862603453,6618,0,NW_like
8612b37f,prefix_u_slope,58.510118191660375,5165,2,NW_like
861e71df,prefix_u_slope,3.9428302743879886,4700,4,NW_like
86454a6f,prefix_u_slope,85.12919472627858,7964,1,SE_like
8648abae,prefix_u_slope,3.0903746701012214,4244,0,SE_like
865033f8,prefix_u_slope,4.446211739960222,3557,0,NW_like
87695469,prefix_u_slope,8.858730385280307,7003,1,NW_like
877ed19c,prefix_u_slope,3.5550684789228213,3708,4,SE_like
87aa3730,prefix_u_slope,55.171768046685685,5607,4,SE_like
884ecb5f,prefix_u_slope,72.69223854441368,6724,2,SE_like
8902c3f6,prefix_u_slope,10.783501643317932,4959,1,SE_like
896d15b9,prefix_u_slope,77.58273547094815,4279,1,NW_like
8995c945,prefix_u_slope,93.22150475574774,6724,2,NW_like
89969c7a,prefix_u_slope,8.890891235143377,4947,4,NW_like
89f1085d,prefix_u_slope,96.09795707236901,5994,4,NW_like
89f36adf,prefix_u_slope,5.269068476040693,5292,1,NW_like
89fdb2f2,prefix_u_slope,4.058555043648891,2031,2,NW_like
8a3da6d1,prefix_u_slope,56.73631643876929,4593,3,NW_like
8a89da23,prefix_u_slope,7.71866444931579,3935,2,SE_like
8a9c8932,prefix_u_slope,10.913731174642503,4663,2,NW_like
8ac2f237,prefix_u_slope,32.77839946962751,5319,1,SE_like
8b12bab6,prefix_u_slope,8.20892235656138,5234,1,NW_like
8b5be31b,prefix_u_slope,29.75576095099537,5672,0,NW_like
8b95d6d1,prefix_u_slope,6.793194345486322,1731,0,SE_like
8b9d8326,prefix_u_slope,5.783064728596121,6163,3,SE_like
8bb9c1e6,prefix_u_slope,27.508654898680067,4546,0,NW_like
8bda1a11,prefix_u_slope,35.893854722852225,5981,4,SE_like
8bfa881d,prefix_u_slope,22.109127751140008,4089,1,NW_like
8c167025,prefix_u_slope,43.05373935102783,5368,2,SE_like
8c8348e8,prefix_u_slope,40.638948748588696,3888,0,SE_like
8cc21f01,prefix_u_slope,4.959004706605255,4044,2,SE_like
8cc800b3,prefix_u_slope,51.49050769395857,6576,4,SE_like
8d5d46d7,prefix_u_slope,40.07798653775653,5755,1,NW_like
8d92cb49,prefix_u_slope,21.245702223503873,3589,2,NW_like
8f201368,prefix_u_slope,144.43174501060346,6349,1,NW_like
90386ee4,prefix_u_slope,2.685106781923687,3840,2,SE_like
91abc4c7,prefix_u_slope,3.461266106168705,5848,2,NW_like
91b301ce,prefix_u_slope,40.70731100596165,6570,4,NW_like
91db7070,prefix_u_slope,8.43588679528766,4073,1,SE_like
925a7cd1,prefix_u_slope,17.820966548074963,4517,3,NW_like
9283ae69,prefix_u_slope,5.203142148688333,3371,0,NW_like
9298ad5b,prefix_u_slope,7.195129462144756,3964,0,NW_like
9314ff13,prefix_u_slope,19.408016271769696,2748,3,NW_like
93209a3d,prefix_u_slope,31.32582939779071,4697,4,NW_like
939d9c34,prefix_u_slope,44.88595383348216,5101,1,NW_like
93f5d2e6,prefix_u_slope,12.233117759933918,3691,2,SE_like
940a48d9,prefix_u_slope,20.67858075176078,3963,3,SE_like
940e709a,prefix_u_slope,6.8769719220119185,3348,4,NW_like
9426ec1e,prefix_u_slope,16.149486484093085,2532,3,SE_like
94467f50,prefix_u_slope,8.790872022145633,3035,3,NW_like
944f36b9,prefix_u_slope,10.754402709060404,4630,0,SE_like
94d813a4,prefix_u_slope,52.77223681443475,4847,2,NW_like
95b559e7,prefix_u_slope,7.314016185062769,2887,4,SE_like
95c8427f,prefix_u_slope,24.332486698860986,6335,4,NW_like
96936c22,prefix_u_slope,28.842973711024566,3346,2,NW_like
96ae5806,prefix_u_slope,20.890591294077236,9839,2,SE_like
96b7eea1,prefix_u_slope,30.47740209780929,4332,2,NW_like
9719aa04,prefix_u_slope,30.897517253007653,4871,0,NW_like
974802e7,prefix_u_slope,27.074276548765383,5843,3,NW_like
97cd5bf9,prefix_u_slope,10.024568714012316,3449,0,NW_like
98177ced,prefix_u_slope,27.260048965635,4772,4,SE_like
9896fc0b,prefix_u_slope,31.10793323952128,3595,0,SE_like
98bc6f66,prefix_u_slope,8.497754601721846,6063,3,NW_like
992c99e8,prefix_u_slope,15.344353752719206,4904,0,SE_like
992ce078,prefix_u_slope,21.186743756718062,2879,1,NW_like
99529c45,prefix_u_slope,45.612794028151065,5840,1,NW_like
995ff498,prefix_u_slope,5.554128132766734,4526,2,NW_like
999daf80,prefix_u_slope,8.825871948877923,3564,1,NW_like
9a6b0392,prefix_u_slope,14.363949180209277,4255,4,SE_like
9a8ae0d6,prefix_u_slope,57.628758333417835,6294,3,NW_like
9a95e33f,prefix_u_slope,15.883139942826984,6447,4,SE_like
9ab94eeb,prefix_u_slope,3.0595942145373285,4442,0,NW_like
9ad5410a,prefix_u_slope,28.78604170440409,4205,3,NW_like
9ae248be,prefix_u_slope,50.69520756602985,5271,3,NW_like
9af1ffd0,prefix_u_slope,5.856435606007933,3525,3,NW_like
9b5b61c1,prefix_u_slope,4.054292139517503,5532,0,SE_like
9b9e3b49,prefix_u_slope,32.340323098931194,5118,3,SE_like
9bd2bba3,prefix_u_slope,30.171125932900612,7439,2,NW_like
9c211c53,prefix_u_slope,10.765519349775284,7265,2,NW_like
9c350a6a,prefix_u_slope,18.54207070034915,6052,1,SE_like
9c8375f7,prefix_u_slope,6.3345896403623305,3674,4,NW_like
9d072e4c,prefix_u_slope,44.91975812917569,5107,2,SE_like
9d3ec64c,prefix_u_slope,9.686218909357715,3480,3,SE_like
9d4272e3,prefix_u_slope,15.215953312195925,4030,0,NW_like
9d5e14d4,prefix_u_slope,8.183745382771692,5400,1,NW_like
9da441ba,prefix_u_slope,81.54740917424162,5783,2,SE_like
9dede370,prefix_u_slope,18.95402952529657,6297,0,NW_like
9def2eb2,prefix_u_slope,45.257094432304584,6003,4,SE_like
9df1b1f9,prefix_u_slope,11.265243954361415,4701,3,NW_like
9dfff011,prefix_u_slope,22.39925740700407,4319,0,NW_like
9e3e364d,prefix_u_slope,33.5065999174113,4290,1,SE_like
9efc812e,prefix_u_slope,33.58762247502795,4450,3,SE_like
9f0c7bae,prefix_u_slope,35.126898901824056,2542,3,SE_like
9ffce529,prefix_u_slope,50.42143742486256,5212,2,NW_like
a0383629,prefix_u_slope,57.91826814896374,5832,2,SE_like
a056d01e,prefix_u_slope,32.335298594404385,6557,4,SE_like
a08d9e63,prefix_u_slope,64.04411083635416,3685,1,SE_like
a0b83014,prefix_u_slope,6.706821278700229,5035,0,NW_like
a0e92ed6,prefix_u_slope,38.685454602963965,4897,3,NW_like
a15bc102,prefix_u_slope,15.708910258601218,3236,4,NW_like
a247e7cf,prefix_u_slope,10.024988472183159,5674,2,SE_like
a2e8e7f6,prefix_u_slope,16.222073206211235,4760,1,SE_like
a3518960,prefix_u_slope,27.293734538683868,4967,0,SE_like
a3f71395,prefix_u_slope,22.421512101779,5543,4,NW_like
a4719920,prefix_u_slope,4.163395747115487,5884,0,SE_like
a48640d9,prefix_u_slope,67.70466810951393,4532,0,SE_like
a4cdbb0f,prefix_u_slope,7.972111179501058,5204,1,NW_like
a4f989c2,prefix_u_slope,19.725343290403675,5385,2,SE_like
a5aa7973,prefix_u_slope,34.131229489863195,4616,1,NW_like
a5e6f7dc,prefix_u_slope,63.20734676707029,5649,2,SE_like
a612d5a0,prefix_u_slope,19.329427202053225,5329,4,SE_like
a622ce4d,prefix_u_slope,13.928221584396283,6298,1,SE_like
a645da9a,prefix_u_slope,4.651188722696003,5153,0,SE_like
a692b17e,prefix_u_slope,17.110019400432417,3566,0,NW_like
a6b8ac67,prefix_u_slope,11.393664937529147,5453,0,NW_like
a6ed2eff,prefix_u_slope,5.213705221317606,5275,2,SE_like
a6f967fb,prefix_u_slope,14.035407142935785,4670,3,SE_like
a76db406,prefix_u_slope,24.353910758352516,4672,1,SE_like
a7744f5b,prefix_u_slope,10.314763438145436,4377,1,SE_like
a783cc24,prefix_u_slope,4.941107212966654,1889,2,SE_like
a79fd2e7,prefix_u_slope,61.952726570456626,4404,4,SE_like
a7fc3e6b,prefix_u_slope,14.905575160919428,4764,1,SE_like
a85bb86f,prefix_u_slope,38.33888719226414,3099,3,NW_like
a85e4bc3,prefix_u_slope,14.45502817914475,4581,0,SE_like
a87433c9,prefix_u_slope,8.632962898861035,5721,4,SE_like
a8ed028a,prefix_u_slope,59.53849908744581,5538,4,NW_like
a959858c,prefix_u_slope,125.69874852730291,4404,0,SE_like
a9c9b150,prefix_u_slope,19.847032158585222,3986,1,NW_like
aa95015b,prefix_u_slope,12.728500738289426,4300,4,SE_like
aaaf3c03,prefix_u_slope,34.1540503831914,2997,1,NW_like
aaeffccb,prefix_u_slope,11.387762188922466,2712,4,SE_like
ab112491,prefix_u_slope,29.285864837956204,5185,0,NW_like
ab18d3fc,prefix_u_slope,91.95690347498636,5694,0,SE_like
ab3ced07,prefix_u_slope,38.03331545715073,4250,4,NW_like
ab6fe95d,prefix_u_slope,3.296628319823683,5491,3,NW_like
ab94878e,prefix_u_slope,85.61679265982559,6004,1,NW_like
abf460d2,prefix_u_slope,14.91492011245392,3217,3,NW_like
ac6f01d5,prefix_u_slope,7.52760328939141,5004,2,SE_like
ad2133a8,prefix_u_slope,15.01112875822181,5729,2,NW_like
add9c322,prefix_u_slope,6.467861663730046,3932,3,NW_like
ae069086,prefix_u_slope,46.316779396562005,4770,3,NW_like
ae0784a8,prefix_u_slope,9.687469682819998,7823,1,SE_like
ae35f33a,prefix_u_slope,18.803718816808452,4450,0,SE_like
ae8959c3,prefix_u_slope,21.55479845926265,4518,3,NW_like
aed44918,prefix_u_slope,8.974217714084801,2719,3,NW_like
aee6393a,prefix_u_slope,57.20939469285517,5865,1,SE_like
af7a59ce,prefix_u_slope,3.9349228144489974,3024,2,SE_like
aff4e561,prefix_u_slope,10.538540576891858,6026,0,NW_like
b04b58a3,prefix_u_slope,3.4988567403230513,3402,1,SE_like
b0d42b0d,prefix_u_slope,39.4229829854883,4971,3,NW_like
b0f53bf4,prefix_u_slope,3.216376902810584,2755,2,NW_like
b19b0395,prefix_u_slope,50.63726735714087,5813,0,SE_like
b1efb8a4,prefix_u_slope,5.9394136512360065,5998,2,NW_like
b32902c0,prefix_u_slope,17.05109478989024,3808,4,NW_like
b32e4903,prefix_u_slope,23.94840610897426,5770,4,NW_like
b3388334,prefix_u_slope,76.87853236777072,6080,1,SE_like
b37fd114,prefix_u_slope,28.43453198342984,8161,1,SE_like
b38e3116,prefix_u_slope,26.227921639309706,6211,0,NW_like
b4d8dd4f,prefix_u_slope,39.25417833915418,4259,1,NW_like
b4f37e6e,prefix_u_slope,12.337436443696104,2992,1,SE_like
b56bc0aa,prefix_u_slope,53.062165693608804,5602,3,NW_like
b585b4fa,prefix_u_slope,11.804646137529526,4294,3,NW_like
b5aa9634,prefix_u_slope,21.408196175916,7326,4,NW_like
b7974e66,prefix_u_slope,11.810436713310715,5558,0,NW_like
b7cdcecb,prefix_u_slope,49.6609594917688,6168,1,SE_like
b7fea9ef,prefix_u_slope,3.524988243925059,3866,1,SE_like
b85f7b06,prefix_u_slope,9.551708005381311,3803,2,SE_like
b881d27e,prefix_u_slope,14.099207223594014,4009,3,SE_like
b8c49c1a,prefix_u_slope,18.388043268190838,4319,0,SE_like
b95e7121,prefix_u_slope,22.275957098081776,6306,0,SE_like
b977be4a,prefix_u_slope,24.88357355189318,5917,2,SE_like
ba48188d,prefix_u_slope,6.48519166466445,4166,0,NW_like
bb2cdd83,prefix_u_slope,25.546887692687434,3825,1,NW_like
bb337fa0,prefix_u_slope,36.39918024996387,6873,2,NW_like
bb682ebd,prefix_u_slope,9.434598277872903,4139,2,NW_like
bc4381e2,prefix_u_slope,39.417689230455544,4955,1,NW_like
bcebcc5f,prefix_u_slope,37.26076904521643,6258,4,SE_like
bd2c2f34,prefix_u_slope,26.3925005950795,9823,1,NW_like
bd4ae5da,prefix_u_slope,7.271859498257143,5006,0,SE_like
bd6f0e19,prefix_u_slope,41.06815359115861,5140,1,NW_like
bd8f847e,prefix_u_slope,43.86798965048362,4961,0,SE_like
be063506,prefix_u_slope,27.79172174060138,4500,3,NW_like
be35c8f2,prefix_u_slope,13.543375142073593,4226,1,NW_like
be83e781,prefix_u_slope,25.288074145734438,3221,4,SE_like
beda8696,prefix_u_slope,43.2468062554014,5912,4,NW_like
bf39bc20,prefix_u_slope,5.937997126995422,3303,4,SE_like
bf70b410,prefix_u_slope,20.878343590274213,6347,4,NW_like
bffe3082,prefix_u_slope,42.27153465094316,5723,1,SE_like
c03b9305,prefix_u_slope,14.080026964918698,4255,3,NW_like
c03d4aed,prefix_u_slope,44.6530636652249,4641,4,SE_like
c03fba65,prefix_u_slope,13.295522278019922,3699,3,NW_like
c07fd0cd,prefix_u_slope,25.91182149320247,4191,0,SE_like
c1708b88,prefix_u_slope,106.36204707903474,6315,2,SE_like
c1d046f4,prefix_u_slope,15.078432447675768,5513,1,SE_like
c2717d4f,prefix_u_slope,10.3212264815425,4721,4,SE_like
c2c4db09,prefix_u_slope,11.147400136890779,6039,3,SE_like
c2c6fc71,prefix_u_slope,29.040472782836353,7119,2,SE_like
c36625df,prefix_u_slope,14.937624862202082,4742,3,SE_like
c3957531,prefix_u_slope,23.826982023792983,5316,0,NW_like
c42fe306,prefix_u_slope,10.50493262238828,5095,4,NW_like
c43812e2,prefix_u_slope,33.80842186409419,5527,1,NW_like
c472c0b5,prefix_u_slope,4.98324239798283,3054,0,NW_like
c47e0767,prefix_u_slope,62.209215072856615,4356,2,NW_like
c50b42f6,prefix_u_slope,10.320350138192813,6014,0,SE_like
c593337f,prefix_u_slope,15.889267628216198,5208,0,NW_like
c59b6c4a,prefix_u_slope,16.796178379459096,5499,4,NW_like
c66be2b8,prefix_u_slope,52.64686775828578,4154,3,NW_like
c6797dd7,prefix_u_slope,38.94710393188444,4664,3,SE_like
c6b782a4,prefix_u_slope,50.43869332711578,4877,4,NW_like
c6c96179,prefix_u_slope,6.919011750833243,4004,2,SE_like
c70c0e01,prefix_u_slope,35.917348605266916,4312,3,SE_like
c84c65be,prefix_u_slope,20.902305203324367,8496,0,NW_like
c8d9680c,prefix_u_slope,18.69661450137963,6281,3,NW_like
c908edd0,prefix_u_slope,13.45544117417701,5293,3,SE_like
c9578d27,prefix_u_slope,65.12557498573318,4487,0,NW_like
c96c018a,prefix_u_slope,25.45272122994858,6236,0,SE_like
c99f9fae,prefix_u_slope,17.739932468997743,6361,0,SE_like
c9e6734f,prefix_u_slope,47.27246625884542,4735,1,SE_like
c9e980e8,prefix_u_slope,29.734102697456628,4359,1,NW_like
c9fedcf3,prefix_u_slope,2.6161108082991182,3517,0,SE_like
cad13e8f,prefix_u_slope,26.059176679322203,4848,4,SE_like
cb34231f,prefix_u_slope,59.953504573386134,5609,2,SE_like
cb879f40,prefix_u_slope,11.182569161030987,6315,2,NW_like
cbb406b5,prefix_u_slope,31.525127179910474,6328,3,SE_like
cbe51de1,prefix_u_slope,5.383686182054417,3963,0,SE_like
cbe62450,prefix_u_slope,32.48265518013843,6258,3,NW_like
cc08aa63,prefix_u_slope,28.70346058091822,3274,0,NW_like
cc8a1d57,prefix_u_slope,49.42131255222794,6638,3,NW_like
ccedb12b,prefix_u_slope,18.712201961236122,4401,2,NW_like
cd7f1687,prefix_u_slope,24.833907949444924,4232,1,NW_like
cda7eb37,prefix_u_slope,59.27484195455225,5973,0,NW_like
cdc31d65,prefix_u_slope,4.578045490945669,4840,4,SE_like
cdc60a53,prefix_u_slope,19.008309429963397,5878,3,NW_like
ce55ba43,prefix_u_slope,24.941125270544838,4104,1,NW_like
ce8399b7,prefix_u_slope,2.2303375908080176,1615,0,SE_like
cf50c9d1,prefix_u_slope,53.747612238157345,4858,1,NW_like
d00e7eb9,prefix_u_slope,70.29155419829809,5704,1,SE_like
d011f41b,prefix_u_slope,11.106186120092765,2267,3,SE_like
d07aed8f,prefix_u_slope,8.119563306564451,2957,1,SE_like
d085e611,prefix_u_slope,34.55790768334293,6191,1,SE_like
d0a0e7b5,prefix_u_slope,3.4317853675348435,3816,1,NW_like
d0a43760,prefix_u_slope,39.35316079890456,4041,1,SE_like
d0cb63ae,prefix_u_slope,17.056916260844908,5223,3,NW_like
d114d9c2,prefix_u_slope,16.13826800482659,6206,3,NW_like
d1457cc5,prefix_u_slope,9.442950356444616,6920,3,NW_like
d1ecf309,prefix_u_slope,4.1294531965034595,6168,2,SE_like
d1ee630d,prefix_u_slope,28.602403323719013,6290,2,SE_like
d217e0c5,prefix_u_slope,9.492626785286618,3838,3,SE_like
d24ff243,prefix_u_slope,8.800868857222751,5641,1,SE_like
d273674e,prefix_u_slope,10.130267348818533,3899,2,NW_like
d2f3b1ab,prefix_u_slope,22.799132820408115,5581,2,SE_like
d3df146b,prefix_u_slope,49.55725595405131,5787,0,SE_like
d40f61d5,prefix_u_slope,11.873872411762239,4039,0,SE_like
d41beaf2,prefix_u_slope,28.400916462953187,4753,4,NW_like
d463e527,prefix_u_slope,50.15047272414587,4767,2,SE_like
d4f60a28,prefix_u_slope,57.48169687881089,4501,2,SE_like
d50c649a,prefix_u_slope,48.298498263664015,4873,0,NW_like
d543916f,prefix_u_slope,31.793720717202202,4799,4,SE_like
d5df0ff5,prefix_u_slope,12.712437252629822,4032,4,NW_like
d60430e6,prefix_u_slope,8.328944166127688,2511,3,NW_like
d63196fe,prefix_u_slope,74.27114801609316,4510,3,NW_like
d6c320d9,prefix_u_slope,14.353274675748457,5452,1,SE_like
d6dd7330,prefix_u_slope,43.75419200618204,6193,4,NW_like
d7ba4f9d,prefix_u_slope,58.276261568521555,6023,0,SE_like
d7eb0be8,prefix_u_slope,32.48807324694444,5401,4,NW_like
d84b621b,prefix_u_slope,13.561139345655215,3994,0,NW_like
d90aa14c,prefix_u_slope,29.63118957702626,10018,1,NW_like
d924e971,prefix_u_slope,22.36395616851637,3184,3,NW_like
d9ae59b2,prefix_u_slope,8.96511010918949,3648,2,SE_like
d9d6d94d,prefix_u_slope,37.78213798056254,4919,2,NW_like
d9eca87b,prefix_u_slope,51.30743219261841,6373,1,NW_like
da2d4d7c,prefix_u_slope,26.799245463697176,2114,0,SE_like
da3bfe4e,prefix_u_slope,5.519383764577771,5549,1,SE_like
da3cf798,prefix_u_slope,29.279588688721606,5844,1,NW_like
da940160,prefix_u_slope,10.793410742952492,5132,2,SE_like
dafc88c3,prefix_u_slope,31.63126662502104,5572,2,SE_like
dbee6c86,prefix_u_slope,14.55258122276694,7369,1,NW_like
dc5fbe29,prefix_u_slope,7.670226990236604,5203,1,SE_like
dc7da28f,prefix_u_slope,37.19005780118277,4774,1,SE_like
dc7f9757,prefix_u_slope,52.615266002420185,4360,1,SE_like
dd168de0,prefix_u_slope,2.9582283575863366,3304,2,NW_like
dd64382d,prefix_u_slope,2.0401305247723487,3124,3,NW_like
dd6bc5b2,prefix_u_slope,29.487075234734803,3602,1,SE_like
dd7d638e,prefix_u_slope,26.59959311872333,4301,0,NW_like
ddc790ff,prefix_u_slope,8.038140141880845,4726,4,SE_like
df71d1ff,prefix_u_slope,62.28117931069059,6228,3,SE_like
df73b8f3,prefix_u_slope,32.275062447598735,5311,1,SE_like
df8290be,prefix_u_slope,38.229967980485576,3972,1,NW_like
e0079ed1,prefix_u_slope,28.801112954178176,3471,3,SE_like
e03b45fd,prefix_u_slope,41.320315250171234,5342,2,NW_like
e0f36d98,prefix_u_slope,9.877696313150855,4976,4,SE_like
e149204f,prefix_u_slope,7.199636271857957,6097,1,SE_like
e14d641e,prefix_u_slope,13.186781012786065,3184,3,NW_like
e161bd0c,prefix_u_slope,4.576327981117033,2949,4,SE_like
e201fd6d,prefix_u_slope,43.823289472903724,5070,3,NW_like
e25f1537,prefix_u_slope,8.870441925212397,3177,1,NW_like
e2fc7745,prefix_u_slope,7.191822061648444,3692,2,NW_like
e32da4ec,prefix_u_slope,12.289195096220523,4689,4,NW_like
e3b34f5b,prefix_u_slope,18.0134510421227,5455,2,SE_like
e45a2a62,prefix_u_slope,60.81640421579205,5007,4,NW_like
e46f4ef4,prefix_u_slope,86.76306251466146,7195,0,SE_like
e4726608,prefix_u_slope,6.96109953883293,4733,2,NW_like
e5864244,prefix_u_slope,87.46946838724838,4469,3,SE_like
e5c92e59,prefix_u_slope,47.95379712712751,4295,3,NW_like
e5ff9fd2,prefix_u_slope,8.385503748805746,2354,4,NW_like
e6c55748,prefix_u_slope,10.412627276223649,4472,1,SE_like
e730c32b,prefix_u_slope,20.635852335599502,4728,4,SE_like
e737965a,prefix_u_slope,14.49193920046226,5955,4,NW_like
e748dd88,prefix_u_slope,30.1018653686188,4812,3,SE_like
e7818f7a,prefix_u_slope,30.833973594160156,5371,3,SE_like
e7c36e81,prefix_u_slope,1.1968136504504363,3531,3,NW_like
e7d0c1de,prefix_u_slope,27.784514590675013,4711,1,NW_like
e85074c5,prefix_u_slope,54.8583211475279,5675,4,SE_like
e97032ad,prefix_u_slope,6.044485651937671,3530,1,NW_like
e9949a23,prefix_u_slope,31.02284833839036,4559,2,NW_like
ea0b99b7,prefix_u_slope,10.253344547104591,9239,3,SE_like
ea3a0e38,prefix_u_slope,46.75134347523914,10052,4,SE_like
ea41324e,prefix_u_slope,9.934021434581064,5025,0,NW_like
eabc711b,prefix_u_slope,25.051943406800987,5348,0,NW_like
eac10e86,prefix_u_slope,30.12603031017348,6067,3,SE_like
eafb863e,prefix_u_slope,16.382214442019695,3568,2,NW_like
eb06a4e7,prefix_u_slope,50.48362029999855,4535,3,SE_like
eb640a35,prefix_u_slope,31.584961803357103,6037,3,SE_like
eb934281,prefix_u_slope,8.938849049208374,5971,1,NW_like
eba6605e,prefix_u_slope,71.49726596199952,4410,0,SE_like
ebe69318,prefix_u_slope,5.8576611636253535,4976,4,SE_like
ec0d597b,prefix_u_slope,41.23853311164919,4616,4,SE_like
ec13af42,prefix_u_slope,12.931244240284435,5462,2,SE_like
ecdab904,prefix_u_slope,12.341644977713244,6147,3,NW_like
ecdaf714,prefix_u_slope,35.03445687529251,6592,2,NW_like
ed6436d6,prefix_u_slope,14.767631614731494,2945,1,NW_like
ed6e6e54,prefix_u_slope,5.994097723492213,6048,1,NW_like
edf885a3,prefix_u_slope,12.153275010969779,3117,1,NW_like
ee0300f7,prefix_u_slope,28.842877020964483,4544,0,SE_like
ee288beb,prefix_u_slope,92.98205249267639,4638,2,SE_like
ee4aecac,prefix_u_slope,26.017658752118194,5265,4,SE_like
eeda36f5,prefix_u_slope,34.61662263521425,4797,0,SE_like
eeed308d,prefix_u_slope,10.221748170152564,3899,0,SE_like
ef04658e,prefix_u_slope,5.37311292182399,4104,4,NW_like
ef8e3ed0,prefix_u_slope,33.40046755242399,5224,3,NW_like
efde6ac3,prefix_u_slope,27.227208517665023,4559,4,SE_like
efe96181,prefix_u_slope,39.454826589253834,4012,4,SE_like
f0188a48,prefix_u_slope,24.01491433069784,4170,2,SE_like
f021b650,prefix_u_slope,4.428282451267685,3739,0,NW_like
f03f10fe,prefix_u_slope,15.106823829857381,4145,2,SE_like
f053a1b9,prefix_u_slope,26.393459857223004,4108,4,NW_like
f074d277,prefix_u_slope,16.223802595864225,2453,2,NW_like
f07d7037,prefix_u_slope,7.01132951117748,5563,3,NW_like
f08774c3,prefix_u_slope,11.400677289026664,3900,4,NW_like
f140c2fa,prefix_u_slope,42.05287947447103,4082,4,NW_like
f16e25e3,prefix_u_slope,9.73342137507114,4651,4,NW_like
f2d4c8c9,prefix_u_slope,46.858721684509476,6249,3,NW_like
f321a31c,prefix_u_slope,39.27352706179786,5141,2,SE_like
f40cd091,prefix_u_slope,9.791835276009406,5166,3,NW_like
f439a621,prefix_u_slope,11.602888704772473,2821,2,NW_like
f49fdea3,prefix_u_slope,47.42788315698131,5391,3,NW_like
f4d12d23,prefix_u_slope,6.978405592231799,3701,0,NW_like
f56d3ace,prefix_u_slope,15.169414051003562,5432,4,NW_like
f5859199,prefix_u_slope,63.802011382281556,5790,2,NW_like
f5d8aab6,prefix_u_slope,6.39549528480112,4444,4,NW_like
f631da6e,prefix_u_slope,9.677642133060944,4093,4,NW_like
f6824bb0,prefix_u_slope,61.64969556266482,5015,4,NW_like
f6bc699b,prefix_u_slope,6.067357843321966,3752,0,SE_like
f6d009f4,prefix_u_slope,145.4280144988223,6715,3,NW_like
f72b268f,prefix_u_slope,18.139946653980672,6404,3,NW_like
f8662c22,prefix_u_slope,11.37063286925845,5429,2,SE_like
f88ddb26,prefix_u_slope,11.473524376390609,4990,1,NW_like
f8afa78a,prefix_u_slope,29.564593524787032,6032,4,SE_like
f8f59188,prefix_u_slope,16.737486975097198,4807,3,SE_like
f9fc81aa,prefix_u_slope,42.64481516389169,5598,4,SE_like
fa16d114,prefix_u_slope,12.700587622965955,5686,3,SE_like
fa31da94,prefix_u_slope,12.139656346826634,5027,3,SE_like
fa667be2,prefix_u_slope,14.391302933800182,7296,1,NW_like
fae0c593,prefix_u_slope,35.458632767847796,4403,1,NW_like
fb03ae90,prefix_u_slope,78.53836860093863,6431,0,SE_like
fb0904bd,prefix_u_slope,6.312245289134817,3181,4,NW_like
fb3848a1,prefix_u_slope,25.08347618743154,5919,0,NW_like
fb73b13a,prefix_u_slope,33.72437090904354,5640,0,NW_like
fba7683c,prefix_u_slope,3.118793486587631,407,3,NW_like
fbd68d27,prefix_u_slope,146.70603553280984,6829,1,SE_like
fc03f21f,prefix_u_slope,29.698446371529084,4803,1,NW_like
fc0d20b2,prefix_u_slope,4.354503613153767,3954,0,NW_like
fcfcc902,prefix_u_slope,37.983649776285574,2791,1,SE_like
fd3b4faa,prefix_u_slope,10.68486799689629,5022,0,SE_like
fd710aea,prefix_u_slope,40.74318227558972,4217,2,NW_like
fd8f77fa,prefix_u_slope,12.69773883065744,5272,4,NW_like
fde20ecf,prefix_u_slope,13.048938234108878,4667,4,NW_like
fdfd57da,prefix_u_slope,6.817081182075597,5236,3,SE_like
febb4411,prefix_u_slope,42.22734249168508,4247,2,SE_like
fef8af96,prefix_u_slope,9.64200316136842,3826,0,SE_like
ff0aea78,prefix_u_slope,28.35104089431725,3261,3,NW_like
ff8bb73a,prefix_u_slope,26.532850114472204,5927,0,NW_like
ffefef30,prefix_u_slope,11.794682972732456,4570,4,SE_like
000d7d20,ridge_quadratic,10.403864147297604,3836,2,NW_like
00bbac68,ridge_quadratic,16.654892591895276,6014,0,NW_like
00e12e8b,ridge_quadratic,11.07426774959646,4301,0,NW_like
015fe0d2,ridge_quadratic,19.57167906212856,4296,1,SE_like
01869cd4,ridge_quadratic,4.839364085380901,5557,3,SE_like
01982c1d,ridge_quadratic,10.360036420971548,3941,0,NW_like
028d7b28,ridge_quadratic,32.91115802563417,6234,0,SE_like
02e7fe5a,ridge_quadratic,4.7018009330346375,5108,1,SE_like
0390d174,ridge_quadratic,9.499800899056327,4411,2,SE_like
03a935ae,ridge_quadratic,25.8839545653715,2786,3,NW_like
044af7d1,ridge_quadratic,3.7049079681811214,4519,0,NW_like
0498acab,ridge_quadratic,1.8259257022175164,4798,2,SE_like
052d64df,ridge_quadratic,3.6542060371164107,2445,2,NW_like
05948241,ridge_quadratic,6.8456285921774,3879,4,NW_like
059c8f24,ridge_quadratic,29.657981581383606,6258,3,SE_like
05a0ee4d,ridge_quadratic,19.442762953393643,4348,3,NW_like
060ab2b8,ridge_quadratic,9.516445543786908,6258,3,NW_like
06df5958,ridge_quadratic,2.832316595832787,3509,4,SE_like
071d7b45,ridge_quadratic,5.7668748465462665,3211,2,NW_like
0849b4e2,ridge_quadratic,9.646134349852368,5537,1,SE_like
084d66f9,ridge_quadratic,10.855805301348799,3885,2,SE_like
08fecf00,ridge_quadratic,8.380172400819614,5574,4,SE_like
09053135,ridge_quadratic,6.267111384625959,5907,1,SE_like
09441b8d,ridge_quadratic,10.608985660294566,5488,4,NW_like
0955cd6c,ridge_quadratic,1.9850012067064957,5195,1,NW_like
09ec2ca9,ridge_quadratic,5.171920023487145,5885,2,SE_like
0a57a29c,ridge_quadratic,12.38788686573115,5821,0,NW_like
0bbf5e67,ridge_quadratic,3.3612877397690863,4298,4,SE_like
0be01c24,ridge_quadratic,5.665522461708761,4738,1,NW_like
0c1b160c,ridge_quadratic,7.605430910659996,5054,3,SE_like
0d99f8e4,ridge_quadratic,8.216189382947958,5823,0,SE_like
0dc5e64d,ridge_quadratic,8.090176518263808,4879,2,SE_like
0dc835f3,ridge_quadratic,13.505421903302176,4428,0,NW_like
0dd99dc5,ridge_quadratic,8.00176158681288,7342,0,NW_like
0e5e560d,ridge_quadratic,7.111108819907185,3253,0,SE_like
109d9d70,ridge_quadratic,12.694792667001119,4215,3,NW_like
10a1281a,ridge_quadratic,9.778854381764555,5609,1,NW_like
10b89021,ridge_quadratic,8.709418102276723,5414,2,NW_like
10be2420,ridge_quadratic,5.355303328808098,3271,2,NW_like
113011eb,ridge_quadratic,8.539072823128693,3272,2,SE_like
1131525f,ridge_quadratic,11.357740023587718,4159,1,SE_like
11d0f5ac,ridge_quadratic,6.40313716818221,4883,1,NW_like
12203f2a,ridge_quadratic,9.659807416701495,3261,1,NW_like
122bd617,ridge_quadratic,12.745289248238555,4570,1,NW_like
125be846,ridge_quadratic,17.718363304735664,6510,2,NW_like
1285a37b,ridge_quadratic,2.7122064839694318,5597,2,NW_like
1295a25b,ridge_quadratic,7.6784917799153805,5551,2,SE_like
12f0cd90,ridge_quadratic,19.42964857943912,5947,4,SE_like
137d1e44,ridge_quadratic,15.440596613541258,4554,4,NW_like
13ce113d,ridge_quadratic,1.4890744913230078,2966,1,NW_like
13f598d9,ridge_quadratic,3.9337747899576434,7306,1,NW_like
14a53cb3,ridge_quadratic,4.972565965171222,6919,0,NW_like
14ab73fb,ridge_quadratic,17.288166625546634,3649,0,SE_like
14ad5efb,ridge_quadratic,11.741619356160356,5842,0,SE_like
14fee784,ridge_quadratic,17.24495165658998,4910,4,NW_like
153552f5,ridge_quadratic,7.875985973203193,4695,4,NW_like
1550491d,ridge_quadratic,9.104549789409198,4563,2,SE_like
155887bb,ridge_quadratic,10.278396974482671,5585,0,NW_like
1590af81,ridge_quadratic,3.442844975222191,3799,3,NW_like
15e154a1,ridge_quadratic,12.297951917471504,6068,4,SE_like
1619e2ca,ridge_quadratic,5.616942753497639,4443,4,SE_like
16e4a047,ridge_quadratic,17.858035023235153,4131,2,NW_like
173ed841,ridge_quadratic,24.95865488568994,4883,2,NW_like
1770d7c6,ridge_quadratic,3.902822827497684,7240,3,NW_like
177622d7,ridge_quadratic,16.244805357822383,3154,3,NW_like
18d24f7b,ridge_quadratic,12.156982790559153,4558,2,NW_like
19137a89,ridge_quadratic,4.103040256924717,6267,2,NW_like
1944513c,ridge_quadratic,12.207864463871081,4722,4,SE_like
197f8a5a,ridge_quadratic,14.443941530476465,6310,2,NW_like
19871e7f,ridge_quadratic,6.233639612841368,5293,1,NW_like
198a5607,ridge_quadratic,7.4753977014682285,6251,0,NW_like
19fb4f7b,ridge_quadratic,12.408982584848768,5620,1,NW_like
1a518997,ridge_quadratic,4.4812241594265805,4606,0,SE_like
1a68190b,ridge_quadratic,15.345987446940928,4474,4,SE_like
1a730ac2,ridge_quadratic,5.575654245340469,4605,2,SE_like
1aaf1da0,ridge_quadratic,9.94309496514477,4804,0,NW_like
1b08ed48,ridge_quadratic,9.329686368493848,5618,0,NW_like
1b1c5372,ridge_quadratic,22.950118448483,4261,2,SE_like
1b1eba53,ridge_quadratic,59.258181062458384,4655,1,SE_like
1b6ba517,ridge_quadratic,21.563588120205655,6597,2,NW_like
1b82b665,ridge_quadratic,3.935697683801888,3806,4,SE_like
1bcb2fcf,ridge_quadratic,5.398906450803909,4524,4,NW_like
1beca81d,ridge_quadratic,10.506530430501165,5036,2,SE_like
1d3fbf02,ridge_quadratic,8.401589070678158,2694,4,SE_like
1d78281a,ridge_quadratic,6.473673445348083,4949,0,SE_like
1e30dedf,ridge_quadratic,2.906381511606087,4071,2,NW_like
1e5e3573,ridge_quadratic,10.523766154492945,5480,4,NW_like
1f9afacb,ridge_quadratic,2.108055364076178,5328,3,NW_like
1fdbba44,ridge_quadratic,17.989354355276113,4911,1,NW_like
1fee2b62,ridge_quadratic,5.687620566901857,4641,3,NW_like
20096916,ridge_quadratic,5.548587451837286,5133,2,NW_like
200d233d,ridge_quadratic,10.402896210910725,3926,3,SE_like
201661b5,ridge_quadratic,16.17260702322182,5955,1,SE_like
203721ab,ridge_quadratic,16.250413131001725,5730,4,SE_like
20402d71,ridge_quadratic,12.31314961473362,6372,4,NW_like
2043abc5,ridge_quadratic,10.218348896662814,6958,0,NW_like
204cc64b,ridge_quadratic,8.931266424999388,4805,1,NW_like
206b6193,ridge_quadratic,27.174967640329193,6535,1,NW_like
2075c696,ridge_quadratic,15.686589877474352,3188,3,SE_like
22c5f93f,ridge_quadratic,9.338155610707558,5172,2,NW_like
230eaaa3,ridge_quadratic,29.9961861736558,4690,0,SE_like
2364716c,ridge_quadratic,9.967663674700704,4316,2,SE_like
23b9beb0,ridge_quadratic,5.504208715082092,7340,3,SE_like
24d8997e,ridge_quadratic,6.700025290101897,3442,1,NW_like
25050f63,ridge_quadratic,8.069694108740356,6124,0,NW_like
25939962,ridge_quadratic,3.7062843590225008,4319,1,NW_like
25fd32b3,ridge_quadratic,8.811037371735742,2885,0,SE_like
261785ee,ridge_quadratic,19.949203003448915,3646,3,NW_like
264feceb,ridge_quadratic,4.301174552064321,5665,1,NW_like
26623a50,ridge_quadratic,5.475717352381148,5735,4,NW_like
26d3a96a,ridge_quadratic,7.351870276090613,4721,4,NW_like
272abef3,ridge_quadratic,10.105595265278204,4135,3,SE_like
27300fd5,ridge_quadratic,6.183644796154128,5467,0,NW_like
276b012a,ridge_quadratic,19.02180031091932,4837,3,SE_like
27c3155b,ridge_quadratic,12.28998007398791,4958,2,SE_like
27ebb9b9,ridge_quadratic,14.167457628015105,5766,2,NW_like
283269ac,ridge_quadratic,3.946187462679357,2626,2,NW_like
28473855,ridge_quadratic,4.283827846384751,4290,2,NW_like
28f4eda9,ridge_quadratic,2.184101384280897,5266,0,NW_like
29b24409,ridge_quadratic,7.2985011117529295,5587,4,NW_like
29de15c8,ridge_quadratic,4.463860997963951,3431,4,NW_like
2ab29395,ridge_quadratic,6.481654352116593,1852,1,SE_like
2ac7cb6b,ridge_quadratic,9.449950292669019,4990,1,NW_like
2acc78d4,ridge_quadratic,7.080218452521006,4266,4,NW_like
2b034622,ridge_quadratic,4.271094231084246,5203,2,NW_like
2b06ad65,ridge_quadratic,1.6248769846071467,4256,2,NW_like
2b547943,ridge_quadratic,18.86840948679791,3480,0,SE_like
2be5c96a,ridge_quadratic,4.1230694969818575,4210,4,SE_like
2bff06cf,ridge_quadratic,43.24049722771589,7624,0,NW_like
2c0c4a4e,ridge_quadratic,3.6749486810815406,4790,4,SE_like
2cee0cba,ridge_quadratic,7.375603420509647,5500,2,SE_like
2d0c268a,ridge_quadratic,6.188642570456752,4550,4,SE_like
2d179ded,ridge_quadratic,8.635321915603633,7008,3,NW_like
2d196986,ridge_quadratic,14.130039375026987,6474,0,NW_like
2d2d0c6b,ridge_quadratic,10.720668336171535,5045,2,SE_like
2d35f86d,ridge_quadratic,18.455549947096387,4896,3,NW_like
2d9f6cb9,ridge_quadratic,12.025882538873645,7338,4,NW_like
2ddad940,ridge_quadratic,9.81329249379331,5331,2,SE_like
2e29e833,ridge_quadratic,12.228152740632648,5428,0,SE_like
2e43c2ea,ridge_quadratic,11.854690687122787,5698,3,NW_like
2e63d9de,ridge_quadratic,14.352142924015464,4699,2,SE_like
2ee0235b,ridge_quadratic,10.174384008422305,5556,3,NW_like
2f19d536,ridge_quadratic,6.786242200916338,3088,1,NW_like
2f8e53c3,ridge_quadratic,2.648857201632159,2594,0,NW_like
2fa01aa6,ridge_quadratic,18.91280472719393,2174,4,SE_like
2fd68f7b,ridge_quadratic,29.620168071508886,4730,2,SE_like
2fe023be,ridge_quadratic,8.91687815386743,4221,1,NW_like
30d75030,ridge_quadratic,20.49108422863724,3404,1,NW_like
310c71a5,ridge_quadratic,4.7006259461372215,5245,4,NW_like
32fe84c9,ridge_quadratic,15.625836179475478,6408,3,SE_like
33c40295,ridge_quadratic,10.229974261526637,4169,0,NW_like
3407f5bf,ridge_quadratic,16.568271735741753,3638,4,SE_like
3417285d,ridge_quadratic,22.583341617326713,5449,4,NW_like
347242c8,ridge_quadratic,9.370890789849227,3595,0,SE_like
353e5502,ridge_quadratic,5.553447678059076,6062,1,NW_like
357c12f9,ridge_quadratic,2.09387955951598,4079,4,NW_like
3584a6eb,ridge_quadratic,23.237436308208956,4494,2,NW_like
35b30c7f,ridge_quadratic,21.456189947736668,9579,4,SE_like
35b3ef6a,ridge_quadratic,19.6795623462307,3904,4,NW_like
367456ce,ridge_quadratic,4.098573632391565,5569,1,SE_like
368131f9,ridge_quadratic,11.58058883372974,4991,1,NW_like
368fe682,ridge_quadratic,10.221656639338551,4936,1,NW_like
3690a146,ridge_quadratic,8.499483647220547,4073,2,SE_like
37344c2a,ridge_quadratic,25.748836419095365,5197,0,SE_like
373ef48b,ridge_quadratic,2.86334677644995,3509,0,SE_like
374be387,ridge_quadratic,8.37778352840335,9965,2,NW_like
37d36812,ridge_quadratic,13.50624021580172,4367,0,NW_like
38991fd4,ridge_quadratic,13.256037090737907,4798,4,NW_like
389ae58f,ridge_quadratic,31.93744168796972,6463,3,SE_like
3932faa6,ridge_quadratic,15.36928469438488,5452,4,NW_like
398dce4b,ridge_quadratic,3.53572991879835,3166,3,NW_like
39b51819,ridge_quadratic,3.12891149115892,4231,2,NW_like
3a0af893,ridge_quadratic,15.067848316028217,2927,2,NW_like
3a223519,ridge_quadratic,19.851286671921496,4583,3,SE_like
3a7dd95d,ridge_quadratic,5.508464159122637,3072,4,NW_like
3a824aa7,ridge_quadratic,6.121717422147306,4201,3,NW_like
3a86fe8d,ridge_quadratic,10.919352052844767,5118,0,SE_like
3aaa2b30,ridge_quadratic,6.044027036592569,4711,0,SE_like
3ac16ad0,ridge_quadratic,3.777094250470482,5649,1,SE_like
3b21ea64,ridge_quadratic,7.242496082480807,7376,1,NW_like
3bbe1f5d,ridge_quadratic,6.597926423374969,6918,0,SE_like
3bfee975,ridge_quadratic,10.807172694815282,3603,3,SE_like
3c3dbcbc,ridge_quadratic,3.331288453096649,5069,0,NW_like
3d96d897,ridge_quadratic,5.597637421414716,5659,2,SE_like
3df4b19e,ridge_quadratic,8.277443005703471,4988,4,SE_like
3e011332,ridge_quadratic,16.944434623470148,2723,1,NW_like
3e678ea7,ridge_quadratic,13.243948212431928,6858,1,SE_like
3ef6372a,ridge_quadratic,5.625080577470206,4727,1,SE_like
3ef98781,ridge_quadratic,5.47273075911321,3892,4,NW_like
3f603129,ridge_quadratic,16.074838497298266,5051,2,SE_like
404c4384,ridge_quadratic,3.6198296352879624,911,4,NW_like
4121c517,ridge_quadratic,6.2740307513285245,3723,0,NW_like
41fb0192,ridge_quadratic,4.140417901686038,2973,3,SE_like
42669188,ridge_quadratic,12.841605584553841,4282,0,NW_like
42c538a1,ridge_quadratic,30.151039993275425,3279,1,NW_like
43b06c70,ridge_quadratic,8.081543550268092,4846,4,NW_like
43c7f85a,ridge_quadratic,12.328144733072483,5978,1,SE_like
43e16325,ridge_quadratic,21.709271614202464,3720,0,SE_like
44441e54,ridge_quadratic,1.7039499656103196,4357,0,NW_like
445af6c2,ridge_quadratic,29.955708721398526,6041,4,SE_like
4463446c,ridge_quadratic,11.210540946571179,3256,0,SE_like
44a94013,ridge_quadratic,11.016762564572186,4903,4,NW_like
45fb3e21,ridge_quadratic,24.245262824086947,3649,2,NW_like
460f859e,ridge_quadratic,9.612550733278008,3336,4,SE_like
4630ab92,ridge_quadratic,16.263763316075515,3373,3,NW_like
463c38f2,ridge_quadratic,5.507981207666624,4460,0,NW_like
4654e7de,ridge_quadratic,4.586553527601965,5373,1,SE_like
466fc788,ridge_quadratic,10.274184034362769,6197,4,NW_like
46a301e9,ridge_quadratic,11.567823042477553,8226,3,SE_like
46a7190b,ridge_quadratic,18.335037272042925,4215,0,SE_like
46d24a09,ridge_quadratic,23.826073303375495,4449,2,NW_like
46d41ff6,ridge_quadratic,3.989041339745417,7901,4,SE_like
46dfcfca,ridge_quadratic,16.15247690406687,3606,0,SE_like
47222616,ridge_quadratic,7.965537115273622,4406,0,NW_like
47ee27ab,ridge_quadratic,8.612405048912288,6397,4,NW_like
481de5fc,ridge_quadratic,18.877002153598994,5952,3,NW_like
48c1f673,ridge_quadratic,16.416604324575058,2917,3,NW_like
4936af16,ridge_quadratic,4.631932772594839,3991,0,SE_like
493b5b31,ridge_quadratic,20.31649274426467,4671,0,SE_like
49dbc14c,ridge_quadratic,2.7540792510406313,3872,2,SE_like
4a035ec2,ridge_quadratic,14.751510754766906,2588,3,SE_like
4a335117,ridge_quadratic,4.571319993247681,5015,1,SE_like
4a8ecc0b,ridge_quadratic,4.049634087763333,5809,4,NW_like
4b462989,ridge_quadratic,4.3933896441706,3106,3,NW_like
4b831d20,ridge_quadratic,4.951348383618748,7312,3,NW_like
4c2208f5,ridge_quadratic,17.352910699301898,5384,4,NW_like
4c3168cf,ridge_quadratic,4.431926393531387,4334,3,NW_like
4c3df468,ridge_quadratic,12.032654107372364,5392,0,SE_like
4caa7289,ridge_quadratic,6.319157542605435,5396,2,NW_like
4cd1ac61,ridge_quadratic,7.330349816416894,4489,1,NW_like
4cecf7b3,ridge_quadratic,10.975177027895711,6019,2,NW_like
4ddde4c1,ridge_quadratic,3.669837384087916,4472,0,NW_like
4e050c92,ridge_quadratic,5.54580964262856,3705,4,NW_like
4ed93db6,ridge_quadratic,6.231577788074734,4657,3,SE_like
4f3eb9e9,ridge_quadratic,31.394041611922255,4697,3,SE_like
4f4ac5ce,ridge_quadratic,4.631287641666541,5162,3,NW_like
4f4afcc6,ridge_quadratic,8.248229122285466,5645,1,SE_like
4f69febf,ridge_quadratic,5.094636863045534,5460,2,NW_like
4fbe9c06,ridge_quadratic,22.53898227364395,6287,3,SE_like
504c8b08,ridge_quadratic,25.43283562729982,6367,0,NW_like
511e1db0,ridge_quadratic,4.50974190364672,3821,2,SE_like
512943b2,ridge_quadratic,8.841810195217215,5029,2,NW_like
5138a660,ridge_quadratic,24.989097869237035,3559,4,SE_like
516088b7,ridge_quadratic,2.6791451917767244,6645,0,NW_like
521a7819,ridge_quadratic,26.711547745860862,5200,1,NW_like
5254b6db,ridge_quadratic,3.763672374140479,3274,1,NW_like
529e88ca,ridge_quadratic,27.606956982144013,3417,3,NW_like
52f1e77a,ridge_quadratic,3.9567092232698133,4442,3,NW_like
5305524b,ridge_quadratic,6.337246218888115,4898,3,NW_like
53134831,ridge_quadratic,4.346198814836906,5126,0,NW_like
5397ceb1,ridge_quadratic,3.2013389193367554,5255,4,SE_like
53f23031,ridge_quadratic,9.703571579980908,8550,3,SE_like
543198e8,ridge_quadratic,12.727508592194742,6503,0,NW_like
54753541,ridge_quadratic,17.01849462889221,4026,4,SE_like
54a7e3c2,ridge_quadratic,3.40246361281875,6155,2,NW_like
5542c301,ridge_quadratic,4.197507319959886,3591,1,NW_like
5567d551,ridge_quadratic,10.660488369263042,6889,4,NW_like
55efee7f,ridge_quadratic,11.705094572481519,4801,0,NW_like
5663b2b7,ridge_quadratic,12.330136250780791,4972,0,NW_like
5693dde2,ridge_quadratic,7.381243529814471,3488,0,SE_like
56b00794,ridge_quadratic,31.23925905135056,6065,2,SE_like
57796579,ridge_quadratic,15.330266807141019,5890,2,NW_like
577eec7c,ridge_quadratic,10.813656917974015,4539,3,SE_like
57f05c51,ridge_quadratic,18.058671328591284,4771,3,SE_like
58850d2c,ridge_quadratic,14.626561694284266,4995,1,NW_like
58fa8486,ridge_quadratic,17.73007366190628,4475,1,NW_like
591cc951,ridge_quadratic,9.500295348587171,4609,2,NW_like
593876b6,ridge_quadratic,10.208965418575033,4842,4,NW_like
59f8b2e8,ridge_quadratic,5.1241642868390915,3747,4,SE_like
5a1a8fd8,ridge_quadratic,5.921876994981716,5260,3,SE_like
5a5269a9,ridge_quadratic,14.133170844797828,6513,3,SE_like
5a5d1982,ridge_quadratic,6.161074815632772,3894,0,SE_like
5a63b5d1,ridge_quadratic,30.819387361680143,6217,2,SE_like
5aa03df7,ridge_quadratic,9.434913907397371,4871,3,SE_like
5aa403d0,ridge_quadratic,19.91531719405558,3118,1,NW_like
5aef5c6c,ridge_quadratic,6.641632691838733,3121,0,SE_like
5b7b6324,ridge_quadratic,22.542852766342435,6564,3,NW_like
5bd25f59,ridge_quadratic,12.453112487220718,4210,3,NW_like
5beded95,ridge_quadratic,7.893730053681679,3057,4,SE_like
5cb483ac,ridge_quadratic,8.798697682091008,3852,2,NW_like
5cdd8dbc,ridge_quadratic,8.920349034490675,4010,4,NW_like
5d11dfb5,ridge_quadratic,14.768150648466992,5895,1,NW_like
5d7198fd,ridge_quadratic,9.305150638758153,3368,3,NW_like
5def1ce5,ridge_quadratic,8.016781948847223,6443,3,SE_like
5eae34a8,ridge_quadratic,3.6356967313862256,4904,2,SE_like
5f4d2a52,ridge_quadratic,42.37782299698798,5225,3,NW_like
5f6756c5,ridge_quadratic,9.49595034916872,5931,1,NW_like
5f75f796,ridge_quadratic,7.308799205166783,5562,4,NW_like
5fb1c15f,ridge_quadratic,13.232622881092492,2860,0,NW_like
5fffa282,ridge_quadratic,5.622884879004775,4201,4,SE_like
60e37807,ridge_quadratic,18.487086683215566,2699,4,NW_like
61f27424,ridge_quadratic,5.880838044137255,6220,2,NW_like
62569ae3,ridge_quadratic,11.93595995820057,3588,4,SE_like
62a6f539,ridge_quadratic,11.203996097237356,3693,1,NW_like
633774dc,ridge_quadratic,16.845796588854007,6233,0,NW_like
63559d57,ridge_quadratic,8.454523826428359,4069,2,SE_like
647f2a41,ridge_quadratic,3.0769469856767855,3881,2,SE_like
65156b96,ridge_quadratic,8.09297713580582,3221,1,SE_like
653612bc,ridge_quadratic,2.6211310442110363,4605,3,NW_like
656a067b,ridge_quadratic,11.43654230120376,3051,2,NW_like
65a5466a,ridge_quadratic,5.267493379843112,4683,2,SE_like
660d9546,ridge_quadratic,8.056539721967905,4732,0,NW_like
6767c111,ridge_quadratic,52.77503922969482,6783,2,NW_like
67847288,ridge_quadratic,20.472520806482656,7429,2,NW_like
67a8da4a,ridge_quadratic,8.700907080346992,4911,1,NW_like
684a6fc1,ridge_quadratic,23.561697291978696,9818,0,SE_like
698930d1,ridge_quadratic,5.156152986811668,4741,3,NW_like
699ea575,ridge_quadratic,7.964183233108092,4120,2,NW_like
69c1bdad,ridge_quadratic,5.641483044766482,2714,0,NW_like
69e41fa6,ridge_quadratic,6.114416064908889,5772,0,SE_like
6a0ff78e,ridge_quadratic,11.488700733140687,6465,2,SE_like
6a8fa194,ridge_quadratic,5.083100403127719,3017,3,NW_like
6ae68655,ridge_quadratic,5.852033875605536,4204,3,NW_like
6d1d74e1,ridge_quadratic,21.40070503764669,5830,1,SE_like
6d590e26,ridge_quadratic,10.015863834174594,6096,2,NW_like
6d6d93af,ridge_quadratic,23.493557456860636,3595,2,SE_like
6dbe4b60,ridge_quadratic,5.687858635255003,4648,2,NW_like
6e6d122c,ridge_quadratic,6.556653774767003,5632,4,SE_like
6e9ccd38,ridge_quadratic,14.78378997939311,8282,4,NW_like
6ea22614,ridge_quadratic,12.233022573375552,5971,0,SE_like
6ede926a,ridge_quadratic,4.263416432929614,4938,2,NW_like
708caea9,ridge_quadratic,43.77191985216877,6548,1,NW_like
70925e23,ridge_quadratic,15.213323475789574,5947,1,NW_like
70e1788b,ridge_quadratic,5.657858442508004,9285,3,NW_like
71642c7d,ridge_quadratic,5.2434833387415205,4648,4,SE_like
71ccf778,ridge_quadratic,8.351099488608893,2698,3,NW_like
7224331b,ridge_quadratic,4.767538945634114,6063,3,NW_like
722cf0d8,ridge_quadratic,7.764855864971576,5143,4,NW_like
7256229b,ridge_quadratic,9.926436744880295,5415,0,SE_like
726f3dc2,ridge_quadratic,6.737647498314791,6723,1,NW_like
7271dd80,ridge_quadratic,5.286807988866349,4340,4,SE_like
727a3a10,ridge_quadratic,15.46277211928237,4397,3,NW_like
729665c0,ridge_quadratic,4.886579198961166,4263,1,SE_like
729e9750,ridge_quadratic,7.242778558978782,5919,4,SE_like
729f4217,ridge_quadratic,13.093954692507783,6195,2,SE_like
72dd8501,ridge_quadratic,2.4034989706450607,5193,1,NW_like
73348914,ridge_quadratic,16.323549438133618,4221,3,SE_like
739a914f,ridge_quadratic,24.251889239534798,5505,1,NW_like
73b1447d,ridge_quadratic,22.46107371797271,5670,4,SE_like
74b6186b,ridge_quadratic,1.848462463837911,3405,3,NW_like
75c20ec7,ridge_quadratic,8.82108775832148,5361,0,NW_like
75cd5f11,ridge_quadratic,6.23309735099612,4946,4,SE_like
75d20a82,ridge_quadratic,14.700657440733526,5067,2,NW_like
76201745,ridge_quadratic,8.599572579231086,4448,1,SE_like
764072a5,ridge_quadratic,3.0326488226298762,2949,0,NW_like
77b0d905,ridge_quadratic,5.349597461336524,4174,0,NW_like
77e4821c,ridge_quadratic,22.026069959722978,5393,3,SE_like
7850c72e,ridge_quadratic,11.255931815543432,5497,3,SE_like
78a4a386,ridge_quadratic,6.239955891310388,5119,1,NW_like
79507629,ridge_quadratic,5.615202190914029,5302,4,NW_like
796dbd4c,ridge_quadratic,18.228424602092577,6248,3,SE_like
7987f2f2,ridge_quadratic,5.358266279434138,3705,0,SE_like
7993a768,ridge_quadratic,3.638301464123601,5487,2,SE_like
7a5660b0,ridge_quadratic,16.940059668844697,4998,3,NW_like
7acda2df,ridge_quadratic,20.77397489435995,3091,4,SE_like
7b2c7b3c,ridge_quadratic,5.595461340480812,2584,4,NW_like
7b38844c,ridge_quadratic,4.3467527695078765,3749,1,NW_like
7bb17b96,ridge_quadratic,3.5880849393629397,3922,0,SE_like
7c607683,ridge_quadratic,13.641716646536283,5328,0,NW_like
7cbbd047,ridge_quadratic,5.816537651507172,5121,2,SE_like
7cd4bb31,ridge_quadratic,10.588860213111092,6439,2,SE_like
7d50373e,ridge_quadratic,4.716879754005385,5122,3,SE_like
7d57c75d,ridge_quadratic,6.05884400905666,4405,2,NW_like
7e208414,ridge_quadratic,6.241385990484874,4226,3,NW_like
7e721392,ridge_quadratic,41.14763842401285,6174,2,SE_like
7ff89f8f,ridge_quadratic,15.156944448131483,7337,0,NW_like
8050c789,ridge_quadratic,14.333632436410863,3077,3,NW_like
807f0298,ridge_quadratic,12.173287971905548,3747,1,NW_like
811f52b3,ridge_quadratic,5.655940101857664,4836,4,NW_like
81bf5923,ridge_quadratic,34.17390556502391,4543,1,NW_like
81fc01c6,ridge_quadratic,14.440266149997427,5909,2,NW_like
8255c867,ridge_quadratic,12.734257917330483,3589,4,NW_like
82aab6d2,ridge_quadratic,9.699697162859172,6140,4,NW_like
82fcf37c,ridge_quadratic,7.292140459560876,6014,1,NW_like
833af382,ridge_quadratic,6.769937717663535,3628,0,NW_like
8382f4b6,ridge_quadratic,23.39574363332977,4967,1,SE_like
84633df4,ridge_quadratic,14.66479427725015,4972,3,NW_like
8478df29,ridge_quadratic,6.211326186876671,4857,1,NW_like
84815d5a,ridge_quadratic,5.272626093663101,3647,1,NW_like
84c3b497,ridge_quadratic,15.712484754926113,5312,1,SE_like
85380836,ridge_quadratic,19.480932310823093,6618,0,NW_like
8612b37f,ridge_quadratic,19.798494428258984,5165,2,NW_like
861e71df,ridge_quadratic,21.54477567185994,4700,4,NW_like
86454a6f,ridge_quadratic,52.634720823875476,7964,1,SE_like
8648abae,ridge_quadratic,3.266113074099177,4244,0,SE_like
865033f8,ridge_quadratic,4.307387332763707,3557,0,NW_like
87695469,ridge_quadratic,6.10393185159164,7003,1,NW_like
877ed19c,ridge_quadratic,5.7910630119749955,3708,4,SE_like
87aa3730,ridge_quadratic,12.59154570560746,5607,4,SE_like
884ecb5f,ridge_quadratic,9.542570782734575,6724,2,SE_like
8902c3f6,ridge_quadratic,6.72880236407192,4959,1,SE_like
896d15b9,ridge_quadratic,44.78273882518027,4279,1,NW_like
8995c945,ridge_quadratic,44.384460387609344,6724,2,NW_like
89969c7a,ridge_quadratic,4.068683919639043,4947,4,NW_like
89f1085d,ridge_quadratic,6.527033656157441,5994,4,NW_like
89f36adf,ridge_quadratic,6.571251428824294,5292,1,NW_like
89fdb2f2,ridge_quadratic,3.4109299924192684,2031,2,NW_like
8a3da6d1,ridge_quadratic,9.0153595910299,4593,3,NW_like
8a89da23,ridge_quadratic,18.058405542697642,3935,2,SE_like
8a9c8932,ridge_quadratic,5.679721946036028,4663,2,NW_like
8ac2f237,ridge_quadratic,19.071486355270373,5319,1,SE_like
8b12bab6,ridge_quadratic,5.030267535810773,5234,1,NW_like
8b5be31b,ridge_quadratic,4.308400821172519,5672,0,NW_like
8b95d6d1,ridge_quadratic,8.045441597799561,1731,0,SE_like
8b9d8326,ridge_quadratic,5.3808799014821815,6163,3,SE_like
8bb9c1e6,ridge_quadratic,6.625697328531288,4546,0,NW_like
8bda1a11,ridge_quadratic,6.403112410415123,5981,4,SE_like
8bfa881d,ridge_quadratic,16.3542656441421,4089,1,NW_like
8c167025,ridge_quadratic,11.651049606627721,5368,2,SE_like
8c8348e8,ridge_quadratic,16.26927980402406,3888,0,SE_like
8cc21f01,ridge_quadratic,5.81486840236874,4044,2,SE_like
8cc800b3,ridge_quadratic,28.94586753753878,6576,4,SE_like
8d5d46d7,ridge_quadratic,13.50019351923657,5755,1,NW_like
8d92cb49,ridge_quadratic,8.313905916570059,3589,2,NW_like
8f201368,ridge_quadratic,32.76133929397986,6349,1,NW_like
90386ee4,ridge_quadratic,2.9811199015443632,3840,2,SE_like
91abc4c7,ridge_quadratic,2.7074860276362682,5848,2,NW_like
91b301ce,ridge_quadratic,29.535380469623217,6570,4,NW_like
91db7070,ridge_quadratic,31.66094487168352,4073,1,SE_like
925a7cd1,ridge_quadratic,5.523937707878355,4517,3,NW_like
9283ae69,ridge_quadratic,7.305404585154745,3371,0,NW_like
9298ad5b,ridge_quadratic,9.309160789799956,3964,0,NW_like
9314ff13,ridge_quadratic,7.762608005526603,2748,3,NW_like
93209a3d,ridge_quadratic,9.314765467567948,4697,4,NW_like
939d9c34,ridge_quadratic,10.633717667616486,5101,1,NW_like
93f5d2e6,ridge_quadratic,16.257600866676352,3691,2,SE_like
940a48d9,ridge_quadratic,6.333522324980873,3963,3,SE_like
940e709a,ridge_quadratic,5.217400591834207,3348,4,NW_like
9426ec1e,ridge_quadratic,9.163393399391627,2532,3,SE_like
94467f50,ridge_quadratic,8.55272797379824,3035,3,NW_like
944f36b9,ridge_quadratic,3.868311936211101,4630,0,SE_like
94d813a4,ridge_quadratic,36.574636683916225,4847,2,NW_like
95b559e7,ridge_quadratic,12.814657643813963,2887,4,SE_like
95c8427f,ridge_quadratic,23.987767275459433,6335,4,NW_like
96936c22,ridge_quadratic,4.876162595067265,3346,2,NW_like
96ae5806,ridge_quadratic,13.3453155128872,9839,2,SE_like
96b7eea1,ridge_quadratic,4.122788367459865,4332,2,NW_like
9719aa04,ridge_quadratic,7.732856924973678,4871,0,NW_like
974802e7,ridge_quadratic,10.348433697356537,5843,3,NW_like
97cd5bf9,ridge_quadratic,7.734028835339602,3449,0,NW_like
98177ced,ridge_quadratic,10.91681896679486,4772,4,SE_like
9896fc0b,ridge_quadratic,16.331379786314468,3595,0,SE_like
98bc6f66,ridge_quadratic,6.652498354348326,6063,3,NW_like
992c99e8,ridge_quadratic,13.313802603804014,4904,0,SE_like
992ce078,ridge_quadratic,5.71551567230183,2879,1,NW_like
99529c45,ridge_quadratic,8.428759583828558,5840,1,NW_like
995ff498,ridge_quadratic,8.471135947567987,4526,2,NW_like
999daf80,ridge_quadratic,9.783295535635578,3564,1,NW_like
9a6b0392,ridge_quadratic,9.39432976056196,4255,4,SE_like
9a8ae0d6,ridge_quadratic,7.699033072085665,6294,3,NW_like
9a95e33f,ridge_quadratic,23.797819276611342,6447,4,SE_like
9ab94eeb,ridge_quadratic,9.36979455244676,4442,0,NW_like
9ad5410a,ridge_quadratic,8.927950243017916,4205,3,NW_like
9ae248be,ridge_quadratic,16.45402154060482,5271,3,NW_like
9af1ffd0,ridge_quadratic,14.183695878531736,3525,3,NW_like
9b5b61c1,ridge_quadratic,2.0041378372123284,5532,0,SE_like
9b9e3b49,ridge_quadratic,17.583202333132355,5118,3,SE_like
9bd2bba3,ridge_quadratic,4.166660241226082,7439,2,NW_like
9c211c53,ridge_quadratic,4.543485259351161,7265,2,NW_like
9c350a6a,ridge_quadratic,24.609877802286118,6052,1,SE_like
9c8375f7,ridge_quadratic,9.657362227204725,3674,4,NW_like
9d072e4c,ridge_quadratic,10.34612289526568,5107,2,SE_like
9d3ec64c,ridge_quadratic,4.777827391875098,3480,3,SE_like
9d4272e3,ridge_quadratic,8.68011317031748,4030,0,NW_like
9d5e14d4,ridge_quadratic,21.901194102742338,5400,1,NW_like
9da441ba,ridge_quadratic,5.10529980247003,5783,2,SE_like
9dede370,ridge_quadratic,20.838727988174814,6297,0,NW_like
9def2eb2,ridge_quadratic,8.318969611458806,6003,4,SE_like
9df1b1f9,ridge_quadratic,5.5483294532701555,4701,3,NW_like
9dfff011,ridge_quadratic,9.137179934086795,4319,0,NW_like
9e3e364d,ridge_quadratic,5.9303430652765545,4290,1,SE_like
9efc812e,ridge_quadratic,22.729557251216352,4450,3,SE_like
9f0c7bae,ridge_quadratic,14.727320981778849,2542,3,SE_like
9ffce529,ridge_quadratic,25.10030522845365,5212,2,NW_like
a0383629,ridge_quadratic,10.83188302747839,5832,2,SE_like
a056d01e,ridge_quadratic,7.817503974116681,6557,4,SE_like
a08d9e63,ridge_quadratic,17.57929116236273,3685,1,SE_like
a0b83014,ridge_quadratic,10.3193510791541,5035,0,NW_like
a0e92ed6,ridge_quadratic,11.874844188452547,4897,3,NW_like
a15bc102,ridge_quadratic,3.3272695274440256,3236,4,NW_like
a247e7cf,ridge_quadratic,3.7906006920663167,5674,2,SE_like
a2e8e7f6,ridge_quadratic,13.124401250448244,4760,1,SE_like
a3518960,ridge_quadratic,4.8321875127433795,4967,0,SE_like
a3f71395,ridge_quadratic,19.94281441859297,5543,4,NW_like
a4719920,ridge_quadratic,6.106950842003294,5884,0,SE_like
a48640d9,ridge_quadratic,14.839361020676403,4532,0,SE_like
a4cdbb0f,ridge_quadratic,6.606869104871606,5204,1,NW_like
a4f989c2,ridge_quadratic,6.955709243992603,5385,2,SE_like
a5aa7973,ridge_quadratic,16.879291883644207,4616,1,NW_like
a5e6f7dc,ridge_quadratic,27.18184047867372,5649,2,SE_like
a612d5a0,ridge_quadratic,15.487714081001505,5329,4,SE_like
a622ce4d,ridge_quadratic,11.322782763222218,6298,1,SE_like
a645da9a,ridge_quadratic,21.507348181666345,5153,0,SE_like
a692b17e,ridge_quadratic,4.689130021001913,3566,0,NW_like
a6b8ac67,ridge_quadratic,16.711272658788168,5453,0,NW_like
a6ed2eff,ridge_quadratic,3.1590183343240374,5275,2,SE_like
a6f967fb,ridge_quadratic,8.929034458544281,4670,3,SE_like
a76db406,ridge_quadratic,11.810111363847271,4672,1,SE_like
a7744f5b,ridge_quadratic,10.733425268709755,4377,1,SE_like
a783cc24,ridge_quadratic,13.590536636555203,1889,2,SE_like
a79fd2e7,ridge_quadratic,8.369087328496082,4404,4,SE_like
a7fc3e6b,ridge_quadratic,15.330844155848864,4764,1,SE_like
a85bb86f,ridge_quadratic,3.2506410422712184,3099,3,NW_like
a85e4bc3,ridge_quadratic,7.840472554015041,4581,0,SE_like
a87433c9,ridge_quadratic,6.208592057245142,5721,4,SE_like
a8ed028a,ridge_quadratic,25.466126712928194,5538,4,NW_like
a959858c,ridge_quadratic,7.190564277882841,4404,0,SE_like
a9c9b150,ridge_quadratic,5.78284718579732,3986,1,NW_like
aa95015b,ridge_quadratic,2.665142412226315,4300,4,SE_like
aaaf3c03,ridge_quadratic,17.49864706429199,2997,1,NW_like
aaeffccb,ridge_quadratic,7.821751897802149,2712,4,SE_like
ab112491,ridge_quadratic,19.15019841566274,5185,0,NW_like
ab18d3fc,ridge_quadratic,19.040794165085302,5694,0,SE_like
ab3ced07,ridge_quadratic,9.191790975183475,4250,4,NW_like
ab6fe95d,ridge_quadratic,7.402025415199243,5491,3,NW_like
ab94878e,ridge_quadratic,3.9100123828690476,6004,1,NW_like
abf460d2,ridge_quadratic,3.8080208174192154,3217,3,NW_like
ac6f01d5,ridge_quadratic,6.919416887086794,5004,2,SE_like
ad2133a8,ridge_quadratic,21.441812746496467,5729,2,NW_like
add9c322,ridge_quadratic,7.256959278969065,3932,3,NW_like
ae069086,ridge_quadratic,10.008599480445952,4770,3,NW_like
ae0784a8,ridge_quadratic,7.231596820746539,7823,1,SE_like
ae35f33a,ridge_quadratic,8.074924276026367,4450,0,SE_like
ae8959c3,ridge_quadratic,26.561117058958406,4518,3,NW_like
aed44918,ridge_quadratic,4.953996106381382,2719,3,NW_like
aee6393a,ridge_quadratic,15.86127201150044,5865,1,SE_like
af7a59ce,ridge_quadratic,1.508321278533759,3024,2,SE_like
aff4e561,ridge_quadratic,4.6623285966498225,6026,0,NW_like
b04b58a3,ridge_quadratic,3.3728566625076124,3402,1,SE_like
b0d42b0d,ridge_quadratic,18.01724698348166,4971,3,NW_like
b0f53bf4,ridge_quadratic,10.425759277755718,2755,2,NW_like
b19b0395,ridge_quadratic,2.440124750126939,5813,0,SE_like
b1efb8a4,ridge_quadratic,5.435355598616236,5998,2,NW_like
b32902c0,ridge_quadratic,8.623169984774954,3808,4,NW_like
b32e4903,ridge_quadratic,6.053356277813942,5770,4,NW_like
b3388334,ridge_quadratic,15.009222131946752,6080,1,SE_like
b37fd114,ridge_quadratic,7.920065802933361,8161,1,SE_like
b38e3116,ridge_quadratic,3.868480328943559,6211,0,NW_like
b4d8dd4f,ridge_quadratic,8.614358703243585,4259,1,NW_like
b4f37e6e,ridge_quadratic,13.687153847552793,2992,1,SE_like
b56bc0aa,ridge_quadratic,10.408414903595032,5602,3,NW_like
b585b4fa,ridge_quadratic,4.157025447666157,4294,3,NW_like
b5aa9634,ridge_quadratic,7.204565037090471,7326,4,NW_like
b7974e66,ridge_quadratic,3.7533398143494683,5558,0,NW_like
b7cdcecb,ridge_quadratic,10.382684873316606,6168,1,SE_like
b7fea9ef,ridge_quadratic,5.339145818544057,3866,1,SE_like
b85f7b06,ridge_quadratic,4.27797146899,3803,2,SE_like
b881d27e,ridge_quadratic,6.6293726337544925,4009,3,SE_like
b8c49c1a,ridge_quadratic,6.605333243074679,4319,0,SE_like
b95e7121,ridge_quadratic,29.32801829935577,6306,0,SE_like
b977be4a,ridge_quadratic,33.33809846231301,5917,2,SE_like
ba48188d,ridge_quadratic,45.40428151732524,4166,0,NW_like
bb2cdd83,ridge_quadratic,6.384870391900587,3825,1,NW_like
bb337fa0,ridge_quadratic,15.083696328679284,6873,2,NW_like
bb682ebd,ridge_quadratic,16.14258676707329,4139,2,NW_like
bc4381e2,ridge_quadratic,13.913489293354596,4955,1,NW_like
bcebcc5f,ridge_quadratic,16.050611877498238,6258,4,SE_like
bd2c2f34,ridge_quadratic,5.348933481209604,9823,1,NW_like
bd4ae5da,ridge_quadratic,4.258117393820927,5006,0,SE_like
bd6f0e19,ridge_quadratic,8.098701650966694,5140,1,NW_like
bd8f847e,ridge_quadratic,11.890740788489023,4961,0,SE_like
be063506,ridge_quadratic,5.3420900228951576,4500,3,NW_like
be35c8f2,ridge_quadratic,11.249936781810298,4226,1,NW_like
be83e781,ridge_quadratic,6.766840831376784,3221,4,SE_like
beda8696,ridge_quadratic,17.690851546255363,5912,4,NW_like
bf39bc20,ridge_quadratic,7.979184417568008,3303,4,SE_like
bf70b410,ridge_quadratic,24.892048611900275,6347,4,NW_like
bffe3082,ridge_quadratic,23.430578508774474,5723,1,SE_like
c03b9305,ridge_quadratic,13.936494755565167,4255,3,NW_like
c03d4aed,ridge_quadratic,5.043925344932294,4641,4,SE_like
c03fba65,ridge_quadratic,16.577212781572744,3699,3,NW_like
c07fd0cd,ridge_quadratic,9.654506526329781,4191,0,SE_like
c1708b88,ridge_quadratic,22.403345895515294,6315,2,SE_like
c1d046f4,ridge_quadratic,6.7349009291632145,5513,1,SE_like
c2717d4f,ridge_quadratic,15.521208446261934,4721,4,SE_like
c2c4db09,ridge_quadratic,20.67152571234992,6039,3,SE_like
c2c6fc71,ridge_quadratic,8.178858668821734,7119,2,SE_like
c36625df,ridge_quadratic,3.1510369986774274,4742,3,SE_like
c3957531,ridge_quadratic,4.1969370679049085,5316,0,NW_like
c42fe306,ridge_quadratic,9.439020488053227,5095,4,NW_like
c43812e2,ridge_quadratic,10.229337409177315,5527,1,NW_like
c472c0b5,ridge_quadratic,8.782303821211778,3054,0,NW_like
c47e0767,ridge_quadratic,20.56708186902993,4356,2,NW_like
c50b42f6,ridge_quadratic,15.963805538972963,6014,0,SE_like
c593337f,ridge_quadratic,18.182437869804843,5208,0,NW_like
c59b6c4a,ridge_quadratic,22.827576285634407,5499,4,NW_like
c66be2b8,ridge_quadratic,19.995772901353273,4154,3,NW_like
c6797dd7,ridge_quadratic,2.7891987275963297,4664,3,SE_like
c6b782a4,ridge_quadratic,11.501453554008839,4877,4,NW_like
c6c96179,ridge_quadratic,4.168760595055071,4004,2,SE_like
c70c0e01,ridge_quadratic,9.442221247523332,4312,3,SE_like
c84c65be,ridge_quadratic,11.955418934821845,8496,0,NW_like
c8d9680c,ridge_quadratic,38.72502031443989,6281,3,NW_like
c908edd0,ridge_quadratic,6.833211715856752,5293,3,SE_like
c9578d27,ridge_quadratic,15.130475500622593,4487,0,NW_like
c96c018a,ridge_quadratic,4.192480048067259,6236,0,SE_like
c99f9fae,ridge_quadratic,22.149776253031035,6361,0,SE_like
c9e6734f,ridge_quadratic,32.15725169118158,4735,1,SE_like
c9e980e8,ridge_quadratic,5.850315504155223,4359,1,NW_like
c9fedcf3,ridge_quadratic,5.311310602135589,3517,0,SE_like
cad13e8f,ridge_quadratic,7.818814330349044,4848,4,SE_like
cb34231f,ridge_quadratic,9.282073647902024,5609,2,SE_like
cb879f40,ridge_quadratic,12.81446259259527,6315,2,NW_like
cbb406b5,ridge_quadratic,8.482236757379294,6328,3,SE_like
cbe51de1,ridge_quadratic,4.435098754761938,3963,0,SE_like
cbe62450,ridge_quadratic,32.799468805806825,6258,3,NW_like
cc08aa63,ridge_quadratic,7.611887916874085,3274,0,NW_like
cc8a1d57,ridge_quadratic,15.871086929805713,6638,3,NW_like
ccedb12b,ridge_quadratic,11.97396363177262,4401,2,NW_like
cd7f1687,ridge_quadratic,6.448668986890805,4232,1,NW_like
cda7eb37,ridge_quadratic,17.20269593244613,5973,0,NW_like
cdc31d65,ridge_quadratic,5.9172226449178895,4840,4,SE_like
cdc60a53,ridge_quadratic,7.6254758775812155,5878,3,NW_like
ce55ba43,ridge_quadratic,5.982455955002248,4104,1,NW_like
ce8399b7,ridge_quadratic,7.850406095952217,1615,0,SE_like
cf50c9d1,ridge_quadratic,18.830707515478505,4858,1,NW_like
d00e7eb9,ridge_quadratic,17.723112613095807,5704,1,SE_like
d011f41b,ridge_quadratic,8.88184804478086,2267,3,SE_like
d07aed8f,ridge_quadratic,12.894701881633285,2957,1,SE_like
d085e611,ridge_quadratic,6.668801141706042,6191,1,SE_like
d0a0e7b5,ridge_quadratic,3.480486332427682,3816,1,NW_like
d0a43760,ridge_quadratic,22.915917719417784,4041,1,SE_like
d0cb63ae,ridge_quadratic,12.47021515509417,5223,3,NW_like
d114d9c2,ridge_quadratic,15.491577372335222,6206,3,NW_like
d1457cc5,ridge_quadratic,7.506461525532941,6920,3,NW_like
d1ecf309,ridge_quadratic,10.568938762955527,6168,2,SE_like
d1ee630d,ridge_quadratic,10.803768063557081,6290,2,SE_like
d217e0c5,ridge_quadratic,2.755410447184864,3838,3,SE_like
d24ff243,ridge_quadratic,13.999608757990416,5641,1,SE_like
d273674e,ridge_quadratic,8.51012263101456,3899,2,NW_like
d2f3b1ab,ridge_quadratic,11.402741788987257,5581,2,SE_like
d3df146b,ridge_quadratic,11.5595264679433,5787,0,SE_like
d40f61d5,ridge_quadratic,4.0811787985711065,4039,0,SE_like
d41beaf2,ridge_quadratic,10.065239478502098,4753,4,NW_like
d463e527,ridge_quadratic,10.143614971123469,4767,2,SE_like
d4f60a28,ridge_quadratic,11.968514954312894,4501,2,SE_like
d50c649a,ridge_quadratic,8.629643735657831,4873,0,NW_like
d543916f,ridge_quadratic,13.253409598594006,4799,4,SE_like
d5df0ff5,ridge_quadratic,6.3556624157083075,4032,4,NW_like
d60430e6,ridge_quadratic,5.256567956104321,2511,3,NW_like
d63196fe,ridge_quadratic,25.867007699084045,4510,3,NW_like
d6c320d9,ridge_quadratic,10.679839528053463,5452,1,SE_like
d6dd7330,ridge_quadratic,11.529850625650088,6193,4,NW_like
d7ba4f9d,ridge_quadratic,25.924895893922457,6023,0,SE_like
d7eb0be8,ridge_quadratic,27.31019055817507,5401,4,NW_like
d84b621b,ridge_quadratic,7.612328574978119,3994,0,NW_like
d90aa14c,ridge_quadratic,7.203829143990818,10018,1,NW_like
d924e971,ridge_quadratic,26.044063672118007,3184,3,NW_like
d9ae59b2,ridge_quadratic,9.092697507315297,3648,2,SE_like
d9d6d94d,ridge_quadratic,9.094211843306837,4919,2,NW_like
d9eca87b,ridge_quadratic,31.073136771035937,6373,1,NW_like
da2d4d7c,ridge_quadratic,12.781231933607577,2114,0,SE_like
da3bfe4e,ridge_quadratic,17.222223023218987,5549,1,SE_like
da3cf798,ridge_quadratic,14.750857556072296,5844,1,NW_like
da940160,ridge_quadratic,7.546013684647366,5132,2,SE_like
dafc88c3,ridge_quadratic,24.309538666154715,5572,2,SE_like
dbee6c86,ridge_quadratic,5.455051139765137,7369,1,NW_like
dc5fbe29,ridge_quadratic,7.408463150552131,5203,1,SE_like
dc7da28f,ridge_quadratic,22.80058968385633,4774,1,SE_like
dc7f9757,ridge_quadratic,5.758102793255071,4360,1,SE_like
dd168de0,ridge_quadratic,5.747734547545122,3304,2,NW_like
dd64382d,ridge_quadratic,3.0738994935556043,3124,3,NW_like
dd6bc5b2,ridge_quadratic,6.080013720006634,3602,1,SE_like
dd7d638e,ridge_quadratic,2.402338756474081,4301,0,NW_like
ddc790ff,ridge_quadratic,2.6256574674795443,4726,4,SE_like
df71d1ff,ridge_quadratic,32.220232347023185,6228,3,SE_like
df73b8f3,ridge_quadratic,17.639014088000444,5311,1,SE_like
df8290be,ridge_quadratic,11.840120758196944,3972,1,NW_like
e0079ed1,ridge_quadratic,7.250735962200023,3471,3,SE_like
e03b45fd,ridge_quadratic,9.510732702076472,5342,2,NW_like
e0f36d98,ridge_quadratic,7.8619893564341,4976,4,SE_like
e149204f,ridge_quadratic,5.621766154978968,6097,1,SE_like
e14d641e,ridge_quadratic,5.4647661746875125,3184,3,NW_like
e161bd0c,ridge_quadratic,4.9525171238859045,2949,4,SE_like
e201fd6d,ridge_quadratic,11.015708194058739,5070,3,NW_like
e25f1537,ridge_quadratic,8.841439440821162,3177,1,NW_like
e2fc7745,ridge_quadratic,5.529210026788077,3692,2,NW_like
e32da4ec,ridge_quadratic,6.2797138245970805,4689,4,NW_like
e3b34f5b,ridge_quadratic,9.066648178884765,5455,2,SE_like
e45a2a62,ridge_quadratic,20.501751267646394,5007,4,NW_like
e46f4ef4,ridge_quadratic,16.22297174328596,7195,0,SE_like
e4726608,ridge_quadratic,4.002935731504966,4733,2,NW_like
e5864244,ridge_quadratic,6.761969328979785,4469,3,SE_like
e5c92e59,ridge_quadratic,11.244751443164409,4295,3,NW_like
e5ff9fd2,ridge_quadratic,5.963661024912052,2354,4,NW_like
e6c55748,ridge_quadratic,10.603659074464918,4472,1,SE_like
e730c32b,ridge_quadratic,13.366884261271595,4728,4,SE_like
e737965a,ridge_quadratic,12.363049914868265,5955,4,NW_like
e748dd88,ridge_quadratic,6.355236539094722,4812,3,SE_like
e7818f7a,ridge_quadratic,13.633099411873056,5371,3,SE_like
e7c36e81,ridge_quadratic,11.830721925563314,3531,3,NW_like
e7d0c1de,ridge_quadratic,6.983763834478575,4711,1,NW_like
e85074c5,ridge_quadratic,14.05899064844682,5675,4,SE_like
e97032ad,ridge_quadratic,3.7381310336816314,3530,1,NW_like
e9949a23,ridge_quadratic,13.305009593894125,4559,2,NW_like
ea0b99b7,ridge_quadratic,6.749080199453207,9239,3,SE_like
ea3a0e38,ridge_quadratic,11.441874262391837,10052,4,SE_like
ea41324e,ridge_quadratic,8.040747866504004,5025,0,NW_like
eabc711b,ridge_quadratic,14.591614762335192,5348,0,NW_like
eac10e86,ridge_quadratic,6.325335853201958,6067,3,SE_like
eafb863e,ridge_quadratic,7.20514102476649,3568,2,NW_like
eb06a4e7,ridge_quadratic,8.11204458905278,4535,3,SE_like
eb640a35,ridge_quadratic,13.013358099063622,6037,3,SE_like
eb934281,ridge_quadratic,2.349658316134881,5971,1,NW_like
eba6605e,ridge_quadratic,11.434990441949441,4410,0,SE_like
ebe69318,ridge_quadratic,5.987799338918245,4976,4,SE_like
ec0d597b,ridge_quadratic,18.54644700483658,4616,4,SE_like
ec13af42,ridge_quadratic,9.328707299609857,5462,2,SE_like
ecdab904,ridge_quadratic,11.261336880305787,6147,3,NW_like
ecdaf714,ridge_quadratic,24.497863588262447,6592,2,NW_like
ed6436d6,ridge_quadratic,9.885654600353892,2945,1,NW_like
ed6e6e54,ridge_quadratic,7.0348417510818235,6048,1,NW_like
edf885a3,ridge_quadratic,7.101637297319886,3117,1,NW_like
ee0300f7,ridge_quadratic,19.229127589196825,4544,0,SE_like
ee288beb,ridge_quadratic,31.41633586939675,4638,2,SE_like
ee4aecac,ridge_quadratic,13.840915000657702,5265,4,SE_like
eeda36f5,ridge_quadratic,13.791353784434069,4797,0,SE_like
eeed308d,ridge_quadratic,5.394235613518766,3899,0,SE_like
ef04658e,ridge_quadratic,4.614113009179651,4104,4,NW_like
ef8e3ed0,ridge_quadratic,5.801780355390086,5224,3,NW_like
efde6ac3,ridge_quadratic,10.56111895062482,4559,4,SE_like
efe96181,ridge_quadratic,20.572228791192153,4012,4,SE_like
f0188a48,ridge_quadratic,12.467407359900328,4170,2,SE_like
f021b650,ridge_quadratic,4.3008902299647795,3739,0,NW_like
f03f10fe,ridge_quadratic,8.77307669614511,4145,2,SE_like
f053a1b9,ridge_quadratic,12.456781515266204,4108,4,NW_like
f074d277,ridge_quadratic,3.4848683857152674,2453,2,NW_like
f07d7037,ridge_quadratic,5.9599775681564635,5563,3,NW_like
f08774c3,ridge_quadratic,10.324357133179008,3900,4,NW_like
f140c2fa,ridge_quadratic,14.377505599383523,4082,4,NW_like
f16e25e3,ridge_quadratic,4.661634991215781,4651,4,NW_like
f2d4c8c9,ridge_quadratic,6.51544688674292,6249,3,NW_like
f321a31c,ridge_quadratic,15.418716274782488,5141,2,SE_like
f40cd091,ridge_quadratic,7.653107352140223,5166,3,NW_like
f439a621,ridge_quadratic,4.9500289694086606,2821,2,NW_like
f49fdea3,ridge_quadratic,19.28725823563613,5391,3,NW_like
f4d12d23,ridge_quadratic,15.60415493981342,3701,0,NW_like
f56d3ace,ridge_quadratic,12.03565380225591,5432,4,NW_like
f5859199,ridge_quadratic,24.170886412565533,5790,2,NW_like
f5d8aab6,ridge_quadratic,9.699665241109551,4444,4,NW_like
f631da6e,ridge_quadratic,6.989139314334638,4093,4,NW_like
f6824bb0,ridge_quadratic,25.80072492181095,5015,4,NW_like
f6bc699b,ridge_quadratic,4.881762873338806,3752,0,SE_like
f6d009f4,ridge_quadratic,45.540847765967136,6715,3,NW_like
f72b268f,ridge_quadratic,12.831478747709065,6404,3,NW_like
f8662c22,ridge_quadratic,8.383006075854864,5429,2,SE_like
f88ddb26,ridge_quadratic,16.21381964763295,4990,1,NW_like
f8afa78a,ridge_quadratic,9.78044888292476,6032,4,SE_like
f8f59188,ridge_quadratic,5.437210931658554,4807,3,SE_like
f9fc81aa,ridge_quadratic,7.883490366360183,5598,4,SE_like
fa16d114,ridge_quadratic,16.208487567051066,5686,3,SE_like
fa31da94,ridge_quadratic,14.659568318431852,5027,3,SE_like
fa667be2,ridge_quadratic,6.4305459268786365,7296,1,NW_like
fae0c593,ridge_quadratic,11.436052764626154,4403,1,NW_like
fb03ae90,ridge_quadratic,33.73689157573086,6431,0,SE_like
fb0904bd,ridge_quadratic,9.301950675376396,3181,4,NW_like
fb3848a1,ridge_quadratic,6.209244402952072,5919,0,NW_like
fb73b13a,ridge_quadratic,17.483764717002174,5640,0,NW_like
fba7683c,ridge_quadratic,16.577179273740253,407,3,NW_like
fbd68d27,ridge_quadratic,29.34956974958958,6829,1,SE_like
fc03f21f,ridge_quadratic,8.54853377033883,4803,1,NW_like
fc0d20b2,ridge_quadratic,7.446161385204836,3954,0,NW_like
fcfcc902,ridge_quadratic,6.609639719982421,2791,1,SE_like
fd3b4faa,ridge_quadratic,2.6217163861569923,5022,0,SE_like
fd710aea,ridge_quadratic,5.762681643845509,4217,2,NW_like
fd8f77fa,ridge_quadratic,11.735164202046558,5272,4,NW_like
fde20ecf,ridge_quadratic,12.530657798300457,4667,4,NW_like
fdfd57da,ridge_quadratic,7.513418391357108,5236,3,SE_like
febb4411,ridge_quadratic,20.28400613325422,4247,2,SE_like
fef8af96,ridge_quadratic,26.093218191756105,3826,0,SE_like
ff0aea78,ridge_quadratic,14.93710384878928,3261,3,NW_like
ff8bb73a,ridge_quadratic,9.13160934770263,5927,0,NW_like
ffefef30,ridge_quadratic,14.36410213227348,4570,4,SE_like
000d7d20,extra_linear,6.802886680716339,3836,2,NW_like
00bbac68,extra_linear,9.251322515672173,6014,0,NW_like
00e12e8b,extra_linear,8.150972386495217,4301,0,NW_like
015fe0d2,extra_linear,20.207514389163688,4296,1,SE_like
01869cd4,extra_linear,5.351637636844009,5557,3,SE_like
01982c1d,extra_linear,17.12964884021996,3941,0,NW_like
028d7b28,extra_linear,41.956328163537336,6234,0,SE_like
02e7fe5a,extra_linear,7.3280288196752315,5108,1,SE_like
0390d174,extra_linear,10.472840723746947,4411,2,SE_like
03a935ae,extra_linear,19.53384130000776,2786,3,NW_like
044af7d1,extra_linear,5.693775290048818,4519,0,NW_like
0498acab,extra_linear,3.7345973980267186,4798,2,SE_like
052d64df,extra_linear,2.7609492223324974,2445,2,NW_like
05948241,extra_linear,4.6000794512843255,3879,4,NW_like
059c8f24,extra_linear,49.09315185239186,6258,3,SE_like
05a0ee4d,extra_linear,10.476612554848879,4348,3,NW_like
060ab2b8,extra_linear,8.949451538183336,6258,3,NW_like
06df5958,extra_linear,2.663943836640291,3509,4,SE_like
071d7b45,extra_linear,8.658574957878004,3211,2,NW_like
0849b4e2,extra_linear,13.90790572784067,5537,1,SE_like
084d66f9,extra_linear,8.93725350032513,3885,2,SE_like
08fecf00,extra_linear,5.849820269381409,5574,4,SE_like
09053135,extra_linear,4.997078946485959,5907,1,SE_like
09441b8d,extra_linear,8.993328533847722,5488,4,NW_like
0955cd6c,extra_linear,4.9141755515934715,5195,1,NW_like
09ec2ca9,extra_linear,6.98295085529096,5885,2,SE_like
0a57a29c,extra_linear,8.9899988896069,5821,0,NW_like
0bbf5e67,extra_linear,10.182702107315523,4298,4,SE_like
0be01c24,extra_linear,4.448500635744223,4738,1,NW_like
0c1b160c,extra_linear,4.7888566455134844,5054,3,SE_like
0d99f8e4,extra_linear,15.399451557864243,5823,0,SE_like
0dc5e64d,extra_linear,16.63105802448999,4879,2,SE_like
0dc835f3,extra_linear,17.211193211496138,4428,0,NW_like
0dd99dc5,extra_linear,8.910311893770592,7342,0,NW_like
0e5e560d,extra_linear,6.75427100516891,3253,0,SE_like
109d9d70,extra_linear,16.960069414557235,4215,3,NW_like
10a1281a,extra_linear,7.578176354881928,5609,1,NW_like
10b89021,extra_linear,12.474523747537615,5414,2,NW_like
10be2420,extra_linear,5.274038046253289,3271,2,NW_like
113011eb,extra_linear,6.849504065473145,3272,2,SE_like
1131525f,extra_linear,8.743515660720483,4159,1,SE_like
11d0f5ac,extra_linear,6.878965947903951,4883,1,NW_like
12203f2a,extra_linear,4.421739234837611,3261,1,NW_like
122bd617,extra_linear,3.071386434146149,4570,1,NW_like
125be846,extra_linear,20.591037412134558,6510,2,NW_like
1285a37b,extra_linear,2.211601060858417,5597,2,NW_like
1295a25b,extra_linear,12.600307970595892,5551,2,SE_like
12f0cd90,extra_linear,21.066620376107753,5947,4,SE_like
137d1e44,extra_linear,13.534867602014529,4554,4,NW_like
13ce113d,extra_linear,8.54716591571787,2966,1,NW_like
13f598d9,extra_linear,6.070178905665073,7306,1,NW_like
14a53cb3,extra_linear,3.9483213960773402,6919,0,NW_like
14ab73fb,extra_linear,48.082541833366335,3649,0,SE_like
14ad5efb,extra_linear,4.465750410424198,5842,0,SE_like
14fee784,extra_linear,11.332191975008023,4910,4,NW_like
153552f5,extra_linear,4.103701818656767,4695,4,NW_like
1550491d,extra_linear,4.525673031979282,4563,2,SE_like
155887bb,extra_linear,17.44320266800454,5585,0,NW_like
1590af81,extra_linear,3.933196524671079,3799,3,NW_like
15e154a1,extra_linear,11.844787201989373,6068,4,SE_like
1619e2ca,extra_linear,2.506627882978556,4443,4,SE_like
16e4a047,extra_linear,20.71404078545986,4131,2,NW_like
173ed841,extra_linear,23.78390633540275,4883,2,NW_like
1770d7c6,extra_linear,4.807595620830689,7240,3,NW_like
177622d7,extra_linear,11.426995278059081,3154,3,NW_like
18d24f7b,extra_linear,7.616138167206075,4558,2,NW_like
19137a89,extra_linear,19.600910846683337,6267,2,NW_like
1944513c,extra_linear,18.107883047352892,4722,4,SE_like
197f8a5a,extra_linear,24.709492360376586,6310,2,NW_like
19871e7f,extra_linear,4.279173299916424,5293,1,NW_like
198a5607,extra_linear,8.00285318398213,6251,0,NW_like
19fb4f7b,extra_linear,6.159592631507029,5620,1,NW_like
1a518997,extra_linear,5.3598586387600315,4606,0,SE_like
1a68190b,extra_linear,9.509514791827053,4474,4,SE_like
1a730ac2,extra_linear,11.814427281410408,4605,2,SE_like
1aaf1da0,extra_linear,9.279242986752916,4804,0,NW_like
1b08ed48,extra_linear,8.831835148477214,5618,0,NW_like
1b1c5372,extra_linear,15.86777005920536,4261,2,SE_like
1b1eba53,extra_linear,62.72801186338518,4655,1,SE_like
1b6ba517,extra_linear,19.23957539133277,6597,2,NW_like
1b82b665,extra_linear,6.688246288908674,3806,4,SE_like
1bcb2fcf,extra_linear,5.824659967201679,4524,4,NW_like
1beca81d,extra_linear,5.419101558128962,5036,2,SE_like
1d3fbf02,extra_linear,3.0935725454808427,2694,4,SE_like
1d78281a,extra_linear,3.924532738248116,4949,0,SE_like
1e30dedf,extra_linear,7.6072465072884174,4071,2,NW_like
1e5e3573,extra_linear,12.026573629957268,5480,4,NW_like
1f9afacb,extra_linear,2.9611997656774176,5328,3,NW_like
1fdbba44,extra_linear,17.119190441024898,4911,1,NW_like
1fee2b62,extra_linear,3.7004385224227856,4641,3,NW_like
20096916,extra_linear,6.336263081953749,5133,2,NW_like
200d233d,extra_linear,4.48631385842359,3926,3,SE_like
201661b5,extra_linear,10.844210187654616,5955,1,SE_like
203721ab,extra_linear,7.159422571964036,5730,4,SE_like
20402d71,extra_linear,6.226258994453664,6372,4,NW_like
2043abc5,extra_linear,7.8068871583948125,6958,0,NW_like
204cc64b,extra_linear,6.009383631290302,4805,1,NW_like
206b6193,extra_linear,39.409729169369804,6535,1,NW_like
2075c696,extra_linear,13.408942082258738,3188,3,SE_like
22c5f93f,extra_linear,6.9538894537106195,5172,2,NW_like
230eaaa3,extra_linear,17.940180502080523,4690,0,SE_like
2364716c,extra_linear,8.345459998843253,4316,2,SE_like
23b9beb0,extra_linear,5.517170659182196,7340,3,SE_like
24d8997e,extra_linear,2.4778214997508523,3442,1,NW_like
25050f63,extra_linear,6.924941544175092,6124,0,NW_like
25939962,extra_linear,11.082509681935345,4319,1,NW_like
25fd32b3,extra_linear,4.771944790705162,2885,0,SE_like
261785ee,extra_linear,14.370115525116871,3646,3,NW_like
264feceb,extra_linear,9.98468557510315,5665,1,NW_like
26623a50,extra_linear,9.226278123343908,5735,4,NW_like
26d3a96a,extra_linear,8.933263283774982,4721,4,NW_like
272abef3,extra_linear,6.39930636772728,4135,3,SE_like
27300fd5,extra_linear,3.992346008290845,5467,0,NW_like
276b012a,extra_linear,23.856246212293584,4837,3,SE_like
27c3155b,extra_linear,13.09217282577544,4958,2,SE_like
27ebb9b9,extra_linear,21.230165423181035,5766,2,NW_like
283269ac,extra_linear,2.138790248447393,2626,2,NW_like
28473855,extra_linear,7.946848086253776,4290,2,NW_like
28f4eda9,extra_linear,4.12576633142527,5266,0,NW_like
29b24409,extra_linear,7.643411079649927,5587,4,NW_like
29de15c8,extra_linear,1.608048887303276,3431,4,NW_like
2ab29395,extra_linear,4.925044480165281,1852,1,SE_like
2ac7cb6b,extra_linear,17.492165406434136,4990,1,NW_like
2acc78d4,extra_linear,9.95520415358447,4266,4,NW_like
2b034622,extra_linear,3.4363021838202576,5203,2,NW_like
2b06ad65,extra_linear,4.919789626294975,4256,2,NW_like
2b547943,extra_linear,15.6277631385233,3480,0,SE_like
2be5c96a,extra_linear,5.1950377171562145,4210,4,SE_like
2bff06cf,extra_linear,60.22311128052339,7624,0,NW_like
2c0c4a4e,extra_linear,2.2221298153962366,4790,4,SE_like
2cee0cba,extra_linear,10.579205871212825,5500,2,SE_like
2d0c268a,extra_linear,5.936033970179798,4550,4,SE_like
2d179ded,extra_linear,10.102256412472283,7008,3,NW_like
2d196986,extra_linear,13.590974907680813,6474,0,NW_like
2d2d0c6b,extra_linear,5.9621048409236845,5045,2,SE_like
2d35f86d,extra_linear,8.994871508933349,4896,3,NW_like
2d9f6cb9,extra_linear,14.52686336210365,7338,4,NW_like
2ddad940,extra_linear,13.08083244643349,5331,2,SE_like
2e29e833,extra_linear,6.832563430916809,5428,0,SE_like
2e43c2ea,extra_linear,6.205178825943792,5698,3,NW_like
2e63d9de,extra_linear,17.109555584058647,4699,2,SE_like
2ee0235b,extra_linear,14.587273460550723,5556,3,NW_like
2f19d536,extra_linear,7.913494152907225,3088,1,NW_like
2f8e53c3,extra_linear,5.34814392537272,2594,0,NW_like
2fa01aa6,extra_linear,13.952588672930222,2174,4,SE_like
2fd68f7b,extra_linear,26.83262996418174,4730,2,SE_like
2fe023be,extra_linear,6.304256966017274,4221,1,NW_like
30d75030,extra_linear,19.026731446302563,3404,1,NW_like
310c71a5,extra_linear,6.196118367901798,5245,4,NW_like
32fe84c9,extra_linear,20.512093841498633,6408,3,SE_like
33c40295,extra_linear,9.73333457531771,4169,0,NW_like
3407f5bf,extra_linear,23.02051083253292,3638,4,SE_like
3417285d,extra_linear,29.39473356553718,5449,4,NW_like
347242c8,extra_linear,5.129670298291897,3595,0,SE_like
353e5502,extra_linear,5.516248879131441,6062,1,NW_like
357c12f9,extra_linear,2.3505739577694778,4079,4,NW_like
3584a6eb,extra_linear,19.664651497797248,4494,2,NW_like
35b30c7f,extra_linear,34.652616002567484,9579,4,SE_like
35b3ef6a,extra_linear,20.210250197357546,3904,4,NW_like
367456ce,extra_linear,10.352200734006916,5569,1,SE_like
368131f9,extra_linear,14.15921469139511,4991,1,NW_like
368fe682,extra_linear,19.17874482920255,4936,1,NW_like
3690a146,extra_linear,6.66482534428934,4073,2,SE_like
37344c2a,extra_linear,15.571162192387828,5197,0,SE_like
373ef48b,extra_linear,2.3418753618645143,3509,0,SE_like
374be387,extra_linear,9.58603028448556,9965,2,NW_like
37d36812,extra_linear,18.0778512177173,4367,0,NW_like
38991fd4,extra_linear,6.056170147091921,4798,4,NW_like
389ae58f,extra_linear,37.34399193550752,6463,3,SE_like
3932faa6,extra_linear,17.048789866674284,5452,4,NW_like
398dce4b,extra_linear,2.3307224808166307,3166,3,NW_like
39b51819,extra_linear,2.423043419821333,4231,2,NW_like
3a0af893,extra_linear,14.45740434656065,2927,2,NW_like
3a223519,extra_linear,14.383785873703753,4583,3,SE_like
3a7dd95d,extra_linear,13.451281694526656,3072,4,NW_like
3a824aa7,extra_linear,7.604845463715498,4201,3,NW_like
3a86fe8d,extra_linear,4.904030470344928,5118,0,SE_like
3aaa2b30,extra_linear,3.0596094605001847,4711,0,SE_like
3ac16ad0,extra_linear,8.838218752705744,5649,1,SE_like
3b21ea64,extra_linear,14.777202696104489,7376,1,NW_like
3bbe1f5d,extra_linear,13.521911158256618,6918,0,SE_like
3bfee975,extra_linear,2.4295086414603664,3603,3,SE_like
3c3dbcbc,extra_linear,6.3368022205785515,5069,0,NW_like
3d96d897,extra_linear,13.052673727792508,5659,2,SE_like
3df4b19e,extra_linear,6.527474423040275,4988,4,SE_like
3e011332,extra_linear,12.31362318628671,2723,1,NW_like
3e678ea7,extra_linear,3.285278052471529,6858,1,SE_like
3ef6372a,extra_linear,6.7333901873391815,4727,1,SE_like
3ef98781,extra_linear,4.481106679230607,3892,4,NW_like
3f603129,extra_linear,10.544102930942344,5051,2,SE_like
404c4384,extra_linear,15.775624221521186,911,4,NW_like
4121c517,extra_linear,7.743177010456378,3723,0,NW_like
41fb0192,extra_linear,4.756585507732651,2973,3,SE_like
42669188,extra_linear,14.730629791541793,4282,0,NW_like
42c538a1,extra_linear,47.96397897051797,3279,1,NW_like
43b06c70,extra_linear,13.790854285297296,4846,4,NW_like
43c7f85a,extra_linear,13.916451676627299,5978,1,SE_like
43e16325,extra_linear,30.201100026929957,3720,0,SE_like
44441e54,extra_linear,2.547461548336724,4357,0,NW_like
445af6c2,extra_linear,27.700051536841926,6041,4,SE_like
4463446c,extra_linear,6.031154989421664,3256,0,SE_like
44a94013,extra_linear,30.576246928320316,4903,4,NW_like
45fb3e21,extra_linear,15.159481766117862,3649,2,NW_like
460f859e,extra_linear,6.645766658451188,3336,4,SE_like
4630ab92,extra_linear,9.110997352513866,3373,3,NW_like
463c38f2,extra_linear,6.775490798181674,4460,0,NW_like
4654e7de,extra_linear,12.510291917083146,5373,1,SE_like
466fc788,extra_linear,10.017874166182727,6197,4,NW_like
46a301e9,extra_linear,8.832745452169636,8226,3,SE_like
46a7190b,extra_linear,14.291396015739517,4215,0,SE_like
46d24a09,extra_linear,28.132117772275354,4449,2,NW_like
46d41ff6,extra_linear,5.991937838028896,7901,4,SE_like
46dfcfca,extra_linear,21.0335604398522,3606,0,SE_like
47222616,extra_linear,12.585713469414465,4406,0,NW_like
47ee27ab,extra_linear,13.704111679670868,6397,4,NW_like
481de5fc,extra_linear,32.718634235835886,5952,3,NW_like
48c1f673,extra_linear,10.201677298070228,2917,3,NW_like
4936af16,extra_linear,4.390992403031528,3991,0,SE_like
493b5b31,extra_linear,21.80414440118485,4671,0,SE_like
49dbc14c,extra_linear,3.721707753877206,3872,2,SE_like
4a035ec2,extra_linear,16.463323018111954,2588,3,SE_like
4a335117,extra_linear,15.732192996465425,5015,1,SE_like
4a8ecc0b,extra_linear,5.827161964482771,5809,4,NW_like
4b462989,extra_linear,3.233520371272555,3106,3,NW_like
4b831d20,extra_linear,10.274058874436145,7312,3,NW_like
4c2208f5,extra_linear,20.091239959010867,5384,4,NW_like
4c3168cf,extra_linear,4.340739157095838,4334,3,NW_like
4c3df468,extra_linear,10.934431826451526,5392,0,SE_like
4caa7289,extra_linear,7.551836050613437,5396,2,NW_like
4cd1ac61,extra_linear,11.993861050566077,4489,1,NW_like
4cecf7b3,extra_linear,19.417121406932495,6019,2,NW_like
4ddde4c1,extra_linear,5.353064608316542,4472,0,NW_like
4e050c92,extra_linear,13.443104550106842,3705,4,NW_like
4ed93db6,extra_linear,7.373922392397458,4657,3,SE_like
4f3eb9e9,extra_linear,28.029162541461165,4697,3,SE_like
4f4ac5ce,extra_linear,5.268696875158917,5162,3,NW_like
4f4afcc6,extra_linear,10.65233693446442,5645,1,SE_like
4f69febf,extra_linear,7.031399644939533,5460,2,NW_like
4fbe9c06,extra_linear,11.027384196148224,6287,3,SE_like
504c8b08,extra_linear,18.482113864489907,6367,0,NW_like
511e1db0,extra_linear,11.34526344678665,3821,2,SE_like
512943b2,extra_linear,7.707908621958484,5029,2,NW_like
5138a660,extra_linear,14.857081812658288,3559,4,SE_like
516088b7,extra_linear,6.676876960416404,6645,0,NW_like
521a7819,extra_linear,11.154287562856647,5200,1,NW_like
5254b6db,extra_linear,4.90165038186003,3274,1,NW_like
529e88ca,extra_linear,15.748272384122135,3417,3,NW_like
52f1e77a,extra_linear,9.835294852548158,4442,3,NW_like
5305524b,extra_linear,8.702872079505449,4898,3,NW_like
53134831,extra_linear,12.023955364729114,5126,0,NW_like
5397ceb1,extra_linear,2.725368009658441,5255,4,SE_like
53f23031,extra_linear,8.801164073692396,8550,3,SE_like
543198e8,extra_linear,16.737465678778243,6503,0,NW_like
54753541,extra_linear,18.35577853858159,4026,4,SE_like
54a7e3c2,extra_linear,5.2190845448138266,6155,2,NW_like
5542c301,extra_linear,6.948225850115375,3591,1,NW_like
5567d551,extra_linear,11.050530543291917,6889,4,NW_like
55efee7f,extra_linear,11.730128622205777,4801,0,NW_like
5663b2b7,extra_linear,31.000653200907347,4972,0,NW_like
5693dde2,extra_linear,11.454628064853596,3488,0,SE_like
56b00794,extra_linear,13.566449811854689,6065,2,SE_like
57796579,extra_linear,6.6406767427072335,5890,2,NW_like
577eec7c,extra_linear,11.093473749248531,4539,3,SE_like
57f05c51,extra_linear,17.432960870993472,4771,3,SE_like
58850d2c,extra_linear,19.83728200340002,4995,1,NW_like
58fa8486,extra_linear,7.818035980257749,4475,1,NW_like
591cc951,extra_linear,3.1126261974547815,4609,2,NW_like
593876b6,extra_linear,6.516783632925164,4842,4,NW_like
59f8b2e8,extra_linear,26.79927670444058,3747,4,SE_like
5a1a8fd8,extra_linear,11.497715889937016,5260,3,SE_like
5a5269a9,extra_linear,14.311091902853935,6513,3,SE_like
5a5d1982,extra_linear,6.5991813628838605,3894,0,SE_like
5a63b5d1,extra_linear,38.55825773663341,6217,2,SE_like
5aa03df7,extra_linear,9.176577657346655,4871,3,SE_like
5aa403d0,extra_linear,20.85310114744018,3118,1,NW_like
5aef5c6c,extra_linear,9.805804028167582,3121,0,SE_like
5b7b6324,extra_linear,17.009484863167234,6564,3,NW_like
5bd25f59,extra_linear,7.930709047944522,4210,3,NW_like
5beded95,extra_linear,13.088211591101185,3057,4,SE_like
5cb483ac,extra_linear,4.13151048452781,3852,2,NW_like
5cdd8dbc,extra_linear,14.716570238520426,4010,4,NW_like
5d11dfb5,extra_linear,6.515002584565448,5895,1,NW_like
5d7198fd,extra_linear,6.960579199114888,3368,3,NW_like
5def1ce5,extra_linear,9.335111808774402,6443,3,SE_like
5eae34a8,extra_linear,3.756726033037961,4904,2,SE_like
5f4d2a52,extra_linear,32.680431347276084,5225,3,NW_like
5f6756c5,extra_linear,4.07291088870835,5931,1,NW_like
5f75f796,extra_linear,10.673099072492018,5562,4,NW_like
5fb1c15f,extra_linear,9.569381336733507,2860,0,NW_like
5fffa282,extra_linear,7.53242019900744,4201,4,SE_like
60e37807,extra_linear,18.584625492340876,2699,4,NW_like
61f27424,extra_linear,3.381068856973889,6220,2,NW_like
62569ae3,extra_linear,17.330646376865385,3588,4,SE_like
62a6f539,extra_linear,4.968218822406081,3693,1,NW_like
633774dc,extra_linear,12.804511315364616,6233,0,NW_like
63559d57,extra_linear,7.233362750179705,4069,2,SE_like
647f2a41,extra_linear,3.7347571854394004,3881,2,SE_like
65156b96,extra_linear,5.61125745145893,3221,1,SE_like
653612bc,extra_linear,5.613317647110862,4605,3,NW_like
656a067b,extra_linear,6.497864547477622,3051,2,NW_like
65a5466a,extra_linear,10.769814317392523,4683,2,SE_like
660d9546,extra_linear,7.7641735727734105,4732,0,NW_like
6767c111,extra_linear,66.64380241487162,6783,2,NW_like
67847288,extra_linear,11.545721717692414,7429,2,NW_like
67a8da4a,extra_linear,14.691999989226249,4911,1,NW_like
684a6fc1,extra_linear,12.643198749848224,9818,0,SE_like
698930d1,extra_linear,11.181207567694885,4741,3,NW_like
699ea575,extra_linear,14.161627825860757,4120,2,NW_like
69c1bdad,extra_linear,10.03294725522258,2714,0,NW_like
69e41fa6,extra_linear,15.185986690608408,5772,0,SE_like
6a0ff78e,extra_linear,12.946626670319237,6465,2,SE_like
6a8fa194,extra_linear,12.011615632116875,3017,3,NW_like
6ae68655,extra_linear,8.440238375381519,4204,3,NW_like
6d1d74e1,extra_linear,15.476165556861549,5830,1,SE_like
6d590e26,extra_linear,10.410935786685007,6096,2,NW_like
6d6d93af,extra_linear,41.12176127091877,3595,2,SE_like
6dbe4b60,extra_linear,7.789783826088375,4648,2,NW_like
6e6d122c,extra_linear,7.85486739141608,5632,4,SE_like
6e9ccd38,extra_linear,12.869674814032633,8282,4,NW_like
6ea22614,extra_linear,8.17342698094077,5971,0,SE_like
6ede926a,extra_linear,4.428057069937716,4938,2,NW_like
708caea9,extra_linear,72.0868605686435,6548,1,NW_like
70925e23,extra_linear,19.70093453324527,5947,1,NW_like
70e1788b,extra_linear,12.60477268129653,9285,3,NW_like
71642c7d,extra_linear,6.633164489469618,4648,4,SE_like
71ccf778,extra_linear,14.07156156374699,2698,3,NW_like
7224331b,extra_linear,7.531684422809008,6063,3,NW_like
722cf0d8,extra_linear,7.942813004256406,5143,4,NW_like
7256229b,extra_linear,8.990833289365568,5415,0,SE_like
726f3dc2,extra_linear,5.4626412183917,6723,1,NW_like
7271dd80,extra_linear,7.890772869071648,4340,4,SE_like
727a3a10,extra_linear,30.42287116207019,4397,3,NW_like
729665c0,extra_linear,9.199952576641834,4263,1,SE_like
729e9750,extra_linear,10.419287083574094,5919,4,SE_like
729f4217,extra_linear,14.639857100308602,6195,2,SE_like
72dd8501,extra_linear,7.242364208258537,5193,1,NW_like
73348914,extra_linear,15.37983882088255,4221,3,SE_like
739a914f,extra_linear,14.837327513751687,5505,1,NW_like
73b1447d,extra_linear,30.782848312835064,5670,4,SE_like
74b6186b,extra_linear,4.3395619108625985,3405,3,NW_like
75c20ec7,extra_linear,4.603892388178546,5361,0,NW_like
75cd5f11,extra_linear,10.795391339915751,4946,4,SE_like
75d20a82,extra_linear,22.625980518101645,5067,2,NW_like
76201745,extra_linear,3.9044764656145903,4448,1,SE_like
764072a5,extra_linear,7.819358620882567,2949,0,NW_like
77b0d905,extra_linear,12.505431145674093,4174,0,NW_like
77e4821c,extra_linear,8.560930765766413,5393,3,SE_like
7850c72e,extra_linear,13.095887455966523,5497,3,SE_like
78a4a386,extra_linear,3.406437623488224,5119,1,NW_like
79507629,extra_linear,5.7696566212580445,5302,4,NW_like
796dbd4c,extra_linear,5.943120629464155,6248,3,SE_like
7987f2f2,extra_linear,8.79333209680946,3705,0,SE_like
7993a768,extra_linear,8.326161904136772,5487,2,SE_like
7a5660b0,extra_linear,20.684289615657484,4998,3,NW_like
7acda2df,extra_linear,11.944105389262775,3091,4,SE_like
7b2c7b3c,extra_linear,8.225370490175802,2584,4,NW_like
7b38844c,extra_linear,2.4558655235210414,3749,1,NW_like
7bb17b96,extra_linear,1.6517496036253405,3922,0,SE_like
7c607683,extra_linear,8.603122975026002,5328,0,NW_like
7cbbd047,extra_linear,4.982846408179732,5121,2,SE_like
7cd4bb31,extra_linear,5.494507729517104,6439,2,SE_like
7d50373e,extra_linear,9.301895682314722,5122,3,SE_like
7d57c75d,extra_linear,9.048174314042017,4405,2,NW_like
7e208414,extra_linear,10.411715127770284,4226,3,NW_like
7e721392,extra_linear,47.184636076693245,6174,2,SE_like
7ff89f8f,extra_linear,13.080401226045879,7337,0,NW_like
8050c789,extra_linear,9.717356481689121,3077,3,NW_like
807f0298,extra_linear,11.349451868091714,3747,1,NW_like
811f52b3,extra_linear,8.454585731259943,4836,4,NW_like
81bf5923,extra_linear,37.11367625966329,4543,1,NW_like
81fc01c6,extra_linear,13.382648844262597,5909,2,NW_like
8255c867,extra_linear,17.267433302389673,3589,4,NW_like
82aab6d2,extra_linear,8.28773043751203,6140,4,NW_like
82fcf37c,extra_linear,8.80958425908074,6014,1,NW_like
833af382,extra_linear,5.867446436410126,3628,0,NW_like
8382f4b6,extra_linear,22.299074573306186,4967,1,SE_like
84633df4,extra_linear,8.90374013851957,4972,3,NW_like
8478df29,extra_linear,8.508283208693655,4857,1,NW_like
84815d5a,extra_linear,2.885978128584943,3647,1,NW_like
84c3b497,extra_linear,13.700875541277764,5312,1,SE_like
85380836,extra_linear,11.742262371805603,6618,0,NW_like
8612b37f,extra_linear,8.333068355494934,5165,2,NW_like
861e71df,extra_linear,5.955821610894238,4700,4,NW_like
86454a6f,extra_linear,49.01605991944655,7964,1,SE_like
8648abae,extra_linear,8.577237574343227,4244,0,SE_like
865033f8,extra_linear,3.4506803036042397,3557,0,NW_like
87695469,extra_linear,12.467904979951069,7003,1,NW_like
877ed19c,extra_linear,7.285406027107103,3708,4,SE_like
87aa3730,extra_linear,10.88846053526193,5607,4,SE_like
884ecb5f,extra_linear,8.20153784238991,6724,2,SE_like
8902c3f6,extra_linear,15.054422585758008,4959,1,SE_like
896d15b9,extra_linear,119.99808326223094,4279,1,NW_like
8995c945,extra_linear,63.01099707306845,6724,2,NW_like
89969c7a,extra_linear,13.044788559513163,4947,4,NW_like
89f1085d,extra_linear,10.15675369830194,5994,4,NW_like
89f36adf,extra_linear,6.379934043409778,5292,1,NW_like
89fdb2f2,extra_linear,3.609819589065378,2031,2,NW_like
8a3da6d1,extra_linear,14.2158732039325,4593,3,NW_like
8a89da23,extra_linear,17.416449389579242,3935,2,SE_like
8a9c8932,extra_linear,12.724701612423994,4663,2,NW_like
8ac2f237,extra_linear,21.965076591556755,5319,1,SE_like
8b12bab6,extra_linear,9.375599364683582,5234,1,NW_like
8b5be31b,extra_linear,3.684950842567809,5672,0,NW_like
8b95d6d1,extra_linear,4.82039740229804,1731,0,SE_like
8b9d8326,extra_linear,6.168397568983457,6163,3,SE_like
8bb9c1e6,extra_linear,4.442630455252708,4546,0,NW_like
8bda1a11,extra_linear,5.563812818571897,5981,4,SE_like
8bfa881d,extra_linear,18.86470608405561,4089,1,NW_like
8c167025,extra_linear,14.373985135833333,5368,2,SE_like
8c8348e8,extra_linear,9.588349671614683,3888,0,SE_like
8cc21f01,extra_linear,4.925258305982747,4044,2,SE_like
8cc800b3,extra_linear,45.888903430298136,6576,4,SE_like
8d5d46d7,extra_linear,14.356995623892551,5755,1,NW_like
8d92cb49,extra_linear,7.291991254317175,3589,2,NW_like
8f201368,extra_linear,36.5292480671127,6349,1,NW_like
90386ee4,extra_linear,2.3858575120233394,3840,2,SE_like
91abc4c7,extra_linear,3.5679396671669203,5848,2,NW_like
91b301ce,extra_linear,29.513009181027616,6570,4,NW_like
91db7070,extra_linear,38.228966185615135,4073,1,SE_like
925a7cd1,extra_linear,1.5650471527941916,4517,3,NW_like
9283ae69,extra_linear,4.910248837225558,3371,0,NW_like
9298ad5b,extra_linear,7.164076693713133,3964,0,NW_like
9314ff13,extra_linear,19.284844236365434,2748,3,NW_like
93209a3d,extra_linear,6.317630603154183,4697,4,NW_like
939d9c34,extra_linear,10.833817699439047,5101,1,NW_like
93f5d2e6,extra_linear,17.290613848072724,3691,2,SE_like
940a48d9,extra_linear,7.652261658807725,3963,3,SE_like
940e709a,extra_linear,2.8168546322956582,3348,4,NW_like
9426ec1e,extra_linear,12.674781084632713,2532,3,SE_like
94467f50,extra_linear,19.3522934009153,3035,3,NW_like
944f36b9,extra_linear,3.870280713008147,4630,0,SE_like
94d813a4,extra_linear,24.417918110395323,4847,2,NW_like
95b559e7,extra_linear,11.628834557665884,2887,4,SE_like
95c8427f,extra_linear,16.3242180158209,6335,4,NW_like
96936c22,extra_linear,5.83227063552657,3346,2,NW_like
96ae5806,extra_linear,27.54770311252957,9839,2,SE_like
96b7eea1,extra_linear,7.298239116710337,4332,2,NW_like
9719aa04,extra_linear,5.3252852437483575,4871,0,NW_like
974802e7,extra_linear,16.79517558291084,5843,3,NW_like
97cd5bf9,extra_linear,7.121807864193397,3449,0,NW_like
98177ced,extra_linear,10.714376515205867,4772,4,SE_like
9896fc0b,extra_linear,15.224654786713318,3595,0,SE_like
98bc6f66,extra_linear,12.458842428416077,6063,3,NW_like
992c99e8,extra_linear,8.08833111313998,4904,0,SE_like
992ce078,extra_linear,9.398261281856524,2879,1,NW_like
99529c45,extra_linear,15.917957095845304,5840,1,NW_like
995ff498,extra_linear,7.1370799202834645,4526,2,NW_like
999daf80,extra_linear,6.633718690832926,3564,1,NW_like
9a6b0392,extra_linear,11.788438458330093,4255,4,SE_like
9a8ae0d6,extra_linear,10.270486777402976,6294,3,NW_like
9a95e33f,extra_linear,31.19249967667581,6447,4,SE_like
9ab94eeb,extra_linear,7.792910876690811,4442,0,NW_like
9ad5410a,extra_linear,8.834461046898243,4205,3,NW_like
9ae248be,extra_linear,20.387006135639286,5271,3,NW_like
9af1ffd0,extra_linear,15.403025168591986,3525,3,NW_like
9b5b61c1,extra_linear,3.2141724317968787,5532,0,SE_like
9b9e3b49,extra_linear,6.46820084481327,5118,3,SE_like
9bd2bba3,extra_linear,6.507708097202335,7439,2,NW_like
9c211c53,extra_linear,7.2898072004946854,7265,2,NW_like
9c350a6a,extra_linear,8.672462799114436,6052,1,SE_like
9c8375f7,extra_linear,5.719677581554237,3674,4,NW_like
9d072e4c,extra_linear,7.576343006918521,5107,2,SE_like
9d3ec64c,extra_linear,2.917859938837748,3480,3,SE_like
9d4272e3,extra_linear,17.74171602796186,4030,0,NW_like
9d5e14d4,extra_linear,24.74988325852962,5400,1,NW_like
9da441ba,extra_linear,3.87446565811285,5783,2,SE_like
9dede370,extra_linear,15.549670018537288,6297,0,NW_like
9def2eb2,extra_linear,10.865765819388013,6003,4,SE_like
9df1b1f9,extra_linear,7.527810606732868,4701,3,NW_like
9dfff011,extra_linear,7.052641808286494,4319,0,NW_like
9e3e364d,extra_linear,5.996540863312908,4290,1,SE_like
9efc812e,extra_linear,15.533378721997607,4450,3,SE_like
9f0c7bae,extra_linear,11.95445820164941,2542,3,SE_like
9ffce529,extra_linear,14.652996038807174,5212,2,NW_like
a0383629,extra_linear,8.151872065955502,5832,2,SE_like
a056d01e,extra_linear,21.188061015973428,6557,4,SE_like
a08d9e63,extra_linear,21.18011167655576,3685,1,SE_like
a0b83014,extra_linear,7.6333287200044895,5035,0,NW_like
a0e92ed6,extra_linear,5.866039499410784,4897,3,NW_like
a15bc102,extra_linear,5.961398069208103,3236,4,NW_like
a247e7cf,extra_linear,9.194280726184429,5674,2,SE_like
a2e8e7f6,extra_linear,11.807033979071182,4760,1,SE_like
a3518960,extra_linear,5.4912445107587144,4967,0,SE_like
a3f71395,extra_linear,17.461902950509234,5543,4,NW_like
a4719920,extra_linear,13.745340939862073,5884,0,SE_like
a48640d9,extra_linear,16.10555160319487,4532,0,SE_like
a4cdbb0f,extra_linear,7.65196443580826,5204,1,NW_like
a4f989c2,extra_linear,8.03651047763466,5385,2,SE_like
a5aa7973,extra_linear,10.697077580886722,4616,1,NW_like
a5e6f7dc,extra_linear,32.1713567188021,5649,2,SE_like
a612d5a0,extra_linear,10.449373031942299,5329,4,SE_like
a622ce4d,extra_linear,11.356836846447512,6298,1,SE_like
a645da9a,extra_linear,14.301014259992542,5153,0,SE_like
a692b17e,extra_linear,7.167064986806331,3566,0,NW_like
a6b8ac67,extra_linear,20.374415101564814,5453,0,NW_like
a6ed2eff,extra_linear,7.892868229734552,5275,2,SE_like
a6f967fb,extra_linear,9.697928124699937,4670,3,SE_like
a76db406,extra_linear,5.990520461945266,4672,1,SE_like
a7744f5b,extra_linear,8.741475782948555,4377,1,SE_like
a783cc24,extra_linear,7.0990641940890225,1889,2,SE_like
a79fd2e7,extra_linear,11.377990438906261,4404,4,SE_like
a7fc3e6b,extra_linear,19.004820850181044,4764,1,SE_like
a85bb86f,extra_linear,3.7296516920830833,3099,3,NW_like
a85e4bc3,extra_linear,13.777689704217527,4581,0,SE_like
a87433c9,extra_linear,3.680969619637838,5721,4,SE_like
a8ed028a,extra_linear,35.52646208107236,5538,4,NW_like
a959858c,extra_linear,12.415571325627905,4404,0,SE_like
a9c9b150,extra_linear,5.197589286248984,3986,1,NW_like
aa95015b,extra_linear,3.8477571229094716,4300,4,SE_like
aaaf3c03,extra_linear,27.54364680131217,2997,1,NW_like
aaeffccb,extra_linear,7.134110401961804,2712,4,SE_like
ab112491,extra_linear,21.89442061561717,5185,0,NW_like
ab18d3fc,extra_linear,15.42158729009775,5694,0,SE_like
ab3ced07,extra_linear,5.874525057920647,4250,4,NW_like
ab6fe95d,extra_linear,9.734870132761037,5491,3,NW_like
ab94878e,extra_linear,6.599910263753555,6004,1,NW_like
abf460d2,extra_linear,6.911642707060589,3217,3,NW_like
ac6f01d5,extra_linear,14.145196891050418,5004,2,SE_like
ad2133a8,extra_linear,13.216750855509732,5729,2,NW_like
add9c322,extra_linear,8.680195916768358,3932,3,NW_like
ae069086,extra_linear,6.594542054415414,4770,3,NW_like
ae0784a8,extra_linear,10.67413681999661,7823,1,SE_like
ae35f33a,extra_linear,8.093362725255767,4450,0,SE_like
ae8959c3,extra_linear,29.20678481702032,4518,3,NW_like
aed44918,extra_linear,5.30448011692274,2719,3,NW_like
aee6393a,extra_linear,5.000120403793821,5865,1,SE_like
af7a59ce,extra_linear,2.4222751947536856,3024,2,SE_like
aff4e561,extra_linear,10.822109139680439,6026,0,NW_like
b04b58a3,extra_linear,9.04048296732967,3402,1,SE_like
b0d42b0d,extra_linear,16.649296506732536,4971,3,NW_like
b0f53bf4,extra_linear,2.4570807432899042,2755,2,NW_like
b19b0395,extra_linear,4.352121044988177,5813,0,SE_like
b1efb8a4,extra_linear,12.16900831496082,5998,2,NW_like
b32902c0,extra_linear,12.058867224742025,3808,4,NW_like
b32e4903,extra_linear,17.319479139867553,5770,4,NW_like
b3388334,extra_linear,20.78902372493341,6080,1,SE_like
b37fd114,extra_linear,10.562607197759856,8161,1,SE_like
b38e3116,extra_linear,4.968847158666886,6211,0,NW_like
b4d8dd4f,extra_linear,13.366026463813414,4259,1,NW_like
b4f37e6e,extra_linear,14.8694820850643,2992,1,SE_like
b56bc0aa,extra_linear,4.932579128239962,5602,3,NW_like
b585b4fa,extra_linear,4.591559324981929,4294,3,NW_like
b5aa9634,extra_linear,10.822735036153425,7326,4,NW_like
b7974e66,extra_linear,3.1823390349803606,5558,0,NW_like
b7cdcecb,extra_linear,10.89055572130677,6168,1,SE_like
b7fea9ef,extra_linear,3.6720012045774446,3866,1,SE_like
b85f7b06,extra_linear,2.1411465361567035,3803,2,SE_like
b881d27e,extra_linear,8.309691335444873,4009,3,SE_like
b8c49c1a,extra_linear,5.726401574894942,4319,0,SE_like
b95e7121,extra_linear,25.96418975878618,6306,0,SE_like
b977be4a,extra_linear,15.581694436511437,5917,2,SE_like
ba48188d,extra_linear,54.6793075343638,4166,0,NW_like
bb2cdd83,extra_linear,2.5568844357468983,3825,1,NW_like
bb337fa0,extra_linear,9.696105472318353,6873,2,NW_like
bb682ebd,extra_linear,20.038818961418183,4139,2,NW_like
bc4381e2,extra_linear,21.54716613703041,4955,1,NW_like
bcebcc5f,extra_linear,17.816872842236574,6258,4,SE_like
bd2c2f34,extra_linear,7.8164371997975906,9823,1,NW_like
bd4ae5da,extra_linear,4.890087149653834,5006,0,SE_like
bd6f0e19,extra_linear,10.74584303402732,5140,1,NW_like
bd8f847e,extra_linear,10.311032094628928,4961,0,SE_like
be063506,extra_linear,9.7037915646527,4500,3,NW_like
be35c8f2,extra_linear,8.859166656337964,4226,1,NW_like
be83e781,extra_linear,3.4133015648850926,3221,4,SE_like
beda8696,extra_linear,16.301230600397812,5912,4,NW_like
bf39bc20,extra_linear,5.009670699503984,3303,4,SE_like
bf70b410,extra_linear,22.226740648748468,6347,4,NW_like
bffe3082,extra_linear,17.214021496423065,5723,1,SE_like
c03b9305,extra_linear,18.635045729822323,4255,3,NW_like
c03d4aed,extra_linear,5.834187913667058,4641,4,SE_like
c03fba65,extra_linear,6.314029082968429,3699,3,NW_like
c07fd0cd,extra_linear,20.76129711784346,4191,0,SE_like
c1708b88,extra_linear,19.660528384655585,6315,2,SE_like
c1d046f4,extra_linear,5.8613366209992925,5513,1,SE_like
c2717d4f,extra_linear,17.81014084056976,4721,4,SE_like
c2c4db09,extra_linear,13.556746618235243,6039,3,SE_like
c2c6fc71,extra_linear,6.981224229158864,7119,2,SE_like
c36625df,extra_linear,4.464887556738592,4742,3,SE_like
c3957531,extra_linear,11.592595424020615,5316,0,NW_like
c42fe306,extra_linear,9.363317791003913,5095,4,NW_like
c43812e2,extra_linear,6.899643718700448,5527,1,NW_like
c472c0b5,extra_linear,10.194849981441052,3054,0,NW_like
c47e0767,extra_linear,22.407994087060935,4356,2,NW_like
c50b42f6,extra_linear,14.381423261290484,6014,0,SE_like
c593337f,extra_linear,16.126827663731934,5208,0,NW_like
c59b6c4a,extra_linear,20.324972597767484,5499,4,NW_like
c66be2b8,extra_linear,14.560012182181431,4154,3,NW_like
c6797dd7,extra_linear,11.364372987539998,4664,3,SE_like
c6b782a4,extra_linear,5.6944429438400626,4877,4,NW_like
c6c96179,extra_linear,3.1298912798955874,4004,2,SE_like
c70c0e01,extra_linear,8.196772354952545,4312,3,SE_like
c84c65be,extra_linear,10.744280551597257,8496,0,NW_like
c8d9680c,extra_linear,28.002960798414584,6281,3,NW_like
c908edd0,extra_linear,10.370534631217259,5293,3,SE_like
c9578d27,extra_linear,9.699036741973433,4487,0,NW_like
c96c018a,extra_linear,13.902431864508142,6236,0,SE_like
c99f9fae,extra_linear,19.944591198128368,6361,0,SE_like
c9e6734f,extra_linear,17.703479389494376,4735,1,SE_like
c9e980e8,extra_linear,4.801310335227671,4359,1,NW_like
c9fedcf3,extra_linear,6.199981419480244,3517,0,SE_like
cad13e8f,extra_linear,13.787894563832593,4848,4,SE_like
cb34231f,extra_linear,12.523282512915207,5609,2,SE_like
cb879f40,extra_linear,9.110894037382044,6315,2,NW_like
cbb406b5,extra_linear,3.1877827105391345,6328,3,SE_like
cbe51de1,extra_linear,8.832975778681226,3963,0,SE_like
cbe62450,extra_linear,16.397086917094192,6258,3,NW_like
cc08aa63,extra_linear,7.620115306384868,3274,0,NW_like
cc8a1d57,extra_linear,12.21234195495363,6638,3,NW_like
ccedb12b,extra_linear,7.244633254519779,4401,2,NW_like
cd7f1687,extra_linear,5.406029763135239,4232,1,NW_like
cda7eb37,extra_linear,24.11701731827072,5973,0,NW_like
cdc31d65,extra_linear,7.300828096604278,4840,4,SE_like
cdc60a53,extra_linear,6.505561590597449,5878,3,NW_like
ce55ba43,extra_linear,6.7410307102587765,4104,1,NW_like
ce8399b7,extra_linear,2.453699228164064,1615,0,SE_like
cf50c9d1,extra_linear,24.16499757624657,4858,1,NW_like
d00e7eb9,extra_linear,8.006159880790312,5704,1,SE_like
d011f41b,extra_linear,6.491479008647893,2267,3,SE_like
d07aed8f,extra_linear,13.893874020024173,2957,1,SE_like
d085e611,extra_linear,3.750801635663933,6191,1,SE_like
d0a0e7b5,extra_linear,7.798944932815534,3816,1,NW_like
d0a43760,extra_linear,21.40154357949366,4041,1,SE_like
d0cb63ae,extra_linear,16.58628594613699,5223,3,NW_like
d114d9c2,extra_linear,10.312941657465748,6206,3,NW_like
d1457cc5,extra_linear,9.455500944587998,6920,3,NW_like
d1ecf309,extra_linear,11.358344587660744,6168,2,SE_like
d1ee630d,extra_linear,13.88588778141181,6290,2,SE_like
d217e0c5,extra_linear,6.396618730008468,3838,3,SE_like
d24ff243,extra_linear,5.120666853865865,5641,1,SE_like
d273674e,extra_linear,4.919933002905436,3899,2,NW_like
d2f3b1ab,extra_linear,11.014209453087568,5581,2,SE_like
d3df146b,extra_linear,14.455521611223832,5787,0,SE_like
d40f61d5,extra_linear,7.441110870326213,4039,0,SE_like
d41beaf2,extra_linear,9.875449415718927,4753,4,NW_like
d463e527,extra_linear,7.5660028367067635,4767,2,SE_like
d4f60a28,extra_linear,13.308819676216855,4501,2,SE_like
d50c649a,extra_linear,5.206655684523304,4873,0,NW_like
d543916f,extra_linear,9.067394607910545,4799,4,SE_like
d5df0ff5,extra_linear,12.152613840426255,4032,4,NW_like
d60430e6,extra_linear,5.401064292253742,2511,3,NW_like
d63196fe,extra_linear,26.90584935010085,4510,3,NW_like
d6c320d9,extra_linear,22.75224974775331,5452,1,SE_like
d6dd7330,extra_linear,12.137992262046193,6193,4,NW_like
d7ba4f9d,extra_linear,41.88922108894066,6023,0,SE_like
d7eb0be8,extra_linear,28.74279585156671,5401,4,NW_like
d84b621b,extra_linear,7.955489914464609,3994,0,NW_like
d90aa14c,extra_linear,12.56142474742064,10018,1,NW_like
d924e971,extra_linear,35.161587386556675,3184,3,NW_like
d9ae59b2,extra_linear,16.18896063568682,3648,2,SE_like
d9d6d94d,extra_linear,11.464694444920056,4919,2,NW_like
d9eca87b,extra_linear,31.966282293791817,6373,1,NW_like
da2d4d7c,extra_linear,2.612545238484205,2114,0,SE_like
da3bfe4e,extra_linear,15.596779452364608,5549,1,SE_like
da3cf798,extra_linear,4.370104939260192,5844,1,NW_like
da940160,extra_linear,6.807503821572615,5132,2,SE_like
dafc88c3,extra_linear,13.772865178211239,5572,2,SE_like
dbee6c86,extra_linear,8.283070744098366,7369,1,NW_like
dc5fbe29,extra_linear,4.96263410715591,5203,1,SE_like
dc7da28f,extra_linear,11.819293423660076,4774,1,SE_like
dc7f9757,extra_linear,4.257093291238874,4360,1,SE_like
dd168de0,extra_linear,4.801848723946813,3304,2,NW_like
dd64382d,extra_linear,2.6580814887299944,3124,3,NW_like
dd6bc5b2,extra_linear,1.997793547045606,3602,1,SE_like
dd7d638e,extra_linear,11.112218065825617,4301,0,NW_like
ddc790ff,extra_linear,4.467577327957763,4726,4,SE_like
df71d1ff,extra_linear,16.664546333959024,6228,3,SE_like
df73b8f3,extra_linear,12.928203161109709,5311,1,SE_like
df8290be,extra_linear,12.13224800404968,3972,1,NW_like
e0079ed1,extra_linear,9.938394195753796,3471,3,SE_like
e03b45fd,extra_linear,9.859185299440933,5342,2,NW_like
e0f36d98,extra_linear,8.7057630060542,4976,4,SE_like
e149204f,extra_linear,8.94296381109589,6097,1,SE_like
e14d641e,extra_linear,9.289442772304943,3184,3,NW_like
e161bd0c,extra_linear,3.1188404669800436,2949,4,SE_like
e201fd6d,extra_linear,13.921406171287158,5070,3,NW_like
e25f1537,extra_linear,7.2346897033222,3177,1,NW_like
e2fc7745,extra_linear,5.982595753682064,3692,2,NW_like
e32da4ec,extra_linear,7.631866125273269,4689,4,NW_like
e3b34f5b,extra_linear,11.666834397773595,5455,2,SE_like
e45a2a62,extra_linear,16.38648871055977,5007,4,NW_like
e46f4ef4,extra_linear,3.93768663168953,7195,0,SE_like
e4726608,extra_linear,4.338756676573059,4733,2,NW_like
e5864244,extra_linear,5.811733513372462,4469,3,SE_like
e5c92e59,extra_linear,11.371154006574487,4295,3,NW_like
e5ff9fd2,extra_linear,4.713278804336601,2354,4,NW_like
e6c55748,extra_linear,5.199412808901389,4472,1,SE_like
e730c32b,extra_linear,14.758113864606596,4728,4,SE_like
e737965a,extra_linear,10.780247407650306,5955,4,NW_like
e748dd88,extra_linear,4.351352271350485,4812,3,SE_like
e7818f7a,extra_linear,5.3956560169704915,5371,3,SE_like
e7c36e81,extra_linear,7.48642132086339,3531,3,NW_like
e7d0c1de,extra_linear,5.055630543060097,4711,1,NW_like
e85074c5,extra_linear,7.691230894472825,5675,4,SE_like
e97032ad,extra_linear,2.1595929558284754,3530,1,NW_like
e9949a23,extra_linear,8.243349975354768,4559,2,NW_like
ea0b99b7,extra_linear,8.950420329304507,9239,3,SE_like
ea3a0e38,extra_linear,11.248812010239684,10052,4,SE_like
ea41324e,extra_linear,10.46971851290465,5025,0,NW_like
eabc711b,extra_linear,6.641187868725063,5348,0,NW_like
eac10e86,extra_linear,3.188095361226704,6067,3,SE_like
eafb863e,extra_linear,9.576875627824219,3568,2,NW_like
eb06a4e7,extra_linear,7.884727089713964,4535,3,SE_like
eb640a35,extra_linear,10.772635484353813,6037,3,SE_like
eb934281,extra_linear,3.1732594896057638,5971,1,NW_like
eba6605e,extra_linear,54.77410650744145,4410,0,SE_like
ebe69318,extra_linear,3.7579925992923617,4976,4,SE_like
ec0d597b,extra_linear,13.196667297567254,4616,4,SE_like
ec13af42,extra_linear,8.59756620117434,5462,2,SE_like
ecdab904,extra_linear,6.880498865502116,6147,3,NW_like
ecdaf714,extra_linear,29.58631377794073,6592,2,NW_like
ed6436d6,extra_linear,9.18589410718625,2945,1,NW_like
ed6e6e54,extra_linear,5.803064117776289,6048,1,NW_like
edf885a3,extra_linear,10.004128918589924,3117,1,NW_like
ee0300f7,extra_linear,21.341988747194403,4544,0,SE_like
ee288beb,extra_linear,19.421642599795643,4638,2,SE_like
ee4aecac,extra_linear,24.147767396720685,5265,4,SE_like
eeda36f5,extra_linear,10.932653313379298,4797,0,SE_like
eeed308d,extra_linear,3.571906190008427,3899,0,SE_like
ef04658e,extra_linear,9.402512692135561,4104,4,NW_like
ef8e3ed0,extra_linear,9.098903477838173,5224,3,NW_like
efde6ac3,extra_linear,14.63395615870877,4559,4,SE_like
efe96181,extra_linear,24.033636143483793,4012,4,SE_like
f0188a48,extra_linear,17.007455179427687,4170,2,SE_like
f021b650,extra_linear,10.801660367192001,3739,0,NW_like
f03f10fe,extra_linear,3.8642766475243415,4145,2,SE_like
f053a1b9,extra_linear,12.244799257199924,4108,4,NW_like
f074d277,extra_linear,5.935654441373618,2453,2,NW_like
f07d7037,extra_linear,4.749239098561034,5563,3,NW_like
f08774c3,extra_linear,12.825126763956108,3900,4,NW_like
f140c2fa,extra_linear,12.100833361883307,4082,4,NW_like
f16e25e3,extra_linear,4.397462773633252,4651,4,NW_like
f2d4c8c9,extra_linear,13.548838897542609,6249,3,NW_like
f321a31c,extra_linear,38.56030566271987,5141,2,SE_like
f40cd091,extra_linear,9.323223043731579,5166,3,NW_like
f439a621,extra_linear,2.2847426492836247,2821,2,NW_like
f49fdea3,extra_linear,19.440206700604595,5391,3,NW_like
f4d12d23,extra_linear,13.850689152717608,3701,0,NW_like
f56d3ace,extra_linear,16.07493132693552,5432,4,NW_like
f5859199,extra_linear,17.48234722599377,5790,2,NW_like
f5d8aab6,extra_linear,11.979923463075822,4444,4,NW_like
f631da6e,extra_linear,2.037304678300423,4093,4,NW_like
f6824bb0,extra_linear,19.317245532853264,5015,4,NW_like
f6bc699b,extra_linear,10.923693724900936,3752,0,SE_like
f6d009f4,extra_linear,74.89024091459264,6715,3,NW_like
f72b268f,extra_linear,12.879429515402764,6404,3,NW_like
f8662c22,extra_linear,15.262138906534155,5429,2,SE_like
f88ddb26,extra_linear,6.902877257454436,4990,1,NW_like
f8afa78a,extra_linear,18.891684282255913,6032,4,SE_like
f8f59188,extra_linear,5.594936371034631,4807,3,SE_like
f9fc81aa,extra_linear,9.736496952087258,5598,4,SE_like
fa16d114,extra_linear,15.498070147931728,5686,3,SE_like
fa31da94,extra_linear,8.774315098752957,5027,3,SE_like
fa667be2,extra_linear,8.368876978343122,7296,1,NW_like
fae0c593,extra_linear,9.897469606553749,4403,1,NW_like
fb03ae90,extra_linear,42.65735966354361,6431,0,SE_like
fb0904bd,extra_linear,8.951176570748197,3181,4,NW_like
fb3848a1,extra_linear,4.429782758478134,5919,0,NW_like
fb73b13a,extra_linear,44.28781587371205,5640,0,NW_like
fba7683c,extra_linear,22.64443422036814,407,3,NW_like
fbd68d27,extra_linear,28.117316340514662,6829,1,SE_like
fc03f21f,extra_linear,9.80226107385649,4803,1,NW_like
fc0d20b2,extra_linear,4.528623505962357,3954,0,NW_like
fcfcc902,extra_linear,3.9694394985878803,2791,1,SE_like
fd3b4faa,extra_linear,5.304822409245002,5022,0,SE_like
fd710aea,extra_linear,6.0432906174064405,4217,2,NW_like
fd8f77fa,extra_linear,10.773811514806003,5272,4,NW_like
fde20ecf,extra_linear,10.084746688651967,4667,4,NW_like
fdfd57da,extra_linear,11.263326892501885,5236,3,SE_like
febb4411,extra_linear,32.944511173342754,4247,2,SE_like
fef8af96,extra_linear,25.512068387276198,3826,0,SE_like
ff0aea78,extra_linear,8.684111919443506,3261,3,NW_like
ff8bb73a,extra_linear,8.70858844288817,5927,0,NW_like
ffefef30,extra_linear,8.757746458264698,4570,4,SE_like
000d7d20,extra_quadratic,6.759980931840539,3836,2,NW_like
00bbac68,extra_quadratic,9.690524912054233,6014,0,NW_like
00e12e8b,extra_quadratic,6.77594392538683,4301,0,NW_like
015fe0d2,extra_quadratic,17.318795162472686,4296,1,SE_like
01869cd4,extra_quadratic,8.047646925850403,5557,3,SE_like
01982c1d,extra_quadratic,14.184782641597788,3941,0,NW_like
028d7b28,extra_quadratic,40.553833804542094,6234,0,SE_like
02e7fe5a,extra_quadratic,12.201281335502689,5108,1,SE_like
0390d174,extra_quadratic,10.8957816950401,4411,2,SE_like
03a935ae,extra_quadratic,20.691189034626532,2786,3,NW_like
044af7d1,extra_quadratic,6.200491802718641,4519,0,NW_like
0498acab,extra_quadratic,4.073273964294758,4798,2,SE_like
052d64df,extra_quadratic,7.219459064417237,2445,2,NW_like
05948241,extra_quadratic,5.101537672813851,3879,4,NW_like
059c8f24,extra_quadratic,48.54717851251612,6258,3,SE_like
05a0ee4d,extra_quadratic,10.368365507316744,4348,3,NW_like
060ab2b8,extra_quadratic,3.8115847381537318,6258,3,NW_like
06df5958,extra_quadratic,2.14519944301297,3509,4,SE_like
071d7b45,extra_quadratic,11.462918345314213,3211,2,NW_like
0849b4e2,extra_quadratic,11.74300812176865,5537,1,SE_like
084d66f9,extra_quadratic,9.876485706972494,3885,2,SE_like
08fecf00,extra_quadratic,6.636077063967208,5574,4,SE_like
09053135,extra_quadratic,5.328687990544897,5907,1,SE_like
09441b8d,extra_quadratic,8.786927971596326,5488,4,NW_like
0955cd6c,extra_quadratic,4.696731306015816,5195,1,NW_like
09ec2ca9,extra_quadratic,4.588168259251546,5885,2,SE_like
0a57a29c,extra_quadratic,11.708281904051631,5821,0,NW_like
0bbf5e67,extra_quadratic,5.734338284989365,4298,4,SE_like
0be01c24,extra_quadratic,3.69745245309137,4738,1,NW_like
0c1b160c,extra_quadratic,5.691958130978044,5054,3,SE_like
0d99f8e4,extra_quadratic,14.694235289615987,5823,0,SE_like
0dc5e64d,extra_quadratic,15.942116770795192,4879,2,SE_like
0dc835f3,extra_quadratic,13.513281243733944,4428,0,NW_like
0dd99dc5,extra_quadratic,8.066196771303373,7342,0,NW_like
0e5e560d,extra_quadratic,7.6185610719828185,3253,0,SE_like
109d9d70,extra_quadratic,18.659297960072735,4215,3,NW_like
10a1281a,extra_quadratic,6.573008725270618,5609,1,NW_like
10b89021,extra_quadratic,11.796657565838876,5414,2,NW_like
10be2420,extra_quadratic,3.3954672594103377,3271,2,NW_like
113011eb,extra_quadratic,7.519323565839957,3272,2,SE_like
1131525f,extra_quadratic,8.670446043495074,4159,1,SE_like
11d0f5ac,extra_quadratic,4.5627465591364516,4883,1,NW_like
12203f2a,extra_quadratic,6.342066728402313,3261,1,NW_like
122bd617,extra_quadratic,3.7663839519502624,4570,1,NW_like
125be846,extra_quadratic,22.430389622854054,6510,2,NW_like
1285a37b,extra_quadratic,2.9831938438073142,5597,2,NW_like
1295a25b,extra_quadratic,11.558933789940138,5551,2,SE_like
12f0cd90,extra_quadratic,31.163277862767686,5947,4,SE_like
137d1e44,extra_quadratic,13.21337717640813,4554,4,NW_like
13ce113d,extra_quadratic,4.237796926631688,2966,1,NW_like
13f598d9,extra_quadratic,9.204268457337989,7306,1,NW_like
14a53cb3,extra_quadratic,4.575681227329264,6919,0,NW_like
14ab73fb,extra_quadratic,60.179867354487605,3649,0,SE_like
14ad5efb,extra_quadratic,12.06134511482959,5842,0,SE_like
14fee784,extra_quadratic,10.74267978662841,4910,4,NW_like
153552f5,extra_quadratic,3.898481472411502,4695,4,NW_like
1550491d,extra_quadratic,4.596980219549044,4563,2,SE_like
155887bb,extra_quadratic,8.017814244571127,5585,0,NW_like
1590af81,extra_quadratic,2.582505542451564,3799,3,NW_like
15e154a1,extra_quadratic,11.651549811491586,6068,4,SE_like
1619e2ca,extra_quadratic,3.7084253625490198,4443,4,SE_like
16e4a047,extra_quadratic,21.615442110222215,4131,2,NW_like
173ed841,extra_quadratic,28.45054623952797,4883,2,NW_like
1770d7c6,extra_quadratic,5.155889124507372,7240,3,NW_like
177622d7,extra_quadratic,15.04593788243954,3154,3,NW_like
18d24f7b,extra_quadratic,8.285863733680536,4558,2,NW_like
19137a89,extra_quadratic,20.57751666123298,6267,2,NW_like
1944513c,extra_quadratic,15.237878331857164,4722,4,SE_like
197f8a5a,extra_quadratic,20.537870164127668,6310,2,NW_like
19871e7f,extra_quadratic,4.25338973564587,5293,1,NW_like
198a5607,extra_quadratic,6.696869432425213,6251,0,NW_like
19fb4f7b,extra_quadratic,6.302291575026434,5620,1,NW_like
1a518997,extra_quadratic,3.663278651910274,4606,0,SE_like
1a68190b,extra_quadratic,13.042367167442999,4474,4,SE_like
1a730ac2,extra_quadratic,10.751415182709195,4605,2,SE_like
1aaf1da0,extra_quadratic,12.626815736106494,4804,0,NW_like
1b08ed48,extra_quadratic,6.443706359138377,5618,0,NW_like
1b1c5372,extra_quadratic,16.895173809086945,4261,2,SE_like
1b1eba53,extra_quadratic,60.61608267802894,4655,1,SE_like
1b6ba517,extra_quadratic,22.15068818082373,6597,2,NW_like
1b82b665,extra_quadratic,4.015588393810921,3806,4,SE_like
1bcb2fcf,extra_quadratic,6.686608671847208,4524,4,NW_like
1beca81d,extra_quadratic,7.4156286356062076,5036,2,SE_like
1d3fbf02,extra_quadratic,3.7086723200932927,2694,4,SE_like
1d78281a,extra_quadratic,4.459244359275326,4949,0,SE_like
1e30dedf,extra_quadratic,18.15434505373996,4071,2,NW_like
1e5e3573,extra_quadratic,15.300419998982813,5480,4,NW_like
1f9afacb,extra_quadratic,3.3845058449539267,5328,3,NW_like
1fdbba44,extra_quadratic,22.084745464845778,4911,1,NW_like
1fee2b62,extra_quadratic,3.687596960532126,4641,3,NW_like
20096916,extra_quadratic,5.4772877335194226,5133,2,NW_like
200d233d,extra_quadratic,4.533504929752382,3926,3,SE_like
201661b5,extra_quadratic,10.4171888135484,5955,1,SE_like
203721ab,extra_quadratic,9.192488175370082,5730,4,SE_like
20402d71,extra_quadratic,8.97427703557731,6372,4,NW_like
2043abc5,extra_quadratic,9.979849159415808,6958,0,NW_like
204cc64b,extra_quadratic,5.487752058090386,4805,1,NW_like
206b6193,extra_quadratic,41.33957899463429,6535,1,NW_like
2075c696,extra_quadratic,12.83731027583053,3188,3,SE_like
22c5f93f,extra_quadratic,6.432004193723204,5172,2,NW_like
230eaaa3,extra_quadratic,19.223442857067436,4690,0,SE_like
2364716c,extra_quadratic,6.181128453806326,4316,2,SE_like
23b9beb0,extra_quadratic,5.855432709673473,7340,3,SE_like
24d8997e,extra_quadratic,1.9092271414138502,3442,1,NW_like
25050f63,extra_quadratic,12.7265926359665,6124,0,NW_like
25939962,extra_quadratic,9.242503247414675,4319,1,NW_like
25fd32b3,extra_quadratic,8.903381064385929,2885,0,SE_like
261785ee,extra_quadratic,15.7222302762617,3646,3,NW_like
264feceb,extra_quadratic,9.971057561677567,5665,1,NW_like
26623a50,extra_quadratic,7.01279907995105,5735,4,NW_like
26d3a96a,extra_quadratic,9.298435615985877,4721,4,NW_like
272abef3,extra_quadratic,7.973689007493453,4135,3,SE_like
27300fd5,extra_quadratic,8.61936758161443,5467,0,NW_like
276b012a,extra_quadratic,22.89008064838081,4837,3,SE_like
27c3155b,extra_quadratic,14.706473630531352,4958,2,SE_like
27ebb9b9,extra_quadratic,19.394870457454232,5766,2,NW_like
283269ac,extra_quadratic,4.056993723123225,2626,2,NW_like
28473855,extra_quadratic,5.25007971741281,4290,2,NW_like
28f4eda9,extra_quadratic,7.496578092699591,5266,0,NW_like
29b24409,extra_quadratic,8.680863561288339,5587,4,NW_like
29de15c8,extra_quadratic,5.446462841006063,3431,4,NW_like
2ab29395,extra_quadratic,7.719374092166029,1852,1,SE_like
2ac7cb6b,extra_quadratic,13.33583696612912,4990,1,NW_like
2acc78d4,extra_quadratic,8.445604951110704,4266,4,NW_like
2b034622,extra_quadratic,2.3423992370903925,5203,2,NW_like
2b06ad65,extra_quadratic,5.892918236082294,4256,2,NW_like
2b547943,extra_quadratic,17.44633103768299,3480,0,SE_like
2be5c96a,extra_quadratic,4.91862424136568,4210,4,SE_like
2bff06cf,extra_quadratic,58.62900784912635,7624,0,NW_like
2c0c4a4e,extra_quadratic,2.5660028965351014,4790,4,SE_like
2cee0cba,extra_quadratic,11.955444868458189,5500,2,SE_like
2d0c268a,extra_quadratic,6.182637033659624,4550,4,SE_like
2d179ded,extra_quadratic,10.22384542120542,7008,3,NW_like
2d196986,extra_quadratic,11.636375236806154,6474,0,NW_like
2d2d0c6b,extra_quadratic,5.370147880967921,5045,2,SE_like
2d35f86d,extra_quadratic,14.462263350292822,4896,3,NW_like
2d9f6cb9,extra_quadratic,13.963364020996654,7338,4,NW_like
2ddad940,extra_quadratic,10.891759314891067,5331,2,SE_like
2e29e833,extra_quadratic,9.009220938901205,5428,0,SE_like
2e43c2ea,extra_quadratic,14.184978286666434,5698,3,NW_like
2e63d9de,extra_quadratic,6.471858715103269,4699,2,SE_like
2ee0235b,extra_quadratic,15.579012137908572,5556,3,NW_like
2f19d536,extra_quadratic,10.90020216176205,3088,1,NW_like
2f8e53c3,extra_quadratic,4.608782586949781,2594,0,NW_like
2fa01aa6,extra_quadratic,15.707358027400485,2174,4,SE_like
2fd68f7b,extra_quadratic,28.750907299913944,4730,2,SE_like
2fe023be,extra_quadratic,5.581617418746047,4221,1,NW_like
30d75030,extra_quadratic,18.65048138183438,3404,1,NW_like
310c71a5,extra_quadratic,4.8949721345420665,5245,4,NW_like
32fe84c9,extra_quadratic,17.342693658327956,6408,3,SE_like
33c40295,extra_quadratic,13.846829815889667,4169,0,NW_like
3407f5bf,extra_quadratic,19.49829253455662,3638,4,SE_like
3417285d,extra_quadratic,24.43445758360887,5449,4,NW_like
347242c8,extra_quadratic,7.29680014611364,3595,0,SE_like
353e5502,extra_quadratic,5.226181404187072,6062,1,NW_like
357c12f9,extra_quadratic,2.825697582249406,4079,4,NW_like
3584a6eb,extra_quadratic,19.20278551892843,4494,2,NW_like
35b30c7f,extra_quadratic,44.37401900747024,9579,4,SE_like
35b3ef6a,extra_quadratic,20.49725747082362,3904,4,NW_like
367456ce,extra_quadratic,6.781223222568972,5569,1,SE_like
368131f9,extra_quadratic,14.010427717216148,4991,1,NW_like
368fe682,extra_quadratic,17.30354899032426,4936,1,NW_like
3690a146,extra_quadratic,8.597733658948012,4073,2,SE_like
37344c2a,extra_quadratic,14.823739565798775,5197,0,SE_like
373ef48b,extra_quadratic,2.5822033805639037,3509,0,SE_like
374be387,extra_quadratic,7.2488038689092615,9965,2,NW_like
37d36812,extra_quadratic,15.21830833026273,4367,0,NW_like
38991fd4,extra_quadratic,6.446923180232452,4798,4,NW_like
389ae58f,extra_quadratic,35.6300318976383,6463,3,SE_like
3932faa6,extra_quadratic,16.749340123483723,5452,4,NW_like
398dce4b,extra_quadratic,2.1880031032343386,3166,3,NW_like
39b51819,extra_quadratic,3.505467024452592,4231,2,NW_like
3a0af893,extra_quadratic,11.064267057326534,2927,2,NW_like
3a223519,extra_quadratic,12.333409951649424,4583,3,SE_like
3a7dd95d,extra_quadratic,12.064197535541986,3072,4,NW_like
3a824aa7,extra_quadratic,4.392649927812045,4201,3,NW_like
3a86fe8d,extra_quadratic,5.808633905137299,5118,0,SE_like
3aaa2b30,extra_quadratic,4.3414355115947405,4711,0,SE_like
3ac16ad0,extra_quadratic,7.9304147975021,5649,1,SE_like
3b21ea64,extra_quadratic,16.33585271875023,7376,1,NW_like
3bbe1f5d,extra_quadratic,9.773104753998231,6918,0,SE_like
3bfee975,extra_quadratic,4.314782950207439,3603,3,SE_like
3c3dbcbc,extra_quadratic,4.117071024375946,5069,0,NW_like
3d96d897,extra_quadratic,7.788598796484041,5659,2,SE_like
3df4b19e,extra_quadratic,5.5795023950076255,4988,4,SE_like
3e011332,extra_quadratic,13.848675570080754,2723,1,NW_like
3e678ea7,extra_quadratic,6.696764026686473,6858,1,SE_like
3ef6372a,extra_quadratic,5.369720443282731,4727,1,SE_like
3ef98781,extra_quadratic,5.526081132366557,3892,4,NW_like
3f603129,extra_quadratic,13.707516427068617,5051,2,SE_like
404c4384,extra_quadratic,25.475496772928395,911,4,NW_like
4121c517,extra_quadratic,6.361725776620892,3723,0,NW_like
41fb0192,extra_quadratic,4.595335307247503,2973,3,SE_like
42669188,extra_quadratic,11.249461768605011,4282,0,NW_like
42c538a1,extra_quadratic,53.51752215179886,3279,1,NW_like
43b06c70,extra_quadratic,11.198062701308483,4846,4,NW_like
43c7f85a,extra_quadratic,13.034123291783741,5978,1,SE_like
43e16325,extra_quadratic,43.87279195321343,3720,0,SE_like
44441e54,extra_quadratic,2.208030457387091,4357,0,NW_like
445af6c2,extra_quadratic,29.886765417671594,6041,4,SE_like
4463446c,extra_quadratic,7.4173844252085726,3256,0,SE_like
44a94013,extra_quadratic,27.718005182898874,4903,4,NW_like
45fb3e21,extra_quadratic,14.386643652298455,3649,2,NW_like
460f859e,extra_quadratic,8.893315639367462,3336,4,SE_like
4630ab92,extra_quadratic,11.263592704925072,3373,3,NW_like
463c38f2,extra_quadratic,6.719614430541253,4460,0,NW_like
4654e7de,extra_quadratic,8.25676445686822,5373,1,SE_like
466fc788,extra_quadratic,11.704503638788063,6197,4,NW_like
46a301e9,extra_quadratic,8.246056130734562,8226,3,SE_like
46a7190b,extra_quadratic,17.390785687388195,4215,0,SE_like
46d24a09,extra_quadratic,34.28388163733614,4449,2,NW_like
46d41ff6,extra_quadratic,4.200526160719182,7901,4,SE_like
46dfcfca,extra_quadratic,24.765255819124945,3606,0,SE_like
47222616,extra_quadratic,9.655024768019697,4406,0,NW_like
47ee27ab,extra_quadratic,13.11556913309184,6397,4,NW_like
481de5fc,extra_quadratic,29.394214063415447,5952,3,NW_like
48c1f673,extra_quadratic,11.993381162303878,2917,3,NW_like
4936af16,extra_quadratic,3.676110740799404,3991,0,SE_like
493b5b31,extra_quadratic,20.356344723960714,4671,0,SE_like
49dbc14c,extra_quadratic,3.074626599286397,3872,2,SE_like
4a035ec2,extra_quadratic,15.725758467041297,2588,3,SE_like
4a335117,extra_quadratic,13.539815331957339,5015,1,SE_like
4a8ecc0b,extra_quadratic,4.632159012043113,5809,4,NW_like
4b462989,extra_quadratic,3.4177546369677683,3106,3,NW_like
4b831d20,extra_quadratic,9.5473092998034,7312,3,NW_like
4c2208f5,extra_quadratic,18.1122341509232,5384,4,NW_like
4c3168cf,extra_quadratic,2.6475487577445214,4334,3,NW_like
4c3df468,extra_quadratic,7.594085369888067,5392,0,SE_like
4caa7289,extra_quadratic,6.105079060093289,5396,2,NW_like
4cd1ac61,extra_quadratic,15.917424609785028,4489,1,NW_like
4cecf7b3,extra_quadratic,14.275937401902073,6019,2,NW_like
4ddde4c1,extra_quadratic,5.367335060853276,4472,0,NW_like
4e050c92,extra_quadratic,13.759816748619643,3705,4,NW_like
4ed93db6,extra_quadratic,8.826606473115342,4657,3,SE_like
4f3eb9e9,extra_quadratic,18.361179086440348,4697,3,SE_like
4f4ac5ce,extra_quadratic,4.803679255355077,5162,3,NW_like
4f4afcc6,extra_quadratic,11.959926087498904,5645,1,SE_like
4f69febf,extra_quadratic,7.982623490741383,5460,2,NW_like
4fbe9c06,extra_quadratic,13.023162644196717,6287,3,SE_like
504c8b08,extra_quadratic,19.27066330698392,6367,0,NW_like
511e1db0,extra_quadratic,9.294740424389122,3821,2,SE_like
512943b2,extra_quadratic,5.705667972395765,5029,2,NW_like
5138a660,extra_quadratic,17.91319680228997,3559,4,SE_like
516088b7,extra_quadratic,4.967529809244586,6645,0,NW_like
521a7819,extra_quadratic,10.21882420570418,5200,1,NW_like
5254b6db,extra_quadratic,12.994150363076827,3274,1,NW_like
529e88ca,extra_quadratic,19.795302775579042,3417,3,NW_like
52f1e77a,extra_quadratic,9.88836014107885,4442,3,NW_like
5305524b,extra_quadratic,6.418872073744149,4898,3,NW_like
53134831,extra_quadratic,11.20093657012759,5126,0,NW_like
5397ceb1,extra_quadratic,4.908731938972496,5255,4,SE_like
53f23031,extra_quadratic,8.110018006069213,8550,3,SE_like
543198e8,extra_quadratic,15.668285983291579,6503,0,NW_like
54753541,extra_quadratic,19.314917508574055,4026,4,SE_like
54a7e3c2,extra_quadratic,5.928173887768924,6155,2,NW_like
5542c301,extra_quadratic,7.7618167396965605,3591,1,NW_like
5567d551,extra_quadratic,12.628726759598004,6889,4,NW_like
55efee7f,extra_quadratic,12.142022665575166,4801,0,NW_like
5663b2b7,extra_quadratic,25.44518659102619,4972,0,NW_like
5693dde2,extra_quadratic,10.24289540312901,3488,0,SE_like
56b00794,extra_quadratic,18.979008840081725,6065,2,SE_like
57796579,extra_quadratic,5.586281696009417,5890,2,NW_like
577eec7c,extra_quadratic,9.235513791575588,4539,3,SE_like
57f05c51,extra_quadratic,18.0351974506261,4771,3,SE_like
58850d2c,extra_quadratic,27.071266870169573,4995,1,NW_like
58fa8486,extra_quadratic,9.684376257453145,4475,1,NW_like
591cc951,extra_quadratic,3.302824568885568,4609,2,NW_like
593876b6,extra_quadratic,9.405400511306308,4842,4,NW_like
59f8b2e8,extra_quadratic,26.885883599230244,3747,4,SE_like
5a1a8fd8,extra_quadratic,10.299239940740337,5260,3,SE_like
5a5269a9,extra_quadratic,15.86388080384587,6513,3,SE_like
5a5d1982,extra_quadratic,7.013343239009705,3894,0,SE_like
5a63b5d1,extra_quadratic,47.960674966346645,6217,2,SE_like
5aa03df7,extra_quadratic,9.313358761942391,4871,3,SE_like
5aa403d0,extra_quadratic,21.70452961696033,3118,1,NW_like
5aef5c6c,extra_quadratic,6.952775136457364,3121,0,SE_like
5b7b6324,extra_quadratic,19.715243752620427,6564,3,NW_like
5bd25f59,extra_quadratic,10.144474819413698,4210,3,NW_like
5beded95,extra_quadratic,11.283496933074288,3057,4,SE_like
5cb483ac,extra_quadratic,4.565610472777369,3852,2,NW_like
5cdd8dbc,extra_quadratic,14.069515521675164,4010,4,NW_like
5d11dfb5,extra_quadratic,5.610541208362318,5895,1,NW_like
5d7198fd,extra_quadratic,6.215081827237641,3368,3,NW_like
5def1ce5,extra_quadratic,7.29048892767946,6443,3,SE_like
5eae34a8,extra_quadratic,4.749508516417645,4904,2,SE_like
5f4d2a52,extra_quadratic,33.59290507949508,5225,3,NW_like
5f6756c5,extra_quadratic,10.098047369597108,5931,1,NW_like
5f75f796,extra_quadratic,10.395738253764094,5562,4,NW_like
5fb1c15f,extra_quadratic,11.678786471002745,2860,0,NW_like
5fffa282,extra_quadratic,7.228269955939932,4201,4,SE_like
60e37807,extra_quadratic,17.018236124428853,2699,4,NW_like
61f27424,extra_quadratic,4.4350328047515655,6220,2,NW_like
62569ae3,extra_quadratic,17.194963479894856,3588,4,SE_like
62a6f539,extra_quadratic,5.435940582606842,3693,1,NW_like
633774dc,extra_quadratic,20.351785128322604,6233,0,NW_like
63559d57,extra_quadratic,7.012416493274281,4069,2,SE_like
647f2a41,extra_quadratic,3.9426310562108275,3881,2,SE_like
65156b96,extra_quadratic,7.359731388740312,3221,1,SE_like
653612bc,extra_quadratic,4.089560006517773,4605,3,NW_like
656a067b,extra_quadratic,6.473211893362776,3051,2,NW_like
65a5466a,extra_quadratic,10.31871015867149,4683,2,SE_like
660d9546,extra_quadratic,9.259922038354075,4732,0,NW_like
6767c111,extra_quadratic,69.35920201560079,6783,2,NW_like
67847288,extra_quadratic,12.547294083245026,7429,2,NW_like
67a8da4a,extra_quadratic,17.608184485311195,4911,1,NW_like
684a6fc1,extra_quadratic,13.502862686776059,9818,0,SE_like
698930d1,extra_quadratic,7.629590722805819,4741,3,NW_like
699ea575,extra_quadratic,18.403936223770515,4120,2,NW_like
69c1bdad,extra_quadratic,13.070947630068357,2714,0,NW_like
69e41fa6,extra_quadratic,13.591851490948056,5772,0,SE_like
6a0ff78e,extra_quadratic,13.238276695278305,6465,2,SE_like
6a8fa194,extra_quadratic,10.9481496004798,3017,3,NW_like
6ae68655,extra_quadratic,9.546921727021894,4204,3,NW_like
6d1d74e1,extra_quadratic,15.442542687505883,5830,1,SE_like
6d590e26,extra_quadratic,8.927536204863806,6096,2,NW_like
6d6d93af,extra_quadratic,40.38193226201553,3595,2,SE_like
6dbe4b60,extra_quadratic,9.521749867102814,4648,2,NW_like
6e6d122c,extra_quadratic,5.276470684179845,5632,4,SE_like
6e9ccd38,extra_quadratic,11.577083758029339,8282,4,NW_like
6ea22614,extra_quadratic,11.373448964915465,5971,0,SE_like
6ede926a,extra_quadratic,3.9385117833063954,4938,2,NW_like
708caea9,extra_quadratic,74.29545106215444,6548,1,NW_like
70925e23,extra_quadratic,23.61341749098981,5947,1,NW_like
70e1788b,extra_quadratic,8.388540383932712,9285,3,NW_like
71642c7d,extra_quadratic,4.274584334553579,4648,4,SE_like
71ccf778,extra_quadratic,10.573404745336774,2698,3,NW_like
7224331b,extra_quadratic,4.88619922381234,6063,3,NW_like
722cf0d8,extra_quadratic,9.400939936884601,5143,4,NW_like
7256229b,extra_quadratic,11.702419966846834,5415,0,SE_like
726f3dc2,extra_quadratic,4.669697621473818,6723,1,NW_like
7271dd80,extra_quadratic,5.413723409428363,4340,4,SE_like
727a3a10,extra_quadratic,39.96129925706791,4397,3,NW_like
729665c0,extra_quadratic,6.317534709229009,4263,1,SE_like
729e9750,extra_quadratic,5.513564552723494,5919,4,SE_like
729f4217,extra_quadratic,15.089575959207501,6195,2,SE_like
72dd8501,extra_quadratic,5.027077153750571,5193,1,NW_like
73348914,extra_quadratic,15.862120522188107,4221,3,SE_like
739a914f,extra_quadratic,16.557546051817045,5505,1,NW_like
73b1447d,extra_quadratic,24.107218729985632,5670,4,SE_like
74b6186b,extra_quadratic,3.832790454825796,3405,3,NW_like
75c20ec7,extra_quadratic,9.745798946756919,5361,0,NW_like
75cd5f11,extra_quadratic,10.916217966547876,4946,4,SE_like
75d20a82,extra_quadratic,20.81753600424015,5067,2,NW_like
76201745,extra_quadratic,4.0828662144421095,4448,1,SE_like
764072a5,extra_quadratic,10.171802864294975,2949,0,NW_like
77b0d905,extra_quadratic,11.588213561384462,4174,0,NW_like
77e4821c,extra_quadratic,9.274506071671016,5393,3,SE_like
7850c72e,extra_quadratic,13.531219910287177,5497,3,SE_like
78a4a386,extra_quadratic,2.8175923130571823,5119,1,NW_like
79507629,extra_quadratic,5.143016632820494,5302,4,NW_like
796dbd4c,extra_quadratic,6.696664715377292,6248,3,SE_like
7987f2f2,extra_quadratic,7.327832635173878,3705,0,SE_like
7993a768,extra_quadratic,16.319921623803953,5487,2,SE_like
7a5660b0,extra_quadratic,19.408289545286227,4998,3,NW_like
7acda2df,extra_quadratic,13.003777787536032,3091,4,SE_like
7b2c7b3c,extra_quadratic,6.035951163571749,2584,4,NW_like
7b38844c,extra_quadratic,2.31053011049837,3749,1,NW_like
7bb17b96,extra_quadratic,1.4377049349690227,3922,0,SE_like
7c607683,extra_quadratic,8.344241343802588,5328,0,NW_like
7cbbd047,extra_quadratic,4.4847305574958956,5121,2,SE_like
7cd4bb31,extra_quadratic,3.237913944120851,6439,2,SE_like
7d50373e,extra_quadratic,9.869454261054843,5122,3,SE_like
7d57c75d,extra_quadratic,9.1615052413159,4405,2,NW_like
7e208414,extra_quadratic,9.92947151009843,4226,3,NW_like
7e721392,extra_quadratic,51.26564942770801,6174,2,SE_like
7ff89f8f,extra_quadratic,14.415601883404602,7337,0,NW_like
8050c789,extra_quadratic,16.386806922176834,3077,3,NW_like
807f0298,extra_quadratic,13.261529403483188,3747,1,NW_like
811f52b3,extra_quadratic,9.931931964822615,4836,4,NW_like
81bf5923,extra_quadratic,41.62509434301843,4543,1,NW_like
81fc01c6,extra_quadratic,15.582198409992666,5909,2,NW_like
8255c867,extra_quadratic,11.957130631876714,3589,4,NW_like
82aab6d2,extra_quadratic,7.8019106847946755,6140,4,NW_like
82fcf37c,extra_quadratic,9.440252652694133,6014,1,NW_like
833af382,extra_quadratic,9.789109315838843,3628,0,NW_like
8382f4b6,extra_quadratic,19.906699033620587,4967,1,SE_like
84633df4,extra_quadratic,15.363098316787257,4972,3,NW_like
8478df29,extra_quadratic,6.654606905547961,4857,1,NW_like
84815d5a,extra_quadratic,6.630240252972045,3647,1,NW_like
84c3b497,extra_quadratic,15.869849068874949,5312,1,SE_like
85380836,extra_quadratic,15.156214567982696,6618,0,NW_like
8612b37f,extra_quadratic,10.797498741011891,5165,2,NW_like
861e71df,extra_quadratic,6.058927166175871,4700,4,NW_like
86454a6f,extra_quadratic,38.10260564072683,7964,1,SE_like
8648abae,extra_quadratic,7.622362810093313,4244,0,SE_like
865033f8,extra_quadratic,3.492349769912502,3557,0,NW_like
87695469,extra_quadratic,10.483465925296708,7003,1,NW_like
877ed19c,extra_quadratic,5.362912203556932,3708,4,SE_like
87aa3730,extra_quadratic,14.941014953984828,5607,4,SE_like
884ecb5f,extra_quadratic,6.741144010980475,6724,2,SE_like
8902c3f6,extra_quadratic,14.318796962257963,4959,1,SE_like
896d15b9,extra_quadratic,121.78775165340613,4279,1,NW_like
8995c945,extra_quadratic,70.91590452954705,6724,2,NW_like
89969c7a,extra_quadratic,9.741599183463578,4947,4,NW_like
89f1085d,extra_quadratic,8.799001696939742,5994,4,NW_like
89f36adf,extra_quadratic,5.958429055146421,5292,1,NW_like
89fdb2f2,extra_quadratic,5.755465569811408,2031,2,NW_like
8a3da6d1,extra_quadratic,13.099957101989503,4593,3,NW_like
8a89da23,extra_quadratic,18.642545775568202,3935,2,SE_like
8a9c8932,extra_quadratic,8.697343663073976,4663,2,NW_like
8ac2f237,extra_quadratic,22.731729533172384,5319,1,SE_like
8b12bab6,extra_quadratic,5.22917230423441,5234,1,NW_like
8b5be31b,extra_quadratic,2.9390214149100147,5672,0,NW_like
8b95d6d1,extra_quadratic,2.7700458117617557,1731,0,SE_like
8b9d8326,extra_quadratic,5.3337377560450365,6163,3,SE_like
8bb9c1e6,extra_quadratic,7.737669501934655,4546,0,NW_like
8bda1a11,extra_quadratic,5.230414168020424,5981,4,SE_like
8bfa881d,extra_quadratic,14.276868948598993,4089,1,NW_like
8c167025,extra_quadratic,11.228596494656632,5368,2,SE_like
8c8348e8,extra_quadratic,16.44467434088967,3888,0,SE_like
8cc21f01,extra_quadratic,5.716028572626236,4044,2,SE_like
8cc800b3,extra_quadratic,55.20017215741186,6576,4,SE_like
8d5d46d7,extra_quadratic,16.480492093146104,5755,1,NW_like
8d92cb49,extra_quadratic,8.96203339239181,3589,2,NW_like
8f201368,extra_quadratic,52.11934051215226,6349,1,NW_like
90386ee4,extra_quadratic,3.0035383775105795,3840,2,SE_like
91abc4c7,extra_quadratic,3.5569286961777298,5848,2,NW_like
91b301ce,extra_quadratic,28.765463206238124,6570,4,NW_like
91db7070,extra_quadratic,32.93712800147722,4073,1,SE_like
925a7cd1,extra_quadratic,1.5966675763031204,4517,3,NW_like
9283ae69,extra_quadratic,4.135561353659846,3371,0,NW_like
9298ad5b,extra_quadratic,7.8316616647705715,3964,0,NW_like
9314ff13,extra_quadratic,13.131522281045283,2748,3,NW_like
93209a3d,extra_quadratic,6.756704691988828,4697,4,NW_like
939d9c34,extra_quadratic,15.718952896962769,5101,1,NW_like
93f5d2e6,extra_quadratic,16.12507208676943,3691,2,SE_like
940a48d9,extra_quadratic,7.024084349672521,3963,3,SE_like
940e709a,extra_quadratic,2.568003304528902,3348,4,NW_like
9426ec1e,extra_quadratic,12.892748946062937,2532,3,SE_like
94467f50,extra_quadratic,16.678344905762877,3035,3,NW_like
944f36b9,extra_quadratic,3.5989386208443492,4630,0,SE_like
94d813a4,extra_quadratic,25.409038834647856,4847,2,NW_like
95b559e7,extra_quadratic,10.429980958586372,2887,4,SE_like
95c8427f,extra_quadratic,18.66380069590206,6335,4,NW_like
96936c22,extra_quadratic,2.8468596096521903,3346,2,NW_like
96ae5806,extra_quadratic,37.32484443179819,9839,2,SE_like
96b7eea1,extra_quadratic,8.493186840198202,4332,2,NW_like
9719aa04,extra_quadratic,7.354578230701113,4871,0,NW_like
974802e7,extra_quadratic,21.378818841576038,5843,3,NW_like
97cd5bf9,extra_quadratic,7.232140668760473,3449,0,NW_like
98177ced,extra_quadratic,10.301408138114812,4772,4,SE_like
9896fc0b,extra_quadratic,14.452390091746024,3595,0,SE_like
98bc6f66,extra_quadratic,8.970796388979998,6063,3,NW_like
992c99e8,extra_quadratic,9.563660534461487,4904,0,SE_like
992ce078,extra_quadratic,6.183226315511275,2879,1,NW_like
99529c45,extra_quadratic,11.993915868663349,5840,1,NW_like
995ff498,extra_quadratic,8.024877167680257,4526,2,NW_like
999daf80,extra_quadratic,8.255656232535571,3564,1,NW_like
9a6b0392,extra_quadratic,12.07661264896671,4255,4,SE_like
9a8ae0d6,extra_quadratic,12.524659584052833,6294,3,NW_like
9a95e33f,extra_quadratic,26.63537731472586,6447,4,SE_like
9ab94eeb,extra_quadratic,6.737957296866237,4442,0,NW_like
9ad5410a,extra_quadratic,11.219555400459031,4205,3,NW_like
9ae248be,extra_quadratic,23.32400011714483,5271,3,NW_like
9af1ffd0,extra_quadratic,12.966459799075635,3525,3,NW_like
9b5b61c1,extra_quadratic,3.7577921326488877,5532,0,SE_like
9b9e3b49,extra_quadratic,12.089207373875647,5118,3,SE_like
9bd2bba3,extra_quadratic,4.226624379497696,7439,2,NW_like
9c211c53,extra_quadratic,4.601564690233863,7265,2,NW_like
9c350a6a,extra_quadratic,12.484566638202823,6052,1,SE_like
9c8375f7,extra_quadratic,14.202965543512336,3674,4,NW_like
9d072e4c,extra_quadratic,9.714279728423039,5107,2,SE_like
9d3ec64c,extra_quadratic,2.6742357137606745,3480,3,SE_like
9d4272e3,extra_quadratic,16.757851732612917,4030,0,NW_like
9d5e14d4,extra_quadratic,21.111431733875488,5400,1,NW_like
9da441ba,extra_quadratic,5.824642471691079,5783,2,SE_like
9dede370,extra_quadratic,17.615015626602922,6297,0,NW_like
9def2eb2,extra_quadratic,7.1336479008637745,6003,4,SE_like
9df1b1f9,extra_quadratic,10.356222171110351,4701,3,NW_like
9dfff011,extra_quadratic,13.438174236306793,4319,0,NW_like
9e3e364d,extra_quadratic,5.636879439170666,4290,1,SE_like
9efc812e,extra_quadratic,19.827122690728892,4450,3,SE_like
9f0c7bae,extra_quadratic,13.36217475733838,2542,3,SE_like
9ffce529,extra_quadratic,15.455037990122868,5212,2,NW_like
a0383629,extra_quadratic,9.137428362355934,5832,2,SE_like
a056d01e,extra_quadratic,21.11493064821252,6557,4,SE_like
a08d9e63,extra_quadratic,25.463732840688248,3685,1,SE_like
a0b83014,extra_quadratic,7.406834969163698,5035,0,NW_like
a0e92ed6,extra_quadratic,7.807720986946845,4897,3,NW_like
a15bc102,extra_quadratic,6.046323522817683,3236,4,NW_like
a247e7cf,extra_quadratic,10.509747550933739,5674,2,SE_like
a2e8e7f6,extra_quadratic,12.69114807164053,4760,1,SE_like
a3518960,extra_quadratic,5.70437864153686,4967,0,SE_like
a3f71395,extra_quadratic,17.40862418750446,5543,4,NW_like
a4719920,extra_quadratic,14.415718909465802,5884,0,SE_like
a48640d9,extra_quadratic,18.406628474774166,4532,0,SE_like
a4cdbb0f,extra_quadratic,6.906852087032151,5204,1,NW_like
a4f989c2,extra_quadratic,9.990419647106247,5385,2,SE_like
a5aa7973,extra_quadratic,8.581701930530638,4616,1,NW_like
a5e6f7dc,extra_quadratic,34.075957217862566,5649,2,SE_like
a612d5a0,extra_quadratic,10.369421793185635,5329,4,SE_like
a622ce4d,extra_quadratic,7.43163066300787,6298,1,SE_like
a645da9a,extra_quadratic,13.30200395425508,5153,0,SE_like
a692b17e,extra_quadratic,5.695813126273797,3566,0,NW_like
a6b8ac67,extra_quadratic,20.798895078817097,5453,0,NW_like
a6ed2eff,extra_quadratic,4.446346106275358,5275,2,SE_like
a6f967fb,extra_quadratic,9.018442699444405,4670,3,SE_like
a76db406,extra_quadratic,5.901394645051268,4672,1,SE_like
a7744f5b,extra_quadratic,8.763145103558156,4377,1,SE_like
a783cc24,extra_quadratic,3.695736761254825,1889,2,SE_like
a79fd2e7,extra_quadratic,8.121143828156757,4404,4,SE_like
a7fc3e6b,extra_quadratic,16.358598528976003,4764,1,SE_like
a85bb86f,extra_quadratic,7.682919250921903,3099,3,NW_like
a85e4bc3,extra_quadratic,11.390001481731575,4581,0,SE_like
a87433c9,extra_quadratic,2.7317774293574772,5721,4,SE_like
a8ed028a,extra_quadratic,30.899082683528658,5538,4,NW_like
a959858c,extra_quadratic,4.827012058037395,4404,0,SE_like
a9c9b150,extra_quadratic,4.6989328682892335,3986,1,NW_like
aa95015b,extra_quadratic,3.4258507735416353,4300,4,SE_like
aaaf3c03,extra_quadratic,25.7196205038965,2997,1,NW_like
aaeffccb,extra_quadratic,9.076236640295225,2712,4,SE_like
ab112491,extra_quadratic,19.90188057186486,5185,0,NW_like
ab18d3fc,extra_quadratic,18.679107960135727,5694,0,SE_like
ab3ced07,extra_quadratic,3.8111119930092476,4250,4,NW_like
ab6fe95d,extra_quadratic,8.97891019897424,5491,3,NW_like
ab94878e,extra_quadratic,4.573292059190743,6004,1,NW_like
abf460d2,extra_quadratic,2.864156318511514,3217,3,NW_like
ac6f01d5,extra_quadratic,12.473974395707703,5004,2,SE_like
ad2133a8,extra_quadratic,14.00592420178726,5729,2,NW_like
add9c322,extra_quadratic,9.186201568405625,3932,3,NW_like
ae069086,extra_quadratic,7.468557399248386,4770,3,NW_like
ae0784a8,extra_quadratic,10.758877468471486,7823,1,SE_like
ae35f33a,extra_quadratic,6.067885014648348,4450,0,SE_like
ae8959c3,extra_quadratic,33.1902501033409,4518,3,NW_like
aed44918,extra_quadratic,5.3073199197828025,2719,3,NW_like
aee6393a,extra_quadratic,10.876679843525789,5865,1,SE_like
af7a59ce,extra_quadratic,2.441561692972963,3024,2,SE_like
aff4e561,extra_quadratic,4.626534890514038,6026,0,NW_like
b04b58a3,extra_quadratic,4.965877048699813,3402,1,SE_like
b0d42b0d,extra_quadratic,20.076448354855135,4971,3,NW_like
b0f53bf4,extra_quadratic,6.951515371686858,2755,2,NW_like
b19b0395,extra_quadratic,3.4764502742312984,5813,0,SE_like
b1efb8a4,extra_quadratic,8.651387038084538,5998,2,NW_like
b32902c0,extra_quadratic,11.893732946078497,3808,4,NW_like
b32e4903,extra_quadratic,14.900373487866778,5770,4,NW_like
b3388334,extra_quadratic,19.51841560733314,6080,1,SE_like
b37fd114,extra_quadratic,9.507041764955343,8161,1,SE_like
b38e3116,extra_quadratic,5.28149906090723,6211,0,NW_like
b4d8dd4f,extra_quadratic,13.58691388320874,4259,1,NW_like
b4f37e6e,extra_quadratic,15.525269428621447,2992,1,SE_like
b56bc0aa,extra_quadratic,12.815702000539252,5602,3,NW_like
b585b4fa,extra_quadratic,3.78300200811766,4294,3,NW_like
b5aa9634,extra_quadratic,9.603022160642182,7326,4,NW_like
b7974e66,extra_quadratic,3.5285139584828658,5558,0,NW_like
b7cdcecb,extra_quadratic,7.5164719002064,6168,1,SE_like
b7fea9ef,extra_quadratic,3.2289147417167516,3866,1,SE_like
b85f7b06,extra_quadratic,2.5405184185140364,3803,2,SE_like
b881d27e,extra_quadratic,9.583129398022514,4009,3,SE_like
b8c49c1a,extra_quadratic,5.027881333644413,4319,0,SE_like
b95e7121,extra_quadratic,36.821446475645104,6306,0,SE_like
b977be4a,extra_quadratic,23.01693716283618,5917,2,SE_like
ba48188d,extra_quadratic,45.76541927098033,4166,0,NW_like
bb2cdd83,extra_quadratic,6.417876956771212,3825,1,NW_like
bb337fa0,extra_quadratic,11.036671036905311,6873,2,NW_like
bb682ebd,extra_quadratic,19.948830387170702,4139,2,NW_like
bc4381e2,extra_quadratic,16.204203549491744,4955,1,NW_like
bcebcc5f,extra_quadratic,17.123286079165144,6258,4,SE_like
bd2c2f34,extra_quadratic,6.17149723038188,9823,1,NW_like
bd4ae5da,extra_quadratic,5.681365995873413,5006,0,SE_like
bd6f0e19,extra_quadratic,8.043279204410505,5140,1,NW_like
bd8f847e,extra_quadratic,10.286725448851362,4961,0,SE_like
be063506,extra_quadratic,12.371114460535624,4500,3,NW_like
be35c8f2,extra_quadratic,8.747891628484712,4226,1,NW_like
be83e781,extra_quadratic,3.7840446150905267,3221,4,SE_like
beda8696,extra_quadratic,21.100014193438305,5912,4,NW_like
bf39bc20,extra_quadratic,6.146128638310677,3303,4,SE_like
bf70b410,extra_quadratic,21.611195196432668,6347,4,NW_like
bffe3082,extra_quadratic,17.250347961616033,5723,1,SE_like
c03b9305,extra_quadratic,19.068731865147022,4255,3,NW_like
c03d4aed,extra_quadratic,6.31151356638699,4641,4,SE_like
c03fba65,extra_quadratic,11.25273119445022,3699,3,NW_like
c07fd0cd,extra_quadratic,19.332219388905283,4191,0,SE_like
c1708b88,extra_quadratic,26.543700008461098,6315,2,SE_like
c1d046f4,extra_quadratic,5.762177457810992,5513,1,SE_like
c2717d4f,extra_quadratic,15.63254823131565,4721,4,SE_like
c2c4db09,extra_quadratic,18.788508527793,6039,3,SE_like
c2c6fc71,extra_quadratic,7.803464009222681,7119,2,SE_like
c36625df,extra_quadratic,2.540993171115931,4742,3,SE_like
c3957531,extra_quadratic,16.617640222430122,5316,0,NW_like
c42fe306,extra_quadratic,9.734803317491188,5095,4,NW_like
c43812e2,extra_quadratic,5.690302650707343,5527,1,NW_like
c472c0b5,extra_quadratic,9.235389296908357,3054,0,NW_like
c47e0767,extra_quadratic,26.324230510552397,4356,2,NW_like
c50b42f6,extra_quadratic,18.499047476498045,6014,0,SE_like
c593337f,extra_quadratic,15.224684758372533,5208,0,NW_like
c59b6c4a,extra_quadratic,21.531368429009024,5499,4,NW_like
c66be2b8,extra_quadratic,13.77653826138463,4154,3,NW_like
c6797dd7,extra_quadratic,5.608228946945682,4664,3,SE_like
c6b782a4,extra_quadratic,5.212691944034395,4877,4,NW_like
c6c96179,extra_quadratic,3.820009785832034,4004,2,SE_like
c70c0e01,extra_quadratic,8.060683306216438,4312,3,SE_like
c84c65be,extra_quadratic,12.34585127715349,8496,0,NW_like
c8d9680c,extra_quadratic,27.977243300927054,6281,3,NW_like
c908edd0,extra_quadratic,9.263573594140464,5293,3,SE_like
c9578d27,extra_quadratic,16.55968801801569,4487,0,NW_like
c96c018a,extra_quadratic,15.099485409576035,6236,0,SE_like
c99f9fae,extra_quadratic,20.891803456973896,6361,0,SE_like
c9e6734f,extra_quadratic,23.303445754308868,4735,1,SE_like
c9e980e8,extra_quadratic,5.278657319165704,4359,1,NW_like
c9fedcf3,extra_quadratic,6.315589840161924,3517,0,SE_like
cad13e8f,extra_quadratic,10.761640649571902,4848,4,SE_like
cb34231f,extra_quadratic,10.850900804698645,5609,2,SE_like
cb879f40,extra_quadratic,7.348145485601661,6315,2,NW_like
cbb406b5,extra_quadratic,9.022455245667242,6328,3,SE_like
cbe51de1,extra_quadratic,8.908549034976057,3963,0,SE_like
cbe62450,extra_quadratic,17.717389118007798,6258,3,NW_like
cc08aa63,extra_quadratic,9.020772956813731,3274,0,NW_like
cc8a1d57,extra_quadratic,15.026522401711663,6638,3,NW_like
ccedb12b,extra_quadratic,8.084966035467517,4401,2,NW_like
cd7f1687,extra_quadratic,5.061285911952709,4232,1,NW_like
cda7eb37,extra_quadratic,20.22353204900963,5973,0,NW_like
cdc31d65,extra_quadratic,6.105648140653803,4840,4,SE_like
cdc60a53,extra_quadratic,8.88799095511447,5878,3,NW_like
ce55ba43,extra_quadratic,8.164459343713295,4104,1,NW_like
ce8399b7,extra_quadratic,2.723403399478136,1615,0,SE_like
cf50c9d1,extra_quadratic,21.83888014810699,4858,1,NW_like
d00e7eb9,extra_quadratic,11.194871315804724,5704,1,SE_like
d011f41b,extra_quadratic,7.360902527623385,2267,3,SE_like
d07aed8f,extra_quadratic,16.976617383866323,2957,1,SE_like
d085e611,extra_quadratic,4.7004297504597865,6191,1,SE_like
d0a0e7b5,extra_quadratic,3.566172964327481,3816,1,NW_like
d0a43760,extra_quadratic,25.17228948436769,4041,1,SE_like
d0cb63ae,extra_quadratic,21.472657958786932,5223,3,NW_like
d114d9c2,extra_quadratic,10.464781903292046,6206,3,NW_like
d1457cc5,extra_quadratic,8.958303787424438,6920,3,NW_like
d1ecf309,extra_quadratic,12.735029563159287,6168,2,SE_like
d1ee630d,extra_quadratic,11.491424727085658,6290,2,SE_like
d217e0c5,extra_quadratic,7.855663851803637,3838,3,SE_like
d24ff243,extra_quadratic,5.022319515724145,5641,1,SE_like
d273674e,extra_quadratic,8.416220531633156,3899,2,NW_like
d2f3b1ab,extra_quadratic,9.0471051303953,5581,2,SE_like
d3df146b,extra_quadratic,14.385111273588882,5787,0,SE_like
d40f61d5,extra_quadratic,6.800561001066774,4039,0,SE_like
d41beaf2,extra_quadratic,9.320130211107607,4753,4,NW_like
d463e527,extra_quadratic,13.489567232151064,4767,2,SE_like
d4f60a28,extra_quadratic,17.100465470004103,4501,2,SE_like
d50c649a,extra_quadratic,11.201461360777655,4873,0,NW_like
d543916f,extra_quadratic,9.191621038805119,4799,4,SE_like
d5df0ff5,extra_quadratic,11.794918040787804,4032,4,NW_like
d60430e6,extra_quadratic,10.035595889613923,2511,3,NW_like
d63196fe,extra_quadratic,29.70667821536125,4510,3,NW_like
d6c320d9,extra_quadratic,17.37956307735125,5452,1,SE_like
d6dd7330,extra_quadratic,15.49383052340819,6193,4,NW_like
d7ba4f9d,extra_quadratic,42.48339516662519,6023,0,SE_like
d7eb0be8,extra_quadratic,27.869248109091565,5401,4,NW_like
d84b621b,extra_quadratic,7.550647429251684,3994,0,NW_like
d90aa14c,extra_quadratic,10.832256188634942,10018,1,NW_like
d924e971,extra_quadratic,29.62135122710193,3184,3,NW_like
d9ae59b2,extra_quadratic,14.34743572049634,3648,2,SE_like
d9d6d94d,extra_quadratic,11.98117276700129,4919,2,NW_like
d9eca87b,extra_quadratic,29.926992279926072,6373,1,NW_like
da2d4d7c,extra_quadratic,8.392376795712847,2114,0,SE_like
da3bfe4e,extra_quadratic,13.848480294371585,5549,1,SE_like
da3cf798,extra_quadratic,6.817810013507478,5844,1,NW_like
da940160,extra_quadratic,4.630499343041389,5132,2,SE_like
dafc88c3,extra_quadratic,16.21494260739218,5572,2,SE_like
dbee6c86,extra_quadratic,6.68938584819808,7369,1,NW_like
dc5fbe29,extra_quadratic,5.4049918069005,5203,1,SE_like
dc7da28f,extra_quadratic,15.885876439916636,4774,1,SE_like
dc7f9757,extra_quadratic,4.05219034528366,4360,1,SE_like
dd168de0,extra_quadratic,3.80879195330692,3304,2,NW_like
dd64382d,extra_quadratic,2.1820352139201,3124,3,NW_like
dd6bc5b2,extra_quadratic,2.6541273236053167,3602,1,SE_like
dd7d638e,extra_quadratic,10.959651843649214,4301,0,NW_like
ddc790ff,extra_quadratic,7.1695245988262855,4726,4,SE_like
df71d1ff,extra_quadratic,26.37075721715637,6228,3,SE_like
df73b8f3,extra_quadratic,14.113672376300466,5311,1,SE_like
df8290be,extra_quadratic,12.532162510759504,3972,1,NW_like
e0079ed1,extra_quadratic,9.34645535020369,3471,3,SE_like
e03b45fd,extra_quadratic,15.34951736092995,5342,2,NW_like
e0f36d98,extra_quadratic,8.081278210987334,4976,4,SE_like
e149204f,extra_quadratic,8.957890275370444,6097,1,SE_like
e14d641e,extra_quadratic,5.766435114149255,3184,3,NW_like
e161bd0c,extra_quadratic,2.3108185860514134,2949,4,SE_like
e201fd6d,extra_quadratic,11.390815066093985,5070,3,NW_like
e25f1537,extra_quadratic,7.2785816098029805,3177,1,NW_like
e2fc7745,extra_quadratic,4.647648665097434,3692,2,NW_like
e32da4ec,extra_quadratic,6.4059622626727855,4689,4,NW_like
e3b34f5b,extra_quadratic,11.440519870133196,5455,2,SE_like
e45a2a62,extra_quadratic,19.86690890404833,5007,4,NW_like
e46f4ef4,extra_quadratic,12.790913727258074,7195,0,SE_like
e4726608,extra_quadratic,3.9072328757894943,4733,2,NW_like
e5864244,extra_quadratic,7.083451783839593,4469,3,SE_like
e5c92e59,extra_quadratic,17.6796471459886,4295,3,NW_like
e5ff9fd2,extra_quadratic,6.402749507022666,2354,4,NW_like
e6c55748,extra_quadratic,6.431144836020761,4472,1,SE_like
e730c32b,extra_quadratic,15.479754629709333,4728,4,SE_like
e737965a,extra_quadratic,7.8501806750197565,5955,4,NW_like
e748dd88,extra_quadratic,4.102933130488377,4812,3,SE_like
e7818f7a,extra_quadratic,11.448740438362274,5371,3,SE_like
e7c36e81,extra_quadratic,7.907951083617959,3531,3,NW_like
e7d0c1de,extra_quadratic,5.266994326175725,4711,1,NW_like
e85074c5,extra_quadratic,17.667161379615326,5675,4,SE_like
e97032ad,extra_quadratic,3.704919894147108,3530,1,NW_like
e9949a23,extra_quadratic,12.384007177889863,4559,2,NW_like
ea0b99b7,extra_quadratic,16.043806590044877,9239,3,SE_like
ea3a0e38,extra_quadratic,9.687885999605557,10052,4,SE_like
ea41324e,extra_quadratic,8.675260620325966,5025,0,NW_like
eabc711b,extra_quadratic,12.277492344636341,5348,0,NW_like
eac10e86,extra_quadratic,4.170530081219449,6067,3,SE_like
eafb863e,extra_quadratic,4.60858467996537,3568,2,NW_like
eb06a4e7,extra_quadratic,6.849203412886497,4535,3,SE_like
eb640a35,extra_quadratic,10.190519872339479,6037,3,SE_like
eb934281,extra_quadratic,4.129101129123821,5971,1,NW_like
eba6605e,extra_quadratic,69.5594326553679,4410,0,SE_like
ebe69318,extra_quadratic,3.4658821285275585,4976,4,SE_like
ec0d597b,extra_quadratic,12.377432278108202,4616,4,SE_like
ec13af42,extra_quadratic,9.078574501472026,5462,2,SE_like
ecdab904,extra_quadratic,9.843821354194498,6147,3,NW_like
ecdaf714,extra_quadratic,27.129986767086127,6592,2,NW_like
ed6436d6,extra_quadratic,15.877929542712831,2945,1,NW_like
ed6e6e54,extra_quadratic,5.931302105630074,6048,1,NW_like
edf885a3,extra_quadratic,7.9030545997176755,3117,1,NW_like
ee0300f7,extra_quadratic,23.899591808082018,4544,0,SE_like
ee288beb,extra_quadratic,22.090104499605182,4638,2,SE_like
ee4aecac,extra_quadratic,18.123886610796784,5265,4,SE_like
eeda36f5,extra_quadratic,9.524079669512238,4797,0,SE_like
eeed308d,extra_quadratic,2.8059504598885208,3899,0,SE_like
ef04658e,extra_quadratic,8.418909969459671,4104,4,NW_like
ef8e3ed0,extra_quadratic,7.626294272694913,5224,3,NW_like
efde6ac3,extra_quadratic,15.548098414679478,4559,4,SE_like
efe96181,extra_quadratic,22.22809389670735,4012,4,SE_like
f0188a48,extra_quadratic,13.869511718140442,4170,2,SE_like
f021b650,extra_quadratic,10.295669112373036,3739,0,NW_like
f03f10fe,extra_quadratic,4.466207577864285,4145,2,SE_like
f053a1b9,extra_quadratic,7.6973487139243995,4108,4,NW_like
f074d277,extra_quadratic,3.945661569442304,2453,2,NW_like
f07d7037,extra_quadratic,3.1463287245264633,5563,3,NW_like
f08774c3,extra_quadratic,13.12843288809696,3900,4,NW_like
f140c2fa,extra_quadratic,13.918230195108174,4082,4,NW_like
f16e25e3,extra_quadratic,7.096289488861636,4651,4,NW_like
f2d4c8c9,extra_quadratic,11.789026495142139,6249,3,NW_like
f321a31c,extra_quadratic,40.68445262886315,5141,2,SE_like
f40cd091,extra_quadratic,8.621919250503947,5166,3,NW_like
f439a621,extra_quadratic,2.2218959944738956,2821,2,NW_like
f49fdea3,extra_quadratic,21.76084282878409,5391,3,NW_like
f4d12d23,extra_quadratic,16.906595654122274,3701,0,NW_like
f56d3ace,extra_quadratic,15.003834016911965,5432,4,NW_like
f5859199,extra_quadratic,20.814193186962974,5790,2,NW_like
f5d8aab6,extra_quadratic,12.327186627614058,4444,4,NW_like
f631da6e,extra_quadratic,1.661658984023014,4093,4,NW_like
f6824bb0,extra_quadratic,18.07143258163332,5015,4,NW_like
f6bc699b,extra_quadratic,12.65888910481931,3752,0,SE_like
f6d009f4,extra_quadratic,84.17087207591211,6715,3,NW_like
f72b268f,extra_quadratic,12.161456876730055,6404,3,NW_like
f8662c22,extra_quadratic,11.23296800998708,5429,2,SE_like
f88ddb26,extra_quadratic,6.938903302348571,4990,1,NW_like
f8afa78a,extra_quadratic,15.305153467205129,6032,4,SE_like
f8f59188,extra_quadratic,6.444789708621565,4807,3,SE_like
f9fc81aa,extra_quadratic,8.349298292275286,5598,4,SE_like
fa16d114,extra_quadratic,12.716463102763553,5686,3,SE_like
fa31da94,extra_quadratic,9.827593399281508,5027,3,SE_like
fa667be2,extra_quadratic,7.1715606526290285,7296,1,NW_like
fae0c593,extra_quadratic,9.924861944111854,4403,1,NW_like
fb03ae90,extra_quadratic,46.667770789677654,6431,0,SE_like
fb0904bd,extra_quadratic,8.8093142761371,3181,4,NW_like
fb3848a1,extra_quadratic,4.292763181692691,5919,0,NW_like
fb73b13a,extra_quadratic,49.94274515303947,5640,0,NW_like
fba7683c,extra_quadratic,29.873172934320728,407,3,NW_like
fbd68d27,extra_quadratic,32.308896701862786,6829,1,SE_like
fc03f21f,extra_quadratic,8.400609423956373,4803,1,NW_like
fc0d20b2,extra_quadratic,4.62551469054497,3954,0,NW_like
fcfcc902,extra_quadratic,4.153742350228311,2791,1,SE_like
fd3b4faa,extra_quadratic,6.643689837455432,5022,0,SE_like
fd710aea,extra_quadratic,10.720686963939189,4217,2,NW_like
fd8f77fa,extra_quadratic,8.814314544862729,5272,4,NW_like
fde20ecf,extra_quadratic,9.000503141983836,4667,4,NW_like
fdfd57da,extra_quadratic,12.305500587319829,5236,3,SE_like
febb4411,extra_quadratic,36.34123803283599,4247,2,SE_like
fef8af96,extra_quadratic,24.042458989235495,3826,0,SE_like
ff0aea78,extra_quadratic,6.448971333568533,3261,3,NW_like
ff8bb73a,extra_quadratic,6.13507783788358,5927,0,NW_like
ffefef30,extra_quadratic,7.34799029549737,4570,4,SE_like
000d7d20,blend_quadratic,8.450454098924153,3836,2,NW_like
00bbac68,blend_quadratic,13.104292900697764,6014,0,NW_like
00e12e8b,blend_quadratic,8.715218968966703,4301,0,NW_like
015fe0d2,blend_quadratic,18.44304113645632,4296,1,SE_like
01869cd4,blend_quadratic,5.992036163151956,5557,3,SE_like
01982c1d,blend_quadratic,12.181955844919512,3941,0,NW_like
028d7b28,blend_quadratic,36.51808100494487,6234,0,SE_like
02e7fe5a,blend_quadratic,8.242412007263221,5108,1,SE_like
0390d174,blend_quadratic,10.140621276868801,4411,2,SE_like
03a935ae,blend_quadratic,21.52913837618419,2786,3,NW_like
044af7d1,blend_quadratic,4.228635930361545,4519,0,NW_like
0498acab,blend_quadratic,2.639690009083379,4798,2,SE_like
052d64df,blend_quadratic,5.00080703397861,2445,2,NW_like
05948241,blend_quadratic,5.7749682721102635,3879,4,NW_like
059c8f24,blend_quadratic,39.02783392289492,6258,3,SE_like
05a0ee4d,blend_quadratic,14.646314062425825,4348,3,NW_like
060ab2b8,blend_quadratic,4.2415469012754095,6258,3,NW_like
06df5958,blend_quadratic,2.2843414305041003,3509,4,SE_like
071d7b45,blend_quadratic,8.566363507900407,3211,2,NW_like
0849b4e2,blend_quadratic,10.679928985785972,5537,1,SE_like
084d66f9,blend_quadratic,10.35877303932943,3885,2,SE_like
08fecf00,blend_quadratic,7.386811459290351,5574,4,SE_like
09053135,blend_quadratic,4.9242347443762995,5907,1,SE_like
09441b8d,blend_quadratic,9.69086520592775,5488,4,NW_like
0955cd6c,blend_quadratic,3.17584354168251,5195,1,NW_like
09ec2ca9,blend_quadratic,4.776597068060211,5885,2,SE_like
0a57a29c,blend_quadratic,11.855701843952767,5821,0,NW_like
0bbf5e67,blend_quadratic,2.369680127114686,4298,4,SE_like
0be01c24,blend_quadratic,4.2293250075294715,4738,1,NW_like
0c1b160c,blend_quadratic,6.485815705663943,5054,3,SE_like
0d99f8e4,blend_quadratic,11.33214430133075,5823,0,SE_like
0dc5e64d,blend_quadratic,10.164407076801536,4879,2,SE_like
0dc835f3,blend_quadratic,13.26825620581819,4428,0,NW_like
0dd99dc5,blend_quadratic,8.005612312490792,7342,0,NW_like
0e5e560d,blend_quadratic,7.193020180690538,3253,0,SE_like
109d9d70,blend_quadratic,15.507167562289293,4215,3,NW_like
10a1281a,blend_quadratic,6.860063646844022,5609,1,NW_like
10b89021,blend_quadratic,9.955388272015021,5414,2,NW_like
10be2420,blend_quadratic,4.23677856313209,3271,2,NW_like
113011eb,blend_quadratic,7.980027566220086,3272,2,SE_like
1131525f,blend_quadratic,10.006894182791546,4159,1,SE_like
11d0f5ac,blend_quadratic,5.3895374869543975,4883,1,NW_like
12203f2a,blend_quadratic,7.903793806995272,3261,1,NW_like
122bd617,blend_quadratic,6.180010394185667,4570,1,NW_like
125be846,blend_quadratic,20.025400209567973,6510,2,NW_like
1285a37b,blend_quadratic,2.801358209531198,5597,2,NW_like
1295a25b,blend_quadratic,9.50929900794767,5551,2,SE_like
12f0cd90,blend_quadratic,25.177920963043615,5947,4,SE_like
137d1e44,blend_quadratic,13.98071889289537,4554,4,NW_like
13ce113d,blend_quadratic,2.2579533684189563,2966,1,NW_like
13f598d9,blend_quadratic,6.226814562475432,7306,1,NW_like
14a53cb3,blend_quadratic,4.5016054974930375,6919,0,NW_like
14ab73fb,blend_quadratic,38.529033228379575,3649,0,SE_like
14ad5efb,blend_quadratic,11.874556602222116,5842,0,SE_like
14fee784,blend_quadratic,13.52471163788171,4910,4,NW_like
153552f5,blend_quadratic,5.720745319124626,4695,4,NW_like
1550491d,blend_quadratic,5.6963591743386734,4563,2,SE_like
155887bb,blend_quadratic,9.132718849221769,5585,0,NW_like
1590af81,blend_quadratic,1.924909743121081,3799,3,NW_like
15e154a1,blend_quadratic,11.97369567871548,6068,4,SE_like
1619e2ca,blend_quadratic,4.55384087537931,4443,4,SE_like
16e4a047,blend_quadratic,19.73538264061624,4131,2,NW_like
173ed841,blend_quadratic,26.703472064760327,4883,2,NW_like
1770d7c6,blend_quadratic,3.8555797425849896,7240,3,NW_like
177622d7,blend_quadratic,15.641655100948046,3154,3,NW_like
18d24f7b,blend_quadratic,10.194438282226308,4558,2,NW_like
19137a89,blend_quadratic,10.768305964845926,6267,2,NW_like
1944513c,blend_quadratic,13.715196417211818,4722,4,SE_like
197f8a5a,blend_quadratic,17.43485793342772,6310,2,NW_like
19871e7f,blend_quadratic,4.862322002273302,5293,1,NW_like
198a5607,blend_quadratic,7.077473336514149,6251,0,NW_like
19fb4f7b,blend_quadratic,8.871077877375853,5620,1,NW_like
1a518997,blend_quadratic,3.6938661007371665,4606,0,SE_like
1a68190b,blend_quadratic,14.140114249745405,4474,4,SE_like
1a730ac2,blend_quadratic,8.097520534478388,4605,2,SE_like
1aaf1da0,blend_quadratic,11.276593175342747,4804,0,NW_like
1b08ed48,blend_quadratic,7.814992986046886,5618,0,NW_like
1b1c5372,blend_quadratic,19.903818120797904,4261,2,SE_like
1b1eba53,blend_quadratic,59.92332362727352,4655,1,SE_like
1b6ba517,blend_quadratic,21.856226845450912,6597,2,NW_like
1b82b665,blend_quadratic,2.7893296038630875,3806,4,SE_like
1bcb2fcf,blend_quadratic,6.010596398050912,4524,4,NW_like
1beca81d,blend_quadratic,8.895155071260891,5036,2,SE_like
1d3fbf02,blend_quadratic,5.978707462020168,2694,4,SE_like
1d78281a,blend_quadratic,5.262173667339891,4949,0,SE_like
1e30dedf,blend_quadratic,9.022105705036275,4071,2,NW_like
1e5e3573,blend_quadratic,12.884903688436477,5480,4,NW_like
1f9afacb,blend_quadratic,2.0412825526670124,5328,3,NW_like
1fdbba44,blend_quadratic,19.998860017954105,4911,1,NW_like
1fee2b62,blend_quadratic,4.370383347534302,4641,3,NW_like
20096916,blend_quadratic,5.205374961280904,5133,2,NW_like
200d233d,blend_quadratic,7.07530314705637,3926,3,SE_like
201661b5,blend_quadratic,12.543689486575902,5955,1,SE_like
203721ab,blend_quadratic,12.426181730944968,5730,4,SE_like
20402d71,blend_quadratic,10.607515657031847,6372,4,NW_like
2043abc5,blend_quadratic,10.093472947857089,6958,0,NW_like
204cc64b,blend_quadratic,7.093194565675471,4805,1,NW_like
206b6193,blend_quadratic,34.24040004065081,6535,1,NW_like
2075c696,blend_quadratic,14.246879014276987,3188,3,SE_like
22c5f93f,blend_quadratic,7.734340640332821,5172,2,NW_like
230eaaa3,blend_quadratic,24.492405345845654,4690,0,SE_like
2364716c,blend_quadratic,7.700148019571938,4316,2,SE_like
23b9beb0,blend_quadratic,5.617578196191507,7340,3,SE_like
24d8997e,blend_quadratic,3.883737796101189,3442,1,NW_like
25050f63,blend_quadratic,10.186500732534569,6124,0,NW_like
25939962,blend_quadratic,5.426323749234384,4319,1,NW_like
25fd32b3,blend_quadratic,8.796186993432828,2885,0,SE_like
261785ee,blend_quadratic,17.82600905907999,3646,3,NW_like
264feceb,blend_quadratic,6.260364699761679,5665,1,NW_like
26623a50,blend_quadratic,5.702689167218973,5735,4,NW_like
26d3a96a,blend_quadratic,7.955501512552498,4721,4,NW_like
272abef3,blend_quadratic,8.939182893495355,4135,3,SE_like
27300fd5,blend_quadratic,6.990642657949195,5467,0,NW_like
276b012a,blend_quadratic,20.269133471429736,4837,3,SE_like
27c3155b,blend_quadratic,13.418726972663428,4958,2,SE_like
27ebb9b9,blend_quadratic,16.661243404348433,5766,2,NW_like
283269ac,blend_quadratic,4.0014813887913085,2626,2,NW_like
28473855,blend_quadratic,4.40990410202774,4290,2,NW_like
28f4eda9,blend_quadratic,4.038734384267979,5266,0,NW_like
29b24409,blend_quadratic,7.977579138456762,5587,4,NW_like
29de15c8,blend_quadratic,4.895658706229906,3431,4,NW_like
2ab29395,blend_quadratic,7.076393372710492,1852,1,SE_like
2ac7cb6b,blend_quadratic,10.806979534021114,4990,1,NW_like
2acc78d4,blend_quadratic,7.7560913161337,4266,4,NW_like
2b034622,blend_quadratic,3.16733438714949,5203,2,NW_like
2b06ad65,blend_quadratic,3.4508995090378467,4256,2,NW_like
2b547943,blend_quadratic,18.157214352304702,3480,0,SE_like
2be5c96a,blend_quadratic,4.456821267781482,4210,4,SE_like
2bff06cf,blend_quadratic,50.91382090751184,7624,0,NW_like
2c0c4a4e,blend_quadratic,3.030904391192705,4790,4,SE_like
2cee0cba,blend_quadratic,8.386809874914437,5500,2,SE_like
2d0c268a,blend_quadratic,2.9436307132428925,4550,4,SE_like
2d179ded,blend_quadratic,9.350136359474876,7008,3,NW_like
2d196986,blend_quadratic,12.852803312636325,6474,0,NW_like
2d2d0c6b,blend_quadratic,8.005396288167992,5045,2,SE_like
2d35f86d,blend_quadratic,16.431762564698765,4896,3,NW_like
2d9f6cb9,blend_quadratic,12.90974019395566,7338,4,NW_like
2ddad940,blend_quadratic,10.332950250663538,5331,2,SE_like
2e29e833,blend_quadratic,10.476908494947129,5428,0,SE_like
2e43c2ea,blend_quadratic,12.993748502843706,5698,3,NW_like
2e63d9de,blend_quadratic,9.9723197662128,4699,2,SE_like
2ee0235b,blend_quadratic,12.830773768688685,5556,3,NW_like
2f19d536,blend_quadratic,8.822283517279576,3088,1,NW_like
2f8e53c3,blend_quadratic,1.100432865218649,2594,0,NW_like
2fa01aa6,blend_quadratic,17.205856223772127,2174,4,SE_like
2fd68f7b,blend_quadratic,29.07225722468883,4730,2,SE_like
2fe023be,blend_quadratic,6.836775044330901,4221,1,NW_like
30d75030,blend_quadratic,19.570403529176335,3404,1,NW_like
310c71a5,blend_quadratic,4.618673677150184,5245,4,NW_like
32fe84c9,blend_quadratic,16.26955524189553,6408,3,SE_like
33c40295,blend_quadratic,12.006633781528889,4169,0,NW_like
3407f5bf,blend_quadratic,17.987736688217502,3638,4,SE_like
3417285d,blend_quadratic,23.496230305379978,5449,4,NW_like
347242c8,blend_quadratic,8.12369155550538,3595,0,SE_like
353e5502,blend_quadratic,5.387690598340085,6062,1,NW_like
357c12f9,blend_quadratic,2.1143301201082405,4079,4,NW_like
3584a6eb,blend_quadratic,21.18068517801712,4494,2,NW_like
35b30c7f,blend_quadratic,32.78252527198498,9579,4,SE_like
35b3ef6a,blend_quadratic,20.00533712607487,3904,4,NW_like
367456ce,blend_quadratic,2.986923845847562,5569,1,SE_like
368131f9,blend_quadratic,12.772698092547941,4991,1,NW_like
368fe682,blend_quadratic,13.61936879134229,4936,1,NW_like
3690a146,blend_quadratic,8.537033004242222,4073,2,SE_like
37344c2a,blend_quadratic,20.225600483653203,5197,0,SE_like
373ef48b,blend_quadratic,2.705965515719663,3509,0,SE_like
374be387,blend_quadratic,6.377539964985343,9965,2,NW_like
37d36812,blend_quadratic,14.357151761463818,4367,0,NW_like
38991fd4,blend_quadratic,9.73851255488074,4798,4,NW_like
389ae58f,blend_quadratic,33.768812705744445,6463,3,SE_like
3932faa6,blend_quadratic,15.709462121354239,5452,4,NW_like
398dce4b,blend_quadratic,2.657455515875274,3166,3,NW_like
39b51819,blend_quadratic,3.283401954599612,4231,2,NW_like
3a0af893,blend_quadratic,13.063439848837236,2927,2,NW_like
3a223519,blend_quadratic,15.95311866347674,4583,3,SE_like
3a7dd95d,blend_quadratic,8.753084430480028,3072,4,NW_like
3a824aa7,blend_quadratic,5.023030948411107,4201,3,NW_like
3a86fe8d,blend_quadratic,8.323910329254485,5118,0,SE_like
3aaa2b30,blend_quadratic,4.432897237173762,4711,0,SE_like
3ac16ad0,blend_quadratic,5.5218000775901235,5649,1,SE_like
3b21ea64,blend_quadratic,10.968436330786501,7376,1,NW_like
3bbe1f5d,blend_quadratic,5.683081490219452,6918,0,SE_like
3bfee975,blend_quadratic,7.443051973707236,3603,3,SE_like
3c3dbcbc,blend_quadratic,3.6935346782402547,5069,0,NW_like
3d96d897,blend_quadratic,6.5601932452690415,5659,2,SE_like
3df4b19e,blend_quadratic,6.624771248076178,4988,4,SE_like
3e011332,blend_quadratic,15.24620851127551,2723,1,NW_like
3e678ea7,blend_quadratic,9.910757017708914,6858,1,SE_like
3ef6372a,blend_quadratic,5.3694419258738995,4727,1,SE_like
3ef98781,blend_quadratic,5.232338286643208,3892,4,NW_like
3f603129,blend_quadratic,14.881764604807058,5051,2,SE_like
404c4384,blend_quadratic,14.148864760563672,911,4,NW_like
4121c517,blend_quadratic,5.8173354748090045,3723,0,NW_like
41fb0192,blend_quadratic,3.3250738430112268,2973,3,SE_like
42669188,blend_quadratic,11.897874088380437,4282,0,NW_like
42c538a1,blend_quadratic,41.706945074309985,3279,1,NW_like
43b06c70,blend_quadratic,8.311490567326542,4846,4,NW_like
43c7f85a,blend_quadratic,12.67550182535882,5978,1,SE_like
43e16325,blend_quadratic,12.76955157983881,3720,0,SE_like
44441e54,blend_quadratic,1.9456945332403979,4357,0,NW_like
445af6c2,blend_quadratic,29.91665567866459,6041,4,SE_like
4463446c,blend_quadratic,9.24318504304039,3256,0,SE_like
44a94013,blend_quadratic,19.157143042894248,4903,4,NW_like
45fb3e21,blend_quadratic,19.271240212570067,3649,2,NW_like
460f859e,blend_quadratic,8.302499522042119,3336,4,SE_like
4630ab92,blend_quadratic,13.748233292942901,3373,3,NW_like
463c38f2,blend_quadratic,6.021276505779244,4460,0,NW_like
4654e7de,blend_quadratic,5.831441161256168,5373,1,SE_like
466fc788,blend_quadratic,10.641317956449269,6197,4,NW_like
46a301e9,blend_quadratic,9.892623617086844,8226,3,SE_like
46a7190b,blend_quadratic,17.861879134108904,4215,0,SE_like
46d24a09,blend_quadratic,29.016912782536824,4449,2,NW_like
46d41ff6,blend_quadratic,2.379719429320219,7901,4,SE_like
46dfcfca,blend_quadratic,20.450393820013435,3606,0,SE_like
47222616,blend_quadratic,8.625099653138735,4406,0,NW_like
47ee27ab,blend_quadratic,10.715222208959705,6397,4,NW_like
481de5fc,blend_quadratic,24.08644733640139,5952,3,NW_like
48c1f673,blend_quadratic,14.146553686774764,2917,3,NW_like
4936af16,blend_quadratic,2.2584098384811253,3991,0,SE_like
493b5b31,blend_quadratic,20.302192310080056,4671,0,SE_like
49dbc14c,blend_quadratic,2.7828733476240144,3872,2,SE_like
4a035ec2,blend_quadratic,15.189815225653268,2588,3,SE_like
4a335117,blend_quadratic,6.781490982317869,5015,1,SE_like
4a8ecc0b,blend_quadratic,3.7721757511161274,5809,4,NW_like
4b462989,blend_quadratic,3.854764546462287,3106,3,NW_like
4b831d20,blend_quadratic,5.876089456497305,7312,3,NW_like
4c2208f5,blend_quadratic,16.61576165193175,5384,4,NW_like
4c3168cf,blend_quadratic,3.4881146079395013,4334,3,NW_like
4c3df468,blend_quadratic,9.43492761722919,5392,0,SE_like
4caa7289,blend_quadratic,6.202434218388025,5396,2,NW_like
4cd1ac61,blend_quadratic,11.43313393160348,4489,1,NW_like
4cecf7b3,blend_quadratic,12.615123699469525,6019,2,NW_like
4ddde4c1,blend_quadratic,4.502764593541549,4472,0,NW_like
4e050c92,blend_quadratic,9.537599087436252,3705,4,NW_like
4ed93db6,blend_quadratic,7.5011468650044,4657,3,SE_like
4f3eb9e9,blend_quadratic,24.8256011082902,4697,3,SE_like
4f4ac5ce,blend_quadratic,4.640407543292397,5162,3,NW_like
4f4afcc6,blend_quadratic,9.947952844678705,5645,1,SE_like
4f69febf,blend_quadratic,5.919573489850972,5460,2,NW_like
4fbe9c06,blend_quadratic,17.742943894059472,6287,3,SE_like
504c8b08,blend_quadratic,22.291727374588806,6367,0,NW_like
511e1db0,blend_quadratic,5.962181320414534,3821,2,SE_like
512943b2,blend_quadratic,7.04006099407489,5029,2,NW_like
5138a660,blend_quadratic,21.42792559859544,3559,4,SE_like
516088b7,blend_quadratic,3.413775397109998,6645,0,NW_like
521a7819,blend_quadratic,18.081971841205913,5200,1,NW_like
5254b6db,blend_quadratic,7.92798104965783,3274,1,NW_like
529e88ca,blend_quadratic,23.38038731465394,3417,3,NW_like
52f1e77a,blend_quadratic,5.807729017907614,4442,3,NW_like
5305524b,blend_quadratic,6.359769693893395,4898,3,NW_like
53134831,blend_quadratic,7.171172412193859,5126,0,NW_like
5397ceb1,blend_quadratic,3.6764640456925632,5255,4,SE_like
53f23031,blend_quadratic,7.820332279963575,8550,3,SE_like
543198e8,blend_quadratic,13.922540466149282,6503,0,NW_like
54753541,blend_quadratic,17.977767294524263,4026,4,SE_like
54a7e3c2,blend_quadratic,4.125533016553768,6155,2,NW_like
5542c301,blend_quadratic,5.853456534483965,3591,1,NW_like
5567d551,blend_quadratic,9.418062958678508,6889,4,NW_like
55efee7f,blend_quadratic,6.542658195538294,4801,0,NW_like
5663b2b7,blend_quadratic,17.666307508451766,4972,0,NW_like
5693dde2,blend_quadratic,8.735694304594338,3488,0,SE_like
56b00794,blend_quadratic,24.878308483006148,6065,2,SE_like
57796579,blend_quadratic,10.06450909906867,5890,2,NW_like
577eec7c,blend_quadratic,9.906512761254296,4539,3,SE_like
57f05c51,blend_quadratic,17.816794691899442,4771,3,SE_like
58850d2c,blend_quadratic,20.817955525096707,4995,1,NW_like
58fa8486,blend_quadratic,13.68394360758733,4475,1,NW_like
591cc951,blend_quadratic,6.111562733587266,4609,2,NW_like
593876b6,blend_quadratic,9.727016110135809,4842,4,NW_like
59f8b2e8,blend_quadratic,15.2165919364544,3747,4,SE_like
5a1a8fd8,blend_quadratic,7.215369195729041,5260,3,SE_like
5a5269a9,blend_quadratic,14.876782342313755,6513,3,SE_like
5a5d1982,blend_quadratic,6.44896712055903,3894,0,SE_like
5a63b5d1,blend_quadratic,39.373949008307854,6217,2,SE_like
5aa03df7,blend_quadratic,9.358979704764089,4871,3,SE_like
5aa403d0,blend_quadratic,20.80238088757219,3118,1,NW_like
5aef5c6c,blend_quadratic,4.048046182136246,3121,0,SE_like
5b7b6324,blend_quadratic,21.123135253278083,6564,3,NW_like
5bd25f59,blend_quadratic,11.173412048420312,4210,3,NW_like
5beded95,blend_quadratic,9.424233246171514,3057,4,SE_like
5cb483ac,blend_quadratic,6.556648799977344,3852,2,NW_like
5cdd8dbc,blend_quadratic,11.48008924190147,4010,4,NW_like
5d11dfb5,blend_quadratic,8.864803342775264,5895,1,NW_like
5d7198fd,blend_quadratic,7.216603910180598,3368,3,NW_like
5def1ce5,blend_quadratic,6.957117410251503,6443,3,SE_like
5eae34a8,blend_quadratic,4.104515768447403,4904,2,SE_like
5f4d2a52,blend_quadratic,37.81338233676348,5225,3,NW_like
5f6756c5,blend_quadratic,9.753161893707826,5931,1,NW_like
5f75f796,blend_quadratic,8.781588443233877,5562,4,NW_like
5fb1c15f,blend_quadratic,12.303215287693876,2860,0,NW_like
5fffa282,blend_quadratic,5.937052811247004,4201,4,SE_like
60e37807,blend_quadratic,17.72734453398961,2699,4,NW_like
61f27424,blend_quadratic,5.11415541471813,6220,2,NW_like
62569ae3,blend_quadratic,14.550177382099218,3588,4,SE_like
62a6f539,blend_quadratic,8.283409967269973,3693,1,NW_like
633774dc,blend_quadratic,18.56138275117911,6233,0,NW_like
63559d57,blend_quadratic,7.683486732813873,4069,2,SE_like
647f2a41,blend_quadratic,3.5028053614292225,3881,2,SE_like
65156b96,blend_quadratic,7.671970348589466,3221,1,SE_like
653612bc,blend_quadratic,2.486421032464326,4605,3,NW_like
656a067b,blend_quadratic,8.132059350729682,3051,2,NW_like
65a5466a,blend_quadratic,7.588190975254562,4683,2,SE_like
660d9546,blend_quadratic,8.38519873030737,4732,0,NW_like
6767c111,blend_quadratic,61.06163599703473,6783,2,NW_like
67847288,blend_quadratic,16.458984454726206,7429,2,NW_like
67a8da4a,blend_quadratic,13.060423529802634,4911,1,NW_like
684a6fc1,blend_quadratic,17.989079473708053,9818,0,SE_like
698930d1,blend_quadratic,6.339795022227022,4741,3,NW_like
699ea575,blend_quadratic,13.12071024378998,4120,2,NW_like
69c1bdad,blend_quadratic,7.1532726572006515,2714,0,NW_like
69e41fa6,blend_quadratic,9.443724307683835,5772,0,SE_like
6a0ff78e,blend_quadratic,12.354312636749393,6465,2,SE_like
6a8fa194,blend_quadratic,7.756063133580371,3017,3,NW_like
6ae68655,blend_quadratic,7.610563997823303,4204,3,NW_like
6d1d74e1,blend_quadratic,18.254634506884177,5830,1,SE_like
6d590e26,blend_quadratic,8.943291495278467,6096,2,NW_like
6d6d93af,blend_quadratic,31.727250076868877,3595,2,SE_like
6dbe4b60,blend_quadratic,7.083316483410073,4648,2,NW_like
6e6d122c,blend_quadratic,5.443213475284345,5632,4,SE_like
6e9ccd38,blend_quadratic,12.88202052263201,8282,4,NW_like
6ea22614,blend_quadratic,11.760645805819925,5971,0,SE_like
6ede926a,blend_quadratic,4.036463272110902,4938,2,NW_like
708caea9,blend_quadratic,58.98268084639827,6548,1,NW_like
70925e23,blend_quadratic,18.2355996162763,5947,1,NW_like
70e1788b,blend_quadratic,6.528496194126494,9285,3,NW_like
71642c7d,blend_quadratic,4.55231454959004,4648,4,SE_like
71ccf778,blend_quadratic,9.453054130548132,2698,3,NW_like
7224331b,blend_quadratic,4.120876279709515,6063,3,NW_like
722cf0d8,blend_quadratic,8.542712144095638,5143,4,NW_like
7256229b,blend_quadratic,10.73622794804349,5415,0,SE_like
726f3dc2,blend_quadratic,4.864445617115022,6723,1,NW_like
7271dd80,blend_quadratic,5.206481253720157,4340,4,SE_like
727a3a10,blend_quadratic,27.640411960804606,4397,3,NW_like
729665c0,blend_quadratic,2.3989405293113117,4263,1,SE_like
729e9750,blend_quadratic,2.34612567091441,5919,4,SE_like
729f4217,blend_quadratic,14.08666815809293,6195,2,SE_like
72dd8501,blend_quadratic,3.4723808516063257,5193,1,NW_like
73348914,blend_quadratic,16.057225111732066,4221,3,SE_like
739a914f,blend_quadratic,20.383881256204965,5505,1,NW_like
73b1447d,blend_quadratic,23.252311449750596,5670,4,SE_like
74b6186b,blend_quadratic,2.8279868936085957,3405,3,NW_like
75c20ec7,blend_quadratic,9.273021282063635,5361,0,NW_like
75cd5f11,blend_quadratic,8.330076574200136,4946,4,SE_like
75d20a82,blend_quadratic,16.64573371753349,5067,2,NW_like
76201745,blend_quadratic,6.167925602655192,4448,1,SE_like
764072a5,blend_quadratic,6.512547234876131,2949,0,NW_like
77b0d905,blend_quadratic,8.351953850231663,4174,0,NW_like
77e4821c,blend_quadratic,15.430231547454621,5393,3,SE_like
7850c72e,blend_quadratic,12.228978179251357,5497,3,SE_like
78a4a386,blend_quadratic,4.3758978225000105,5119,1,NW_like
79507629,blend_quadratic,5.31370037142777,5302,4,NW_like
796dbd4c,blend_quadratic,11.639489333294184,6248,3,SE_like
7987f2f2,blend_quadratic,5.906080935468686,3705,0,SE_like
7993a768,blend_quadratic,9.717439479788629,5487,2,SE_like
7a5660b0,blend_quadratic,18.151936208245154,4998,3,NW_like
7acda2df,blend_quadratic,16.8647727561443,3091,4,SE_like
7b2c7b3c,blend_quadratic,5.777359682098742,2584,4,NW_like
7b38844c,blend_quadratic,2.2592472493837326,3749,1,NW_like
7bb17b96,blend_quadratic,2.035886478944946,3922,0,SE_like
7c607683,blend_quadratic,10.906404860746326,5328,0,NW_like
7cbbd047,blend_quadratic,5.087777148330194,5121,2,SE_like
7cd4bb31,blend_quadratic,5.595129552862026,6439,2,SE_like
7d50373e,blend_quadratic,6.090585334999602,5122,3,SE_like
7d57c75d,blend_quadratic,7.043261472463899,4405,2,NW_like
7e208414,blend_quadratic,7.971209023756307,4226,3,NW_like
7e721392,blend_quadratic,46.20510690483102,6174,2,SE_like
7ff89f8f,blend_quadratic,14.781270914531547,7337,0,NW_like
8050c789,blend_quadratic,15.357153442115525,3077,3,NW_like
807f0298,blend_quadratic,12.463765777578093,3747,1,NW_like
811f52b3,blend_quadratic,7.695276176739939,4836,4,NW_like
81bf5923,blend_quadratic,37.8929485096115,4543,1,NW_like
81fc01c6,blend_quadratic,14.954294162473271,5909,2,NW_like
8255c867,blend_quadratic,12.344873447439857,3589,4,NW_like
82aab6d2,blend_quadratic,6.332585323644751,6140,4,NW_like
82fcf37c,blend_quadratic,8.357690919392706,6014,1,NW_like
833af382,blend_quadratic,8.164407142718686,3628,0,NW_like
8382f4b6,blend_quadratic,21.513746199906205,4967,1,SE_like
84633df4,blend_quadratic,15.013704094237852,4972,3,NW_like
8478df29,blend_quadratic,6.055876518954253,4857,1,NW_like
84815d5a,blend_quadratic,5.689479917241671,3647,1,NW_like
84c3b497,blend_quadratic,15.758776339090891,5312,1,SE_like
85380836,blend_quadratic,17.215358045343503,6618,0,NW_like
8612b37f,blend_quadratic,15.050620368868508,5165,2,NW_like
861e71df,blend_quadratic,13.528591475143681,4700,4,NW_like
86454a6f,blend_quadratic,45.34518285774112,7964,1,SE_like
8648abae,blend_quadratic,5.2250372392623445,4244,0,SE_like
865033f8,blend_quadratic,3.775829654962679,3557,0,NW_like
87695469,blend_quadratic,8.041785383690902,7003,1,NW_like
877ed19c,blend_quadratic,5.576225673217915,3708,4,SE_like
87aa3730,blend_quadratic,13.742654807581564,5607,4,SE_like
884ecb5f,blend_quadratic,6.358452514925176,6724,2,SE_like
8902c3f6,blend_quadratic,10.053428467431738,4959,1,SE_like
896d15b9,blend_quadratic,83.21874986753522,4279,1,NW_like
8995c945,blend_quadratic,57.57946600553111,6724,2,NW_like
89969c7a,blend_quadratic,6.246511628690139,4947,4,NW_like
89f1085d,blend_quadratic,5.480777622433984,5994,4,NW_like
89f36adf,blend_quadratic,6.118638637913559,5292,1,NW_like
89fdb2f2,blend_quadratic,4.412755092475746,2031,2,NW_like
8a3da6d1,blend_quadratic,10.86035752674113,4593,3,NW_like
8a89da23,blend_quadratic,18.349461654360383,3935,2,SE_like
8a9c8932,blend_quadratic,7.09096988127167,4663,2,NW_like
8ac2f237,blend_quadratic,20.861688604709133,5319,1,SE_like
8b12bab6,blend_quadratic,4.992409880406029,5234,1,NW_like
8b5be31b,blend_quadratic,2.999633679331326,5672,0,NW_like
8b95d6d1,blend_quadratic,5.235899762691595,1731,0,SE_like
8b9d8326,blend_quadratic,5.306718045051623,6163,3,SE_like
8bb9c1e6,blend_quadratic,7.136097540556508,4546,0,NW_like
8bda1a11,blend_quadratic,5.785055573386073,5981,4,SE_like
8bfa881d,blend_quadratic,15.309260250296683,4089,1,NW_like
8c167025,blend_quadratic,9.110040193077456,5368,2,SE_like
8c8348e8,blend_quadratic,16.32274122370125,3888,0,SE_like
8cc21f01,blend_quadratic,5.740676355817102,4044,2,SE_like
8cc800b3,blend_quadratic,41.9955582190787,6576,4,SE_like
8d5d46d7,blend_quadratic,14.986707885748562,5755,1,NW_like
8d92cb49,blend_quadratic,8.58045228603621,3589,2,NW_like
8f201368,blend_quadratic,42.33936837110456,6349,1,NW_like
90386ee4,blend_quadratic,2.8792479209397435,3840,2,SE_like
91abc4c7,blend_quadratic,3.070207042578188,5848,2,NW_like
91b301ce,blend_quadratic,28.91387612365149,6570,4,NW_like
91db7070,blend_quadratic,32.29874867676114,4073,1,SE_like
925a7cd1,blend_quadratic,3.4540531268276213,4517,3,NW_like
9283ae69,blend_quadratic,5.649127785044164,3371,0,NW_like
9298ad5b,blend_quadratic,8.437660639964406,3964,0,NW_like
9314ff13,blend_quadratic,10.334248954401337,2748,3,NW_like
93209a3d,blend_quadratic,7.899627038958284,4697,4,NW_like
939d9c34,blend_quadratic,5.600919531273591,5101,1,NW_like
93f5d2e6,blend_quadratic,16.175047761956158,3691,2,SE_like
940a48d9,blend_quadratic,6.673179976964465,3963,3,SE_like
940e709a,blend_quadratic,3.8405450248260493,3348,4,NW_like
9426ec1e,blend_quadratic,10.969263857856735,2532,3,SE_like
94467f50,blend_quadratic,11.483297260604314,3035,3,NW_like
944f36b9,blend_quadratic,3.7121268294693723,4630,0,SE_like
94d813a4,blend_quadratic,30.97402905146327,4847,2,NW_like
95b559e7,blend_quadratic,11.616070506471019,2887,4,SE_like
95c8427f,blend_quadratic,21.295279405272783,6335,4,NW_like
96936c22,blend_quadratic,2.4641508236748524,3346,2,NW_like
96ae5806,blend_quadratic,25.244577378653425,9839,2,SE_like
96b7eea1,blend_quadratic,4.528474145648764,4332,2,NW_like
9719aa04,blend_quadratic,7.54143094120226,4871,0,NW_like
974802e7,blend_quadratic,14.718545680077295,5843,3,NW_like
97cd5bf9,blend_quadratic,7.476207664471614,3449,0,NW_like
98177ced,blend_quadratic,10.533671512952415,4772,4,SE_like
9896fc0b,blend_quadratic,15.317657140575221,3595,0,SE_like
98bc6f66,blend_quadratic,7.3820096321223305,6063,3,NW_like
992c99e8,blend_quadratic,11.394160397400883,4904,0,SE_like
992ce078,blend_quadratic,5.365288362316894,2879,1,NW_like
99529c45,blend_quadratic,9.936490407979223,5840,1,NW_like
995ff498,blend_quadratic,8.226747935060436,4526,2,NW_like
999daf80,blend_quadratic,9.018413680388814,3564,1,NW_like
9a6b0392,blend_quadratic,10.663411642556532,4255,4,SE_like
9a8ae0d6,blend_quadratic,9.70088789539629,6294,3,NW_like
9a95e33f,blend_quadratic,25.21330836826824,6447,4,SE_like
9ab94eeb,blend_quadratic,8.045020831468765,4442,0,NW_like
9ad5410a,blend_quadratic,9.754726911073002,4205,3,NW_like
9ae248be,blend_quadratic,19.6833789617417,5271,3,NW_like
9af1ffd0,blend_quadratic,13.565718736829467,3525,3,NW_like
9b5b61c1,blend_quadratic,2.4939478447469545,5532,0,SE_like
9b9e3b49,blend_quadratic,14.81446171197574,5118,3,SE_like
9bd2bba3,blend_quadratic,4.067025181737622,7439,2,NW_like
9c211c53,blend_quadratic,4.3505195066800955,7265,2,NW_like
9c350a6a,blend_quadratic,18.445652291651573,6052,1,SE_like
9c8375f7,blend_quadratic,11.912102778711072,3674,4,NW_like
9d072e4c,blend_quadratic,9.852530329307434,5107,2,SE_like
9d3ec64c,blend_quadratic,1.8353669503295575,3480,3,SE_like
9d4272e3,blend_quadratic,12.366883118030174,4030,0,NW_like
9d5e14d4,blend_quadratic,21.466155040134907,5400,1,NW_like
9da441ba,blend_quadratic,5.3862608509305945,5783,2,SE_like
9dede370,blend_quadratic,19.21232574213117,6297,0,NW_like
9def2eb2,blend_quadratic,4.8004253423221215,6003,4,SE_like
9df1b1f9,blend_quadratic,7.905991587090879,4701,3,NW_like
9dfff011,blend_quadratic,11.081368952910694,4319,0,NW_like
9e3e364d,blend_quadratic,5.781956910425563,4290,1,SE_like
9efc812e,blend_quadratic,21.01250660990344,4450,3,SE_like
9f0c7bae,blend_quadratic,13.99250064595192,2542,3,SE_like
9ffce529,blend_quadratic,20.174602206710336,5212,2,NW_like
a0383629,blend_quadratic,9.979642977152473,5832,2,SE_like
a056d01e,blend_quadratic,14.123996468926777,6557,4,SE_like
a08d9e63,blend_quadratic,21.409828408430453,3685,1,SE_like
a0b83014,blend_quadratic,8.847781638644303,5035,0,NW_like
a0e92ed6,blend_quadratic,9.737567120054731,4897,3,NW_like
a15bc102,blend_quadratic,4.446890962973635,3236,4,NW_like
a247e7cf,blend_quadratic,7.061369552308537,5674,2,SE_like
a2e8e7f6,blend_quadratic,12.80459642200835,4760,1,SE_like
a3518960,blend_quadratic,4.979606821602478,4967,0,SE_like
a3f71395,blend_quadratic,18.626582396469892,5543,4,NW_like
a4719920,blend_quadratic,9.960600317900498,5884,0,SE_like
a48640d9,blend_quadratic,16.58422485394975,4532,0,SE_like
a4cdbb0f,blend_quadratic,6.674592950611331,5204,1,NW_like
a4f989c2,blend_quadratic,8.40809107680904,5385,2,SE_like
a5aa7973,blend_quadratic,12.50561321359685,4616,1,NW_like
a5e6f7dc,blend_quadratic,30.600339160648005,5649,2,SE_like
a612d5a0,blend_quadratic,12.852725180239563,5329,4,SE_like
a622ce4d,blend_quadratic,9.162591391541556,6298,1,SE_like
a645da9a,blend_quadratic,17.37174207084569,5153,0,SE_like
a692b17e,blend_quadratic,4.998710621058419,3566,0,NW_like
a6b8ac67,blend_quadratic,18.69951186496106,5453,0,NW_like
a6ed2eff,blend_quadratic,3.699734713978749,5275,2,SE_like
a6f967fb,blend_quadratic,8.832287291294069,4670,3,SE_like
a76db406,blend_quadratic,8.422605366221271,4672,1,SE_like
a7744f5b,blend_quadratic,9.73669028622011,4377,1,SE_like
a783cc24,blend_quadratic,8.601455012917818,1889,2,SE_like
a79fd2e7,blend_quadratic,8.243479554842196,4404,4,SE_like
a7fc3e6b,blend_quadratic,15.834043642393436,4764,1,SE_like
a85bb86f,blend_quadratic,5.018700433425451,3099,3,NW_like
a85e4bc3,blend_quadratic,9.419556988176966,4581,0,SE_like
a87433c9,blend_quadratic,3.8403166442065118,5721,4,SE_like
a8ed028a,blend_quadratic,28.166091815984608,5538,4,NW_like
a959858c,blend_quadratic,5.801020764512939,4404,0,SE_like
a9c9b150,blend_quadratic,5.226162753211785,3986,1,NW_like
aa95015b,blend_quadratic,2.546037802566488,4300,4,SE_like
aaaf3c03,blend_quadratic,21.27232700013104,2997,1,NW_like
aaeffccb,blend_quadratic,8.3327417360708,2712,4,SE_like
ab112491,blend_quadratic,19.514390077088265,5185,0,NW_like
ab18d3fc,blend_quadratic,18.816515325117383,5694,0,SE_like
ab3ced07,blend_quadratic,6.114052107536525,4250,4,NW_like
ab6fe95d,blend_quadratic,8.184087324916831,5491,3,NW_like
ab94878e,blend_quadratic,4.161227841190748,6004,1,NW_like
abf460d2,blend_quadratic,3.159154387099082,3217,3,NW_like
ac6f01d5,blend_quadratic,9.361829067875075,5004,2,SE_like
ad2133a8,blend_quadratic,17.680086362239404,5729,2,NW_like
add9c322,blend_quadratic,8.215966887844743,3932,3,NW_like
ae069086,blend_quadratic,5.680772432693696,4770,3,NW_like
ae0784a8,blend_quadratic,8.930471073829354,7823,1,SE_like
ae35f33a,blend_quadratic,6.816081919572727,4450,0,SE_like
ae8959c3,blend_quadratic,29.871607266508583,4518,3,NW_like
aed44918,blend_quadratic,4.893572713243767,2719,3,NW_like
aee6393a,blend_quadratic,13.295267244445261,5865,1,SE_like
af7a59ce,blend_quadratic,1.9489915171354626,3024,2,SE_like
aff4e561,blend_quadratic,4.585160737012913,6026,0,NW_like
b04b58a3,blend_quadratic,3.2162287116021147,3402,1,SE_like
b0d42b0d,blend_quadratic,19.04060723814235,4971,3,NW_like
b0f53bf4,blend_quadratic,8.637448000974548,2755,2,NW_like
b19b0395,blend_quadratic,1.7578382378986075,5813,0,SE_like
b1efb8a4,blend_quadratic,6.388779096388157,5998,2,NW_like
b32902c0,blend_quadratic,10.084618079644018,3808,4,NW_like
b32e4903,blend_quadratic,10.254825747237264,5770,4,NW_like
b3388334,blend_quadratic,17.173033900911317,6080,1,SE_like
b37fd114,blend_quadratic,7.72448688088369,8161,1,SE_like
b38e3116,blend_quadratic,4.4113315992513495,6211,0,NW_like
b4d8dd4f,blend_quadratic,10.913223250376417,4259,1,NW_like
b4f37e6e,blend_quadratic,14.593562041034062,2992,1,SE_like
b56bc0aa,blend_quadratic,11.611257188555536,5602,3,NW_like
b585b4fa,blend_quadratic,3.0588695641333308,4294,3,NW_like
b5aa9634,blend_quadratic,8.13378193449641,7326,4,NW_like
b7974e66,blend_quadratic,3.0164107557889572,5558,0,NW_like
b7cdcecb,blend_quadratic,8.101160771459806,6168,1,SE_like
b7fea9ef,blend_quadratic,3.833822376191119,3866,1,SE_like
b85f7b06,blend_quadratic,3.3151612565567063,3803,2,SE_like
b881d27e,blend_quadratic,8.072198455130776,4009,3,SE_like
b8c49c1a,blend_quadratic,4.055886397400372,4319,0,SE_like
b95e7121,blend_quadratic,33.07010996479188,6306,0,SE_like
b977be4a,blend_quadratic,27.821562725977312,5917,2,SE_like
ba48188d,blend_quadratic,45.55104133290822,4166,0,NW_like
bb2cdd83,blend_quadratic,6.286578839975081,3825,1,NW_like
bb337fa0,blend_quadratic,12.883391742914387,6873,2,NW_like
bb682ebd,blend_quadratic,18.036533619301,4139,2,NW_like
bc4381e2,blend_quadratic,15.047909631769873,4955,1,NW_like
bcebcc5f,blend_quadratic,16.58600995160321,6258,4,SE_like
bd2c2f34,blend_quadratic,5.645729796037969,9823,1,NW_like
bd4ae5da,blend_quadratic,4.814078722459604,5006,0,SE_like
bd6f0e19,blend_quadratic,8.05824583469244,5140,1,NW_like
bd8f847e,blend_quadratic,11.068516078852026,4961,0,SE_like
be063506,blend_quadratic,7.786684673884925,4500,3,NW_like
be35c8f2,blend_quadratic,9.78895056421729,4226,1,NW_like
be83e781,blend_quadratic,4.974289406562266,3221,4,SE_like
beda8696,blend_quadratic,19.339299569664526,5912,4,NW_like
bf39bc20,blend_quadratic,6.887841358527406,3303,4,SE_like
bf70b410,blend_quadratic,23.01435984671532,6347,4,NW_like
bffe3082,blend_quadratic,20.33147762462992,5723,1,SE_like
c03b9305,blend_quadratic,16.44442432442673,4255,3,NW_like
c03d4aed,blend_quadratic,5.5471841693168615,4641,4,SE_like
c03fba65,blend_quadratic,4.286316172821883,3699,3,NW_like
c07fd0cd,blend_quadratic,14.019948774818662,4191,0,SE_like
c1708b88,blend_quadratic,24.431866543726315,6315,2,SE_like
c1d046f4,blend_quadratic,5.7861234854689565,5513,1,SE_like
c2717d4f,blend_quadratic,15.576201526828406,4721,4,SE_like
c2c4db09,blend_quadratic,19.63250447416589,6039,3,SE_like
c2c6fc71,blend_quadratic,7.985124073788887,7119,2,SE_like
c36625df,blend_quadratic,2.5038677323046072,4742,3,SE_like
c3957531,blend_quadratic,9.895814494375669,5316,0,NW_like
c42fe306,blend_quadratic,9.579776099915792,5095,4,NW_like
c43812e2,blend_quadratic,6.574925353468161,5527,1,NW_like
c472c0b5,blend_quadratic,8.981380908329903,3054,0,NW_like
c47e0767,blend_quadratic,23.405774491762195,4356,2,NW_like
c50b42f6,blend_quadratic,17.22377531313535,6014,0,SE_like
c593337f,blend_quadratic,16.4465513102303,5208,0,NW_like
c59b6c4a,blend_quadratic,22.17013218497508,5499,4,NW_like
c66be2b8,blend_quadratic,16.788286804420107,4154,3,NW_like
c6797dd7,blend_quadratic,3.8192782414877207,4664,3,SE_like
c6b782a4,blend_quadratic,8.090044483308153,4877,4,NW_like
c6c96179,blend_quadratic,3.9723901634657843,4004,2,SE_like
c70c0e01,blend_quadratic,8.723240349659342,4312,3,SE_like
c84c65be,blend_quadratic,12.149703153635208,8496,0,NW_like
c8d9680c,blend_quadratic,33.34376317004223,6281,3,NW_like
c908edd0,blend_quadratic,7.893404489463471,5293,3,SE_like
c9578d27,blend_quadratic,15.839323255462102,4487,0,NW_like
c96c018a,blend_quadratic,7.985827579908092,6236,0,SE_like
c99f9fae,blend_quadratic,21.520402304146472,6361,0,SE_like
c9e6734f,blend_quadratic,27.728217315203835,4735,1,SE_like
c9e980e8,blend_quadratic,5.050461329433842,4359,1,NW_like
c9fedcf3,blend_quadratic,5.773594488115048,3517,0,SE_like
cad13e8f,blend_quadratic,8.809163719377091,4848,4,SE_like
cb34231f,blend_quadratic,9.981462737699088,5609,2,SE_like
cb879f40,blend_quadratic,9.838856624847708,6315,2,NW_like
cbb406b5,blend_quadratic,8.751144642065091,6328,3,SE_like
cbe51de1,blend_quadratic,6.123340069780578,3963,0,SE_like
cbe62450,blend_quadratic,25.179233156750637,6258,3,NW_like
cc08aa63,blend_quadratic,8.314949543041237,3274,0,NW_like
cc8a1d57,blend_quadratic,15.41986342040568,6638,3,NW_like
ccedb12b,blend_quadratic,9.985135451356802,4401,2,NW_like
cd7f1687,blend_quadratic,5.235917162608782,4232,1,NW_like
cda7eb37,blend_quadratic,18.69762217438699,5973,0,NW_like
cdc31d65,blend_quadratic,5.643559234563662,4840,4,SE_like
cdc60a53,blend_quadratic,8.15731664096909,5878,3,NW_like
ce55ba43,blend_quadratic,7.002256027289099,4104,1,NW_like
ce8399b7,blend_quadratic,5.0996535592878285,1615,0,SE_like
cf50c9d1,blend_quadratic,20.33377489317876,4858,1,NW_like
d00e7eb9,blend_quadratic,14.42896768300799,5704,1,SE_like
d011f41b,blend_quadratic,7.991818584877545,2267,3,SE_like
d07aed8f,blend_quadratic,14.910875618308987,2957,1,SE_like
d085e611,blend_quadratic,5.115931303363341,6191,1,SE_like
d0a0e7b5,blend_quadratic,3.3995046323751237,3816,1,NW_like
d0a43760,blend_quadratic,24.008446849891612,4041,1,SE_like
d0cb63ae,blend_quadratic,16.875306623862237,5223,3,NW_like
d114d9c2,blend_quadratic,12.801776195619954,6206,3,NW_like
d1457cc5,blend_quadratic,8.145831294514503,6920,3,NW_like
d1ecf309,blend_quadratic,11.646046608478953,6168,2,SE_like
d1ee630d,blend_quadratic,11.13319414794287,6290,2,SE_like
d217e0c5,blend_quadratic,4.779095968903624,3838,3,SE_like
d24ff243,blend_quadratic,8.534035957038652,5641,1,SE_like
d273674e,blend_quadratic,8.444579573209635,3899,2,NW_like
d2f3b1ab,blend_quadratic,10.19946377526477,5581,2,SE_like
d3df146b,blend_quadratic,12.842756037524017,5787,0,SE_like
d40f61d5,blend_quadratic,3.0684942157781214,4039,0,SE_like
d41beaf2,blend_quadratic,9.664013203028919,4753,4,NW_like
d463e527,blend_quadratic,11.709303630941085,4767,2,SE_like
d4f60a28,blend_quadratic,14.499032531961499,4501,2,SE_like
d50c649a,blend_quadratic,9.76695445833467,4873,0,NW_like
d543916f,blend_quadratic,11.185564420731682,4799,4,SE_like
d5df0ff5,blend_quadratic,8.978598915898433,4032,4,NW_like
d60430e6,blend_quadratic,7.445371906283871,2511,3,NW_like
d63196fe,blend_quadratic,27.777576933294416,4510,3,NW_like
d6c320d9,blend_quadratic,13.99397219054563,5452,1,SE_like
d6dd7330,blend_quadratic,13.484794737545025,6193,4,NW_like
d7ba4f9d,blend_quadratic,34.010848606596646,6023,0,SE_like
d7eb0be8,blend_quadratic,27.128758703624257,5401,4,NW_like
d84b621b,blend_quadratic,7.185825364119321,3994,0,NW_like
d90aa14c,blend_quadratic,8.527128240477774,10018,1,NW_like
d924e971,blend_quadratic,27.82573353373721,3184,3,NW_like
d9ae59b2,blend_quadratic,11.612487561000378,3648,2,SE_like
d9d6d94d,blend_quadratic,9.275803712551314,4919,2,NW_like
d9eca87b,blend_quadratic,30.44052573152986,6373,1,NW_like
da2d4d7c,blend_quadratic,10.579308921204222,2114,0,SE_like
da3bfe4e,blend_quadratic,15.477954157294874,5549,1,SE_like
da3cf798,blend_quadratic,10.599340497389905,5844,1,NW_like
da940160,blend_quadratic,5.349321600479416,5132,2,SE_like
dafc88c3,blend_quadratic,20.209935801466724,5572,2,SE_like
dbee6c86,blend_quadratic,5.88863997846954,7369,1,NW_like
dc5fbe29,blend_quadratic,5.897225356962823,5203,1,SE_like
dc7da28f,blend_quadratic,19.316680732900586,4774,1,SE_like
dc7f9757,blend_quadratic,2.730391704629834,4360,1,SE_like
dd168de0,blend_quadratic,4.737692722280734,3304,2,NW_like
dd64382d,blend_quadratic,2.6092645478303567,3124,3,NW_like
dd6bc5b2,blend_quadratic,3.8927930221619627,3602,1,SE_like
dd7d638e,blend_quadratic,5.839966035020598,4301,0,NW_like
ddc790ff,blend_quadratic,4.427045481968245,4726,4,SE_like
df71d1ff,blend_quadratic,29.28405416860957,6228,3,SE_like
df73b8f3,blend_quadratic,15.808760324165373,5311,1,SE_like
df8290be,blend_quadratic,12.049140682828547,3972,1,NW_like
e0079ed1,blend_quadratic,8.291952049446852,3471,3,SE_like
e03b45fd,blend_quadratic,12.041963252986104,5342,2,NW_like
e0f36d98,blend_quadratic,7.954423889736142,4976,4,SE_like
e149204f,blend_quadratic,6.784950009512705,6097,1,SE_like
e14d641e,blend_quadratic,5.602578843931254,3184,3,NW_like
e161bd0c,blend_quadratic,3.6063510848289253,2949,4,SE_like
e201fd6d,blend_quadratic,11.201828786434978,5070,3,NW_like
e25f1537,blend_quadratic,8.021949473475948,3177,1,NW_like
e2fc7745,blend_quadratic,4.755866802139236,3692,2,NW_like
e32da4ec,blend_quadratic,5.8941518479243244,4689,4,NW_like
e3b34f5b,blend_quadratic,10.24201537919085,5455,2,SE_like
e45a2a62,blend_quadratic,20.15986442962949,5007,4,NW_like
e46f4ef4,blend_quadratic,14.494175955621984,7195,0,SE_like
e4726608,blend_quadratic,3.7096441864869116,4733,2,NW_like
e5864244,blend_quadratic,6.902620066685309,4469,3,SE_like
e5c92e59,blend_quadratic,14.437520486882722,4295,3,NW_like
e5ff9fd2,blend_quadratic,4.286134061524025,2354,4,NW_like
e6c55748,blend_quadratic,8.427330114861725,4472,1,SE_like
e730c32b,blend_quadratic,14.417405104156392,4728,4,SE_like
e737965a,blend_quadratic,10.087035484316868,5955,4,NW_like
e748dd88,blend_quadratic,5.175349830810393,4812,3,SE_like
e7818f7a,blend_quadratic,12.5381515264529,5371,3,SE_like
e7c36e81,blend_quadratic,9.865703901255074,3531,3,NW_like
e7d0c1de,blend_quadratic,6.052180639225368,4711,1,NW_like
e85074c5,blend_quadratic,15.854049073402022,5675,4,SE_like
e97032ad,blend_quadratic,2.9260202045673145,3530,1,NW_like
e9949a23,blend_quadratic,12.832167796826994,4559,2,NW_like
ea0b99b7,blend_quadratic,10.534655542683153,9239,3,SE_like
ea3a0e38,blend_quadratic,9.95270409838846,10052,4,SE_like
ea41324e,blend_quadratic,8.300910467533948,5025,0,NW_like
eabc711b,blend_quadratic,13.351995036989182,5348,0,NW_like
eac10e86,blend_quadratic,5.037941324040394,6067,3,SE_like
eafb863e,blend_quadratic,4.338504691725107,3568,2,NW_like
eb06a4e7,blend_quadratic,6.9819578537245786,4535,3,SE_like
eb640a35,blend_quadratic,9.756729937401456,6037,3,SE_like
eb934281,blend_quadratic,2.684223947138446,5971,1,NW_like
eba6605e,blend_quadratic,39.165735032589055,4410,0,SE_like
ebe69318,blend_quadratic,3.198955950483992,4976,4,SE_like
ec0d597b,blend_quadratic,14.687284618925167,4616,4,SE_like
ec13af42,blend_quadratic,9.04525769977959,5462,2,SE_like
ecdab904,blend_quadratic,10.545688101068277,6147,3,NW_like
ecdaf714,blend_quadratic,25.682632333470632,6592,2,NW_like
ed6436d6,blend_quadratic,12.863917943853217,2945,1,NW_like
ed6e6e54,blend_quadratic,6.313231712293203,6048,1,NW_like
edf885a3,blend_quadratic,7.151231303772778,3117,1,NW_like
ee0300f7,blend_quadratic,21.562921875987175,4544,0,SE_like
ee288beb,blend_quadratic,26.61421382557481,4638,2,SE_like
ee4aecac,blend_quadratic,15.946466188841324,5265,4,SE_like
eeda36f5,blend_quadratic,11.535313112735922,4797,0,SE_like
eeed308d,blend_quadratic,3.7021874894029407,3899,0,SE_like
ef04658e,blend_quadratic,6.500896980168856,4104,4,NW_like
ef8e3ed0,blend_quadratic,6.556089345453737,5224,3,NW_like
efde6ac3,blend_quadratic,12.98598644176708,4559,4,SE_like
efe96181,blend_quadratic,21.395218515900524,4012,4,SE_like
f0188a48,blend_quadratic,13.023418698853245,4170,2,SE_like
f021b650,blend_quadratic,7.068634761457467,3739,0,NW_like
f03f10fe,blend_quadratic,6.441280492722259,4145,2,SE_like
f053a1b9,blend_quadratic,9.967379302572686,4108,4,NW_like
f074d277,blend_quadratic,2.3390933581444586,2453,2,NW_like
f07d7037,blend_quadratic,4.399721183474712,5563,3,NW_like
f08774c3,blend_quadratic,11.688351259101342,3900,4,NW_like
f140c2fa,blend_quadratic,14.147582987495884,4082,4,NW_like
f16e25e3,blend_quadratic,5.85494315114431,4651,4,NW_like
f2d4c8c9,blend_quadratic,8.849207983416573,6249,3,NW_like
f321a31c,blend_quadratic,26.094519505956406,5141,2,SE_like
f40cd091,blend_quadratic,8.094181866052798,5166,3,NW_like
f439a621,blend_quadratic,3.1293820391836826,2821,2,NW_like
f49fdea3,blend_quadratic,20.519777534195736,5391,3,NW_like
f4d12d23,blend_quadratic,16.234943746252988,3701,0,NW_like
f56d3ace,blend_quadratic,13.506219733761123,5432,4,NW_like
f5859199,blend_quadratic,22.485102058919175,5790,2,NW_like
f5d8aab6,blend_quadratic,11.006318791650415,4444,4,NW_like
f631da6e,blend_quadratic,3.832247339377083,4093,4,NW_like
f6824bb0,blend_quadratic,21.926029431358725,5015,4,NW_like
f6bc699b,blend_quadratic,7.669185165576949,3752,0,SE_like
f6d009f4,blend_quadratic,64.7752914329769,6715,3,NW_like
f72b268f,blend_quadratic,11.907403067084958,6404,3,NW_like
f8662c22,blend_quadratic,9.784569656735536,5429,2,SE_like
f88ddb26,blend_quadratic,5.995814019020731,4990,1,NW_like
f8afa78a,blend_quadratic,12.153736837292977,6032,4,SE_like
f8f59188,blend_quadratic,5.8860581468694475,4807,3,SE_like
f9fc81aa,blend_quadratic,7.955026180590878,5598,4,SE_like
fa16d114,blend_quadratic,14.416878891583371,5686,3,SE_like
fa31da94,blend_quadratic,12.226059565793163,5027,3,SE_like
fa667be2,blend_quadratic,6.6061186236128195,7296,1,NW_like
fae0c593,blend_quadratic,10.31172426587457,4403,1,NW_like
fb03ae90,blend_quadratic,40.19387124222407,6431,0,SE_like
fb0904bd,blend_quadratic,9.019783559432405,3181,4,NW_like
fb3848a1,blend_quadratic,4.447855494535212,5919,0,NW_like
fb73b13a,blend_quadratic,33.45061325750464,5640,0,NW_like
fba7683c,blend_quadratic,23.17638626759824,407,3,NW_like
fbd68d27,blend_quadratic,30.749581691332377,6829,1,SE_like
fc03f21f,blend_quadratic,8.423984749855874,4803,1,NW_like
fc0d20b2,blend_quadratic,5.992765023608888,3954,0,NW_like
fcfcc902,blend_quadratic,5.274374277026313,2791,1,SE_like
fd3b4faa,blend_quadratic,4.529656043501336,5022,0,SE_like
fd710aea,blend_quadratic,8.178232332101674,4217,2,NW_like
fd8f77fa,blend_quadratic,10.186643174065038,5272,4,NW_like
fde20ecf,blend_quadratic,10.708680282781085,4667,4,NW_like
fdfd57da,blend_quadratic,9.822101673794359,5236,3,SE_like
febb4411,blend_quadratic,28.209557778621555,4247,2,SE_like
fef8af96,blend_quadratic,25.011458155168697,3826,0,SE_like
ff0aea78,blend_quadratic,10.571861267620664,3261,3,NW_like
ff8bb73a,blend_quadratic,7.300201722384392,5927,0,NW_like
ffefef30,blend_quadratic,10.628228952681834,4570,4,SE_like
