well_id,fold,suffix_rows,cost_rmse_spearman,oracle_cost_rank,grid_candidates,typewell_scale,typewell_bias,robust_sigma,continuous_oracle_in_grid,last_known_rmse,ridge_prior_rmse,regularized_selector_rmse,ranker_selector_rmse,top3_multiscale_rmse,multiscale_selector_rmse,raw_selector_rmse,grid_oracle_rmse,multiscale_regret,ranker_delta_vs_prior
000d7d20,2,3836,0.8787755102040815,19,49,0.8730161465737722,13.758303666479724,12.866484475963487,True,7.454442102844319,10.403864147297604,10.403864147297604,10.403864147297604,2.44842100810134,10.403864147297604,14.933822741481277,4.722330274051253,5.681533873246351,0.0
00bbac68,0,6014,0.7178571428571429,11,49,0.8051750534974874,16.26823340530303,10.8965647513469,True,15.263052288602681,16.654892591895276,16.654892591895276,16.654892591895276,14.764175786636844,6.1891793803381825,6.1891793803381825,5.235722150054805,0.9534572302833775,0.0
00e12e8b,0,4301,0.7249999999999999,4,49,1.3049838893524974,-21.528867325114913,10.535801000321593,True,7.92458894231589,11.07426774959646,11.074267749596462,11.074267749596462,9.702463355953798,18.24911864657961,18.24911864657961,2.610250943196724,15.638867703382886,1.7763568394002505e-15
015fe0d2,1,4296,0.798265306122449,26,49,0.8395553207837149,3.319020111484874,9.42208393882555,True,23.154889673287215,19.57167906212856,19.57167906212856,19.57167906212856,17.5025309422924,14.798598512295676,14.798598512295676,5.3864438963727945,9.412154615922882,0.0
01869cd4,3,5557,0.8642857142857142,10,49,0.9898366822996344,2.6725850410663408,10.900897426857433,True,10.618593023436276,4.839364085380901,4.839364085380901,4.839364085380901,13.445210515322247,20.66527180574518,20.66527180574518,4.839364085380901,15.825907720364281,0.0
01982c1d,0,3941,0.7786734693877551,18,49,0.777823697350976,11.311570656949208,8.0,True,6.33452473981023,10.360036420971548,10.360036420971547,15.050027434847994,6.439388279594445,6.998886508025076,7.680206471872126,5.460090717832644,1.5387957901924318,4.689991013876446
028d7b28,0,6234,0.5290816326530612,12,49,0.7622250646509248,13.076201143708257,9.168280809064875,False,7.393605105422137,32.91115802563417,32.91115802563417,32.91115802563417,28.470942114418214,29.294043198090712,16.28979713209975,16.28979713209975,13.004246065990962,0.0
02e7fe5a,1,5108,0.7355102040816326,3,49,1.0116726181941167,2.4019683240513565,8.0,True,8.414429717261077,4.7018009330346375,4.7018009330346375,4.7018009330346375,5.657055296270679,8.087908801988279,6.725848127108025,4.7018009330346375,3.3861078689536415,0.0
0390d174,2,4411,0.8364285714285713,2,49,0.9359905450315263,2.9389977313796107,8.0,True,8.517417217402954,9.499800899056327,9.499800899056327,9.499800899056327,9.299767162542249,8.23693743388245,8.23693743388245,7.003333328187598,1.2336041056948517,0.0
03a935ae,3,2786,0.561938775510204,7,49,0.8175233141218521,15.860526654850423,8.65639101177646,True,35.05448621305352,25.8839545653715,25.8839545653715,25.8839545653715,14.853265135777882,11.902786966057596,11.902786966057596,8.286753043059003,3.616033922998593,0.0
044af7d1,0,4519,0.8998979591836734,4,49,0.8085357139855183,22.117562287804372,11.157243244824476,True,9.868136513863366,3.7049079681811214,3.704907968181122,3.704907968181122,10.02656583721208,22.397335389703926,12.604150835578361,3.7049079681811214,18.692427421522805,4.440892098500626e-16
0498acab,2,4798,0.8577551020408163,1,49,0.5832334815750603,32.14264279340837,8.646512953538636,True,5.996139045372776,1.8259257022175164,1.8259257022175164,1.8259257022175164,9.154323910296425,1.8259257022175164,1.8259257022175164,1.8259257022175164,0.0,0.0
052d64df,2,2445,0.8079591836734692,8,49,0.8802825127912965,9.540163353458382,9.69443243622369,True,7.3962717049147795,3.6542060371164107,3.6542060371164116,3.6542060371164116,9.059084585174979,3.6542060371164107,3.6542060371164107,3.2410685999046795,0.41313743721173113,8.881784197001252e-16
05948241,4,3879,0.7482653061224488,5,49,0.6648422111106069,23.471417805594097,9.442386769856975,True,4.995769989509691,6.8456285921774,6.845628592177401,6.845628592177401,15.933170040323791,15.218787993814018,25.544854760543032,1.7463820076639949,13.472405986150024,8.881784197001252e-16
059c8f24,3,6258,0.6662244897959182,1,49,0.8079951757550062,13.320585492471828,8.0,False,10.912174729109239,29.657981581383606,29.657981581383606,11.263360706586289,16.933485633616534,11.263360706586287,11.263360706586287,11.263360706586287,0.0,-18.39462087479732
05a0ee4d,3,4348,0.8503061224489795,3,49,0.891860985920601,14.425999306595783,12.89495121511437,True,18.344706956532814,19.442762953393643,19.442762953393643,16.235183340851197,11.423502174747194,14.461719294753557,14.461719294753557,5.369889496266574,9.091829798486984,-3.207579612542446
060ab2b8,3,6258,0.793469387755102,10,49,0.8276207659877772,14.609277667643516,9.234730353386865,True,9.048312196834127,9.516445543786908,9.516445543786908,6.130779229558315,14.60345451684481,15.44854713177745,6.130779229558315,5.791276516506847,9.657270615270605,-3.385666314228593
06df5958,4,3509,0.5955102040816326,1,49,0.5743580386369673,29.776786808621203,12.573984887884606,True,3.0884860085517194,2.832316595832787,2.832316595832788,2.832316595832788,5.7622047369394345,2.832316595832787,2.832316595832787,2.832316595832787,0.0,8.881784197001252e-16
071d7b45,2,3211,0.7725510204081631,10,49,0.4747095557041351,40.789819968163144,13.808677453559365,True,17.11579247751261,5.7668748465462665,5.7668748465462665,5.7668748465462665,24.403167526555453,22.902252874938426,22.902252874938426,2.66654931277755,20.235703562160875,0.0
0849b4e2,1,5537,0.8190816326530611,11,49,0.9478312117252713,2.709838185994902,8.0,True,14.567522114617379,9.646134349852368,9.646134349852368,9.646134349852368,5.513991744729377,7.129698053002798,7.129698053002798,5.18594064828318,1.9437574047196184,0.0
084d66f9,2,3885,0.7461224489795917,7,49,0.8181084046287812,14.105678943817294,8.998178622500374,True,10.693040191903986,10.855805301348799,14.433544693722446,13.596305696602688,17.782757878840787,26.93640514854801,14.433544693722448,6.692077127296561,20.244328021251448,2.740500395253889
08fecf00,4,5574,0.7177551020408163,5,49,0.8073349015154588,13.084798501133852,8.0,True,4.759806836739511,8.380172400819614,8.380172400819614,8.380172400819614,7.200497043413555,7.452823046857242,14.915833173935662,5.73462556908582,1.7181974777714224,0.0
09053135,1,5907,0.4266326530612244,3,49,0.90241534953318,8.727516110584137,10.507804394244708,True,13.261553626472297,6.267111384625959,6.267111384625959,6.267111384625959,22.915506253222695,56.96044500872599,15.669502221776943,5.113548447196554,51.846896561529434,0.0
09441b8d,4,5488,0.8338775510204081,2,49,0.9350359617117328,3.0044457015667243,8.0,True,15.9390645279074,10.608985660294566,10.780153909967838,3.9585009226769,8.929563382910631,31.583126157812657,31.583126157812657,3.9585009226769,27.624625235135756,-6.650484737617666
0955cd6c,1,5195,0.7439795918367346,2,49,0.7812085585221777,16.839924741961276,8.301120244987748,True,8.023088122545198,1.9850012067064957,1.9850012067064957,1.9850012067064957,8.216620931264313,5.797051417793812,5.797051417793812,1.9850012067064957,3.812050211087316,0.0
09ec2ca9,2,5885,0.3207142857142857,2,49,0.6345963111669348,43.42585139327066,14.829891529964911,True,6.13281698431714,5.171920023487145,5.171920023487145,5.171920023487145,21.574701176713525,14.131181029984287,5.171920023487145,5.171920023487145,8.959261006497142,0.0
0a57a29c,0,5821,0.8583673469387755,6,49,0.7429538676095814,15.714009762545555,8.0,True,6.952723985070934,12.38788686573115,12.38788686573115,12.38788686573115,4.829604312142737,43.60299301289641,11.540815162958872,4.829604312142737,38.77338870075368,0.0
0bbf5e67,4,4298,0.803265306122449,8,49,0.9783808683728125,1.1650619254384433,8.0,True,18.377119492009776,3.3612877397690863,3.3612877397690863,3.3612877397690863,8.915435881912803,3.3612877397690863,3.3612877397690863,2.9155981706720095,0.4456895690970768,0.0
0be01c24,1,4738,0.878265306122449,1,49,0.7457301452274084,20.779271683074363,8.0,True,8.273369324203173,5.665522461708761,5.665522461708761,5.665522461708761,4.75092220947846,4.596139553372,4.596139553372,4.596139553372,0.0,0.0
0c1b160c,3,5054,0.8419387755102039,19,49,0.6833480248885848,31.127312585278464,12.44506187353608,True,8.432276859497074,7.605430910659996,18.988975979533365,18.988975979533365,19.696860852178705,18.988975979533365,16.082489312040952,3.086226069764839,15.902749909768525,11.383545068873367
0d99f8e4,0,5823,0.8874489795918368,3,49,0.49907828636307616,37.06006893297101,8.039416274887861,True,9.343320012239094,8.216189382947958,8.21618938294796,8.21618938294796,5.95970881094306,13.490349906617817,13.490349906617817,3.7470940703143127,9.743255836303504,1.7763568394002505e-15
0dc5e64d,2,4879,0.7261224489795918,3,49,0.8861088866574347,3.9904706755063275,15.544497325376849,True,18.008822359134772,8.090176518263808,8.090176518263808,8.090176518263808,10.48492544127249,16.70027162455133,16.70027162455133,6.980465455691554,9.719806168859776,0.0
0dc835f3,0,4428,0.7821428571428571,11,49,0.9529599232618587,-2.001016517419869,8.0,True,7.2297789729208715,13.505421903302176,13.505421903302176,13.505421903302176,8.70985287829531,7.928399945129979,7.928399945129979,6.637554178119048,1.2908457670109312,0.0
0dd99dc5,0,7342,0.6080612244897958,2,49,0.7429979105510481,22.78096504827154,12.791200027109449,True,8.234632190411654,8.00176158681288,14.594315283899686,8.00176158681288,41.27771654721978,8.676611195072427,8.676611195072427,6.297291891069148,2.379319304003279,0.0
0e5e560d,0,3253,0.8957142857142857,23,49,0.7278791965168212,30.883047315266246,12.458032285279096,True,10.293900986020363,7.111108819907185,7.1111088199071855,8.701075731563192,5.102247989657918,8.701075731563192,8.701075731563192,5.674167095125849,3.0269086364373425,1.5899669116560071
109d9d70,3,4215,0.6908163265306122,1,49,0.6334924543666095,29.98487070251804,10.416327084633634,True,9.371137061320914,12.694792667001119,12.694792667001119,12.694792667001119,6.437234277134197,3.6020694211358,3.6020694211358,3.6020694211358,0.0,0.0
10a1281a,1,5609,0.35081632653061223,14,49,0.843833272729844,16.66023975406831,10.478785920916224,True,3.5911852573850855,9.778854381764555,11.057214999119136,9.778854381764555,41.71139309680502,36.70890344892639,36.70890344892639,7.938478604681348,28.770424844245046,0.0
10b89021,2,5414,0.8779591836734694,3,49,0.8757917496355015,11.284827463449831,8.200548635164576,True,14.721334704881999,8.709418102276723,8.709418102276723,8.709418102276723,9.574004201504152,8.709418102276723,8.709418102276723,4.385600082878082,4.323818019398641,0.0
10be2420,2,3271,0.9404081632653061,4,49,0.8676350821342997,13.068306610758777,8.0,True,13.259451874685324,5.355303328808098,5.355303328808098,5.355303328808098,2.4935315258976933,5.355303328808098,5.355303328808098,3.5213936252004316,1.8339097036076666,0.0
113011eb,2,3272,0.8262244897959183,7,49,0.6809639626324681,26.714514478637227,10.592147944375128,True,5.177910618587731,8.539072823128693,24.781974435711664,8.539072823128693,26.399077179252153,29.018437266321392,29.018437266321392,6.914282790664657,22.104154475656735,0.0
1131525f,1,4159,0.6853061224489796,5,49,0.6275981377315616,34.910441599311326,13.174691468363468,True,14.670165574890584,11.357740023587718,11.357740023587718,8.49185812821942,10.167073839222693,8.49185812821942,8.49185812821942,3.9963784615050284,4.495479666714392,-2.8658818953682985
11d0f5ac,1,4883,0.8648979591836733,21,49,0.7717511760800083,20.950820616297886,9.854697765115546,True,22.169205194123972,6.40313716818221,6.40313716818221,6.40313716818221,5.745975549802839,6.825713564411674,17.364320249598425,5.998048786169489,0.8276647782421849,0.0
12203f2a,1,3261,0.915204081632653,8,49,1.0749589946650622,-8.222426337505851,12.34507157970241,True,13.762320645487467,9.659807416701495,9.659807416701495,9.659807416701495,13.728735281446895,6.210310591525951,6.210310591525951,5.420750140075982,0.7895604514499688,0.0
122bd617,1,4570,0.9398979591836732,8,49,0.9044705667384835,10.29468720484192,8.0,True,11.670160284769418,12.745289248238555,12.745289248238556,12.745289248238556,15.511895598988456,19.888190198589925,19.888190198589925,5.49908356165451,14.389106636935415,1.7763568394002505e-15
125be846,2,6510,0.9034693877551019,10,49,0.8012886928097402,16.664427702505154,9.115192028874716,True,18.441379950265283,17.718363304735664,17.718363304735664,17.718363304735664,10.454187086329712,15.35422418720559,8.802549880931133,4.697813823170794,10.656410364034796,0.0
1285a37b,2,5597,0.7703061224489794,2,49,0.8938330923575865,13.404023242827764,10.60984859286268,True,5.549117512133954,2.7122064839694318,2.7122064839694318,2.7122064839694318,6.883618302789037,6.883618302789037,6.883618302789037,2.7122064839694318,4.171411818819605,0.0
1295a25b,2,5551,0.8411224489795918,2,49,0.7190384270268885,24.939740364727097,12.111757354503855,True,9.716800903498608,7.6784917799153805,7.6784917799153805,7.6784917799153805,10.28445970467402,17.786115353840948,5.771126567292148,5.771126567292148,12.0149887865488,0.0
12f0cd90,4,5947,0.8823469387755101,1,49,0.8364295949492572,12.570696985274425,9.277457730476476,True,7.895034499573364,19.42964857943912,19.42964857943912,3.7513035931158494,5.109500945091957,3.7513035931158494,15.417430790439104,3.7513035931158494,0.0,-15.678344986323271
137d1e44,4,4554,0.026836734693877547,17,49,0.6067876568337511,26.705549585687855,15.2162627973536,True,25.010172511867026,15.440596613541258,15.440596613541258,15.440596613541258,59.659940915948326,61.48369463335127,51.55017469448771,6.907454834104109,54.57623979924716,0.0
13ce113d,1,2966,0.9405102040816326,1,49,0.8125218158494998,16.193356431208635,11.016174483018052,True,3.381014512965784,1.4890744913230078,1.4890744913230067,1.4890744913230067,2.6350643095384347,1.4890744913230078,1.4890744913230078,1.4890744913230078,0.0,-1.1102230246251565e-15
13f598d9,1,7306,0.8548979591836734,1,49,0.8899428379783397,9.687913768987448,9.319517230265232,True,15.16858992587756,3.9337747899576434,3.933774789957643,3.933774789957643,6.324078250429909,3.9337747899576434,3.9337747899576434,3.9337747899576434,0.0,-4.440892098500626e-16
14a53cb3,0,6919,0.7849999999999998,17,49,1.1213949505590695,-15.687304139065345,17.58311833439932,True,8.94761773897247,4.972565965171222,4.972565965171223,8.621891743902523,17.342107377799486,19.066442795315417,19.066442795315417,4.972565965171222,14.093876830144195,3.649325778731301
14ab73fb,0,3649,0.5947959183673469,12,49,0.8056514275215607,22.55792392974047,11.22983759711861,True,14.81915286795364,17.288166625546634,17.28816662554663,20.866747248312834,5.797708946504671,34.713721308466646,34.713721308466646,4.976606620563639,29.737114687903006,3.5785806227662
14ad5efb,0,5842,0.7385714285714285,10,49,0.8530957480104229,12.635741464790808,9.297991196093502,True,6.298504340917485,11.741619356160356,11.741619356160358,11.741619356160358,15.148840802219905,20.451051413299542,20.451051413299542,4.657234214666175,15.793817198633366,1.7763568394002505e-15
14fee784,4,4910,0.6278571428571428,1,49,0.8040836072963234,11.721680989290896,10.473792457741224,True,21.419815878785553,17.24495165658998,17.24495165658998,7.456845775103186,20.181161557745824,7.336262003856095,7.336262003856095,7.336262003856095,0.0,-9.788105881486793
153552f5,4,4695,0.960204081632653,6,49,0.966161078191964,2.085501200233475,9.712426974464684,True,5.161441840641978,7.875985973203193,7.875985973203193,7.875985973203193,4.57546468091826,17.68157497587269,17.68157497587269,4.678706551988252,13.002868423884436,0.0
1550491d,2,4563,0.9408163265306121,1,49,0.7658060183473505,17.88616296713969,8.24963765577956,True,21.167156242041475,9.104549789409198,9.1045497894092,9.1045497894092,7.315013521827611,5.138324724719824,5.138324724719824,5.138324724719824,0.0,1.7763568394002505e-15
155887bb,0,5585,0.3114285714285714,9,49,0.7038682900354281,25.48613652523184,9.909351279121793,True,11.793313793912793,10.278396974482671,10.278396974482671,10.278396974482671,40.6723313251337,39.19791048339119,39.19791048339119,4.367073411848991,34.8308370715422,0.0
1590af81,3,3799,0.8328571428571427,5,49,0.8928880864272585,8.470675771453429,8.051584538357464,True,5.560887269871239,3.442844975222191,3.442844975222191,3.442844975222191,10.583821639437419,24.902884800940452,3.442844975222191,3.442844975222191,21.460039825718262,0.0
15e154a1,4,6068,0.8672448979591836,4,49,0.9079924158120176,9.65369364596115,8.0,True,23.22648490243106,12.297951917471504,12.297951917471504,8.352253573867952,7.920485856343619,8.352253573867952,8.352253573867952,6.9484284669224925,1.403825106945459,-3.945698343603553
1619e2ca,4,4443,0.7022448979591837,6,49,0.9228576757714922,4.621606484094274,9.028276695016574,True,7.812315673810556,5.616942753497639,5.616942753497639,5.616942753497639,9.72251223417642,7.052291378395268,7.052291378395268,3.2622737149002385,3.7900176634950298,0.0
16e4a047,2,4131,0.8246938775510204,1,49,0.7234585180817149,24.95177729530866,12.280539424551726,True,10.715407020528387,17.858035023235153,17.858035023235153,17.858035023235153,12.506962797616199,5.3801976225805035,5.3801976225805035,5.3801976225805035,0.0,0.0
173ed841,2,4883,0.2363265306122449,18,49,0.3118322457998987,64.75209497719347,19.06853461620978,True,17.58051747694951,24.95865488568994,24.95865488568994,30.207748437978392,25.11885201343035,40.921958308979455,40.921958308979455,6.798204404433797,34.12375390454566,5.249093552288453
1770d7c6,3,7240,0.7360204081632652,8,49,0.6936414210348555,26.846400687881264,9.04227743375923,True,12.332849608315879,3.902822827497684,3.902822827497684,3.902822827497684,13.424362998690986,17.69757046161893,17.69757046161893,3.902822827497684,13.794747634121247,0.0
177622d7,3,3154,0.8037755102040816,1,49,0.8979942042156204,8.71174451961746,11.014890293288653,True,9.800349606500166,16.244805357822383,16.244805357822383,16.244805357822383,13.194060098822034,2.9101239518252005,8.850329816821203,2.9101239518252005,0.0,0.0
18d24f7b,2,4558,0.8929591836734694,8,49,0.860272743544433,11.136532273557323,8.588536769227812,True,7.530076271970659,12.156982790559153,12.156982790559153,12.156982790559153,4.467014880638303,12.156982790559153,12.156982790559153,5.058138991434698,7.098843799124455,0.0
19137a89,2,6267,0.6056122448979591,3,49,0.3,71.51794863564379,17.0827371064668,True,18.119920942456794,4.103040256924717,4.103040256924717,4.103040256924717,7.562381320865408,12.551664556320935,12.551664556320935,4.103040256924717,8.448624299396219,0.0
1944513c,4,4722,0.9410204081632653,4,49,0.6418405203736396,27.979850883908938,8.0,True,5.738736995920461,12.207864463871081,12.207864463871081,12.207864463871081,7.153223403602436,7.450197482981252,7.450197482981252,3.9462667787932415,3.50393070418801,0.0
197f8a5a,2,6310,0.6561224489795917,1,49,0.5754441450810696,42.630835904920666,14.791383679429359,True,24.61555435098563,14.443941530476465,14.443941530476465,14.443941530476465,22.909741558535032,4.367852549976271,15.46398177026503,4.367852549976271,0.0,0.0
19871e7f,1,5293,0.8076530612244897,18,49,0.7772712994265402,14.771967801668376,8.871857448347516,True,5.353880109906093,6.233639612841368,19.12755262318896,19.12755262318896,15.831541623648668,14.887185749309543,12.674316151007154,6.121539387029613,8.76564636227993,12.893913010347593
198a5607,0,6251,0.8443877551020407,7,49,0.9643393279105575,7.631241548375423,15.53736414526162,True,9.944851115115334,7.4753977014682285,7.4753977014682285,7.4753977014682285,14.237931711728004,12.31790383670909,23.887062789676744,4.475755428955,7.842148407754091,0.0
19fb4f7b,1,5620,0.7143877551020407,3,49,0.8261436549872401,10.45511590301094,9.939543760187753,True,11.089880426882702,12.408982584848768,12.408982584848768,12.408982584848768,8.21862175709348,8.21862175709348,12.408982584848768,6.558245510941657,1.6603762461518228,0.0
1a518997,0,4606,0.6704081632653062,17,49,0.7255317148805654,19.121906504971214,10.493043020427834,True,10.76070073803029,4.4812241594265805,20.951365966384085,14.806777701859543,6.828812669129819,14.806777701859543,14.806777701859543,3.240636047815293,11.56614165404425,10.325553542432964
1a68190b,4,4474,0.46346938775510205,31,49,0.8051388909661653,11.918533291781412,9.278448477825629,True,16.431826147748733,15.345987446940928,15.345987446940928,15.345987446940928,23.54398946972014,15.345987446940928,15.345987446940928,6.677216987860396,8.668770459080532,0.0
1a730ac2,2,4605,0.8251020408163264,1,49,0.7037126333460394,21.39628429829988,8.0,True,16.350400725581075,5.575654245340469,5.575654245340469,1.5183517572550504,8.515805159502925,1.51835175725505,1.51835175725505,1.51835175725505,0.0,-4.057302488085418
1aaf1da0,0,4804,0.4160204081632653,10,49,0.876480989480769,15.674631162081825,16.637342969663116,True,9.288199403984146,9.94309496514477,9.94309496514477,9.94309496514477,11.598978428171758,8.678132282415422,8.678132282415422,5.871348289303837,2.806783993111585,0.0
1b08ed48,0,5618,0.8712244897959184,18,49,0.8948706375742677,7.615022927780611,8.0,True,11.838490879530399,9.329686368493848,6.4917532317310584,6.4917532317310584,13.586800541842873,6.491753231731059,6.491753231731059,5.3468635514014835,1.1448896803295758,-2.837933136762789
1b1c5372,2,4261,0.8830612244897957,5,49,0.8631710985185822,10.154341543366156,8.0,True,17.833374900392585,22.950118448483,22.950118448482996,22.950118448482996,6.599397857438065,21.94246669923445,8.082717532653351,4.897374991894897,17.045091707339555,-3.552713678800501e-15
1b1eba53,1,4655,0.8003061224489795,5,49,0.7522667291308772,16.8828668683535,9.966220897082266,False,70.63937461968057,59.258181062458384,59.258181062458384,59.258181062458384,36.27904475037239,36.14995063263425,49.539314850995346,12.7807691315669,23.369181501067352,0.0
1b6ba517,2,6597,0.775204081632653,9,49,0.5475860002311247,41.16780886283628,17.159346817236095,True,7.818279827064867,21.563588120205655,21.563588120205655,21.563588120205655,16.268790206578398,23.418538362937234,23.418538362937234,7.522246925839794,15.896291437097439,0.0
1b82b665,4,3806,0.7894897959183673,11,49,0.6024559309512416,27.970225355454083,14.435235971403383,True,6.106594455886377,3.935697683801888,3.935697683801888,3.935697683801888,5.270566117342641,9.650702909157609,29.574338070345952,3.935697683801888,5.715005225355721,0.0
1bcb2fcf,4,4524,0.6789795918367346,5,49,0.6260856551831877,30.584469511640208,13.690735266962417,True,6.2062031463179,5.398906450803909,5.398906450803909,5.398906450803909,20.35928155088699,18.034140143196772,9.113363815808786,5.398906450803909,12.635233692392863,0.0
1beca81d,2,5036,0.8989795918367346,8,49,0.932240020857965,6.116655007135746,8.0,True,8.154769966888065,10.506530430501165,10.506530430501167,10.506530430501167,12.059424955303793,15.346492347885832,8.769507760562652,6.334973582715567,9.011518765170266,1.7763568394002505e-15
1d3fbf02,4,2694,0.7466326530612245,6,49,0.7627261833558086,21.902677647615764,8.0,True,5.906372283901897,8.401589070678158,8.401589070678156,8.401589070678156,9.890669049694699,14.942128815528884,4.885542774900206,4.885542774900206,10.056586040628677,-1.7763568394002505e-15
1d78281a,0,4949,0.706938775510204,5,49,0.8712417504439482,8.597558104802287,9.246511778577412,True,11.881246003992382,6.473673445348083,6.473673445348083,6.473673445348083,13.452403185662382,24.24814251114493,24.24814251114493,3.5004044298122317,20.7477380813327,0.0
1e30dedf,2,4071,0.8508163265306121,5,49,0.8132256065164559,5.2572771884118294,8.0,True,12.137059232129838,2.906381511606087,2.906381511606087,2.906381511606087,8.536802775126535,22.843173812975046,27.093905574500138,2.906381511606087,19.93679230136896,0.0
1e5e3573,4,5480,0.8714285714285714,9,49,0.7531467000330928,20.71495027723896,10.495625380989575,True,11.921759172625736,10.523766154492945,10.523766154492945,10.523766154492945,13.333472959837806,9.46346211764682,23.092785928088915,4.499504186335614,4.963957931311206,0.0
1f9afacb,3,5328,0.8307142857142856,2,49,0.898750088485466,9.343466950154486,8.0,True,2.518404175433652,2.108055364076178,2.1080553640761783,2.1080553640761783,6.725169186139315,6.725169186139316,6.725169186139316,2.108055364076178,4.617113822063137,4.440892098500626e-16
1fdbba44,1,4911,0.04755102040816325,37,49,0.885439222663647,8.529639231075322,10.564654381374693,True,5.835321753197851,17.989354355276113,17.989354355276113,26.15095061363546,87.10487592952404,103.95271056004127,59.81214200717979,8.779619165495868,95.1730913945454,8.161596258359346
1fee2b62,3,4641,0.5426530612244898,21,49,0.7336395917448413,28.25258371317069,9.666928565086822,True,8.271183690259376,5.687620566901857,17.48191910310232,17.48191910310232,21.880350813099508,26.681117065842596,26.681117065842596,3.0359124776587163,23.64520458818388,11.794298536200465
20096916,2,5133,0.818673469387755,4,49,0.5827075631429646,43.67594238768001,18.102218382854634,True,10.457150039432173,5.548587451837286,5.548587451837287,5.548587451837287,9.065238719772617,26.289862673616586,14.236611783350707,2.949205896250926,23.34065677736566,8.881784197001252e-16
200d233d,3,3926,0.7358163265306121,13,49,0.6742278421463878,25.056090220563174,10.113734798416175,True,12.776233899276743,10.402896210910725,10.402896210910725,10.402896210910725,5.167647263769786,9.190976548529724,13.563884695857618,3.7565741804520245,5.434402368077699,0.0
201661b5,1,5955,0.21612244897959185,36,49,0.8487385074916008,18.97738742905772,12.845933217467541,True,12.376074593108253,16.17260702322182,16.17260702322182,16.17260702322182,61.49825320718197,63.27519572291494,63.27519572291494,4.479974417613273,58.795221305301666,0.0
203721ab,4,5730,0.840408163265306,11,49,0.7819218938678026,18.7249734509491,8.0,True,10.037088673521446,16.250413131001725,16.250413131001725,16.250413131001725,7.306789970832648,16.250413131001725,32.71073578266181,4.876059934563596,11.374353196438129,0.0
20402d71,4,6372,0.8966326530612245,2,49,0.7898606016034737,17.260316905448796,13.898558827997016,True,11.661871660575386,12.31314961473362,12.31314961473362,9.536994348859047,8.181478347971035,9.536994348859047,4.198754923835238,4.198754923835238,5.338239425023809,-2.776155265874573
2043abc5,0,6958,0.86234693877551,1,49,0.8077705417698519,16.380936116641973,9.44341257365401,True,18.043675019417094,10.218348896662814,10.218348896662816,6.462007907941632,15.643865491778692,6.462007907941632,6.462007907941632,6.462007907941632,0.0,-3.756340988721182
204cc64b,1,4805,0.6618367346938775,8,49,0.9076212719871655,6.81976993355525,14.081067408064877,True,6.09488008126444,8.931266424999388,8.931266424999388,8.931266424999388,11.614915864847259,11.614915864847259,11.614915864847259,4.316050779435595,7.298865085411664,0.0
206b6193,1,6535,0.8192857142857142,7,49,0.8313011704837404,15.002998503522859,8.56670258397061,True,36.50899923584182,27.174967640329193,27.174967640329193,27.174967640329193,25.773713992995766,19.66505829072368,19.66505829072368,5.2284882642918,14.436570026431882,0.0
2075c696,3,3188,0.6673469387755101,4,49,0.770187467951543,18.09855133411252,13.323653018487544,True,21.898881254260402,15.686589877474352,15.686589877474352,15.686589877474352,7.646996702105864,29.360358064230677,29.360358064230677,4.3783886050991665,24.981969459131513,0.0
22c5f93f,2,5172,0.8458163265306122,15,49,0.6272467550968953,42.3463397469938,19.0786665090642,True,7.091232323797548,9.338155610707558,9.338155610707558,13.62787477979431,16.222703758648475,23.44776001099025,23.44776001099025,6.977344007989284,16.470416003000967,4.2897191690867515
230eaaa3,0,4690,0.35061224489795917,2,49,0.7418230304260921,24.81571699073912,11.687143066708582,True,25.322864048616943,29.9961861736558,29.9961861736558,17.074406921736877,24.26601560456373,17.074406921736877,39.54369362498566,2.9993741583650415,14.075032763371835,-12.921779251918924
2364716c,2,4316,0.8201020408163265,3,49,0.8056928854814668,15.489896575881591,9.982071062269517,True,19.668009235301668,9.967663674700704,9.967663674700704,9.967663674700704,4.923618712290131,4.923618712290131,4.923618712290131,3.0215432010942562,1.902075511195875,0.0
23b9beb0,3,7340,0.8416326530612244,5,49,0.6830185568227345,19.974366110577,8.230809475585167,True,5.499363741994015,5.504208715082092,5.504208715082092,5.504208715082092,13.351788851093604,13.351788851093604,5.504208715082092,5.504208715082092,7.847580136011511,0.0
24d8997e,1,3442,0.7922448979591836,12,49,0.927695436399934,9.028284215735292,8.215449447265271,True,5.6395027824068205,6.700025290101897,7.840450019019237,6.700025290101897,3.223153671310773,7.840450019019237,7.840450019019237,4.014801787864996,3.8256482311542417,0.0
25050f63,0,6124,0.8527551020408163,19,49,0.9679323819149652,7.835140635719246,10.84391323685515,True,37.996607342363916,8.069694108740356,8.069694108740356,8.069694108740356,7.016034417556889,11.447314974938164,11.447314974938164,3.4583766027713665,7.988938372166798,0.0
25939962,1,4319,0.7398979591836734,1,49,0.7829431141994017,16.73320254396741,11.073266241275519,True,11.099661933822553,3.7062843590225008,3.7062843590225016,3.7062843590225016,5.1136203946068015,3.7062843590225008,6.463473975850574,3.7062843590225008,0.0,8.881784197001252e-16
25fd32b3,0,2885,0.7940816326530612,10,49,0.9712540689024107,1.3500090931091746,15.344580645104168,True,3.1781649872704114,8.811037371735742,5.587428549569185,5.587428549569185,10.334536952914709,5.587428549569187,5.587428549569187,5.489039640139002,0.09838890943018441,-3.2236088221665566
261785ee,3,3646,0.9254081632653061,13,49,0.7351032692063874,15.79939396825118,8.0,True,23.57894263400833,19.949203003448915,19.949203003448915,11.768898835440021,7.412158784923971,4.830307982982993,11.768898835440021,3.6878182696014457,1.1424897133815475,-8.180304168008893
264feceb,1,5665,0.9029591836734693,1,49,0.6973819733478919,24.515423188625377,9.35848675117727,True,10.863394363873287,4.301174552064321,4.301174552064321,4.301174552064321,4.30117455206432,4.301174552064321,4.301174552064321,4.301174552064321,0.0,0.0
26623a50,4,5735,0.9359183673469387,14,49,0.8690884817533742,15.047660836813085,10.325225689430145,True,21.675376849132046,5.475717352381148,5.475717352381149,6.745536333675189,5.337578148538537,18.46361800019812,17.86669280071218,5.475717352381148,12.987900647816973,1.2698189812940415
26d3a96a,4,4721,0.6035714285714284,4,49,0.9199341503308875,7.528820169840506,8.0,True,9.063491001698889,7.351870276090613,7.351870276090613,7.351870276090613,7.5790191965551,11.320260970733578,11.320260970733578,6.320734503791086,4.999526466942492,0.0
272abef3,3,4135,0.8557142857142855,12,49,0.8043659439276306,19.83967274486548,10.879134662506718,True,10.023016592838678,10.105595265278204,10.105595265278204,10.105595265278204,19.883596651864607,6.777641818587133,6.777641818587133,5.653651171437938,1.1239906471491956,0.0
27300fd5,0,5467,0.9107142857142857,1,49,0.9607363952474645,2.483910872590479,8.378378195513033,True,17.389589831741016,6.183644796154128,6.183644796154128,6.183644796154128,6.183644796154128,2.6443338139931165,5.9789246252692125,2.6443338139931165,0.0,0.0
276b012a,3,4837,0.7579591836734694,5,49,0.5813715647802337,32.358685652379194,12.913225913404068,True,27.08665184488836,19.02180031091932,19.02180031091932,19.02180031091932,14.002236600720222,9.502440348489813,7.665758806845182,7.665758806845182,1.836681541644631,0.0
27c3155b,2,4958,0.6803061224489795,3,49,0.8579884525535755,10.131466686791457,10.023724951174119,True,18.11085336032788,12.28998007398791,12.28998007398791,12.28998007398791,7.630899971325634,8.964580282776469,8.964580282776469,8.34768165862053,0.6168986241559384,0.0
27ebb9b9,2,5766,0.5613265306122448,4,49,0.800122282261046,12.459843381467216,11.2642680483228,True,9.988233062217338,14.167457628015105,14.167457628015105,14.167457628015105,24.143283288050906,11.314866453929918,11.314866453929918,10.739439002989585,0.5754274509403334,0.0
283269ac,2,2626,0.5151020408163265,26,49,0.9253774687744982,6.559687578124256,10.279937583291167,True,1.1159494538507433,3.946187462679357,3.946187462679357,3.946187462679357,8.713228453652881,8.713228453652874,8.713228453652874,3.9018509576441267,4.811377496008747,0.0
28473855,2,4290,0.8975510204081633,3,49,0.8285246966408502,13.571634497739408,13.748778845837267,True,4.546502439117813,4.283827846384751,4.283827846384751,4.283827846384751,5.5539068232556845,4.283827846384751,4.283827846384751,3.1198723133905015,1.1639555329942497,0.0
28f4eda9,0,5266,0.9006122448979591,5,49,0.9579106598117931,4.276181222094744,11.528267494312091,True,12.159025419229918,2.184101384280897,2.184101384280897,2.184101384280897,10.185381580241081,11.331176442316396,14.603298795089861,2.184101384280897,9.1470750580355,0.0
29b24409,4,5587,0.6773469387755102,11,49,0.4813714331562111,32.40293632563713,8.603477256406281,True,13.756821410921399,7.2985011117529295,7.2985011117529295,7.2985011117529295,13.942492357782513,28.225816880369255,28.225816880369255,6.253903398056171,21.971913482313084,0.0
29de15c8,4,3431,0.811938775510204,3,49,0.9053118635504102,5.67699107619469,8.0,True,4.5857601721794286,4.463860997963951,4.463860997963951,4.463860997963951,11.59487522859985,26.00633958737201,26.00633958737201,2.413533525352455,23.592806062019555,0.0
2ab29395,1,1852,0.8351020408163264,5,49,0.6493376757742673,31.89018126033287,15.030284325731664,True,2.45945596628769,6.481654352116593,6.481654352116593,6.481654352116593,10.515590703580052,24.508759166622497,24.508759166622497,5.060417704557232,19.448341462065265,0.0
2ac7cb6b,1,4990,0.7353061224489795,14,49,0.9587025744443931,4.192742401938344,8.0,True,19.596293256603055,9.449950292669019,12.556305291170291,10.768773375010108,11.3460499402727,10.768773375010108,12.556305291170291,9.449950292669019,1.3188230823410887,1.3188230823410887
2acc78d4,4,4266,0.928673469387755,2,49,0.7875655882306902,24.600505731470378,11.783727781996872,True,13.626234402591441,7.080218452521006,7.080218452521006,7.080218452521006,7.782831543662826,9.70520085087185,9.70520085087185,5.7264002943203876,3.9788005565514633,0.0
2b034622,2,5203,0.9145918367346938,17,49,0.8218035675250178,12.114197700556408,9.433373124696178,True,6.805621396093291,4.271094231084246,4.271094231084246,4.271094231084246,12.359356851916726,12.359356851916726,12.359356851916726,2.7458746238368907,9.613482228079835,0.0
2b06ad65,2,4256,0.7416326530612244,1,49,0.889834314249517,8.631363791428294,8.0,True,2.7463768040476424,1.6248769846071467,1.6248769846071467,1.6248769846071467,8.502913431114344,1.6248769846071467,1.6248769846071467,1.6248769846071467,0.0,0.0
2b547943,0,3480,0.8592857142857142,1,49,0.7798928700412414,18.924432846375712,10.759624896749466,True,12.241457142013665,18.86840948679791,18.868409486797912,18.868409486797912,10.210088187611207,2.879550772341259,2.879550772341259,2.879550772341259,0.0,3.552713678800501e-15
2be5c96a,4,4210,0.8876530612244896,1,49,0.9142763724897267,5.826847512931549,9.363599318668173,True,3.6618588662445717,4.1230694969818575,4.1230694969818575,4.1230694969818575,6.597727716283575,4.1230694969818575,4.1230694969818575,4.1230694969818575,0.0,0.0
2bff06cf,0,7624,0.7183673469387755,10,49,0.8048481747673416,17.265974812882824,9.135034956356087,True,28.427941006681795,43.24049722771589,43.24049722771589,16.071166219496593,12.390279158456972,11.869496246876494,11.869496246876494,9.278472727473424,2.5910235194030697,-27.1693310082193
2c0c4a4e,4,4790,0.9609183673469387,3,49,0.8776862916823253,12.517919478446762,8.295763657313568,True,8.04594018660484,3.6749486810815406,3.6749486810815406,3.6749486810815406,5.644686500547709,3.6749486810815406,13.41532900304877,3.4890970717344967,0.18585160934704392,0.0
2cee0cba,2,5500,0.5059183673469387,20,49,0.9704622106703449,2.17743670889296,8.0,True,10.665140786694133,7.375603420509647,7.375603420509647,7.375603420509647,10.428616689806539,10.411550370193767,10.411550370193767,6.887540843745411,3.5240095264483564,0.0
2d0c268a,4,4550,0.5613265306122448,1,49,0.8603410531610376,13.640699600251232,8.0,True,14.874791132341558,6.188642570456752,6.188642570456751,6.188642570456751,3.8715381880101685,3.706347314411599,3.706347314411599,3.706347314411599,0.0,-8.881784197001252e-16
2d179ded,3,7008,0.8545918367346937,12,49,0.8623714798454597,8.450272192063819,8.0,True,7.749754286132607,8.635321915603633,8.635321915603633,8.635321915603633,10.116307503516671,16.48685171251537,16.48685171251537,8.120654972594332,8.366196739921039,0.0
2d196986,0,6474,0.8221428571428571,3,49,0.9789418364292974,-9.705218503155196,14.717247162544679,True,11.991317360702503,14.130039375026987,3.6352554427611135,10.833069684074534,23.329450071945722,33.598637897673854,3.6352554427611135,3.6352554427611135,29.96338245491274,-3.2969696909524533
2d2d0c6b,2,5045,0.7327551020408163,12,49,0.8995519573122528,8.126060041824369,16.05631601698447,True,3.045945300727323,10.720668336171535,10.720668336171535,8.029364397553636,19.10837621276094,8.029364397553636,31.34454444799433,4.024360990871346,4.00500340668229,-2.6913039386178994
2d35f86d,3,4896,0.8267346938775509,23,49,0.593883407921067,47.3929771931087,12.281244684469993,True,11.216196779664774,18.455549947096387,18.455549947096387,18.455549947096387,5.79497258993825,5.922490162355953,5.922490162355953,4.961121970550006,0.9613681918059473,0.0
2d9f6cb9,4,7338,0.8630612244897958,2,49,0.6768728090086633,25.582856713913515,8.41033769141424,True,9.908706063856238,12.025882538873645,12.025882538873645,12.025882538873645,9.728681204408522,8.925241259827335,21.037688997513428,7.198617032498844,1.7266242273284904,0.0
2ddad940,2,5331,0.6258163265306123,10,49,1.0840304696169165,4.783344061981879,24.842901323053955,True,7.645816438023014,9.81329249379331,9.813292493793309,12.709691058725657,29.313545970581874,27.660044432626446,27.660044432626446,2.3172051916324437,25.342839240994003,2.896398564932346
2e29e833,0,5428,0.9267346938775509,1,49,0.79045045723392,12.331706515324814,8.0,True,4.3076518266215045,12.228152740632648,12.228152740632648,12.228152740632648,6.356770555657318,6.356770555657318,6.356770555657318,6.356770555657318,0.0,0.0
2e43c2ea,3,5698,0.793877551020408,1,49,0.8927755299886999,12.211108053242237,14.534668638493779,True,7.487396669090343,11.854690687122787,11.854690687122787,11.854690687122787,5.930219742356005,4.741773259579693,4.741773259579693,4.741773259579693,0.0,0.0
2e63d9de,2,4699,0.8622448979591836,8,49,0.8792906454257551,14.696002749431685,8.231401038593772,True,13.77390817425645,14.352142924015464,6.679313996400945,12.775012138731334,15.49958341546405,19.045415846009917,19.045415846009917,5.2341494453003845,13.811266400709531,-1.5771307852841296
2ee0235b,3,5556,0.9151020408163264,19,49,0.7683900117229118,17.81704758875294,8.0,True,6.80295371229703,10.174384008422305,10.174384008422305,10.174384008422305,8.742051540538075,6.498785695081335,6.498785695081335,6.399245351629188,0.0995403434521478,0.0
2f19d536,1,3088,0.7613265306122449,22,49,0.5881560026066512,39.4345802192053,14.31044186352604,True,6.535598394413745,6.786242200916338,6.786242200916338,6.786242200916338,5.382066439819697,15.407283830820983,15.407283830820983,5.246128386253922,10.161155444567061,0.0
2f8e53c3,0,2594,0.7088775510204081,7,49,0.6474187932667793,23.664629818541677,8.0,True,3.293055138227308,2.648857201632159,10.895469840588488,10.895469840588488,6.4877969446294195,10.895469840588486,10.895469840588486,2.648857201632159,8.246612638956327,8.246612638956329
2fa01aa6,4,2174,0.8858163265306122,1,49,0.8169035497707715,16.9032128882922,8.29624479147547,True,18.77741961251621,18.91280472719393,2.5863868665201384,2.5863868665201384,8.931260285059045,2.5863868665201384,2.5863868665201384,2.5863868665201384,0.0,-16.326417860673793
2fd68f7b,2,4730,0.3237755102040816,6,49,0.857570015777176,11.121046959025588,8.0,True,60.74015262396321,29.620168071508886,29.620168071508886,46.18538723854728,53.80062340416098,46.18538723854728,14.893253742712517,9.723917217961619,36.46147002058566,16.565219167038393
2fe023be,1,4221,0.7494897959183672,8,49,0.8581687824779822,11.282016455307636,9.890470425050605,True,12.90931147808348,8.91687815386743,8.91687815386743,8.91687815386743,15.09292259101708,15.842878193911531,21.694844787142436,6.188418114937043,9.654460078974488,0.0
30d75030,1,3404,0.8340816326530611,3,49,0.8053243925421846,16.30892955151185,10.805006538729021,True,17.599318669377997,20.49108422863724,20.49108422863724,20.49108422863724,22.86641734578478,30.796964588942078,33.88167393576978,5.705335832651384,25.091628756290696,0.0
310c71a5,4,5245,0.8656122448979592,3,49,0.7863350506607467,17.302231524671235,8.0,True,8.843313479056066,4.7006259461372215,4.7006259461372215,4.7006259461372215,7.871467550542032,14.889198622716783,14.889198622716783,3.507094041352728,11.382104581364056,0.0
32fe84c9,3,6408,0.8845918367346938,1,49,0.6959422819152546,28.762706549444356,10.257246717881415,True,22.250821979444407,15.625836179475478,15.625836179475478,6.032769759798588,12.413045274078081,6.032769759798588,6.032769759798588,6.032769759798588,0.0,-9.59306641967689
33c40295,0,4169,0.953265306122449,10,49,0.7258107729697684,19.379446916265934,9.13634238638828,True,8.700789781165115,10.229974261526637,10.229974261526637,10.61317599852096,7.876814275971497,10.61317599852096,10.61317599852096,6.331913350111717,4.2812626484092435,0.38320173699432303
3407f5bf,4,3638,0.9235714285714285,10,49,0.8572727132040727,7.800564358564148,8.0,True,21.29388267466182,16.568271735741753,16.568271735741753,16.568271735741753,7.7903083375251905,16.688536430784364,16.688536430784364,6.684996074066571,10.003540356717792,0.0
3417285d,4,5449,0.3114285714285714,1,49,1.0954754592961304,-7.402126125402688,8.0,True,34.42198868150785,22.583341617326713,22.583341617326713,22.583341617326713,11.030430412186814,3.246335534599285,3.246335534599285,3.246335534599285,0.0,0.0
347242c8,0,3595,0.7181632653061224,15,49,0.9910062233517953,0.6919086045465138,11.074904236930122,True,2.242023016039388,9.370890789849227,9.370890789849227,9.629143091341346,8.651690178615748,13.898986494043363,13.898986494043363,6.186682042067844,7.71230445197552,0.258252301492119
353e5502,1,6062,0.5039795918367346,7,49,0.8463796156811011,17.00512001934638,11.510910764253802,True,5.639360585146688,5.553447678059076,5.553447678059076,5.553447678059076,19.52200991627007,13.011051906803749,13.011051906803749,5.553447678059076,7.457604228744673,0.0
357c12f9,4,4079,0.8091836734693876,9,49,0.9026040773745319,5.147834682825862,8.0,True,5.624420852755269,2.09387955951598,2.09387955951598,2.09387955951598,12.465625166712856,20.136551253094918,3.8286319749290554,2.09387955951598,18.04267169357894,0.0
3584a6eb,2,4494,0.745204081632653,3,49,0.8247341716472538,14.216583723418474,11.344646497330526,True,9.108318362664079,23.237436308208956,23.237436308208956,23.237436308208956,21.540066207083786,28.426415904401647,28.426415904401647,6.146965717466072,22.279450186935577,0.0
35b30c7f,4,9579,0.9555102040816326,2,49,0.8493374807905778,14.783942580663293,8.909069156489135,True,19.15158789297762,21.456189947736668,21.456189947736664,5.9018450843437416,5.901845084343742,5.901845084343742,5.901845084343742,4.42975139057613,1.4720936937676123,-15.554344863392927
35b3ef6a,4,3904,0.9392857142857142,4,49,0.7515971205975817,17.723681462340657,8.0,True,26.045383636758544,19.6795623462307,19.6795623462307,19.6795623462307,4.287344540000708,9.790049910453108,7.414228382821389,5.408393867488842,4.381656042964266,0.0
367456ce,1,5569,0.9344897959183672,4,49,0.806222103670969,14.226779255534543,9.32618345903954,True,12.622377103894497,4.098573632391565,4.098573632391565,4.098573632391565,2.6828033088907164,8.501789272577696,14.276509013683123,4.098573632391565,4.403215640186131,0.0
368131f9,1,4991,0.6731632653061224,17,49,0.6622236469960969,37.85740500980068,11.639507491108025,True,20.875783169531438,11.58058883372974,11.58058883372974,11.58058883372974,11.580588833729742,5.369047673993481,48.22377597010779,3.7863375957772853,1.5827100782161954,0.0
368fe682,1,4936,0.5096938775510204,28,49,0.513059589116782,46.381006702710145,15.300627865981252,True,13.878502686940966,10.221656639338551,10.221656639338551,11.527926010025675,10.059570677599456,22.836073441655902,22.836073441655902,4.210435642290737,18.625637799365165,1.306269370687124
3690a146,2,4073,0.8994897959183672,8,49,0.9805332179003476,0.7904144700008374,8.0,True,7.130156510792888,8.499483647220547,8.499483647220547,8.499483647220547,7.291383668221755,6.168750618332737,6.168750618332737,5.720236828409304,0.4485137899234335,0.0
37344c2a,0,5197,0.728469387755102,1,49,0.8473639623968869,9.456240372462979,8.0,True,13.239300394199656,25.748836419095365,25.748836419095365,25.748836419095365,3.4372178505743607,3.95564573051354,3.95564573051354,3.95564573051354,0.0,0.0
373ef48b,0,3509,0.8560204081632652,5,49,0.9176938040583037,6.79864251290028,8.096057253334443,True,5.207191387759596,2.86334677644995,2.86334677644995,2.86334677644995,17.627518541184894,23.95480893058692,23.95480893058692,2.86334677644995,21.09146215413697,0.0
374be387,2,9965,0.7873469387755101,1,49,0.6940558703057869,20.73768105004046,8.0,True,6.712762639770746,8.37778352840335,8.37778352840335,8.37778352840335,7.374750226349699,6.21418240573815,6.21418240573815,6.21418240573815,0.0,0.0
37d36812,0,4367,0.9267346938775509,3,49,0.6687074161042598,26.736163719534133,9.592887341682752,True,21.856313079076383,13.50624021580172,13.50624021580172,13.50624021580172,9.261678540452357,9.24008358831505,31.413268322814584,5.064034898488232,4.1760486898268185,0.0
38991fd4,4,4798,0.8416326530612244,6,49,0.7114979409088656,22.149998059555298,9.248390835784388,True,14.86604108751415,13.256037090737907,13.256037090737907,13.256037090737907,5.24407087848207,15.474677496704603,15.474677496704603,5.24407087848207,10.230606618222533,0.0
389ae58f,3,6463,0.7068367346938775,6,49,0.6618444906006673,27.685637615652503,16.299435920596338,True,49.76304894845995,31.93744168796972,31.93744168796972,31.93744168796972,16.790450373495904,31.93744168796972,31.93744168796972,10.318892965084634,21.618548722885087,0.0
3932faa6,4,5452,0.6349999999999999,33,49,0.7045842941355467,24.20586215854137,10.969703591265072,True,13.157974615537267,15.36928469438488,23.082701600635,23.082701600635,28.67634753084037,33.06094377924771,23.082701600635005,12.954125452468432,20.106818326779276,7.713416906250121
398dce4b,3,3166,0.7673469387755102,14,49,1.0178652702733333,-0.40318218546113893,8.08440730130025,True,4.559718484677409,3.53572991879835,3.53572991879835,3.53572991879835,29.96491055551495,31.690174169561843,31.690174169561843,2.248588774291241,29.4415853952706,0.0
39b51819,2,4231,0.923673469387755,1,49,0.6767421322582506,24.233729074774963,10.464057614928484,True,3.160351282946552,3.12891149115892,3.1289114911589206,3.1289114911589206,5.1472741392580765,3.12891149115892,3.12891149115892,3.12891149115892,0.0,4.440892098500626e-16
3a0af893,2,2927,0.9161224489795917,4,49,0.47769889290632256,39.2862074631895,9.768751929083084,True,18.6897660134781,15.067848316028217,15.067848316028215,15.067848316028215,7.700475406630573,6.763784089603968,6.763784089603968,4.570753006330986,2.193031083272982,-1.7763568394002505e-15
3a223519,3,4583,0.7863265306122448,11,49,0.8629466436694291,8.824189559690558,11.358896186622239,True,9.401162306681243,19.851286671921496,19.851286671921496,9.214752200287643,17.426837509143112,17.167677409495674,17.167677409495674,8.094452074354408,9.073225335141267,-10.636534471633853
3a7dd95d,4,3072,0.7044897959183672,13,49,0.7424674951220415,20.330978776105756,8.0,True,13.010388611275376,5.508464159122637,5.508464159122637,5.508464159122637,17.920007908426797,9.204107972911904,9.204107972911904,2.7758966883035474,6.4282112846083574,0.0
3a824aa7,3,4201,0.6608163265306122,7,49,0.8682586927957596,13.832092822091804,12.346505401282311,True,5.690131490731758,6.121717422147306,6.121717422147305,6.121717422147305,39.42648336287644,72.74660566247239,48.02698628622678,2.520211206714389,70.226394455758,-8.881784197001252e-16
3a86fe8d,0,5118,0.8468367346938774,14,49,0.7475408315067593,17.975515229702893,8.0,True,11.634711217695367,10.919352052844767,10.919352052844767,10.919352052844767,3.499334946985206,27.9259584739744,27.9259584739744,4.894277236157687,23.031681237816713,0.0
3aaa2b30,0,4711,0.7685714285714286,4,49,0.872964314809019,9.845919574664945,10.14813446619178,True,17.520232328990414,6.044027036592569,6.044027036592569,6.044027036592569,3.37942897165315,6.044027036592569,6.044027036592569,5.953708528609932,0.09031850798263719,0.0
3ac16ad0,1,5649,0.7968367346938775,15,49,1.1098349614595622,-11.48711042954919,12.942337986204835,True,8.880546118495223,3.777094250470482,3.777094250470482,7.769506783599935,8.294615561881535,7.769506783599935,15.251161070328488,3.777094250470482,3.992412533129453,3.992412533129453
3b21ea64,1,7376,0.6446938775510204,3,49,0.8644278546817372,7.308635315742696,11.75740003220577,True,8.368949948322665,7.242496082480807,7.242496082480808,7.242496082480808,7.751595195384406,7.751595195384406,7.751595195384406,7.242496082480807,0.5090991129035984,8.881784197001252e-16
3bbe1f5d,0,6918,0.7979591836734693,1,49,0.8197222296373307,10.118546125281794,8.352823813925744,True,10.572803005133604,6.597926423374969,6.597926423374969,6.597926423374969,6.238056479523492,5.736274256434451,5.736274256434451,5.736274256434451,0.0,0.0
3bfee975,3,3603,0.46653061224489795,12,49,0.6953117754978149,24.87680124293234,12.121111409179395,True,7.840543276658913,10.807172694815282,10.807172694815282,15.823274648992117,23.66691307354699,21.070288549977484,21.070288549977484,5.443611276699412,15.626677273278073,5.016101954176834
3c3dbcbc,0,5069,0.7109183673469386,16,49,0.8694150085129689,21.50644570801718,13.889078746818805,True,8.29349171896155,3.331288453096649,17.519184872066784,3.3312884530966484,19.107262265741063,21.702486605436526,27.473106759415202,3.331288453096649,18.37119815233988,-4.440892098500626e-16
3d96d897,2,5659,0.8342857142857142,8,49,0.8512549844685283,15.062502610591265,8.0,True,3.6092906343486293,5.597637421414716,5.597637421414716,5.597637421414716,6.103265185537086,24.156137492722124,24.156137492722124,5.597637421414716,18.558500071307407,0.0
3df4b19e,4,4988,0.9565306122448979,2,49,0.8396452340737858,13.948310575670387,9.15702760805699,True,8.67249047497302,8.277443005703471,8.277443005703471,8.277443005703471,7.748714045265144,15.46467081614008,23.185603764904936,6.062325467859786,9.402345348280294,0.0
3e011332,1,2723,0.6637755102040814,4,49,0.723949343715625,26.917257277133523,8.39185623959904,True,17.42146062278745,16.944434623470148,16.944434623470148,16.944434623470148,15.624294894152964,10.828306614563619,10.828306614563619,7.4350610297193365,3.3932455848442826,0.0
3e678ea7,1,6858,0.7629591836734692,3,49,0.6393591872077166,26.18535905832051,8.837015264437616,True,10.229911981746914,13.243948212431928,13.243948212431928,10.450521289385419,13.282947306739354,32.25146880978139,10.45052128938542,3.1596166615081103,29.091852148273283,-2.7934269230465087
3ef6372a,1,4727,0.9626530612244898,2,49,0.7173955714235547,24.6950601648259,9.918478851474239,True,6.229379944022544,5.625080577470206,5.625080577470206,5.625080577470206,6.64881531880474,6.64881531880474,17.2325968635657,5.625080577470206,1.0237347413345335,0.0
3ef98781,4,3892,0.9103061224489795,1,49,0.5891157460365117,24.620044137759688,9.704138935445865,True,12.433878700657393,5.47273075911321,5.47273075911321,5.47273075911321,12.175793229709269,1.6480423393631454,1.6480423393631454,1.6480423393631454,0.0,0.0
3f603129,2,5051,0.8955102040816325,2,49,0.7008574206630236,26.026462436880156,12.065564671729309,True,29.712176284154232,16.074838497298266,16.074838497298266,10.800881043525683,9.523798071976627,10.800881043525683,10.800881043525683,5.90911413991657,4.891766903609113,-5.273957453772583
404c4384,4,911,0.9401020408163264,2,49,0.6511704690255252,31.461386393649768,9.982257894080353,True,3.6011694039210935,3.6198296352879624,3.6198296352879624,3.6198296352879624,11.761704252362893,10.854747106936,24.991215568047828,1.9014466842238509,8.953300422712148,0.0
4121c517,0,3723,0.9009183673469388,13,49,0.7839250443296796,23.692595759457518,9.88793039489472,True,11.223238561279205,6.2740307513285245,6.2740307513285245,6.2740307513285245,9.267373655729038,15.31230047134633,15.31230047134633,6.2740307513285245,9.038269720017805,0.0
41fb0192,3,2973,0.5495918367346938,6,49,0.5643744599986273,27.930949435027824,8.0,True,3.5577103110362645,4.140417901686038,4.140417901686038,4.140417901686038,5.241084268413454,4.140417901686038,4.140417901686038,3.368733167283027,0.7716847344030109,0.0
42669188,0,4282,0.6321428571428571,5,49,0.951516615627755,1.5138504579646463,8.0,True,23.030677799344762,12.841605584553841,12.841605584553843,12.841605584553843,14.904543761016207,27.456532864301238,27.456532864301238,3.445235891753693,24.011296972547544,1.7763568394002505e-15
42c538a1,1,3279,0.4444897959183673,3,49,0.7177105237318788,25.68965137719392,9.567627139238214,True,26.18883109705342,30.151039993275425,30.151039993275425,30.151039993275425,11.603431880412035,18.571507611803433,18.571507611803433,5.395435301451897,13.176072310351536,0.0
43b06c70,4,4846,0.8382653061224489,3,49,0.8845136867850312,9.709639727862957,13.508369609903722,True,8.769342298126745,8.081543550268092,8.081543550268092,8.081543550268092,11.530576251910375,21.356753949081472,21.356753949081472,8.081543550268092,13.27521039881338,0.0
43c7f85a,1,5978,0.883469387755102,16,49,0.735136305552661,31.73207667474773,12.361697651022558,True,11.180370167514397,12.328144733072483,12.328144733072483,12.328144733072483,9.649488895300655,16.13169630933173,16.13169630933173,6.096992508681899,10.034703800649831,0.0
43e16325,0,3720,0.828877551020408,10,49,0.9508360138735953,4.712762335622586,8.0,True,45.776662453735184,21.709271614202464,21.709271614202464,21.709271614202464,36.064856257747614,34.88796977914434,34.88796977914434,7.104936853063433,27.78303292608091,0.0
44441e54,0,4357,0.6574489795918367,1,49,0.5033090096964322,28.33956532350204,8.0,True,3.668929750345109,1.7039499656103196,1.7039499656103196,1.7039499656103196,7.290995404753586,1.7039499656103196,1.7039499656103196,1.7039499656103196,0.0,0.0
445af6c2,4,6041,0.8941836734693878,3,49,0.7845141131005868,16.86242136356967,8.0,True,29.954468486977532,29.955708721398526,29.955708721398526,29.955708721398526,12.33457531250783,19.901634532039694,19.901634532039694,9.073138326913046,10.828496205126648,0.0
4463446c,0,3256,0.8695918367346938,13,49,0.6232630909345401,31.989914153557127,11.381204445620858,True,18.86029305975226,11.210540946571179,6.549791392093797,6.549791392093797,7.989974645432129,6.549791392093797,6.549791392093797,4.48106958390951,2.0687218081842875,-4.660749554477381
44a94013,4,4903,0.756938775510204,1,49,0.7991711792196822,18.2974021805145,8.794403116842071,True,23.26260921867206,11.016762564572186,11.016762564572186,11.016762564572186,4.296031450004551,5.199028592061575,5.199028592061575,5.199028592061575,0.0,0.0
45fb3e21,2,3649,0.9303061224489796,2,49,0.8130347297402901,12.440474685810454,11.018910942747805,True,25.15963005414619,24.245262824086947,24.245262824086947,24.245262824086947,2.526870084262184,20.635533159915177,16.63449770418853,5.167753636114267,15.46777952380091,0.0
460f859e,4,3336,0.7995918367346939,4,49,0.8865734558439341,12.336671411874413,13.238134421830033,True,20.01206991533264,9.612550733278008,9.612550733278008,9.612550733278008,20.560673252421285,22.696019899805925,22.696019899805925,5.8905753835787955,16.80544451622713,0.0
4630ab92,3,3373,0.9496938775510203,2,49,0.8552976317554747,12.852903525399633,9.585254369358221,True,10.880550178687447,16.263763316075515,2.93387913921397,16.263763316075515,10.00048808695843,15.214935099621263,15.214935099621263,2.93387913921397,12.281055960407294,0.0
463c38f2,0,4460,0.8753061224489794,2,49,0.7615059328588911,17.792503659881085,8.0,True,6.316346789980795,5.507981207666624,5.507981207666624,5.507981207666624,5.753401183376179,7.876963400029986,43.257955887685874,5.507981207666624,2.3689821923633616,0.0
4654e7de,1,5373,0.6987755102040816,6,49,0.7831650047255149,16.93962129241263,8.0,True,5.262206132576318,4.586553527601965,4.586553527601966,4.586553527601966,11.143277672131612,6.818345321368335,6.818345321368335,4.586553527601965,2.2317917937663703,8.881784197001252e-16
466fc788,4,6197,0.9303061224489796,2,49,0.8186143322200795,17.095321228469345,8.85380318123168,True,16.96677982284487,10.274184034362769,10.274184034362769,10.274184034362769,4.702190476009049,11.887157052321683,11.887157052321683,2.8631301375280334,9.02402691479365,0.0
46a301e9,3,8226,0.6781632653061224,5,49,0.9484838603833549,3.1295961470164704,10.54526860041035,True,10.714122960128444,11.567823042477553,11.567823042477553,11.567823042477553,8.504873390324233,8.417316248592309,8.417316248592309,3.9964119820951303,4.420904266497178,0.0
46a7190b,0,4215,0.85234693877551,1,49,0.5888887173596926,38.54362357051886,9.82935381412511,True,13.31037471543342,18.335037272042925,18.335037272042925,18.335037272042925,9.294604553694619,5.27037854258696,5.27037854258696,5.27037854258696,0.0,0.0
46d24a09,2,4449,0.775816326530612,23,49,0.8716608106655618,10.559108143463348,11.63827041576363,True,21.034427197140683,23.826073303375495,23.826073303375495,23.826073303375495,10.29371278598073,19.812276381112515,19.812276381112515,7.919050110167327,11.893226270945188,0.0
46d41ff6,4,7901,0.7690816326530611,1,49,0.7384236331102858,22.125088017196433,10.34467971979482,True,7.152719312990992,3.989041339745417,3.989041339745417,3.3467833949224954,13.743133006742466,3.346783394922495,19.766125357075552,3.346783394922495,0.0,-0.6422579448229215
46dfcfca,0,3606,0.8601020408163264,6,49,0.6313636816541487,32.76333214336042,11.818032693788265,True,23.306915931867923,16.15247690406687,16.15247690406687,16.15247690406687,7.078805062905673,29.523575711240042,13.3460554784804,3.423138051292996,26.100437659947048,0.0
47222616,0,4406,0.7792857142857141,25,49,0.7874752875146362,16.436009741128316,11.442337292742215,True,12.72802806095558,7.965537115273622,7.965537115273622,8.556107216797615,14.32085925762857,55.58509429246603,43.677658462914046,7.965537115273622,47.61955717719241,0.5905701015239933
47ee27ab,4,6397,0.725408163265306,6,49,1.0359873579421202,-2.3640452225168835,8.0,True,7.811133847911845,8.612405048912288,8.612405048912288,8.612405048912288,3.821205227651274,6.993972140876631,6.993972140876631,5.101023653985401,1.89294848689123,0.0
481de5fc,3,5952,0.8128571428571427,13,49,0.6211159574620811,33.72691143192978,8.0,True,13.661013098019078,18.877002153598994,18.877002153598994,18.877002153598994,14.216865542466675,18.877002153598994,18.877002153598994,8.179195268039566,10.697806885559428,0.0
48c1f673,3,2917,0.5228571428571428,13,49,0.7676969910219427,15.666187981459743,8.027931157269256,True,18.480143096264484,16.416604324575058,16.416604324575054,16.416604324575054,27.02719915896713,29.031773043586625,16.416604324575058,3.7496805867993785,25.282092456787247,-3.552713678800501e-15
4936af16,0,3991,0.8031632653061224,2,49,1.0145322203574392,-0.8228099782811686,10.56611551175721,True,5.12683088404085,4.631932772594839,4.631932772594839,4.631932772594839,7.104635307971467,4.631932772594839,4.631932772594839,4.155819547821136,0.47611322477370255,0.0
493b5b31,0,4671,0.10724489795918365,26,49,0.9025759458824125,8.471335318183932,9.64506053160105,True,20.806259253075513,20.31649274426467,30.591801205250093,20.31649274426467,56.68158037981988,72.45548369131467,26.815430712813967,14.596683499462731,57.85880019185194,0.0
49dbc14c,2,3872,0.6866326530612246,29,49,0.6864071039324302,33.286340257844664,13.707435367546305,True,5.472416193779096,2.7540792510406313,2.7540792510406313,3.853264427192985,19.251890401448744,3.8532644271929857,3.8532644271929857,2.7540792510406313,1.0991851761523543,1.0991851761523534
4a035ec2,3,2588,0.7849999999999998,8,49,0.6350474078288367,26.07553777107585,8.0,True,18.37817503927824,14.751510754766906,14.751510754766906,14.751510754766906,25.980900135019812,13.787289851063138,24.627957398299,3.034742300429335,10.752547550633803,0.0
4a335117,1,5015,0.6598979591836734,2,49,0.871326999045237,17.17940249402905,18.402624118427944,True,25.01473417971471,4.571319993247681,4.5713199932476805,4.5713199932476805,5.8088893410934,11.467917177694448,4.571319993247681,4.571319993247681,6.896597184446766,-8.881784197001252e-16
4a8ecc0b,4,5809,0.5297959183673469,30,49,1.0056742997288066,12.396465761290912,18.515926907696066,True,11.211904800768597,4.049634087763333,17.369877277641706,22.102338645144638,12.082148845076095,44.18864851487556,44.18864851487556,4.049634087763333,40.13901442711223,18.052704557381304
4b462989,3,3106,0.8477551020408162,3,49,0.8750391658192368,8.257645234229324,8.0,True,6.605024585467642,4.3933896441706,4.3933896441706,4.3933896441706,6.886298600282365,11.642179532157876,11.642179532157876,4.3933896441706,7.248789887987275,0.0
4b831d20,3,7312,0.7287755102040816,21,49,0.7018910600745172,29.666762847865915,10.715926870224031,True,16.40332593479727,4.951348383618748,14.08821930925159,14.08821930925159,18.343735595388548,21.40340258235372,21.40340258235372,4.951348383618748,16.452054198734974,9.136870925632842
4c2208f5,4,5384,0.44683673469387747,16,49,0.7012004420773729,20.84005186818928,11.823313761909297,False,37.38188510729996,17.352910699301898,22.435526721130977,17.352910699301898,23.779776824665284,32.64581736503459,32.64581736503459,11.366241513804763,21.279575851229826,0.0
4c3168cf,3,4334,0.953265306122449,3,49,1.0600050334973705,-2.4091056123523287,9.727119436844061,True,4.398564145674671,4.431926393531387,4.431926393531387,4.431926393531387,6.951226819169924,7.179380651687354,7.179380651687354,2.3648972598723,4.814483391815054,0.0
4c3df468,0,5392,0.8991836734693875,15,49,0.7727561640836014,24.36634101278359,9.790218716811752,True,20.730613836474724,12.032654107372364,12.032654107372364,12.032654107372364,11.829636182362018,8.311852273502975,8.311852273502975,3.667091928092265,4.64476034541071,0.0
4caa7289,2,5396,0.7182653061224489,10,49,0.8358148224519488,10.067058091224272,8.0,True,9.679853283039389,6.319157542605435,6.319157542605435,6.319157542605435,33.08251475390981,31.615029355963618,40.855431569911936,6.319157542605435,25.295871813358183,0.0
4cd1ac61,1,4489,0.9428571428571428,5,49,1.1052457789301808,-4.837084525899307,18.819547229418028,True,14.744577751415134,7.330349816416894,7.330349816416892,7.330349816416892,10.403014122362244,14.51182273424604,14.51182273424604,6.281880810274833,8.229941923971207,-1.7763568394002505e-15
4cecf7b3,2,6019,0.7605102040816326,18,49,0.5581606662638543,35.31771674342902,11.853308587738935,True,8.796914734080126,10.975177027895711,10.97517702789571,10.97517702789571,10.97517702789571,10.975177027895711,10.975177027895711,4.592959885958262,6.382217141937449,-1.7763568394002505e-15
4ddde4c1,0,4472,0.9096938775510203,1,49,0.8235562316806362,20.01149356706777,8.453434832279378,True,4.584881244279585,3.669837384087916,3.6698373840879155,3.6698373840879155,7.7550598713333265,3.669837384087916,3.669837384087916,3.669837384087916,0.0,-4.440892098500626e-16
4e050c92,4,3705,0.808877551020408,29,49,0.7208316198615711,24.68627190879301,9.585804256219525,True,6.760683545123174,5.54580964262856,5.545809642628562,5.545809642628562,7.39504873133993,7.204736689556902,9.613555468492894,5.393659280929334,1.8110774086275674,1.7763568394002505e-15
4ed93db6,3,4657,0.9479591836734692,5,49,0.8209514965314204,18.939191597780226,9.8554755053531,True,9.134304566059011,6.231577788074734,6.231577788074734,6.231577788074734,10.307376446002399,15.285661800209475,18.388654750917368,5.6056323691487,9.680029431060774,0.0
4f3eb9e9,3,4697,0.907142857142857,8,49,0.7592557514019808,17.62235723734681,8.0,True,33.07892812639342,31.394041611922255,31.39404161192226,31.39404161192226,14.207162636392004,23.68747537328678,40.3888356902614,6.7703496226736455,16.917125750613135,3.552713678800501e-15
4f4ac5ce,3,5162,0.6870408163265305,4,49,0.9023639380159484,9.184838816183898,8.0,True,8.250612102027123,4.631287641666541,4.631287641666541,4.631287641666541,20.716862838195812,7.301871002456736,7.301871002456736,4.631287641666541,2.6705833607901956,0.0
4f4afcc6,1,5645,0.853673469387755,6,49,0.8066828698804175,15.628142484573365,8.0,True,8.324204115356522,8.248229122285466,8.248229122285466,8.248229122285466,11.35913837964991,20.136759337015025,20.136759337015025,6.7193279433813595,13.417431393633667,0.0
4f69febf,2,5460,0.8403061224489796,11,49,1.135251156552107,-15.74272030299448,11.046602848560008,True,14.941245790403045,5.094636863045534,5.094636863045535,5.094636863045535,22.268715999532887,31.045675844501204,9.351105156891006,5.094636863045534,25.95103898145567,8.881784197001252e-16
4fbe9c06,3,6287,0.8727551020408162,21,49,0.699524896846071,25.81533023848343,9.288472676125007,True,12.700621635010842,22.53898227364395,22.53898227364395,22.53898227364395,12.52877394461136,23.02377148160839,23.02377148160839,6.243261272443206,16.780510209165183,0.0
504c8b08,0,6367,0.853469387755102,3,49,1.1150859435760787,-16.981858776068233,15.86495733795426,True,20.6567768266876,25.43283562729982,25.43283562729982,25.43283562729982,6.820824890921534,20.681960452763217,7.564101478665329,7.564101478665329,13.117858974097889,0.0
511e1db0,2,3821,0.8783673469387753,9,49,0.8484030960220789,17.521406536891277,8.020854140882491,True,2.646655635093415,4.50974190364672,4.50974190364672,4.50974190364672,21.375883567524568,22.497402262380785,22.497402262380785,4.50974190364672,17.987660358734065,0.0
512943b2,2,5029,0.8605102040816326,7,49,0.8840801447726935,11.761399211137169,8.0,True,4.032978673574936,8.841810195217215,8.841810195217215,8.841810195217215,19.13101764382078,21.54448554877439,21.54448554877439,4.259022996957627,17.285462551816764,0.0
5138a660,4,3559,0.793469387755102,12,49,0.5856037499060449,26.805559052592603,11.201872408208033,True,5.4780109058052355,24.989097869237035,24.989097869237035,24.989097869237035,21.698718499541428,19.66991657607989,12.095893084709884,5.055084094541466,14.614832481538421,0.0
516088b7,0,6645,0.6772448979591836,1,49,0.8296365361544745,13.807796773838707,10.88000459266309,True,6.371603205164532,2.6791451917767244,2.6791451917767244,2.6791451917767244,2.6791451917767244,2.6791451917767244,2.6791451917767244,2.6791451917767244,0.0,0.0
521a7819,1,5200,0.8545918367346937,16,49,0.9145694701987968,6.4712001716003185,8.495403089903363,True,25.361861575542044,26.711547745860862,26.711547745860862,26.711547745860862,21.93296090378843,34.5694795653747,11.879973251229377,6.691914164583866,27.877565400790832,0.0
5254b6db,1,3274,0.6680612244897959,15,49,0.6250871220049664,32.40659729556516,11.812799887499132,True,7.293881229520888,3.763672374140479,3.763672374140479,3.763672374140479,19.271601443100458,7.727016703454037,7.727016703454037,3.763672374140479,3.963344329313558,0.0
529e88ca,3,3417,0.9151020408163264,4,49,0.7690465615631807,24.98202639362939,9.979449229293367,True,15.265625031718603,27.606956982144013,27.606956982144013,27.606956982144013,14.834451453997223,27.606956982144013,27.606956982144013,3.9040505844757143,23.702906397668297,0.0
52f1e77a,3,4442,0.6795918367346939,7,49,0.9155882552178867,7.031135685404106,10.883046621766836,True,14.174880875648114,3.9567092232698133,3.9567092232698133,3.9567092232698133,11.915084053872903,7.202280285505694,7.202280285505694,3.9567092232698133,3.2455710622358804,0.0
5305524b,3,4898,0.8289795918367346,1,49,0.47872138556321814,39.19820931070223,9.765111093810438,True,16.63490369332069,6.337246218888115,6.337246218888115,6.337246218888115,15.64330995140435,6.337246218888115,6.337246218888115,6.337246218888115,0.0,0.0
53134831,0,5126,0.7722448979591835,13,49,0.6627695890476205,21.156347363964063,11.407448902200521,True,17.343954276390388,4.346198814836906,4.346198814836904,4.346198814836904,19.412861568607486,36.28529426177489,9.911002802361924,4.346198814836906,31.93909544693798,-1.7763568394002505e-15
5397ceb1,4,5255,0.9328571428571427,2,49,0.8199044406845192,11.870906996285843,10.969215489495205,True,9.25091584943266,3.2013389193367554,3.2013389193367554,3.2013389193367554,7.176065292553316,12.358934229516564,3.2013389193367554,3.2013389193367554,9.157595310179808,0.0
53f23031,3,8550,0.9048979591836734,3,49,0.789353062937367,13.245269944008937,8.0,True,10.66798407051043,9.703571579980908,9.70357157998091,13.728194798172149,12.479586684229357,13.728194798172149,13.728194798172149,9.073535654959695,4.654659143212454,4.024623218191241
543198e8,0,6503,0.8634693877551018,6,49,0.8726314585910712,10.311767593014997,10.48623811746791,True,20.51495618405221,12.727508592194742,12.727508592194742,12.727508592194742,17.847331591356202,17.847331591356202,23.131472389349803,5.377167937635015,12.470163653721187,0.0
54753541,4,4026,0.7853061224489795,14,49,0.8603835937349112,8.926094800352809,8.0,True,16.22277834812335,17.01849462889221,17.01849462889221,17.01849462889221,26.640492219191348,29.492940080836163,29.492940080836163,5.460500589902942,24.03243949093322,0.0
54a7e3c2,2,6155,0.8266326530612244,6,49,0.8450404759974508,18.226616323920553,11.0021979027077,True,11.037762426443331,3.40246361281875,3.40246361281875,3.40246361281875,5.841927675824141,14.116642156544435,11.344397177089885,3.40246361281875,10.714178543725685,0.0
5542c301,1,3591,0.7859183673469387,9,49,0.8045317253986775,15.427743656203459,8.0,True,5.501114137426537,4.197507319959886,4.197507319959886,4.197507319959886,8.399916256056981,9.569489449447762,9.569489449447762,1.913898398332902,7.655591051114859,0.0
5567d551,4,6889,0.9077551020408162,3,49,0.7092933989458633,22.261871652848114,8.447209763686617,True,10.289492216812466,10.660488369263042,10.660488369263042,10.660488369263042,5.638750265894607,8.223263469083758,8.223263469083758,4.915484948884922,3.307778520198836,0.0
55efee7f,0,4801,0.6067346938775511,7,49,1.1305789786521263,-0.18062388935646204,16.10649850613629,True,25.83515609352923,11.705094572481519,11.705094572481517,11.705094572481517,9.061609226632028,7.308825586261076,7.308825586261076,5.461558747283875,1.847266838977201,-1.7763568394002505e-15
5663b2b7,0,4972,0.6955102040816327,4,49,0.805013306119364,15.863086368886217,8.670313227658935,True,16.28409405856329,12.330136250780791,12.33013625078079,16.84911492991727,16.923351710944136,16.84911492991727,16.84911492991727,10.429350662979632,6.419764266937639,4.518978679136479
5693dde2,0,3488,0.6079591836734693,7,49,0.47071363709221703,39.868502371061005,10.684067640634801,True,6.95783505375875,7.381243529814471,7.38124352981447,7.38124352981447,35.34379685155652,50.77757930771738,50.77757930771738,5.374018189167478,45.4035611185499,-8.881784197001252e-16
56b00794,2,6065,0.6812244897959182,17,49,0.5410930884800004,29.246044487162983,10.104373509630229,True,29.944728017238926,31.23925905135056,31.23925905135056,31.23925905135056,30.695319707999243,35.67693917620067,16.845214771955757,3.6478901982492307,32.02904897795144,0.0
57796579,2,5890,0.6341836734693876,6,49,0.6689074821332213,26.440972253880513,8.0,True,12.813078334954168,15.330266807141019,15.330266807141019,5.767013724622797,7.417260165909337,5.767013724622797,5.767013724622797,5.169407831891949,0.5976058927308481,-9.563253082518223
577eec7c,3,4539,0.8842857142857141,8,49,0.9168044654146184,7.961144314643163,8.0,True,18.875287599886814,10.813656917974015,10.813656917974015,10.813656917974015,26.16618390335511,14.648316104836681,12.829439377866422,6.7641829013882315,7.8841332034484495,0.0
57f05c51,3,4771,0.5322448979591836,11,49,0.7769995111516835,16.04028802558056,10.832853927915814,True,36.3244551404309,18.058671328591284,18.058671328591284,18.058671328591284,22.027394667289034,24.592332447436256,24.592332447436256,13.73308403014743,10.859248417288827,0.0
58850d2c,1,4995,0.6808163265306123,14,49,0.5272244010960999,54.01971148355246,13.586505859251856,True,14.887955622671049,14.626561694284266,14.626561694284266,44.76355961594614,44.76355961594613,49.10644282870799,29.356731627130358,3.9310793882592048,45.175363440448784,30.136997921661877
58fa8486,1,4475,0.8890816326530611,1,49,0.8024957813822174,15.09161652895518,13.214059447470362,True,11.865701003853058,17.73007366190628,17.73007366190628,17.73007366190628,3.946841183198581,2.590578451726315,26.859083073883404,2.590578451726315,0.0,0.0
591cc951,2,4609,0.8633673469387754,12,49,0.6419328589537312,26.549683070351982,10.762010844975347,True,15.021994805073081,9.500295348587171,9.500295348587171,9.500295348587171,25.112970926387526,26.581348123729914,18.738396732989543,5.703974638197052,20.87737348553286,0.0
593876b6,4,4842,0.9551020408163264,6,49,0.7269052563980821,22.310463361808328,8.0,True,12.278386863654298,10.208965418575033,10.208965418575032,10.208965418575032,9.4546479122112,10.211707436180271,10.211707436180271,4.1118212862449335,6.099886149935338,-1.7763568394002505e-15
59f8b2e8,4,3747,0.61234693877551,7,49,0.8211171849041079,15.06925408445359,8.0,True,6.235385931133263,5.1241642868390915,5.1241642868390915,5.1241642868390915,9.817535516045284,15.05028064785183,15.05028064785183,4.0162315257246135,11.034049122127216,0.0
5a1a8fd8,3,5260,0.8524489795918366,11,49,0.7130300519569404,24.90230876948703,11.28787885911955,True,13.165282167987698,5.921876994981716,5.921876994981716,14.762877183162521,12.730717587332242,34.52707244578045,19.731213748292284,5.799281796306329,28.72779064947412,8.841000188180805
5a5269a9,3,6513,0.7892857142857143,1,49,0.7693686893793099,20.608420461791486,8.0,True,5.863105043604518,14.133170844797828,14.133170844797828,4.567198205476343,4.19216273688282,4.567198205476343,4.567198205476343,4.567198205476343,0.0,-9.565972639321485
5a5d1982,0,3894,0.8204081632653061,10,49,0.6284892217943223,26.045210916515423,10.542473008129457,True,7.106652935637849,6.161074815632772,6.161074815632772,6.161074815632772,8.92572411245413,14.496177611970307,14.496177611970307,6.161074815632772,8.335102796337534,0.0
5a63b5d1,2,6217,0.8776530612244897,19,49,0.8848739458868854,10.630807839540973,8.0,True,19.44924550712061,30.819387361680143,30.819387361680143,30.819387361680143,15.181537186691887,35.86706664335553,20.851318545694056,10.367138534874968,25.49992810848056,0.0
5aa03df7,3,4871,0.8990816326530612,21,49,0.9601314463233581,8.678739851451258,10.308741544310955,True,6.58601427636249,9.434913907397371,9.434913907397371,9.434913907397371,5.878949184502181,18.71800502355505,21.997230072387303,6.057392486711751,12.6606125368433,0.0
5aa403d0,1,3118,0.910204081632653,7,49,0.8940580147935211,6.391241211854382,8.0,True,25.684478606280763,19.91531719405558,19.91531719405558,19.91531719405558,19.915317194055575,19.91531719405558,29.664478440939135,2.8050821358270555,17.110235058228522,0.0
5aef5c6c,0,3121,0.8226530612244897,7,49,0.7784988209030476,17.66231506414575,10.081102169780367,True,10.926258823623487,6.641632691838733,6.641632691838733,9.577439753613199,17.98976476957511,9.577439753613202,9.577439753613202,4.898459341750176,4.6789804118630265,2.935807061774465
5b7b6324,3,6564,0.7603061224489795,6,49,0.8685808368499209,11.715871316689233,8.0,True,17.673226229685234,22.542852766342435,22.542852766342435,22.542852766342435,4.2182936018230635,30.906266356077882,30.906266356077882,6.01671523026031,24.889551125817572,0.0
5bd25f59,3,4210,0.7192857142857142,2,49,0.8696995411151653,9.825154872398917,8.0,True,4.338412715856817,12.453112487220718,5.2938291052286885,5.2938291052286885,7.341961259704138,5.293829105228689,5.293829105228689,3.5882229528995033,1.705606152329186,-7.159283381992029
5beded95,4,3057,0.7577551020408162,1,49,0.6995212142958908,23.39730425989402,13.432640814392002,True,16.64432832796459,7.893730053681679,7.893730053681679,7.893730053681679,11.486520418009176,2.8048544402482642,2.8048544402482642,2.8048544402482642,0.0,0.0
5cb483ac,2,3852,0.7984693877551019,9,49,0.7895871727323888,21.36000757639433,8.180591139920322,True,6.114075023717169,8.798697682091008,8.798697682091008,8.798697682091008,36.63935898465295,39.65448369115273,39.65448369115273,5.878131887355084,33.776351803797645,0.0
5cdd8dbc,4,4010,0.4066326530612245,22,49,1.0189444051148073,5.133044252920544,20.578288224792345,True,17.231660513857207,8.920349034490675,8.920349034490673,8.920349034490673,24.362037259158832,29.69159531059062,29.69159531059062,3.995416760393433,25.69617855019719,-1.7763568394002505e-15
5d11dfb5,1,5895,0.9028571428571427,19,49,0.7801765188250428,19.509274374836842,8.90291092923346,True,9.758377072411292,14.768150648466992,14.768150648466992,14.768150648466992,11.24930871210937,19.77051017970763,19.77051017970763,7.1658036128681015,12.60470656683953,0.0
5d7198fd,3,3368,0.8722448979591836,2,49,0.8164149006032367,15.418476777148824,10.139365990627638,True,13.36645546990557,9.305150638758153,9.305150638758153,9.305150638758153,14.221186331384981,22.013211200246264,22.013211200246264,2.87250132301506,19.140709877231203,0.0
5def1ce5,3,6443,0.945204081632653,1,49,0.674124474319232,24.77706212739831,8.0,True,8.052417616706911,8.016781948847223,8.016781948847223,8.916037831466431,10.023925022442459,7.51968775162372,17.47557678797994,7.51968775162372,0.0,0.8992558826192081
5eae34a8,2,4904,0.6482653061224489,1,49,0.9412872637783913,3.226860279612682,8.0,True,7.397484649492449,3.6356967313862256,3.6356967313862256,3.6356967313862256,15.404349690618835,3.6356967313862256,3.6356967313862256,3.6356967313862256,0.0,0.0
5f4d2a52,3,5225,0.4295918367346938,1,49,0.8852675413863609,12.997804822215883,14.86828453406207,True,56.914917258531396,42.37782299698798,42.37782299698797,42.37782299698797,6.869534076358126,5.488243940289772,5.488243940289772,5.488243940289772,0.0,-7.105427357601002e-15
5f6756c5,1,5931,0.8788775510204081,22,49,0.7944001956901787,18.00203844363135,11.417772770543811,True,8.573813859683462,9.49595034916872,9.49595034916872,9.49595034916872,20.4382824048718,13.259355872730918,13.259355872730918,6.172281283942146,7.087074588788772,0.0
5f75f796,4,5562,0.49999999999999994,16,49,0.7792839528412422,14.584651414359394,10.111065848108927,True,9.239915906257119,7.308799205166783,7.308799205166783,7.308799205166783,19.575901371103267,23.970725405703195,23.970725405703195,5.156241272158174,18.814484133545022,0.0
5fb1c15f,0,2860,0.45928571428571424,20,49,0.8007101302336946,14.686612164788867,8.0,True,18.291082508578185,13.232622881092492,30.16686910075289,18.44169718368582,43.07506046187162,48.17555600744826,18.441697183685825,5.011440402729072,43.164115604719186,5.209074302593329
5fffa282,4,4201,0.830204081632653,14,49,0.886621526698383,7.828916380606016,8.0,True,5.318148657346763,5.622884879004775,5.622884879004775,5.622884879004775,32.12341033348235,35.76236516879869,32.12341033348235,5.622884879004775,30.139480289793912,0.0
60e37807,4,2699,0.39959183673469384,20,49,0.8532217629903196,15.41319495342347,11.886349652581405,True,20.874268055180604,18.487086683215566,7.4374879387249715,7.4374879387249715,14.164721352885854,14.225392651839448,61.78030084718719,6.203581601223988,8.02181105061546,-11.049598744490595
61f27424,2,6220,0.8662244897959183,1,49,0.8525728228237992,11.485153920506201,8.0,True,2.8150009994687166,5.880838044137255,5.880838044137255,5.880838044137255,5.880838044137255,4.3342749689184075,4.3342749689184075,4.3342749689184075,0.0,0.0
62569ae3,4,3588,0.7706122448979591,2,49,1.118453421991196,-9.565062850439244,8.0,True,8.163464251076302,11.93595995820057,11.93595995820057,11.93595995820057,6.595267374190978,11.93595995820057,11.93595995820057,4.626766382241727,7.309193575958843,0.0
62a6f539,1,3693,0.7685714285714286,14,49,0.9917795303817919,1.6137214065542915,16.773905084398002,True,7.864940463331049,11.203996097237356,11.203996097237356,11.203996097237356,9.785514481102613,27.509425821141253,27.509425821141253,4.762651744647189,22.746774076494063,0.0
633774dc,0,6233,0.6916326530612243,22,49,0.8647155445007555,8.332110518521509,13.9820036245662,True,14.212429924790966,16.845796588854007,16.84579658885401,16.84579658885401,27.235675420529322,26.618848944461835,26.618848944461835,2.654628365068959,23.964220579392876,3.552713678800501e-15
63559d57,2,4069,0.7646938775510204,1,49,0.763340053371803,13.792333769140054,8.0,True,5.894220519880757,8.454523826428359,8.454523826428359,8.454523826428359,4.379731185544558,3.8944245849859764,3.8944245849859764,3.8944245849859764,0.0,0.0
647f2a41,2,3881,0.867142857142857,15,49,0.8400873040356078,17.019356717706387,13.329457452302435,True,6.546227092935274,3.0769469856767855,3.0769469856767855,3.0769469856767855,7.297218956968403,21.126128633754274,21.126128633754274,3.0769469856767855,18.04918164807749,0.0
65156b96,1,3221,0.7057142857142856,18,49,0.8001644508702843,13.087439884504628,8.0,True,6.076781706471203,8.09297713580582,8.09297713580582,8.09297713580582,11.175426291740983,13.691873899253688,13.691873899253688,3.20527543450987,10.486598464743818,0.0
653612bc,3,4605,0.3931632653061224,14,49,0.7456046502678921,15.150971911545488,8.0,True,2.8332405605306503,2.6211310442110363,2.6211310442110367,2.6211310442110367,18.734156162730113,21.189451440200738,20.76110772428173,2.6211310442110363,18.5683203959897,4.440892098500626e-16
656a067b,2,3051,0.9340816326530611,5,49,0.7827450190514432,22.021238078076983,11.504958671017604,True,14.667037832749068,11.43654230120376,11.43654230120376,11.43654230120376,8.119558132897383,14.584943528927296,14.584943528927296,5.325221922422153,9.259721606505142,0.0
65a5466a,2,4683,0.8987755102040816,5,49,0.8977596882207233,6.64325887103,8.284321182084508,True,11.991020361693243,5.267493379843112,5.267493379843112,5.267493379843112,5.861991019534173,19.17947193851839,19.17947193851839,5.267493379843112,13.911978558675278,0.0
660d9546,0,4732,0.9540816326530611,2,49,0.8218664039982161,11.019757451133017,8.8436289551052,True,9.433757519583331,8.056539721967905,8.056539721967905,8.056539721967905,5.940902553835262,10.978126884334356,10.978126884334356,4.232008510785881,6.746118373548476,0.0
6767c111,2,6783,0.6077551020408163,2,49,0.7359203671177648,23.14242785325351,11.350134824317308,True,17.475154063370617,52.77503922969482,52.77503922969482,32.15666240247433,18.048036074470286,10.499847133790922,39.8336596295854,7.115173820769251,3.384673313021671,-20.618376827220487
67847288,2,7429,0.7943877551020407,8,49,0.7057303425689095,21.895758567967192,10.051861739866284,True,11.461290028070946,20.472520806482656,20.472520806482656,20.472520806482656,18.812918979752588,32.69942762535217,14.11490926820372,4.234108620711146,28.465319004641024,0.0
67a8da4a,1,4911,0.7397959183673468,5,49,0.7854328106351055,19.74981515929717,9.121218552655817,True,14.48691836331104,8.700907080346992,8.700907080346992,8.700907080346992,9.437012021222564,9.43701202122255,9.43701202122255,4.903177591841188,4.533834429381362,0.0
684a6fc1,0,9818,0.853673469387755,1,49,0.8916804883766913,10.170448644244237,8.0,True,24.030978453294004,23.561697291978696,9.999573448040168,12.375251900783555,9.230022218514177,9.99957344804017,12.375251900783553,9.99957344804017,0.0,-11.186445391195141
698930d1,3,4741,0.7623469387755101,16,49,0.7306117080896352,26.971810505806015,9.26722330341796,True,10.389172214568049,5.156152986811668,5.156152986811668,6.466472248316525,12.23157967033489,6.466472248316524,6.466472248316524,5.137855320190237,1.3286169281262872,1.3103192615048576
699ea575,2,4120,0.8377551020408163,2,49,0.8924746366405524,11.930018176577843,10.56140679258192,True,10.392889600471305,7.964183233108092,7.964183233108092,3.049004559489797,4.546833043562615,14.942451226747481,14.942451226747481,3.0490045594897968,11.893446667257685,-4.9151786736182945
69c1bdad,0,2714,0.8827551020408163,19,49,0.813266478215144,14.733199534074874,12.115887494006754,True,9.789958199101882,5.641483044766482,5.641483044766481,19.60402832840898,14.146279049263365,15.323414783587735,15.323414783587735,4.509542781884003,10.813872001703732,13.962545283642498
69e41fa6,0,5772,0.2160204081632653,1,49,0.8228299880719808,14.788756734306965,9.631588691688384,True,5.861732687565972,6.114416064908889,6.114416064908889,6.114416064908889,5.724172502646207,5.826812195747617,10.040937569028046,5.826812195747617,0.0,0.0
6a0ff78e,2,6465,0.8324489795918366,9,49,0.6997953058842569,21.67457650693672,8.0,True,11.350827388917207,11.488700733140687,11.488700733140687,11.488700733140687,11.86873193499273,25.63333219395041,25.63333219395041,6.541371323393621,19.09196087055679,0.0
6a8fa194,3,3017,0.7913265306122449,6,49,0.6561465244858574,34.50337715328039,10.370882765260468,True,8.348329338921092,5.083100403127719,5.083100403127717,5.083100403127717,19.137933259709072,33.67340102774096,29.09760617880656,5.083100403127719,28.59030062461324,-1.7763568394002505e-15
6ae68655,3,4204,0.4539795918367347,22,49,0.6448815276571133,22.958081320993305,8.0,True,5.259877371830794,5.852033875605536,5.852033875605536,5.852033875605536,43.69521359527386,52.35441139386469,7.834174142297398,4.220224222305973,48.134187171558715,0.0
6d1d74e1,1,5830,0.8688775510204081,16,49,0.8547529123349725,14.538012957505936,13.161006953647917,True,11.887571200184345,21.40070503764669,21.40070503764669,21.40070503764669,6.0529567347579025,14.091483589446556,14.091483589446556,4.653208879324156,9.4382747101224,0.0
6d590e26,2,6096,0.9448979591836734,15,49,0.9103638076664955,8.52190686968942,9.959196185874466,True,8.629685403348205,10.015863834174594,10.015863834174594,10.015863834174594,7.126340895216835,10.015863834174594,26.3348963358938,7.126340895216835,2.889522938957759,0.0
6d6d93af,2,3595,0.715612244897959,17,49,0.5997268416095429,31.413621213673128,8.932071740285892,True,32.195372520142506,23.493557456860636,23.493557456860636,23.493557456860636,23.49355745686063,34.15261065092485,34.15261065092485,6.5604952091364375,27.592115441788412,0.0
6dbe4b60,2,4648,0.6798979591836734,1,49,0.7579346697812669,20.527889495622315,8.627197404003107,True,8.699464045404161,5.687858635255003,5.687858635255003,5.687858635255003,5.255760745587051,5.687858635255003,8.187953265015649,5.687858635255003,0.0,0.0
6e6d122c,4,5632,0.6072448979591836,12,49,0.6662193686468937,22.308933676325506,12.621682653745966,True,9.11700946941914,6.556653774767003,6.556653774767003,6.556653774767003,21.882015737802824,28.02152722476066,28.02152722476066,2.7268367939256954,25.294690430834965,0.0
6e9ccd38,4,8282,0.7678571428571427,8,49,0.8276641025003242,10.116973661293224,8.0,True,12.23949279951463,14.78378997939311,14.78378997939311,30.287321861453837,10.90859551400859,46.44847461620345,30.287321861453837,5.553608267197261,40.894866349006186,15.503531882060727
6ea22614,0,5971,0.7667346938775509,1,49,0.9778572364288506,4.237678147405208,8.0,True,6.4753183432909225,12.233022573375552,12.233022573375552,12.233022573375552,14.083381151487407,6.31432249571134,8.047282456225906,6.31432249571134,0.0,0.0
6ede926a,2,4938,0.7680612244897959,16,49,0.6815806575319379,23.20097311860976,9.902405287031694,True,7.686767373145472,4.263416432929614,4.263416432929614,4.263416432929614,13.418976865558006,42.23856524977771,42.23856524977771,4.263416432929614,37.97514881684809,0.0
708caea9,1,6548,0.6760204081632653,9,49,0.8470578988555635,11.611563000924587,12.222844493028887,True,34.916458237909005,43.77191985216877,43.77191985216877,35.62749637447593,9.705273442374349,8.891307798676365,8.891307798676365,7.311335571803833,1.579972226872532,-8.14442347769284
70925e23,1,5947,0.5183673469387754,18,49,0.4540661009872773,52.844377589531675,14.210735114278574,True,14.784803005082047,15.213323475789574,15.213323475789574,13.476742771318927,22.694458102410504,13.476742771318925,13.476742771318925,13.286606167552861,0.19013660376606367,-1.7365807044706472
70e1788b,3,9285,0.8283673469387755,15,49,0.8579052799122074,9.992241375356327,9.2656212251311,True,7.159206283115686,5.657858442508004,5.657858442508004,8.105824505685192,6.554895926221012,12.625269093309418,12.625269093309418,5.657858442508004,6.967410650801415,2.447966063177188
71642c7d,4,4648,0.7407142857142857,10,49,0.7663319030895126,21.55441217126911,8.21294207886126,True,11.901230993511438,5.2434833387415205,5.2434833387415205,5.2434833387415205,14.593368117208682,24.968975337737735,24.968975337737735,4.447379696849449,20.521595640888286,0.0
71ccf778,3,2698,0.6513265306122448,2,49,0.7037818116809101,26.4317309019195,8.0,True,5.388651839136806,8.351099488608893,8.351099488608893,8.351099488608893,3.7983340182007574,8.351099488608893,8.351099488608893,3.7983340182007574,4.552765470408136,0.0
7224331b,3,6063,0.33244897959183667,17,49,0.6719241694854409,26.985034349361474,8.203995913978224,True,4.338260107312621,4.767538945634114,15.88034635730067,15.88034635730067,20.292391655564863,15.880346357300672,15.880346357300672,3.6738394350675514,12.206506922233121,11.112807411666555
722cf0d8,4,5143,0.8533673469387754,3,49,0.9872847198754072,3.136833325462497,10.543390815555346,True,11.127293106426961,7.764855864971576,7.764855864971576,7.764855864971576,13.672347095030178,8.165828836495296,28.650740994219845,5.78678439164279,2.3790444448525054,0.0
7256229b,0,5415,0.9279591836734693,1,49,0.7711322043241166,17.349267694894944,9.798191023487888,True,6.6453924693055635,9.926436744880295,9.926436744880295,9.926436744880295,4.823068098724153,6.020909484836886,9.926436744880295,6.020909484836886,0.0,0.0
726f3dc2,1,6723,0.3373469387755102,29,49,0.935090939580007,11.156554917529933,8.196158397253926,True,6.931383638655225,6.737647498314791,19.737537883835053,16.191656138409577,27.639067962836155,54.893194676433644,26.813122966141893,5.197016111681089,49.69617856475256,9.454008640094786
7271dd80,4,4340,0.9492857142857142,4,49,0.8534623463310698,5.8879120217910685,8.0,True,8.313957865645467,5.286807988866349,11.726476014334258,5.286807988866349,8.512184812926215,11.726476014334262,10.63202965569453,4.735032395873576,6.991443618460686,0.0
727a3a10,3,4397,0.42785714285714277,5,49,0.43295073888739266,52.10510652516024,13.89355185498719,True,12.36395803493887,15.46277211928237,15.46277211928237,15.46277211928237,9.605418950020814,9.605418950020814,9.605418950020814,4.5875493423790425,5.017869607641772,0.0
729665c0,1,4263,0.861938775510204,13,49,0.8368072774708301,19.81133854188405,14.023922074747526,True,8.662513145164612,4.886579198961166,4.886579198961166,4.886579198961166,23.31564117600197,34.9600452068801,34.9600452068801,3.880600976875214,31.07944423000489,0.0
729e9750,4,5919,0.8573469387755102,7,49,0.7875715827596987,22.10858135695865,11.618569076537273,True,8.825983755646552,7.242778558978782,7.242778558978782,7.242778558978782,8.009587720776137,20.24278459425457,20.24278459425457,4.792028300189686,15.450756294064885,0.0
729f4217,2,6195,0.7826530612244896,20,49,0.6563282453977722,22.601102485130635,9.905238119139558,True,16.25171177822061,13.093954692507783,13.093954692507783,8.09464648220848,10.441550408216031,34.571159089037096,13.093954692507783,4.42661878349756,30.144540305539536,-4.9993082102993025
72dd8501,1,5193,0.9357142857142856,6,49,0.8598722066154737,11.601709991017279,8.726203586806017,True,6.0720820352358595,2.4034989706450607,2.4034989706450607,2.4034989706450607,15.536821683837035,22.78661281190401,22.78661281190401,2.4034989706450607,20.38311384125895,0.0
73348914,3,4221,0.6158163265306121,7,49,0.9189933417407187,8.164126532205321,11.081676107688862,True,10.691729206195715,16.323549438133618,16.323549438133618,16.323549438133618,11.304188852056587,15.443926531506795,30.71300199161984,7.007931574061517,8.435994957445278,0.0
739a914f,1,5505,0.9308163265306122,5,49,0.7926492654972165,15.205265615480476,9.170918613051489,True,13.540022100878758,24.251889239534798,24.251889239534798,24.251889239534798,6.080124808009601,6.722282278976587,6.722282278976587,5.263616290064014,1.4586659889125722,0.0
73b1447d,4,5670,0.29051020408163264,8,49,0.8331037166058719,18.50858265330403,12.646475139078275,True,13.404843871674935,22.46107371797271,22.46107371797271,22.46107371797271,20.501933583692942,12.778599030584454,12.778599030584454,6.054372841705318,6.724226188879136,0.0
74b6186b,3,3405,0.9470408163265305,4,49,0.7806648020186479,18.136472762861285,11.380454708843283,True,9.007196786463387,1.848462463837911,1.848462463837911,1.848462463837911,14.993071263814132,9.334796660381967,20.726638065928395,1.848462463837911,7.486334196544056,0.0
75c20ec7,0,5361,0.7579591836734694,1,49,0.7964742170867996,17.46341196110229,10.76570554449295,True,11.054465755153933,8.82108775832148,8.82108775832148,8.82108775832148,23.541827641304756,4.662164310415962,48.050946221726505,4.662164310415962,0.0,0.0
75cd5f11,4,4946,0.7616326530612245,1,49,0.8534463282232085,11.342122624931713,8.32244825079925,True,5.260066074409697,6.23309735099612,6.23309735099612,6.23309735099612,16.032333052364738,6.23309735099612,6.23309735099612,6.23309735099612,0.0,0.0
75d20a82,2,5067,0.5860204081632653,5,49,0.8974598411843993,8.078195573487822,10.44929892813779,True,17.230705080539593,14.700657440733526,14.466483633683648,14.466483633683648,41.88438979177479,14.466483633683652,14.466483633683652,10.080994631428341,4.38548900225531,-0.23417380704987778
76201745,1,4448,0.7457142857142857,16,49,0.8477694300493017,5.130277491800436,8.0,True,7.881811891978768,8.599572579231086,8.599572579231086,8.599572579231086,15.228168817421963,7.378382545394947,7.378382545394947,5.365677132957425,2.012705412437522,0.0
764072a5,0,2949,0.9124489795918367,2,49,0.856916776304842,11.31012318162991,9.002412469123975,True,6.358306065218297,3.0326488226298762,3.0326488226298776,3.0326488226298776,6.57086903380351,14.857976605677855,14.857976605677855,3.0326488226298762,11.825327783047978,1.3322676295501878e-15
77b0d905,0,4174,0.7753061224489796,22,49,0.7417162431413709,22.531171398243153,8.0,True,13.048365351893997,5.349597461336524,5.349597461336524,5.349597461336524,13.054918321960033,30.206940088578943,25.842297785987174,5.349597461336524,24.857342627242417,0.0
77e4821c,3,5393,0.6860204081632653,3,49,0.8515035071318517,14.020841003813464,11.9804911572901,True,19.218605395377665,22.026069959722978,22.026069959722978,22.026069959722978,17.650970405031934,9.18860095546301,9.18860095546301,5.660976591228339,3.5276243642346703,0.0
7850c72e,3,5497,0.7027551020408163,1,49,0.784842728673164,19.416743147759046,11.084432066100533,True,12.350659981673207,11.255931815543432,11.255931815543434,11.255931815543434,13.022489908889705,11.255931815543432,16.50680119884245,11.255931815543432,0.0,1.7763568394002505e-15
78a4a386,1,5119,0.855204081632653,8,49,0.6627541349347198,17.363490392951306,8.0,True,5.866186376682608,6.239955891310388,12.444415120150076,6.239955891310388,10.32953336992454,12.444415120150076,12.444415120150076,2.615375365080148,9.829039755069928,0.0
79507629,4,5302,0.6535714285714285,10,49,0.8537484630724822,13.846120060831915,8.121947537296428,True,12.57032003546627,5.615202190914029,5.6152021909140295,5.6152021909140295,33.20272354266602,32.16061241403792,39.20743486206486,5.615202190914029,26.54541022312389,8.881784197001252e-16
796dbd4c,3,6248,0.9314285714285714,9,49,0.960333398232112,4.972223598385034,11.037945739255502,True,4.867507118040292,18.228424602092577,18.228424602092574,18.228424602092574,3.727970363557225,6.2810812200539985,6.2810812200539985,2.3487803206219664,3.932300899432032,-3.552713678800501e-15
7987f2f2,0,3705,0.8983673469387754,11,49,0.7610718625312735,18.212772542241286,9.005813945305276,True,12.030471815010397,5.358266279434138,5.358266279434138,5.358266279434138,8.315392999837432,9.852746791716658,19.043780143084,4.510589285332748,5.34215750638391,0.0
7993a768,2,5487,0.6668367346938775,7,49,0.8970020219575515,8.614852453902472,11.434671894649819,True,8.94458476658435,3.638301464123601,3.638301464123602,3.638301464123602,14.772888131816513,12.998167893288626,12.998167893288626,3.638301464123601,9.359866429165024,8.881784197001252e-16
7a5660b0,3,4998,0.8425510204081631,4,49,0.6399249200066978,22.260333083078706,8.0,True,13.453411559639392,16.940059668844697,16.940059668844697,22.029313461034356,5.430283135088575,6.290294235528482,6.290294235528482,5.281367015727691,1.0089272198007917,5.089253792189659
7acda2df,4,3091,0.3556122448979591,8,49,0.7641805788114745,25.222180682068164,14.56156374584921,True,13.841227690699123,20.77397489435995,20.77397489435995,20.77397489435995,39.629134118826336,56.92957554475599,20.77397489435995,3.7225596539296384,53.207015890826355,0.0
7b2c7b3c,4,2584,0.9664285714285713,7,49,0.7321467199718195,24.449840918972477,10.828955867472132,True,6.17273385674935,5.595461340480812,5.595461340480812,5.595461340480812,5.421498912352651,5.755287117387771,5.755287117387771,5.595461340480812,0.15982577690695887,0.0
7b38844c,1,3749,0.8424489795918367,5,49,0.6561264358445211,25.567546472013056,8.0,True,7.388349907150671,4.3467527695078765,4.3467527695078765,4.3467527695078765,16.644811515526204,12.64988854835229,12.64988854835229,2.5820191493919515,10.067869398960339,0.0
7bb17b96,0,3922,0.9089795918367346,8,49,0.7607332569046088,18.959553023877294,8.0,True,17.009046194531738,3.5880849393629397,3.5880849393629397,3.5880849393629397,13.307601836656374,3.5880849393629397,25.211478421203797,2.936249916144402,0.6518350232185379,0.0
7c607683,0,5328,0.9187755102040814,1,49,0.8575695809290891,8.316412862745365,8.448328214723396,True,16.864753655466934,13.641716646536283,9.493763776699927,9.493763776699927,4.712057555931175,3.957019683568699,9.493763776699927,3.957019683568699,0.0,-4.147952869836356
7cbbd047,2,5121,0.9047959183673469,4,49,0.9564968337888596,1.4172493396437709,9.040784247822593,True,12.532698729088267,5.816537651507172,5.816537651507172,5.816537651507172,12.03083372455952,18.622970748939352,18.622970748939352,4.698706478118546,13.924264270820807,0.0
7cd4bb31,2,6439,0.8980612244897958,4,49,0.8800453979465667,6.92693887712902,8.0,True,5.9143797077311655,10.588860213111092,10.588860213111092,7.411605990731896,8.947852124131819,12.190270043061922,12.190270043061922,4.794455700123353,7.395814342938569,-3.1772542223791955
7d50373e,3,5122,0.7816326530612243,18,49,0.7160952077442899,22.250012062275438,11.611087451623309,True,14.288140886490114,4.716879754005385,4.716879754005385,5.85618708454074,15.29881990360622,5.85618708454074,5.85618708454074,4.716879754005385,1.1393073305353552,1.1393073305353552
7d57c75d,2,4405,0.8618367346938774,2,49,0.708466836687596,25.54293008649961,8.0,True,14.198113996829493,6.05884400905666,6.05884400905666,6.05884400905666,7.54675311390263,14.439870750959894,14.439870750959894,6.05884400905666,8.381026741903234,0.0
7e208414,3,4226,0.9323469387755101,7,49,0.7087458759838642,26.275155571633505,8.0,True,6.381931414565357,6.241385990484874,6.241385990484874,6.241385990484874,7.831189777187969,7.457011308067065,22.48496018457766,4.157037210012757,3.2999740980543075,0.0
7e721392,2,6174,0.8513265306122448,21,49,0.8706496600262602,9.547550372817044,8.0,False,40.331826473951956,41.14763842401285,41.14763842401285,36.35662749490467,21.00059863272979,31.78805715568694,31.78805715568694,3.853835913827361,27.93422124185958,-4.791010929108175
7ff89f8f,0,7337,0.6939795918367346,14,49,0.773899143057633,20.150963918484784,9.086026999455274,True,14.155555516103233,15.156944448131483,15.156944448131483,15.156944448131483,25.027361042324078,56.962867092550674,32.48366306873231,6.6909461731684186,50.271920919382254,0.0
8050c789,3,3077,0.8348979591836733,1,49,0.8378206073551008,12.873121951458804,9.00872778100649,True,7.786449457719408,14.333632436410863,14.333632436410863,14.333632436410863,3.3633690702569825,1.839521309957438,23.085771885897607,1.839521309957438,0.0,0.0
807f0298,1,3747,0.7894897959183673,16,49,0.786481761096276,18.78036499879525,10.736787500341057,True,8.853825493010934,12.173287971905548,12.173287971905548,12.173287971905548,12.553508195523834,27.45586342804428,35.376479853586595,6.629278290113471,20.82658513793081,0.0
811f52b3,4,4836,0.7635714285714285,16,49,0.7907676151376363,19.36426255296687,8.0,True,4.598301010999275,5.655940101857664,5.655940101857664,5.655940101857664,5.55766637256536,9.47552914520797,9.503737264938446,5.557666372565364,3.9178627726426063,0.0
81bf5923,1,4543,0.2516326530612245,15,49,0.6642536654472895,29.241987624291202,16.148735366377867,True,31.31927935297995,34.17390556502391,34.17390556502391,34.17390556502391,24.52796127925541,43.133063370689,43.133063370689,2.9312827977355114,40.20178057295349,0.0
81fc01c6,2,5909,0.9693877551020408,2,49,0.8660253017947661,13.122145501573282,8.612514712387304,True,15.007610097527794,14.440266149997427,14.440266149997427,14.440266149997427,4.653338907880824,16.665437062068047,16.665437062068047,3.904919064112665,12.760517997955382,0.0
8255c867,4,3589,0.7520408163265305,16,49,1.0367133706074114,-1.9101493386314785,12.131118404466994,True,25.379544413656888,12.734257917330483,12.734257917330481,12.734257917330481,22.009870666547783,24.574665736145953,12.734257917330483,3.920088477605232,20.65457725854072,-1.7763568394002505e-15
82aab6d2,4,6140,0.8329591836734693,3,49,0.7601781126689884,20.512711871829445,9.432310879670528,True,16.359385167102737,9.699697162859172,9.699697162859172,9.699697162859172,6.731259343125326,9.196895244399961,9.196895244399961,6.878329671102004,2.318565573297957,0.0
82fcf37c,1,6014,0.8659183673469386,12,49,0.6362095184578395,37.8076430451217,11.386785496495909,True,6.562385974432521,7.292140459560876,7.2921404595608745,7.2921404595608745,11.800884988161245,16.859464147681212,16.859464147681212,5.412910198546748,11.446553949134465,-1.7763568394002505e-15
833af382,0,3628,0.5796938775510203,2,49,0.9207309215611807,16.870263285282196,24.613009967974985,True,11.932419080398546,6.769937717663535,6.7699377176635345,6.7699377176635345,29.805550282712943,37.28966792619058,5.4166181147341055,5.4166181147341055,31.873049811456475,-8.881784197001252e-16
8382f4b6,1,4967,0.9486734693877551,3,49,0.7597429723036747,20.595096851541204,10.422234061336102,True,35.957613544757436,23.39574363332977,23.39574363332977,23.39574363332977,7.245011871118059,20.245994854882547,12.709224575530374,4.055297598986775,16.19069725589577,0.0
84633df4,3,4972,0.5056122448979591,28,49,0.9066137103184747,14.198930541506233,10.67606857876576,True,4.736172446701271,14.66479427725015,14.66479427725015,14.66479427725015,31.746958457011043,31.746958457011043,31.746958457011043,4.047112120465956,27.699846336545086,0.0
8478df29,1,4857,0.8330612244897958,3,49,0.888226296285291,9.728014354110325,10.182663605952515,True,14.043024034272376,6.211326186876671,6.211326186876671,6.211326186876671,9.5089561899513,6.923759941720681,6.923759941720681,6.211326186876671,0.7124337548440103,0.0
84815d5a,1,3647,0.8522448979591836,2,49,0.8242309183807354,9.474682699386214,11.534441732662401,True,18.796385252137515,5.272626093663101,5.2726260936631,5.2726260936631,3.140604614466119,14.255487490055032,14.255487490055032,5.272626093663101,8.98286139639193,-8.881784197001252e-16
84c3b497,1,5312,0.4612244897959183,2,49,0.8541832811916685,9.536121647798561,9.474448694628927,True,18.960394713110585,15.712484754926113,6.812730647793808,15.71248475492611,9.194995896742286,14.356666380443398,6.812730647793806,6.812730647793806,7.543935732649592,-1.7763568394002505e-15
85380836,0,6618,0.7726530612244897,21,49,0.561938988093394,28.676507496917345,9.809988023976505,True,14.16579981313258,19.480932310823093,19.480932310823093,19.480932310823093,16.81001042095298,23.91113724922176,23.91113724922176,4.928459482544841,18.982677766676918,0.0
8612b37f,2,5165,0.7911224489795917,4,49,0.6511261751457936,39.37780609756325,12.911577859532525,True,19.617069448970486,19.798494428258984,19.798494428258984,19.798494428258984,8.268463860935885,11.573131879622977,11.573131879622977,4.739246632539321,6.833885247083656,0.0
861e71df,4,4700,0.9618367346938774,1,49,0.8833407869251401,6.270698998643605,8.0,True,11.539564677986593,21.54477567185994,21.544775671859938,21.544775671859938,7.3815300202537335,3.8197504788582872,3.8197504788582872,3.8197504788582872,0.0,-3.552713678800501e-15
86454a6f,1,7964,0.8689795918367347,19,49,0.7198513034778058,17.460348816637886,8.0,False,70.26338513734783,52.634720823875476,52.63472082387548,52.63472082387548,17.82262923547793,17.54251604455372,17.54251604455372,11.154844760993134,6.3876712835605876,7.105427357601002e-15
8648abae,0,4244,0.8749999999999998,12,49,0.8099913431103709,19.86974680455354,12.451136937330384,True,6.857839767871924,3.266113074099177,3.266113074099177,3.266113074099177,8.283658305557704,15.281872914533128,15.281872914533128,3.266113074099177,12.015759840433951,0.0
865033f8,0,3557,0.716938775510204,6,49,0.846811273730112,17.398582623406963,16.13982595997501,True,5.940308678128904,4.307387332763707,4.3073873327637076,4.3073873327637076,17.6450828157186,43.69441146622262,21.458753301197522,3.6946401935904083,39.99977127263221,8.881784197001252e-16
87695469,1,7003,0.12081632653061222,14,49,0.5750757231837111,33.84712119863509,9.89428414001683,True,7.051593014629924,6.10393185159164,6.10393185159164,6.10393185159164,75.31492876093277,92.58612820972766,92.58612820972766,6.10393185159164,86.48219635813602,0.0
877ed19c,4,3708,0.9565306122448979,7,49,0.7104202607026954,23.642456033303908,12.697066197270209,True,3.961990141908008,5.7910630119749955,5.7910630119749955,5.7910630119749955,3.5488151493476305,8.553312729547427,15.302171312351126,3.4817995407585323,5.071513188788895,0.0
87aa3730,4,5607,0.7363265306122447,2,49,0.46410434508670767,42.86317317824688,10.454430706483617,True,9.116484132166912,12.59154570560746,12.59154570560746,12.59154570560746,17.521456960980927,16.570845011791214,16.570845011791214,6.040670282867479,10.530174728923734,0.0
884ecb5f,2,6724,0.8471428571428571,12,49,0.6856647341035744,21.773814315016075,8.0,True,19.928910115404566,9.542570782734575,9.542570782734575,9.542570782734575,5.412047020559409,51.49688219920497,27.510141274501336,7.067345324619191,44.42953687458578,0.0
8902c3f6,1,4959,0.9425510204081632,5,49,0.8427380016031949,12.061987071791327,8.0,True,8.832044207317482,6.72880236407192,6.72880236407192,6.72880236407192,8.21305136554491,10.740375239804246,15.666350542767116,5.932781996473492,4.807593243330754,0.0
896d15b9,1,4279,0.21224489795918364,1,49,0.943364541185836,4.37873111994959,8.47914011602601,True,29.78460727060298,44.78273882518027,44.78273882518027,27.780347547039334,7.718844504498526,6.743131709921432,6.743131709921432,6.743131709921432,0.0,-17.002391278140934
8995c945,2,6724,0.9394897959183673,2,49,0.6706319084935662,34.049214425552115,8.400236446370274,True,17.049572930743697,44.384460387609344,14.909727503185099,14.909727503185099,15.115464082754896,38.70773901727896,10.95310138712718,6.891720676863234,31.816018340415727,-29.474732884424245
89969c7a,4,4947,0.8108163265306122,2,49,0.8555546611537841,11.609755022883322,8.700549182870995,True,8.235332474787521,4.068683919639043,4.068683919639043,4.068683919639043,10.109394678327105,14.920623351252111,14.920623351252111,4.068683919639043,10.851939431613069,0.0
89f1085d,4,5994,-0.11867346938775508,26,49,0.5367947614835384,47.59973170267162,17.789538756216746,True,27.630506752261244,6.527033656157441,6.527033656157442,35.435394641771296,16.357236313103808,48.69878438262722,43.3375907561731,5.534801202940588,43.16398317968663,28.908360985613854
89f36adf,1,5292,0.8944897959183673,3,49,0.755980644404554,17.714868447186596,10.783893661249135,True,4.477972454313123,6.571251428824294,6.571251428824293,6.571251428824293,3.716437765567914,8.67824613958081,8.67824613958081,3.6054305479509483,5.072815591629862,-8.881784197001252e-16
89fdb2f2,2,2031,0.8357142857142856,6,49,0.686451732361289,22.337474492403985,8.0,True,1.6866180518953557,3.4109299924192684,10.149232365866967,3.4109299924192684,6.762524526817435,10.149232365866967,10.149232365866967,3.4109299924192684,6.738302373447699,0.0
8a3da6d1,3,4593,0.8927551020408162,2,49,0.763851130122552,11.330363311456637,8.948750466969777,True,9.412246097229765,9.0153595910299,9.0153595910299,9.0153595910299,8.925226718315772,11.660256287020944,11.660256287020944,4.736699096991387,6.923557190029557,0.0
8a89da23,2,3935,0.6443877551020407,1,49,0.9232294470518546,5.166634364767796,8.0,True,24.252456304947117,18.058405542697642,2.265135182447002,18.058405542697642,22.189981590422995,2.265135182447002,2.265135182447002,2.265135182447002,0.0,0.0
8a9c8932,2,4663,0.6439795918367346,27,49,0.6620322870475441,28.105228444932546,11.073934957566964,True,2.3969295087935425,5.679721946036028,5.679721946036027,5.679721946036027,20.90435395417152,24.55414997277148,24.55414997277148,5.076903472460841,19.47724650031064,-8.881784197001252e-16
8ac2f237,1,5319,0.755408163265306,1,49,0.7470163369166158,22.980372562399914,9.905712307699059,True,16.45119897844976,19.071486355270373,5.129944890657621,5.129944890657621,33.60125823023631,5.129944890657621,5.129944890657621,5.129944890657621,0.0,-13.941541464612753
8b12bab6,1,5234,0.8503061224489795,21,49,0.8085057158991981,24.95861856010191,17.290275053513323,True,15.811256392108719,5.030267535810773,5.030267535810773,5.030267535810773,2.823399150012474,25.475930404454964,23.8436813155363,5.030267535810773,20.44566286864419,0.0
8b5be31b,0,5672,0.7881632653061225,8,49,0.8134361046186592,13.722943866577888,9.564591473810895,True,14.42858472653754,4.308400821172519,4.308400821172518,4.308400821172518,15.304868838646676,11.486501513710373,6.726887640668261,4.308400821172519,7.178100692537853,-8.881784197001252e-16
8b95d6d1,0,1731,0.9480612244897958,1,49,0.8180297884392955,13.021237572756867,9.383298000473616,True,12.821591683060278,8.045441597799561,8.045441597799561,8.045441597799561,3.0503076673187977,3.0503076673187977,13.42214156317451,3.0503076673187977,0.0,0.0
8b9d8326,3,6163,0.9218367346938774,2,49,0.7984502659653376,15.303080281333212,10.844893637735142,True,6.582552988433189,5.3808799014821815,5.3808799014821815,5.3808799014821815,8.503689566808163,5.91347521808074,20.322774197360356,5.3808799014821815,0.5325953165985586,0.0
8bb9c1e6,0,4546,0.9042857142857142,11,49,0.8062521506865408,17.78633239362366,8.958763193538289,True,5.877089429163017,6.625697328531288,6.625697328531289,6.625697328531289,11.645291849399628,6.625697328531288,6.625697328531288,3.490975210585085,3.134722117946203,8.881784197001252e-16
8bda1a11,4,5981,0.6854081632653062,3,49,0.8348765956104257,18.455059226255315,13.308442057478452,True,12.860573075338545,6.403112410415123,6.403112410415123,6.403112410415123,7.1595203434240995,13.587368283573436,13.587368283573436,6.403112410415123,7.184255873158313,0.0
8bfa881d,1,4089,0.8569387755102039,6,49,0.7728224021814709,18.858142241393228,12.134322887463425,True,24.907656478671402,16.3542656441421,16.3542656441421,16.3542656441421,7.627371040704207,37.68231326310263,37.68231326310263,2.839994590470713,34.84231867263192,0.0
8c167025,2,5368,0.8709183673469387,1,49,0.8895075483079314,5.986569402167609,10.061346886772327,True,12.842100494100917,11.651049606627721,11.651049606627721,11.651049606627721,4.095826664213865,3.5660120317657573,8.990837019759189,3.5660120317657573,0.0,0.0
8c8348e8,0,3888,0.5614285714285714,6,49,0.6349667349180461,28.709687521273487,11.363190846536881,True,6.541121071059431,16.26927980402406,16.26927980402406,16.26927980402406,10.61589411800208,12.337518761815359,5.591508407050867,2.9647698392521105,9.372748922563249,0.0
8cc21f01,2,4044,0.628673469387755,34,49,1.043547381205983,4.567180877816764,10.900203696663,True,5.692405675014437,5.81486840236874,15.10543156594075,15.10543156594075,20.64809867613646,27.771020224185502,11.253693464395242,5.81486840236874,21.95615182181676,9.29056316357201
8cc800b3,4,6576,0.9275510204081632,8,49,0.8148173091986439,16.290326758259877,8.0,True,13.894631430456734,28.94586753753878,28.945867537538778,33.47177339660616,11.328794054170528,17.61765796344837,29.041676733473107,8.824454281615822,8.793203681832548,4.525905859067379
8d5d46d7,1,5755,0.6728571428571427,6,49,0.7889863941235536,15.213994793834658,8.110530744242647,True,14.448678432466647,13.50019351923657,13.50019351923657,13.50019351923657,41.05165772003427,30.557167698717453,30.557167698717453,4.316437083339273,26.24073061537818,0.0
8d92cb49,2,3589,0.9398979591836732,1,49,0.6929376513870692,26.366107607969465,10.831851584109954,True,7.261615385751236,8.313905916570059,8.313905916570059,8.313905916570059,11.209867859365573,6.698178197167529,8.97831558436449,6.698178197167529,0.0,0.0
8f201368,1,6349,0.8189795918367345,24,49,0.4537286914326973,39.08432210792735,11.263531427316142,True,31.179492905922075,32.76133929397986,32.76133929397986,32.76133929397986,26.943944026660823,53.13050944518569,53.13050944518569,9.452375463933441,43.678133981252245,0.0
90386ee4,2,3840,0.8928571428571428,2,49,0.9069816897169467,7.119189492652015,8.939619625854444,True,10.152954610245539,2.9811199015443632,2.981119901544363,2.981119901544363,12.47917887696767,14.342321431146491,2.9811199015443632,2.9811199015443632,11.361201529602127,-4.440892098500626e-16
91abc4c7,2,5848,0.7495918367346938,4,49,0.7902809261145455,20.8770766102705,9.961219029666077,True,7.02683994774031,2.7074860276362682,2.7074860276362687,2.7074860276362687,12.2167091810924,14.465820939392986,14.465820939392986,2.7074860276362682,11.758334911756718,4.440892098500626e-16
91b301ce,4,6570,0.7249999999999999,3,49,0.7361080014160383,16.897037906046346,8.0,False,35.315076932980844,29.535380469623217,29.535380469623217,40.1634444153945,26.053431435764303,40.1634444153945,40.1634444153945,10.546211893100127,29.617232522294373,10.628063945771284
91db7070,1,4073,0.052959183673469384,32,49,0.7574398923009331,22.537979530452834,11.692507868202462,True,40.80747690976154,31.66094487168352,31.66094487168352,31.66094487168352,44.53370000446416,44.3286619160541,36.35287847376321,7.721142662866678,36.60751925318743,0.0
925a7cd1,3,4517,0.9311224489795917,7,49,1.0157345877933823,-1.2743505500403995,9.204853622815907,True,4.612563792738408,5.523937707878355,5.523937707878355,5.523937707878355,4.587243352851191,9.9462126695164,9.9462126695164,4.70113062292381,5.24508204659259,0.0
9283ae69,0,3371,0.7081632653061224,30,49,0.7214117556309119,19.900077421428147,10.5437405749969,True,6.173284378497139,7.305404585154745,7.305404585154745,7.305404585154745,19.872834117629658,17.988301767313324,7.305404585154745,2.874700678894267,15.113601088419056,0.0
9298ad5b,0,3964,0.8388775510204081,4,49,0.6867614961414893,35.91435523347759,15.688801959318202,True,13.089984763550598,9.309160789799956,9.309160789799956,9.309160789799956,14.871694827695915,12.23589521696365,29.215413817141165,9.070799894493465,3.1650953224701848,0.0
9314ff13,3,2748,0.6877551020408164,29,49,0.7065508657819316,28.886033006476538,9.760272443772315,True,5.189815774469084,7.762608005526603,7.762608005526605,7.762608005526605,7.762608005526601,10.715255475994827,6.7317864384469654,4.773627116791025,5.9416283592038015,1.7763568394002505e-15
93209a3d,4,4697,0.9570408163265304,5,49,0.7805104223435179,22.98447720496892,10.661693227978326,True,13.65809981076041,9.314765467567948,9.31476546756795,9.31476546756795,6.284879671097209,17.22257328351764,17.22257328351764,5.003329907446921,12.219243376070718,1.7763568394002505e-15
939d9c34,1,5101,0.8066326530612244,7,49,0.9358425407625646,14.373785332927525,15.54970618569722,True,15.729081869192102,10.633717667616486,10.633717667616487,10.633717667616487,15.047612512416864,22.863732795968527,22.863732795968527,6.083544476806625,16.7801883191619,1.7763568394002505e-15
93f5d2e6,2,3691,0.8974489795918367,12,49,0.9110559092389896,5.949383069147455,8.0,True,20.10571368100563,16.257600866676352,16.257600866676352,16.257600866676352,17.86564839918404,13.369451493957168,19.927199057709952,5.612996926637635,7.756454567319533,0.0
940a48d9,3,3963,0.8231632653061224,3,49,0.9688174339261484,4.087100817449878,9.625564463054884,True,10.06328128166555,6.333522324980873,6.333522324980874,6.333522324980874,4.903362824151416,7.387415106796942,7.387415106796942,6.333522324980873,1.053892781816069,8.881784197001252e-16
940e709a,4,3348,0.706938775510204,13,49,0.7385375259426376,20.29236750544798,9.219530153020784,True,4.6519560575408425,5.217400591834207,5.217400591834207,5.217400591834207,4.504316566064199,10.445080875007946,14.42905878975396,2.31145482021305,8.133626054794895,0.0
9426ec1e,3,2532,0.9074489795918366,1,49,0.688518265931678,25.532717285165237,9.88912725334856,True,12.079413246018726,9.163393399391627,9.163393399391627,9.163393399391627,3.24401057977606,5.406640945852926,5.406640945852926,5.406640945852926,0.0,0.0
94467f50,3,3035,0.8688775510204081,9,49,0.7691441611744966,17.032885454676453,8.467336162014794,True,7.795325573109472,8.55272797379824,8.55272797379824,8.55272797379824,8.98327802231998,14.536149683235529,14.536149683235529,4.698519199594206,9.837630483641323,0.0
944f36b9,0,4630,0.8349999999999999,9,49,0.7279282079732997,13.461172127903673,8.725997879148109,True,6.513075857645095,3.868311936211101,3.868311936211101,3.868311936211101,14.561480928905093,10.705331465352408,10.705331465352408,3.868311936211101,6.837019529141307,0.0
94d813a4,2,4847,0.9096938775510203,10,49,0.7807728410986177,20.642404978918115,10.831789656747972,True,36.730942118502206,36.574636683916225,36.574636683916225,36.574636683916225,9.73018764612321,20.71530471721129,20.71530471721129,4.588468448570129,16.12683626864116,0.0
95b559e7,4,2887,0.8258163265306121,12,49,0.828949167854502,9.185710581933689,8.299105188867674,True,20.38335913388356,12.814657643813963,7.867269277481801,7.867269277481801,18.572323339144514,7.867269277481801,7.867269277481801,4.378185449420448,3.4890838280613536,-4.947388366332161
95c8427f,4,6335,0.9082653061224489,1,49,1.1324260603875458,-14.521945508269447,12.183102816124716,True,27.215687207592826,23.987767275459433,23.987767275459433,19.172725882525615,11.37431977515262,3.5313074457445635,3.5313074457445635,3.5313074457445635,0.0,-4.815041392933818
96936c22,2,3346,0.9467346938775509,3,49,1.0250261569040215,-1.2282286953387513,8.0,True,4.079825343764616,4.876162595067265,4.876162595067266,4.876162595067266,5.387613822885438,9.67465999977414,9.67465999977414,3.7356227320001296,5.93903726777401,8.881784197001252e-16
96ae5806,2,9839,0.853469387755102,3,49,0.8018090779687437,18.4516639438031,8.656675398288673,True,8.450669041365172,13.3453155128872,6.627242514233456,6.627242514233456,8.047499970553556,6.627242514233456,25.930021747834328,6.17433129882942,0.45291121540403534,-6.718072998653745
96b7eea1,2,4332,0.9296938775510204,2,49,0.7597159726011852,28.36078830036548,15.759110655085907,True,12.405056848354107,4.122788367459865,4.122788367459865,4.122788367459865,7.377694472089256,12.07489938229995,12.07489938229995,4.122788367459865,7.952111014840085,0.0
9719aa04,0,4871,0.746938775510204,14,49,0.6789841711200769,28.41477792385964,8.06413234499625,True,7.07656345543121,7.732856924973678,7.732856924973678,7.732856924973678,19.28558484976407,12.086804003978768,12.086804003978768,5.788205370719875,6.2985986332588935,0.0
974802e7,3,5843,0.672142857142857,2,49,0.5947491124440141,30.981378242326684,12.809637861301828,True,13.80511563998303,10.348433697356537,10.348433697356539,10.348433697356539,13.219260554771267,25.413500717324094,3.1585350631927636,3.1585350631927636,22.254965654131333,1.7763568394002505e-15
97cd5bf9,0,3449,-0.022653061224489793,27,49,0.6900391359327517,29.77990553697062,11.807620116889947,True,9.273936692075774,7.734028835339602,7.734028835339602,7.734028835339602,33.68012181806756,78.08028730887094,51.36998029700966,5.0281852407372964,73.05210206813364,0.0
98177ced,4,4772,0.6862244897959183,16,49,0.9428823619658939,2.8158852009799316,8.33143530445504,True,5.779865915399804,10.91681896679486,10.916818966794862,10.916818966794862,28.43442727149947,26.01818784847195,32.152342038023384,10.868269537131704,15.149918311340246,1.7763568394002505e-15
9896fc0b,0,3595,0.6670408163265307,9,49,0.889489446089528,8.54399819403777,8.0,True,15.814766850712997,16.331379786314468,16.331379786314468,16.331379786314468,18.709913134103314,37.36582204697959,37.36582204697959,7.895837256322283,29.469984790657307,0.0
98bc6f66,3,6063,0.8472448979591836,1,49,0.8881349810933055,9.59828150625287,10.954627387376556,True,17.645391862557158,6.652498354348326,6.652498354348326,5.110486343972444,6.6524983543483245,5.110486343972444,5.110486343972444,5.110486343972444,0.0,-1.542012010375882
992c99e8,0,4904,0.9589795918367346,1,49,0.8455401870957254,14.259594001787045,8.848701755913567,True,13.77905931963707,13.313802603804014,13.313802603804014,13.313802603804014,3.1470907301032414,2.6764767476145246,2.6764767476145246,2.6764767476145246,0.0,0.0
992ce078,1,2879,0.6065306122448979,1,49,0.6196544515221409,35.248446951470804,10.150456041273475,True,5.02484380821733,5.71551567230183,5.715515672301831,5.715515672301831,11.742864255955505,1.646513767272416,1.646513767272416,1.646513767272416,0.0,8.881784197001252e-16
99529c45,1,5840,0.7779591836734692,5,49,0.9197775963091795,4.349532100957778,8.0,True,21.675545088419643,8.428759583828558,8.428759583828558,8.428759583828558,10.774188309987801,32.17090378272685,32.17090378272685,6.296358082091382,25.874545700635473,0.0
995ff498,2,4526,0.8636734693877549,11,49,0.8229997049249165,14.408051315976254,8.0,True,8.343710199277547,8.471135947567987,8.471135947567989,8.471135947567989,19.200326811600913,19.54345677034528,19.54345677034528,5.319316395822403,14.224140374522877,1.7763568394002505e-15
999daf80,1,3564,0.8507142857142858,3,49,1.1758346465799099,-22.95737965218009,18.03971228964233,True,5.121625403452367,9.783295535635578,9.783295535635578,9.783295535635578,3.7521208238450288,15.659174347773154,15.659174347773154,4.625670309662036,11.033504038111118,0.0
9a6b0392,4,4255,0.7880612244897959,5,49,0.9759818729634172,3.7362138619188974,8.0,True,6.974051133501153,9.39432976056196,9.39432976056196,9.39432976056196,8.442461310994918,12.643010316842062,5.710715283338284,3.7688931470580687,8.874117169783993,0.0
9a8ae0d6,3,6294,0.49724489795918364,6,49,0.6897232955115935,20.617724643530842,8.0,True,5.937216688673599,7.699033072085665,7.699033072085664,7.699033072085664,10.96037276259019,9.952636721597319,10.990954067899128,7.142913106159689,2.8097236154376297,-8.881784197001252e-16
9a95e33f,4,6447,0.8053061224489795,28,49,0.980906427583754,2.129937319293395,8.891869919233606,True,32.28932813245856,23.797819276611342,23.797819276611342,18.598018921143513,12.347564433119912,9.803614543573081,13.617503929141023,6.6735765671855285,3.1300379763875528,-5.199800355467829
9ab94eeb,0,4442,0.7364285714285713,10,49,0.7329879854669208,22.60288383393946,11.11676188155638,True,8.205724523051869,9.36979455244676,10.33886378424359,10.33886378424359,8.355822527259683,13.146755122158009,10.33886378424359,3.2117145107441645,9.935040611413845,0.9690692317968317
9ad5410a,3,4205,0.7235714285714285,11,49,0.7413374796181966,29.575104280350672,13.109579983732827,True,8.784377249544983,8.927950243017916,8.927950243017916,8.927950243017916,23.8193989494157,25.087544759131916,25.087544759131916,8.927950243017916,16.159594516113998,0.0
9ae248be,3,5271,0.4766326530612245,26,49,0.7537791084402727,19.159420063379816,10.068621788544153,True,8.107003944596206,16.45402154060482,19.159018709704583,19.159018709704583,12.217170563629123,10.01102921078936,10.01102921078936,7.684998237392545,2.326030973396815,2.7049971690997623
9af1ffd0,3,3525,0.8842857142857141,1,49,0.7597533921104495,21.97691330506086,12.439800583973733,True,18.128053838502368,14.183695878531736,14.183695878531736,1.7096873148431369,4.602187938994042,1.7096873148431373,1.7096873148431373,1.7096873148431373,0.0,-12.4740085636886
9b5b61c1,0,5532,0.9303061224489796,3,49,0.8072911451985569,22.81495358911091,9.831824900790894,True,5.429982209622746,2.0041378372123284,2.0041378372123284,2.0041378372123284,1.905120479975929,13.687268246453407,13.687268246453407,2.0041378372123284,11.683130409241079,0.0
9b9e3b49,3,5118,0.7553061224489794,1,49,0.7956090213052988,20.85088921642225,14.371738440296923,True,7.923721572593473,17.583202333132355,17.583202333132355,17.583202333132355,3.2232288365349935,5.904735691028618,5.904735691028618,5.904735691028618,0.0,0.0
9bd2bba3,2,7439,0.8777551020408162,4,49,0.765898188047864,19.58183269477308,8.0,True,15.673287472863077,4.166660241226082,4.166660241226082,4.166660241226082,8.997397949826915,5.244639314223135,5.244639314223135,4.166660241226082,1.0779790729970529,0.0
9c211c53,2,7265,0.930408163265306,3,49,0.9047121402363282,6.633643002878142,8.0,True,6.466506541772609,4.543485259351161,4.543485259351161,4.543485259351161,6.61225225581267,12.194003787610573,12.194003787610573,4.543485259351161,7.650518528259411,0.0
9c350a6a,1,6052,0.927142857142857,1,49,0.8703340600341095,9.979506071609572,8.0,True,17.397946606336834,24.609877802286118,13.532924011113026,24.609877802286118,7.226202433449378,3.715653745197328,3.715653745197328,3.715653745197328,0.0,0.0
9c8375f7,4,3674,0.6653061224489795,19,49,0.9727237356036752,4.200481503284573,15.956147909737325,True,5.917156069883692,9.657362227204725,9.657362227204725,9.657362227204725,14.442408611527975,14.609244243605175,14.609244243605175,5.738806567893632,8.870437675711543,0.0
9d072e4c,2,5107,0.9168367346938775,5,49,0.8311872291690744,16.816394926064824,10.760799864532514,True,9.990804668905984,10.34612289526568,10.34612289526568,10.34612289526568,7.535723979853253,14.151699086145845,14.151699086145845,4.378625556950005,9.773073529195841,0.0
9d3ec64c,3,3480,0.9291836734693876,6,49,0.9812276068349555,5.666498313433565,9.504651002271972,True,9.187876827833358,4.777827391875098,12.774423596266638,4.777827391875098,11.450307625563239,12.77442359626664,12.77442359626664,2.63120739761128,10.14321619865536,0.0
9d4272e3,0,4030,0.8413265306122448,5,49,0.7132379203470907,22.987205192943577,10.183801966802749,True,17.76831335353228,8.68011317031748,8.68011317031748,8.68011317031748,13.338360333658308,12.214371582595872,20.476200537327806,7.842056882050278,4.372314700545594,0.0
9d5e14d4,1,5400,0.8313265306122448,16,49,0.7872209717866745,21.772958474038912,8.583274551496277,True,28.543156532728414,21.901194102742338,21.901194102742338,21.901194102742338,8.136475082879079,22.171670093319673,22.171670093319673,2.3535708175382517,19.81809927578142,0.0
9da441ba,2,5783,0.9459183673469387,4,49,0.7860597516958138,17.313781575918043,8.498345290206627,True,15.618529769468404,5.10529980247003,5.105299802470028,5.105299802470028,5.370613916568029,9.857935215827078,9.857935215827078,3.866430579585932,5.991504636241146,-1.7763568394002505e-15
9dede370,0,6297,0.8994897959183672,5,49,0.8175029047174225,15.460168864148601,9.47083517874497,True,18.676124657054373,20.838727988174814,10.005122679851619,20.838727988174814,10.300832743196233,10.005122679851619,10.005122679851619,6.485234217083375,3.519888462768243,0.0
9def2eb2,4,6003,0.873469387755102,4,49,0.7354718675673863,18.705172544987967,10.186482179406553,True,7.253592864593499,8.318969611458806,8.318969611458806,8.318969611458806,10.073753485391336,6.535724806744978,16.325477717962688,5.095142497804969,1.4405823089400087,0.0
9df1b1f9,3,4701,0.8851020408163265,5,49,0.7976642178027515,17.99914281132794,9.37268792157941,True,12.592269852167446,5.5483294532701555,5.5483294532701555,5.5483294532701555,8.135996932761296,16.921080656150707,16.921080656150707,3.94546709959092,12.975613556559788,0.0
9dfff011,0,4319,0.9579591836734693,6,49,0.7673514377584973,21.584442745382013,10.822859906296369,True,4.8459695911212535,9.137179934086795,9.137179934086795,9.137179934086795,11.083314326132731,5.89010524949158,15.029924236412425,5.3935793772766125,0.4965258722149679,0.0
9e3e364d,1,4290,0.798265306122449,6,49,0.6234204333234217,31.61197062502715,10.099840222774025,True,4.097267023631261,5.9303430652765545,5.9303430652765545,5.9303430652765545,12.27984184219093,15.292004359513355,15.292004359513355,5.082396545147058,10.209607814366297,0.0
9efc812e,3,4450,0.9013265306122448,13,49,0.7789661556208618,14.412053629876153,8.0,True,7.747022854046375,22.729557251216352,5.703421320491783,22.729557251216352,9.939945354289717,5.703421320491784,5.703421320491784,5.124013648675651,0.5794076718161332,0.0
9f0c7bae,3,2542,0.6283673469387754,31,49,0.8817063392702701,9.484203359952664,8.110180202088916,True,7.898258335635161,14.727320981778849,14.727320981778849,14.727320981778849,26.20981988752056,14.727320981778849,14.727320981778849,3.478225468338064,11.249095513440786,0.0
9ffce529,2,5212,0.7908163265306121,26,49,0.8413482842206695,14.743492413438158,14.513109677040346,True,11.084878093703349,25.10030522845365,25.10030522845365,25.10030522845365,23.42358062109037,7.689838423036642,7.689838423036642,5.806613906803039,1.8832245162336028,0.0
a0383629,2,5832,0.8726530612244896,2,49,0.662506283883468,24.908634303506844,8.0,True,8.416225361246278,10.83188302747839,10.83188302747839,10.83188302747839,3.1173658196714924,25.81531763873086,2.862800307424935,2.862800307424935,22.952517331305927,0.0
a056d01e,4,6557,0.7339795918367347,8,49,0.7828313013790177,18.105934339136727,10.314216689645422,True,8.584211201864289,7.817503974116681,7.817503974116681,19.913600364746568,35.49659790184802,53.95817186269005,33.047342743948754,6.2682502465571135,47.689921616132935,12.096096390629887
a08d9e63,1,3685,0.8394897959183671,3,49,0.8600741066301962,10.620175933065324,8.384736534379092,True,21.46258569009769,17.57929116236273,17.57929116236273,17.57929116236273,14.170489760944086,21.88316986697449,21.88316986697449,7.092713824314468,14.790456042660022,0.0
a0b83014,0,5035,0.5293877551020407,11,49,0.7975612980166679,17.25787078200626,8.0,True,17.51843897699374,10.3193510791541,10.3193510791541,10.3193510791541,6.583923828323462,6.418491181601855,6.418491181601855,5.992082392771534,0.4264087888303205,0.0
a0e92ed6,3,4897,0.906734693877551,1,49,0.9017146075465758,1.3398815481759436,8.26762288670804,True,8.114542367589692,11.874844188452547,11.874844188452547,11.874844188452547,7.4065297516737285,3.5047229540034555,3.5047229540034555,3.5047229540034555,0.0,0.0
a15bc102,4,3236,0.8982653061224488,1,49,0.8406657648269144,15.082603912403965,11.464858109419216,True,2.578928597930721,3.3272695274440256,3.3272695274440256,3.3272695274440256,6.798961796865467,3.3272695274440256,3.3272695274440256,3.3272695274440256,0.0,0.0
a247e7cf,2,5674,0.7366326530612244,18,49,0.7162954112742894,38.37258093190847,12.26469643247974,True,4.201165296490171,3.7906006920663167,3.7906006920663167,3.7906006920663167,13.535330351097029,10.686405217187076,10.686405217187076,3.2905886012501173,7.395816615936958,0.0
a2e8e7f6,1,4760,0.8326530612244898,1,49,0.8248641081131094,12.112855861871456,8.919497420140408,True,10.698430341162505,13.124401250448244,13.124401250448244,13.124401250448244,10.527994141796324,5.3251169157258795,28.561805118609943,5.3251169157258795,0.0,0.0
a3518960,0,4967,0.7324489795918366,3,49,0.8551550943742596,10.05029245102984,8.0,True,7.100675858286987,4.8321875127433795,4.8321875127433795,4.8321875127433795,6.620463614658527,11.149486122136826,11.149486122136826,4.8321875127433795,6.317298609393447,0.0
a3f71395,4,5543,0.2655102040816326,13,49,0.7410747372472051,19.65406070003215,8.868542281651614,True,15.089395383508826,19.94281441859297,35.008057780868754,35.008057780868754,41.78812048434879,51.512860034716,51.512860034716,13.039553711443622,38.473306323272375,15.065243362275783
a4719920,0,5884,0.8205102040816326,9,49,0.7843055185019064,14.474765963330666,10.602344181495367,True,7.205451003735877,6.106950842003294,6.106950842003294,12.238389012070487,12.238389012070485,12.238389012070485,12.238389012070485,3.3445845642364525,8.893804447834032,6.1314381700671925
a48640d9,0,4532,0.7393877551020407,4,49,0.6223884082750459,31.476764188458514,10.426542026359002,True,21.626612771414322,14.839361020676403,14.839361020676403,14.839361020676403,37.296318152277216,38.58498458640431,39.63814243199886,7.088311606031099,31.496672980373212,0.0
a4cdbb0f,1,5204,0.8177551020408163,6,49,0.7805758641392523,24.152010102575577,9.02646992142349,True,11.150021440885437,6.606869104871606,6.606869104871606,6.606869104871606,10.149622181415001,30.812650138012668,20.53778722730975,6.606869104871606,24.20578103314106,0.0
a4f989c2,2,5385,0.8246938775510204,12,49,0.6660229396493783,38.66831671342508,11.826810935264291,True,10.578786672639087,6.955709243992603,6.955709243992603,6.955709243992603,9.02585491459333,28.264729223441975,37.786998159017124,4.118675419059389,24.146053804382586,0.0
a5aa7973,1,4616,0.23357142857142857,19,49,0.7959857545729655,16.872256041764143,9.801225104102498,True,14.159778554983863,16.879291883644207,16.879291883644207,16.879291883644207,43.06308984891177,52.98114366617887,52.98114366617887,5.288017618422644,47.69312604775623,0.0
a5e6f7dc,2,5649,0.846938775510204,3,49,0.8660211602822576,12.686021656545359,9.300898455910891,True,6.350818327780091,27.18184047867372,10.649156503295378,10.649156503295378,6.187942708072212,8.360787892476244,8.360787892476244,6.45117904256988,1.9096088499063644,-16.53268397537834
a612d5a0,4,5329,0.7795918367346938,17,49,0.7671886760586762,27.9770485781622,10.98406535761437,True,19.256901319606147,15.487714081001505,8.038034155788509,20.656966593948326,8.37874888985449,6.796125707898713,6.796125707898713,5.26963057518838,1.526495132710333,5.169252512946821
a622ce4d,1,6298,0.7937755102040817,3,49,0.8129030020535005,16.203390304386097,8.863262520899509,True,14.236097814848373,11.322782763222218,11.322782763222218,11.322782763222218,4.923189559750252,6.433949111497596,13.782946734124911,3.627659868790511,2.806289242707085,0.0
a645da9a,0,5153,0.8661224489795917,1,49,0.8091917488791507,14.054166389473565,11.174012624482888,True,8.951092580974047,21.507348181666345,6.032220157089526,6.032220157089526,4.250761061097201,6.032220157089526,6.032220157089526,6.032220157089526,0.0,-15.475128024576819
a692b17e,0,3566,0.8428571428571426,14,49,0.7151249052873333,23.494318454616394,10.113280783998343,True,13.138061444708827,4.689130021001913,4.689130021001912,4.689130021001912,7.003161861738991,23.82653558620825,23.82653558620825,4.689130021001913,19.13740556520634,-8.881784197001252e-16
a6b8ac67,0,5453,0.3864285714285714,11,49,0.9496616640055525,3.7587046860126825,8.723158556286922,True,10.875902281234387,16.711272658788168,33.22176383006474,26.60424111238613,26.863496624431015,37.920246473103006,76.08819774757244,7.417056870782608,30.503189602320397,9.892968453597963
a6ed2eff,2,5275,0.8526530612244897,3,49,0.8284893145248903,13.813851087220675,8.0,True,8.632582794631363,3.1590183343240374,3.159018334324038,3.159018334324038,6.037135526245176,9.855664538702499,9.855664538702499,3.1590183343240374,6.696646204378461,4.440892098500626e-16
a6f967fb,3,4670,0.8067346938775508,19,49,0.9475795238780277,5.437720605225012,16.436337543783967,True,13.762814229045636,8.929034458544281,8.929034458544281,8.929034458544281,17.76428984731267,26.31609960858123,26.31609960858123,8.467990385582791,17.84810922299844,0.0
a76db406,1,4672,0.8845918367346938,2,49,0.7490819036110519,15.825098636217144,9.742713292132256,True,3.7043201708377427,11.810111363847271,11.810111363847271,11.810111363847271,5.6968605519631295,5.184521491459727,2.4647822887190616,2.4647822887190616,2.7197392027406657,0.0
a7744f5b,1,4377,0.7643877551020407,10,49,0.9739216928694358,1.9767781480356386,8.0,True,13.084948643934053,10.733425268709755,10.733425268709755,10.733425268709755,15.934128800431425,23.674536168255866,10.733425268709755,4.582168580824002,19.092367587431866,0.0
a783cc24,2,1889,0.7483673469387754,1,49,0.9509686191463004,3.260077080881913,8.3307854552092,True,26.72523186448825,13.590536636555203,13.590536636555203,13.590536636555203,16.357413894491554,2.02135751636826,30.82352201600728,2.02135751636826,0.0,0.0
a79fd2e7,4,4404,0.7817346938775509,1,49,0.77276290548165,12.344818568018024,8.0,True,12.374341369091132,8.369087328496082,8.369087328496082,8.369087328496082,5.491836519478724,7.591115144296895,7.591115144296895,7.591115144296895,0.0,0.0
a7fc3e6b,1,4764,0.9021428571428571,15,49,0.8389057570808003,16.452241252324843,8.0,True,18.149529358993682,15.330844155848864,15.330844155848864,15.330844155848864,10.914613188913915,11.399943898101647,11.399943898101647,7.905488707562302,3.4944551905393446,0.0
a85bb86f,3,3099,0.8316326530612244,1,49,1.0447065694399498,-7.909454564833233,16.512286178925443,True,7.873900707960967,3.2506410422712184,3.2506410422712184,3.2506410422712184,7.914005799850232,3.2506410422712184,13.21727310811227,3.2506410422712184,0.0,0.0
a85e4bc3,0,4581,0.8565306122448979,18,49,0.7111072291271957,22.092131858474207,8.0,True,9.638478456190704,7.840472554015041,7.840472554015041,7.840472554015041,19.08182381698671,24.136997826485704,24.136997826485704,7.464707274541384,16.67229055194432,0.0
a87433c9,4,5721,0.6954081632653061,2,49,0.9073215436940772,4.791241931844179,8.0,True,9.580358514748033,6.208592057245142,6.208592057245142,3.270424589975642,13.10000450083933,15.289184903207468,3.270424589975642,3.270424589975642,12.018760313231827,-2.9381674672695004
a8ed028a,4,5538,0.44469387755102036,8,49,0.8367314391119195,10.532755179012048,8.0,False,19.044521110452333,25.466126712928194,34.01220639682706,34.01220639682706,20.1880034501845,34.01220639682706,34.01220639682706,6.682148153243842,27.330058243583217,8.546079683898867
a959858c,0,4404,0.9065306122448978,5,49,0.7572521541285191,20.581927650486957,10.752863099598652,True,65.35865899088088,7.190564277882841,7.190564277882841,7.190564277882841,13.866460760153458,11.752370548792431,26.998094669240228,3.9830569748602724,7.769313573932159,0.0
a9c9b150,1,3986,0.8717346938775509,1,49,0.7666955619454924,22.323605723425867,11.368698429215971,True,1.1630317709118394,5.78284718579732,5.78284718579732,5.78284718579732,5.411227596255,2.7186141482555843,2.7186141482555843,2.7186141482555843,0.0,0.0
aa95015b,4,4300,0.9037755102040814,5,49,0.8624365123359142,12.73679697190227,8.0,True,11.725050285011942,2.665142412226315,2.6651424122263148,2.6651424122263148,12.164304326592106,5.034044060093929,5.034044060093929,2.665142412226315,2.3689016478676135,-4.440892098500626e-16
aaaf3c03,1,2997,0.6966326530612245,21,49,0.721596945906995,27.7815428854668,10.339324402118512,False,15.079592231507316,17.49864706429199,17.49864706429199,17.49864706429199,13.218497735270471,21.806549361742935,16.457950117599545,12.840897798899453,8.965651562843481,0.0
aaeffccb,4,2712,0.795204081632653,1,49,0.8440745205958698,13.552712479644953,12.906500816343208,True,4.756126793123975,7.821751897802149,7.821751897802153,7.821751897802153,19.937631752020227,5.616540194621923,5.616540194621923,5.616540194621923,0.0,4.440892098500626e-15
ab112491,0,5185,0.2280612244897959,26,49,0.7678946638289926,26.281238949564866,11.447650844868626,True,28.204036984751497,19.15019841566274,19.15019841566274,19.15019841566274,35.44582884458216,40.370610023360875,40.370610023360875,7.9904707425777035,32.38013928078317,0.0
ab18d3fc,0,5694,0.9268367346938775,1,49,0.8238824462531535,12.767715644021965,11.726049631891366,True,16.597890792722144,19.040794165085302,19.040794165085302,19.040794165085302,8.103384196315517,5.824376939171549,8.022901284884894,5.824376939171549,0.0,0.0
ab3ced07,4,4250,0.7440816326530612,4,49,0.7379648608705468,20.776491700370087,10.126345852153753,True,9.797524442428841,9.191790975183475,9.191790975183475,9.191790975183475,31.322765101417218,30.664141625554567,30.664141625554567,4.072927838933678,26.59121378662089,0.0
ab6fe95d,3,5491,0.9344897959183672,8,49,0.832158841562861,11.143774776492378,10.912570198088854,True,6.6795806397720465,7.402025415199243,7.402025415199243,7.402025415199243,3.3632919756646005,7.402025415199243,7.402025415199243,6.021439898322996,1.3805855168762466,0.0
ab94878e,1,6004,0.9058163265306122,14,49,0.7489220276090031,24.165261783874477,8.0,True,6.090270250340663,3.9100123828690476,3.9100123828690485,3.9100123828690485,12.188378899478963,23.188419041485787,23.188419041485787,3.9100123828690476,19.27840665861674,8.881784197001252e-16
abf460d2,3,3217,0.8949999999999999,4,49,0.8554859967539379,5.930095276187705,8.0,True,8.350877150110843,3.8080208174192154,3.808020817419216,3.808020817419216,24.30642363477363,19.71606557429463,19.71606557429463,3.668029320294233,16.048036254000394,4.440892098500626e-16
ac6f01d5,2,5004,0.8508163265306121,13,49,0.7230992152030908,23.953095188851236,12.413416298133523,True,15.962529701035821,6.919416887086794,6.919416887086794,14.521815702491763,19.360382350512605,14.521815702491764,14.521815702491764,5.19223141665776,9.329584285834004,7.602398815404968
ad2133a8,2,5729,0.21397959183673468,25,49,0.5634981124013653,44.98952491019844,13.594112542707096,True,28.088198915386187,21.441812746496467,21.441812746496467,21.441812746496467,36.830251800835555,32.13323543029546,42.15036556667124,5.84502892463902,26.288206505656436,0.0
add9c322,3,3932,0.8758163265306123,3,49,0.8933724708642129,8.519727501019597,9.096624457047573,True,12.296784203800955,7.256959278969065,7.256959278969064,7.256959278969064,2.5751544230347965,5.993630296079688,7.730035279220575,3.7806786495746842,2.212951646505004,-8.881784197001252e-16
ae069086,3,4770,0.6766326530612243,9,49,0.8463730753385034,14.222293627635821,8.614222188510755,True,14.585517424947831,10.008599480445952,10.008599480445952,10.008599480445952,13.479017006557067,10.008599480445952,10.008599480445952,6.466425647745365,3.5421738327005867,0.0
ae0784a8,1,7823,0.7340816326530611,17,49,0.8730586448140824,10.16005983236257,8.171296809294372,True,10.87737509844777,7.231596820746539,7.231596820746539,7.231596820746539,9.089731475388712,12.40617846689554,30.558724480674964,4.48123661222886,7.92494185466668,0.0
ae35f33a,0,4450,0.6197959183673468,2,49,0.839325746969832,12.843302373563942,11.58206133334184,True,5.0951729458693835,8.074924276026367,8.074924276026367,8.074924276026367,8.858966138293452,7.52227253181359,7.52227253181359,5.558281483805823,1.9639910480077667,0.0
ae8959c3,3,4518,0.19602040816326527,7,49,0.8739650926739855,10.599595714357347,8.0,True,19.76800976672305,26.561117058958406,26.561117058958406,22.12098702374627,37.001707237994424,18.59317497768149,31.331259341664374,5.199546552895722,13.393628424785767,-4.440130035212135
aed44918,3,2719,0.8287755102040815,15,49,0.6408740398758964,30.827894438848567,8.404404169539275,True,9.488704385906805,4.953996106381382,14.787038895556211,14.787038895556211,17.525105270462642,14.787038895556211,14.787038895556211,3.1034281707915397,11.683610724764671,9.83304278917483
aee6393a,1,5865,0.845204081632653,7,49,0.7282226289924738,19.630180595983212,10.334046184700027,True,4.665683726709421,15.86127201150044,15.86127201150044,12.286411681246902,8.05147652260682,7.873634047063815,37.43419879233365,3.5522042860031813,4.321429761060633,-3.5748603302535376
af7a59ce,2,3024,0.6991836734693878,6,49,0.6844233474415998,26.23822041360378,9.222678613221113,True,4.115059728297358,1.508321278533759,1.508321278533756,1.508321278533756,15.072892354516384,4.973979326895094,4.973979326895094,1.508321278533759,3.465658048361335,-2.886579864025407e-15
aff4e561,0,6026,0.5368367346938775,9,49,0.8910603221395513,16.875659123296575,13.354993544521351,True,10.851934253065428,4.6623285966498225,4.6623285966498225,4.6623285966498225,30.872375876246824,18.554790371346613,18.554790371346613,4.6623285966498225,13.892461774696791,0.0
b04b58a3,1,3402,0.7885714285714285,13,49,0.8838212372276496,10.879007139748476,8.0,True,13.058667367524363,3.3728566625076124,3.3728566625076137,3.3728566625076137,15.405486925050745,34.00825743117817,4.7312600479078935,3.3728566625076124,30.63540076867056,1.3322676295501878e-15
b0d42b0d,3,4971,0.43857142857142856,21,49,0.7224275843265786,26.562558938365367,12.591989977984944,True,19.797243019186585,18.01724698348166,18.01724698348166,18.01724698348166,28.31587974891144,28.709098798511008,28.709098798511008,6.7408351816374825,21.968263616873525,0.0
b0f53bf4,2,2755,0.6887755102040817,2,49,0.837259465363758,18.739840819098976,14.459579758088875,True,9.231328022549082,10.425759277755718,10.425759277755718,10.425759277755718,12.00994870631468,8.743048768911109,8.743048768911109,5.450206259530064,3.292842509381045,0.0
b19b0395,0,5813,0.9091836734693878,1,49,0.8327465306803011,12.743116525744837,8.0,True,10.045237735851847,2.440124750126939,2.440124750126939,2.440124750126939,12.482768037357895,2.440124750126939,2.440124750126939,2.440124750126939,0.0,0.0
b1efb8a4,2,5998,0.9317346938775509,2,49,0.7652632265716909,22.580614251908916,10.228045323911756,True,8.506706925766984,5.435355598616236,5.435355598616235,5.435355598616235,12.61141833419624,22.38745801309802,22.38745801309802,5.435355598616236,16.952102414481782,-8.881784197001252e-16
b32902c0,4,3808,0.6029591836734693,15,49,0.90097733352002,6.643274715736793,9.63974393911887,True,5.155416417213564,8.623169984774954,8.623169984774954,8.623169984774954,28.961418320246082,29.705010372156234,41.421338135834255,5.540702137739583,24.16430823441665,0.0
b32e4903,4,5770,0.828877551020408,12,49,0.851386264115344,17.34899532814558,11.152198784565266,True,5.863958705383137,6.053356277813942,6.0533562778139425,6.0533562778139425,4.567806981351675,34.54087696460166,39.48206747812294,3.050956801456944,31.489920163144713,8.881784197001252e-16
b3388334,1,6080,0.7663265306122448,19,49,0.9506865012166038,4.538528256370478,9.908213519596567,True,14.23010661853958,15.009222131946752,15.009222131946752,15.009222131946752,21.375986573675828,24.559000747493975,24.559000747493975,9.349276993266905,15.20972375422707,0.0
b37fd114,1,8161,0.8972448979591836,2,49,0.8095762060224913,14.34837728495025,11.161901900024512,True,24.97877020046922,7.920065802933361,7.920065802933361,7.920065802933361,11.025750673608938,7.920065802933361,15.259102649767609,7.026169369241694,0.8938964336916664,0.0
b38e3116,0,6211,0.9683673469387755,4,49,0.7260700395304562,23.186688641652378,8.0,True,6.404438939196513,3.868480328943559,3.868480328943559,3.868480328943559,9.555881624202874,13.76640453018057,13.76640453018057,3.868480328943559,9.89792420123701,0.0
b4d8dd4f,1,4259,0.5924489795918367,13,49,1.0763483504499844,-8.937775543015267,12.992945943912124,True,17.098418824477594,8.614358703243585,8.614358703243587,8.614358703243587,8.143145981407352,8.614358703243585,6.2251157979474545,3.5271976338455424,5.087161069398043,1.7763568394002505e-15
b4f37e6e,1,2992,0.6737755102040817,1,49,0.8531349668006872,15.382192610088348,12.94955136339142,True,14.94895263643877,13.687153847552793,1.138430432506848,1.138430432506848,1.399843995918128,1.1384304325068475,1.1384304325068475,1.1384304325068475,0.0,-12.548723415045945
b56bc0aa,3,5602,0.756734693877551,11,49,0.9819761276233248,5.710362872519009,15.697853809871585,True,8.788528154094545,10.408414903595032,10.408414903595032,7.825547886519853,6.866451947636187,7.825547886519853,7.825547886519853,4.599763210008704,3.2257846765111493,-2.582867017075179
b585b4fa,3,4294,0.6260204081632653,1,49,0.9515412356072349,1.3938670155755917,8.919237906113441,True,9.973817813617734,4.157025447666157,4.157025447666157,4.157025447666157,12.260498534955918,4.102826712778351,23.605088616824105,4.102826712778351,0.0,0.0
b5aa9634,4,7326,0.8246938775510204,1,49,0.8019444111751538,20.25339282005031,10.8470020089561,True,11.47866217552782,7.204565037090471,7.204565037090471,7.204565037090471,5.922643706746284,7.204565037090471,8.002884657305554,7.204565037090471,0.0,0.0
b7974e66,0,5558,0.8041836734693878,18,49,0.8220009832491675,8.961245000555643,8.0,True,6.972963992749996,3.7533398143494683,3.7533398143494683,30.058290108233386,30.058290108233386,26.878825976391077,26.878825976391077,3.7533398143494683,23.12548616204161,26.30495029388392
b7cdcecb,1,6168,0.8403061224489796,1,49,0.8310196269900146,18.37894473225042,11.60486457520061,True,9.274351431311539,10.382684873316606,10.382684873316606,10.382684873316606,8.155814078586268,5.33756795437922,5.33756795437922,5.33756795437922,0.0,0.0
b7fea9ef,1,3866,0.9374489795918366,8,49,0.9207710644947598,4.68926245480577,8.0,True,11.148074644872509,5.339145818544057,5.339145818544056,5.339145818544056,10.215222854609117,10.215222854609117,15.4982282170247,3.558395449359735,6.656827405249381,-8.881784197001252e-16
b85f7b06,2,3803,0.8030612244897958,6,49,0.6781221963689066,26.99098307870746,8.36824185963102,True,3.569865119414346,4.27797146899,4.27797146899,4.27797146899,8.93758794089234,9.408491614261042,9.408491614261042,2.8429501091936578,6.565541505067384,0.0
b881d27e,3,4009,0.8804081632653061,8,49,0.7103307131210861,20.78292761934066,11.029339395234627,True,18.785154458691416,6.6293726337544925,6.6293726337544925,6.6293726337544925,12.239912980628798,11.268784366137883,11.268784366137883,4.5729270652211556,6.695857300916727,0.0
b8c49c1a,0,4319,0.6710204081632652,5,49,0.9258851714424012,7.449337749968636,10.455788630572084,True,8.256954162110757,6.605333243074679,6.60533324307468,6.60533324307468,8.085789463552697,12.357835006347031,12.357835006347031,5.344258356161612,7.013576650185419,8.881784197001252e-16
b95e7121,0,6306,0.9397959183673469,3,49,0.786463692120145,14.326102461771383,9.97320190700211,True,3.4204599760598935,29.32801829935577,29.32801829935577,9.524409132140383,6.748110704514114,9.524409132140383,14.478497602707488,8.149385235447108,1.3750238966932748,-19.803609167215384
b977be4a,2,5917,0.9614285714285714,6,49,0.8190626032519271,14.84886490999375,11.928480166767262,True,18.57837175934225,33.33809846231301,33.33809846231302,33.33809846231302,11.926665065129777,13.135704567840346,13.135704567840346,7.680497204902869,5.455207362937477,7.105427357601002e-15
ba48188d,0,4166,0.6835714285714285,2,49,0.6530302281887919,35.59652208773751,10.166745870980531,True,50.93720227649117,45.40428151732524,45.40428151732524,45.40428151732524,15.849775579540172,11.612848406322083,3.544563795660452,3.544563795660452,8.068284610661632,0.0
bb2cdd83,1,3825,0.7940816326530612,2,49,0.7800831898249719,20.00863368400006,8.976615469226246,True,3.017674077265869,6.384870391900587,6.384870391900586,6.384870391900586,10.332839640039827,38.97541931432932,1.585238680293997,1.585238680293997,37.390180634035325,-8.881784197001252e-16
bb337fa0,2,6873,0.755408163265306,2,49,0.7515010129492393,22.175623797775604,8.105114390847216,True,24.083821271230853,15.083696328679284,15.083696328679284,15.083696328679284,6.231606688122927,6.231606688122927,16.97730024998951,5.175204352275363,1.0564023358475643,0.0
bb682ebd,2,4139,0.686530612244898,10,49,0.7266536182924898,26.284960398451787,13.065498849322347,True,19.87022580202752,16.14258676707329,16.14258676707329,16.14258676707329,24.703900915850014,12.367105891123234,12.367105891123234,4.310117440439226,8.056988450684008,0.0
bc4381e2,1,4955,0.9254081632653061,13,49,0.95317496099147,3.57879965630666,8.931627780017875,True,12.598370947658928,13.913489293354596,13.913489293354596,13.913489293354596,7.361181856544452,13.913489293354596,13.913489293354596,5.339274589819976,8.57421470353462,0.0
bcebcc5f,4,6258,0.8692857142857141,5,49,0.913314229721329,9.844538518519295,8.0,True,24.241537215571864,16.050611877498238,6.878301475564066,12.326032745473752,8.474160562134056,12.326032745473752,12.326032745473752,5.623163607700048,6.702869137773703,-3.724579132024486
bd2c2f34,1,9823,0.8685714285714284,7,49,0.78373394518914,16.328945249723922,8.0,True,5.663541608648027,5.348933481209604,5.348933481209604,5.348933481209604,8.013678157333759,11.683502382489147,11.683502382489147,5.348933481209604,6.3345689012795425,0.0
bd4ae5da,0,5006,0.9035714285714285,4,49,0.7986091948018946,26.660986430047288,14.029227594483071,True,14.052431666337634,4.258117393820927,4.258117393820927,4.258117393820927,3.389214246368753,4.2619687870634575,4.2619687870634575,4.258117393820927,0.0038513932425301434,0.0
bd6f0e19,1,5140,0.903877551020408,4,49,0.7647917342289522,21.983376291627653,8.0,True,10.118149844909517,8.098701650966694,8.098701650966694,8.098701650966694,8.272899448587221,8.098701650966694,17.319074194766163,5.682592876210041,2.416108774756653,0.0
bd8f847e,0,4961,0.6862244897959183,10,49,0.8504642682799253,9.630036492226068,11.145913844401106,True,7.389741905257485,11.890740788489023,11.890740788489023,11.890740788489023,36.18895725298706,50.06309964857659,42.74158663883225,6.392219574277982,43.67088007429861,0.0
be063506,3,4500,0.9016326530612243,13,49,0.8167456851812335,18.36580942775726,17.273231750761145,True,9.685884513043288,5.3420900228951576,5.3420900228951576,5.3420900228951576,15.45105969529727,20.960383587104207,20.960383587104207,5.3420900228951576,15.61829356420905,0.0
be35c8f2,1,4226,0.7696938775510204,13,49,0.7752723549796314,17.82923200633163,12.43026801905138,True,4.674735185385168,11.249936781810298,11.249936781810298,11.249936781810298,20.539317532594403,22.019203867554378,16.093933911823562,4.709428336351028,17.30977553120335,0.0
be83e781,4,3221,0.7742857142857142,22,49,0.7480393808638367,20.76891894497937,12.229853939061655,True,3.1537973198868037,6.766840831376784,6.766840831376784,6.766840831376784,24.359182801369727,6.5813413163800645,41.88046467815175,3.8147207210934835,2.766620595286581,0.0
beda8696,4,5912,0.9242857142857142,4,49,0.8967200459276312,13.360308334722532,10.6139230022125,True,9.819955216289504,17.690851546255363,17.69085154625536,17.69085154625536,15.100080840193888,19.396281038964965,8.854780845668046,5.522617651052155,13.87366338791281,-3.552713678800501e-15
bf39bc20,4,3303,0.783469387755102,2,49,1.0257845763815454,-8.297403635706953,14.20044682815962,True,8.401808199266226,7.979184417568008,7.979184417568008,7.979184417568008,6.740144884414207,23.734780715776726,2.981630592638149,2.981630592638149,20.753150123138578,0.0
bf70b410,4,6347,0.9177551020408162,14,49,0.6557032939900719,35.951854556141484,11.112996168257087,True,18.920279724233612,24.892048611900275,24.892048611900275,23.271813189051386,9.366703524060366,23.271813189051386,23.271813189051386,8.802285006509038,14.469528182542348,-1.6202354228488893
bffe3082,1,5723,0.5812244897959183,1,49,0.7564045257005867,29.505341275432876,11.650928673044767,True,16.598918029974968,23.430578508774474,23.430578508774477,23.430578508774477,6.397259437569388,4.506002594213381,4.506002594213381,4.506002594213381,0.0,3.552713678800501e-15
c03b9305,3,4255,0.4078571428571428,20,49,0.41556370941286114,35.21450649410582,15.456846253597499,True,7.1171172090817905,13.936494755565167,13.936494755565167,13.936494755565167,37.11823241022014,33.535182794812286,44.40714646448096,2.637544434811967,30.897638360000318,0.0
c03d4aed,4,4641,0.5572448979591836,10,49,0.6001615752801298,31.38329262426456,8.0,True,12.583094329136486,5.043925344932294,5.043925344932294,5.043925344932294,36.53548097448866,11.260540237821411,47.95720861541917,5.043925344932294,6.216614892889117,0.0
c03fba65,3,3699,0.7437755102040815,2,49,0.8083775229368318,19.235482220664846,10.090828841442363,True,22.739971638302574,16.577212781572744,16.577212781572744,16.577212781572744,6.47668624628148,8.626250723667713,8.626250723667713,4.111352739229444,4.514897984438269,0.0
c07fd0cd,0,4191,0.8602040816326529,1,49,0.8376789116739001,10.489961054708733,8.644099695727377,True,4.052934357090802,9.654506526329781,9.654506526329781,9.654506526329781,9.654506526329774,7.99212096110214,13.510921325986624,7.99212096110214,0.0,0.0
c1708b88,2,6315,0.9404081632653061,9,49,0.8270337619658408,13.268561478287033,9.32461797122147,True,18.304767828554887,22.403345895515294,22.403345895515294,19.698139489093883,18.28190728501986,15.511019460817037,15.511019460817037,13.209274780201234,2.301744680615803,-2.7052064064214107
c1d046f4,1,5513,0.9013265306122448,5,49,0.8949413503127048,4.612777496023619,9.445063871714781,True,7.700112298091984,6.7349009291632145,6.7349009291632145,6.7349009291632145,17.43996661964281,27.518031376983856,27.518031376983856,4.1699041285007015,23.348127248483156,0.0
c2717d4f,4,4721,0.4356122448979592,6,49,0.6816534538355079,26.21568910104795,8.0,True,8.452559650622254,15.521208446261934,15.521208446261934,15.521208446261934,15.521208446261921,20.776986797649077,6.2735455778666305,6.164461585893522,14.612525211755553,0.0
c2c4db09,3,6039,0.9535714285714285,6,49,0.9396923335587083,5.103613828100518,10.039146301693062,True,9.028322821306517,20.67152571234992,20.67152571234992,16.97458666517334,17.307589445173196,11.855485904470468,24.232008763971457,7.352815180165443,4.502670724305025,-3.6969390471765777
c2c6fc71,2,7119,0.9526530612244897,7,49,0.9147613593634254,2.681830804829763,8.0,True,11.767462410523247,8.178858668821734,8.178858668821734,8.178858668821734,6.945987580279839,8.178858668821734,8.178858668821734,5.787799411444889,2.3910592573768445,0.0
c36625df,3,4742,0.9403061224489795,2,49,0.7032788686920128,36.28783543566746,16.27068261684586,True,8.003204999077816,3.1510369986774274,3.1510369986774287,3.1510369986774287,4.934840139125753,20.54188036321349,20.54188036321349,3.1510369986774274,17.390843364536064,1.3322676295501878e-15
c3957531,0,5316,0.9474489795918367,12,49,0.7207449756510301,25.165007851654934,10.673346659234163,True,12.518722274768233,4.1969370679049085,4.1969370679049085,4.1969370679049085,14.601689985948013,4.1969370679049085,18.612472736431137,3.1331686684671225,1.063768399437786,0.0
c42fe306,4,5095,0.5161224489795918,16,49,0.7984104375071435,19.99880356741046,8.768943723013349,True,11.279308916635767,9.439020488053227,9.439020488053227,9.439020488053227,32.14365089229246,21.569138832182002,21.569138832182002,4.340402904388196,17.228735927793807,0.0
c43812e2,1,5527,0.7763265306122449,2,49,0.7117809586846174,29.578785111698725,9.643015286142907,True,7.016864008504025,10.229337409177315,10.229337409177315,10.229337409177315,4.376970531200122,10.160708354565713,3.826942849721625,3.826942849721625,6.333765504844088,0.0
c472c0b5,0,3054,0.628877551020408,13,49,0.8847930451832717,8.997690670492561,8.0,True,8.28128095427446,8.782303821211778,5.842881274041818,5.842881274041818,17.91521360444357,5.842881274041818,5.842881274041818,5.34766535971021,0.4952159143316077,-2.9394225471699604
c47e0767,2,4356,0.9115306122448978,6,49,0.7648853968727127,19.44559217940624,8.0,True,21.47720905393819,20.56708186902993,20.56708186902993,20.56708186902993,7.895084970220793,5.025557680949362,5.025557680949362,2.967302918070414,2.058254762878948,0.0
c50b42f6,0,6014,0.7727551020408162,2,49,0.9892485514695105,-0.2877391971862058,12.157918039048283,True,8.604265674370385,15.963805538972963,15.963805538972963,15.963805538972963,15.710158563952222,35.832860280807346,3.8458300442109565,3.8458300442109565,31.98703023659639,0.0
c593337f,0,5208,0.8390816326530612,20,49,0.8053444695913805,16.94555385212789,8.974988166562646,True,23.822334034025907,18.182437869804843,18.182437869804843,18.182437869804843,5.677952029685229,8.653537267388336,59.29695046153627,7.020542105873966,1.6329951615143692,0.0
c59b6c4a,4,5499,0.6995918367346937,19,49,1.139510546603585,-19.318132950394595,14.728877965856023,True,20.952603428128082,22.827576285634407,22.827576285634407,22.827576285634407,35.45110168552088,26.657920168377395,26.657920168377395,4.809055626238163,21.848864542139232,0.0
c66be2b8,3,4154,0.7764285714285714,14,49,0.9183867639685876,4.149518429979676,11.550356094784393,True,22.226756512262092,19.995772901353273,12.774764990383373,12.774764990383373,11.57279350710444,9.115770259631413,9.115770259631413,6.730679440388661,2.385090819242752,-7.221007910969901
c6797dd7,3,4664,0.8945918367346937,14,49,0.79840571227868,15.917661197615322,8.0,True,5.82900989050451,2.7891987275963297,2.7891987275963306,2.7891987275963306,16.72674065950042,21.474219650449637,4.643854435418641,2.7891987275963297,18.685020922853308,8.881784197001252e-16
c6b782a4,4,4877,0.859081632653061,13,49,0.7973216916052872,15.064370029750116,9.502682954528014,True,12.807882966584375,11.501453554008839,11.501453554008839,7.292936082721899,8.637609526298318,21.359172382206378,7.292936082721899,5.838698447283576,15.520473934922801,-4.20851747128694
c6c96179,2,4004,0.6881632653061224,1,49,0.8407735613850666,11.040876487677009,8.0,True,8.772647918302802,4.168760595055071,4.168760595055071,4.168760595055071,4.168760595055071,2.219106872226641,2.219106872226641,2.219106872226641,0.0,0.0
c70c0e01,3,4312,0.7011224489795918,7,49,0.5995181425806868,35.09552616031851,12.55646307810986,True,8.964901066736223,9.442221247523332,9.442221247523332,9.442221247523332,14.783932036920543,9.442221247523332,22.480040871327233,5.026709776970835,4.415511470552497,0.0
c84c65be,0,8496,0.9459183673469387,7,49,0.7182102920082188,20.808652676686034,8.0,True,9.738388019795911,11.955418934821845,11.955418934821845,11.955418934821845,11.955418934821845,11.955418934821845,11.955418934821845,7.0666891803899645,4.88872975443188,0.0
c8d9680c,3,6281,0.48510204081632646,20,49,0.7736156036522539,16.93356099391732,11.162941339201303,True,42.77043899776709,38.72502031443989,38.72502031443989,38.72502031443989,23.968349058574915,38.72502031443989,38.72502031443989,7.121639206161384,31.603381108278505,0.0
c908edd0,3,5293,0.7883673469387753,1,49,0.7208182594078754,25.934878473040634,8.816483276751029,True,8.765028360555872,6.833211715856752,7.821867681506182,6.833211715856752,9.247162231002605,5.535576435208864,5.535576435208864,5.535576435208864,0.0,0.0
c9578d27,0,4487,0.5864285714285713,11,49,0.8502465555155141,11.360406406916436,8.714814587426325,True,10.306756368182521,15.130475500622593,15.130475500622593,15.130475500622593,27.468707293978046,23.300530668907356,27.178923462825303,7.974342628635715,15.326188040271642,0.0
c96c018a,0,6236,0.9374489795918366,1,49,0.7491618295487317,19.796855526893484,8.019061618405141,True,12.859960619036775,4.192480048067259,4.192480048067259,4.192480048067259,6.272967871735325,4.192480048067259,12.915561025463184,4.192480048067259,0.0,0.0
c99f9fae,0,6361,0.6806122448979591,11,49,0.8377555260734928,11.848956267423667,8.678112705731301,True,5.40523137400998,22.149776253031035,22.149776253031035,22.149776253031035,36.83135614347632,41.139825341676755,41.139825341676755,5.936251856441615,35.20357348523514,0.0
c9e6734f,1,4735,0.203469387755102,11,49,0.6405952656767894,27.086940177653222,10.719794839309904,True,10.310371611471203,32.15725169118158,32.15725169118158,32.15725169118158,43.677223552583435,50.75813352078465,50.75813352078465,3.0557334507625082,47.702400070022136,0.0
c9e980e8,1,4359,0.9287755102040816,11,49,0.8196585970242808,11.691983579879196,10.490115214458818,True,9.741734918381256,5.850315504155223,5.850315504155223,5.850315504155223,13.573188030791247,19.39618757645305,19.39618757645305,5.451849846506903,13.944337729946145,0.0
c9fedcf3,0,3517,0.7541836734693876,2,49,0.8721601309609184,11.757506313038217,8.593099781886634,True,7.471714606706554,5.311310602135589,5.311310602135589,5.311310602135589,1.6832164751050127,5.311310602135589,4.853166878068642,4.853166878068642,0.4581437240669475,0.0
cad13e8f,4,4848,0.7967346938775509,3,49,0.8997394037660617,4.859549495744561,9.62374976406515,True,17.022296131058066,7.818814330349044,7.818814330349044,7.818814330349044,8.438208825563354,8.438208825563358,8.438208825563358,7.818814330349044,0.6193944952143138,0.0
cb34231f,2,5609,0.7377551020408163,7,49,0.953927538987472,4.671488326429557,12.315432552033068,True,5.418906491757253,9.282073647902024,14.267847116308825,9.282073647902024,18.45176171767627,14.267847116308825,14.267847116308825,6.27084453911552,7.997002577193306,0.0
cb879f40,2,6315,0.9094897959183673,8,49,0.8288491549369461,12.051915350057799,8.0,True,8.79643766880234,12.81446259259527,8.883867420917413,12.81446259259527,6.485044248598648,11.874435799650994,11.874435799650994,6.954761640410698,4.919674159240296,0.0
cbb406b5,3,6328,0.6661224489795917,2,49,0.7332296375021062,23.965031155705383,13.098264578822318,True,11.364887497962812,8.482236757379294,8.482236757379294,8.482236757379294,4.8225311833190165,7.67689696337143,7.67689696337143,4.762023010971495,2.914873952399935,0.0
cbe51de1,0,3963,0.8647959183673468,15,49,0.7777947743862348,15.83139017253939,8.634413377218763,True,15.022202061672788,4.435098754761938,4.435098754761938,16.705626348282763,4.873922885819248,16.70562634828276,24.115053725235356,4.435098754761938,12.270527593520821,12.270527593520825
cbe62450,3,6258,0.8421428571428571,1,49,0.6498180495244699,22.718595158807812,9.287133118433244,False,18.607063412926227,32.799468805806825,18.802993586978697,22.424328893968063,17.18769951710663,13.03441209823469,13.03441209823469,13.03441209823469,0.0,-10.375139911838762
cc08aa63,0,3274,0.7406122448979591,5,49,0.8778935616385461,9.431977675451655,14.99280269465135,True,12.988941242217614,7.611887916874085,7.611887916874085,7.611887916874085,6.059832998393441,7.611887916874085,7.611887916874085,3.7792926040657493,3.832595312808336,0.0
cc8a1d57,3,6638,0.6708163265306121,5,49,0.7267109773978341,25.95510403182724,12.479487062134181,True,27.55539015081038,15.871086929805713,11.329564525335536,9.432578365712876,43.94111801319871,48.39711539229892,48.39711539229892,9.432578365712876,38.964537026586044,-6.438508564092837
ccedb12b,2,4401,0.7093877551020407,3,49,0.8823912711313336,10.736617411201646,10.218568611711031,True,10.609060511646556,11.97396363177262,8.038580939317194,11.97396363177262,8.038580939317194,13.270445596358288,13.270445596358288,3.6239261457708327,9.646519450587455,0.0
cd7f1687,1,4232,0.8192857142857142,8,49,0.7172910143908634,20.345425089721676,11.510202975327797,True,10.573162838089827,6.448668986890805,6.448668986890805,6.448668986890805,17.654774230638523,9.205615165077415,8.880648805267354,5.7588489418455255,3.446766223231889,0.0
cda7eb37,0,5973,0.3739795918367346,14,49,0.7723045654237989,19.378241514536096,8.893075767804145,False,10.042623008757838,17.20269593244613,17.20269593244613,10.915055771581539,42.87217160468759,13.5034861294879,13.5034861294879,10.915055771581539,2.5884303579063612,-6.287640160864591
cdc31d65,4,4840,0.9115306122448978,4,49,0.9956619466606226,2.6129948526786446,11.34702329641932,True,7.482412321764383,5.9172226449178895,5.9172226449178895,5.9172226449178895,7.0609684969355575,7.5755129361943645,10.620505583279698,5.9172226449178895,1.658290291276475,0.0
cdc60a53,3,5878,0.7627551020408163,15,49,0.6098817760534074,28.398753341271238,8.713783534550615,True,8.315926094659538,7.6254758775812155,7.6254758775812155,7.6254758775812155,28.055747043771824,47.80343887881179,28.36915795334669,6.711704036752984,41.091734842058806,0.0
ce55ba43,1,4104,0.7865306122448978,11,49,0.7341916256656751,22.414085937954795,8.0,True,14.30444944852245,5.982455955002248,5.98245595500225,5.98245595500225,13.462235515746599,10.962929146109355,17.268631515474894,3.3754619009062905,7.587467245203064,1.7763568394002505e-15
ce8399b7,0,1615,0.9440816326530612,6,49,0.7835458859653388,23.86959054556521,8.931487928089663,True,3.363562739626084,7.850406095952217,7.8504060959522155,7.8504060959522155,5.770842350797254,3.318087596916442,3.318087596916442,2.513819919185068,0.804267677731374,-1.7763568394002505e-15
cf50c9d1,1,4858,0.8659183673469386,3,49,0.8171630087038166,16.221926786186128,9.934788369314,True,31.56819712560828,18.830707515478505,18.830707515478505,18.830707515478505,14.636583091314892,7.318426400707054,7.318426400707054,2.962818784393956,4.3556076163130975,0.0
d00e7eb9,1,5704,0.8273469387755101,2,49,0.7572682007775439,20.050992719119833,9.211264870942408,True,7.907003476643952,17.723112613095807,17.723112613095804,17.723112613095804,12.397721955808331,22.956064572730103,22.956064572730103,7.325872803794292,15.630191768935811,-3.552713678800501e-15
d011f41b,3,2267,0.8591836734693876,9,49,0.627819376695044,37.20052983032242,10.888657070583783,True,10.86185548345431,8.88184804478086,8.881848044780861,8.881848044780861,9.300996238508992,20.001290946083913,18.420334400192324,4.38847845065896,15.612812495424953,1.7763568394002505e-15
d07aed8f,1,2957,0.8217346938775509,1,49,0.8961321992791358,8.545585208764226,8.0,True,5.402411556483793,12.894701881633285,12.894701881633285,12.894701881633285,8.584678571242646,2.940224877797063,4.787337110888157,2.940224877797063,0.0,0.0
d085e611,1,6191,0.7572448979591836,1,49,0.8860877001513316,11.69765824623925,8.0,True,10.083729659420946,6.668801141706042,6.668801141706042,6.668801141706042,4.875005348185225,6.029830562946561,39.634010564729756,6.029830562946561,0.0,0.0
d0a0e7b5,1,3816,0.7,4,49,0.7546055758557921,14.295893032784134,11.1723803334627,True,11.676903707262621,3.480486332427682,3.480486332427682,3.480486332427682,13.825740602809034,14.769297815060739,14.769297815060739,3.480486332427682,11.288811482633058,0.0
d0a43760,1,4041,0.8923469387755101,10,49,0.49105597462717276,35.25949062269997,11.215942460287303,True,4.249353040412356,22.915917719417784,7.2798776226374615,22.915917719417784,7.260842340962786,7.2798776226374615,17.985510365097298,4.768377666640638,2.5114999559968236,0.0
d0cb63ae,3,5223,0.8477551020408162,9,49,0.7946298686480412,19.05462065895547,12.151177545651796,True,19.937391369771746,12.47021515509417,12.47021515509417,12.47021515509417,8.96016840814406,16.480608171593854,16.480608171593854,5.389149101901997,11.091459069691858,0.0
d114d9c2,3,6206,0.8722448979591836,4,49,0.8204193656640131,15.122421545892228,10.984857702167943,True,7.69852853923108,15.491577372335222,15.491577372335222,13.524136674768803,4.594859134969671,43.15709940584434,43.15709940584434,4.099792352079501,39.05730705376484,-1.9674406975664187
d1457cc5,3,6920,0.6854081632653062,22,49,0.4739679519940863,26.361218612198243,13.350623809546427,True,8.115732473647405,7.506461525532941,7.506461525532941,17.968174599363653,26.99717892724925,24.19884227831233,17.968174599363653,7.506461525532941,16.69238075277939,10.461713073830712
d1ecf309,2,6168,0.5920408163265305,4,49,0.6614522671981631,41.49222736154161,14.481594578597077,True,9.37828460834895,10.568938762955527,10.568938762955527,10.568938762955527,7.070251700520764,7.070251700520764,7.070251700520764,5.911533560232538,1.1587181402882258,0.0
d1ee630d,2,6290,0.8892857142857142,2,49,0.9308315390189262,9.739030774913681,8.692522734862818,True,12.219780010195931,10.803768063557081,10.803768063557081,10.803768063557081,10.451812045252964,10.803768063557081,10.803768063557081,9.603790229176791,1.1999778343802898,0.0
d217e0c5,3,3838,0.9211224489795918,17,49,0.8495980655090636,13.071698422583879,10.2629451453885,True,5.20363871867946,2.755410447184864,2.755410447184864,2.755410447184864,7.929171896496223,22.213300687372957,20.94411525851597,2.755410447184864,19.457890240188092,0.0
d24ff243,1,5641,0.8492857142857142,13,49,0.8282720705838728,12.054595873081249,8.0,True,3.584579952704873,13.999608757990416,13.999608757990416,18.386418232443706,6.857442307318875,18.386418232443706,18.386418232443706,5.706911947932873,12.679506284510833,4.38680947445329
d273674e,2,3899,0.8957142857142857,1,49,0.8791546966074797,8.200088476230293,8.35300038853813,True,3.400366201632784,8.51012263101456,8.510122631014562,8.510122631014562,3.797062888837812,3.797062888837813,3.797062888837813,3.797062888837813,0.0,1.7763568394002505e-15
d2f3b1ab,2,5581,0.6458163265306122,14,49,0.7549328666133647,21.705616877849273,8.0,True,17.357707330254247,11.402741788987257,11.402741788987257,11.402741788987257,25.16686387083135,21.267089887334546,47.72139920527282,6.922226423201399,14.344863464133148,0.0
d3df146b,0,5787,0.950408163265306,2,49,0.7917711066484137,15.785982386700814,9.236010772348015,True,11.69933929625434,11.5595264679433,11.559526467943298,11.559526467943298,4.469181600509353,7.948268480924408,7.948268480924408,3.8817417448138802,4.066526736110529,-1.7763568394002505e-15
d40f61d5,0,4039,0.8142857142857143,6,49,0.827723057056704,13.355977986234949,10.937259688916942,True,4.553018133859985,4.0811787985711065,4.081178798571106,4.081178798571106,20.55601946477941,40.7278203913434,40.7278203913434,4.0811787985711065,36.64664159277229,-8.881784197001252e-16
d41beaf2,4,4753,0.7864285714285714,9,49,0.7537070468027958,17.86316500969521,9.30628027191598,True,16.335502961206803,10.065239478502098,10.0652394785021,10.0652394785021,5.298552403740071,8.132871858884506,8.132871858884506,4.763480200442965,3.3693916584415415,1.7763568394002505e-15
d463e527,2,4767,0.8461224489795918,23,49,0.5911794448223412,26.498351205184502,13.599606581816447,True,8.591154291112087,10.143614971123469,10.143614971123469,10.143614971123469,9.581215130381395,19.738622058268064,30.274283255070593,5.865341719605732,13.873280338662331,0.0
d4f60a28,2,4501,0.9644897959183673,5,49,0.714316770752741,17.564845503375032,9.860722382622667,True,6.183126130423007,11.968514954312894,6.376028307846093,11.968514954312894,6.376028307846092,6.376028307846094,6.376028307846094,5.563071348337434,0.8129569595086599,0.0
d50c649a,0,4873,0.6463265306122448,7,49,0.9326992718786616,5.086646645411852,12.849295442921655,True,6.81996221614117,8.629643735657831,8.629643735657831,8.629643735657831,29.741281908180344,21.912663252750367,14.554849552255364,5.245978332019614,16.666684920730752,0.0
d543916f,4,4799,0.9093877551020407,9,49,0.8748475039844408,7.912527515343593,8.0,True,10.200221672654065,13.253409598594006,13.253409598594006,13.253409598594006,9.490105937739967,9.315880599226672,18.014441446715995,6.240442441052978,3.075438158173694,0.0
d5df0ff5,4,4032,0.7739795918367346,6,49,0.9907423641516572,-1.8520700718094296,8.0,True,16.351335751344372,6.3556624157083075,6.3556624157083075,6.3556624157083075,5.5285112220536154,9.59907884092663,9.59907884092663,3.3996949621786388,6.199383878747991,0.0
d60430e6,3,2511,0.16642857142857143,14,49,0.3,77.93264692487027,14.819048342502931,True,7.849172504180856,5.256567956104321,5.256567956104321,5.256567956104321,93.24151057661092,119.56445113350141,119.56445113350141,5.256567956104321,114.30788317739709,0.0
d63196fe,3,4510,0.8757142857142857,3,49,0.8303140512636215,16.152345106479288,9.653495251325543,True,19.525114489586926,25.867007699084045,25.867007699084045,25.867007699084045,9.44781270738732,19.111439733173256,47.6626739268426,5.16461472846154,13.946825004711716,0.0
d6c320d9,1,5452,0.9186734693877551,4,49,0.826690814440228,13.916654174256644,8.0,True,11.20598215508914,10.679839528053463,10.679839528053463,10.679839528053463,6.8044380062864676,11.721927029678811,11.721927029678811,4.559131145484924,7.162795884193887,0.0
d6dd7330,4,6193,0.7632653061224488,2,49,0.6618290578148301,21.70416107318112,8.0,True,11.822832979899944,11.529850625650088,11.529850625650088,11.529850625650088,8.124166951765002,10.25913023166173,10.25913023166173,5.417498789628772,4.841631442032958,0.0
d7ba4f9d,0,6023,0.47785714285714287,5,49,0.7246127517774723,18.39581251791161,11.822903423767954,True,5.098116159708834,25.924895893922457,15.579115663890951,17.85183718214821,15.262533385260326,15.57911566389095,15.57911566389095,13.638283343866776,1.9408323200241728,-8.073058711774248
d7eb0be8,4,5401,0.6296938775510204,22,49,0.8558187041332331,11.869086780788837,8.0,False,32.82610912419109,27.31019055817507,27.31019055817507,24.067935786711217,27.5212762631219,21.74130993621757,33.59691509273839,20.964794469813224,0.7765154664043443,-3.242254771463852
d84b621b,0,3994,0.8925510204081631,17,49,0.812836296431935,16.455230057511542,8.648252823850555,True,21.82037371732548,7.612328574978119,7.612328574978118,7.5302529772895594,12.693734490855487,20.38840967535949,7.530252977289558,5.684953927373046,14.703455747986444,-0.08207559768855965
d90aa14c,1,10018,0.7446938775510203,5,49,0.8995174788506257,7.562398049344101,8.102305841493742,True,11.994352891576652,7.203829143990818,7.203829143990818,7.203829143990818,6.80411454886759,10.093228134482404,10.093228134482404,7.203829143990818,2.8893989904915856,0.0
d924e971,3,3184,0.3325510204081632,8,49,0.9153865246163261,11.83700780147924,12.171262079434518,True,32.7702837302337,26.044063672118007,26.044063672118007,26.044063672118007,12.213205329309437,10.851509219453392,26.044063672118007,4.9673418211638305,5.884167398289562,0.0
d9ae59b2,2,3648,0.8444897959183673,13,49,0.6663527472310687,32.95038606127789,19.31570709468105,True,5.0470807715641435,9.092697507315297,9.092697507315297,9.092697507315297,17.476962032427856,18.712486632482985,6.024431438654163,5.710758024841818,13.001728607641168,0.0
d9d6d94d,2,4919,0.6606122448979591,19,49,0.7097924819710126,19.009025527750282,11.185061915660444,True,9.3857291463184,9.094211843306837,9.094211843306839,9.094211843306839,10.663862267235565,9.094211843306837,9.094211843306837,8.990137218348922,0.10407462495791542,1.7763568394002505e-15
d9eca87b,1,6373,0.8826530612244897,19,49,0.6464706336786228,38.49991577515983,12.412289177417994,True,26.443315428754445,31.073136771035937,31.073136771035937,31.073136771035937,15.326842982445829,34.02133991312206,34.02133991312206,6.9123563805758526,27.108983532546212,0.0
da2d4d7c,0,2114,0.7062244897959183,7,49,0.6780325939028579,27.94643068341846,12.350232939445373,True,3.5771941153487132,12.781231933607577,12.781231933607577,4.961930637422173,12.847485615576685,4.961930637422173,18.3212289724577,4.897012482152404,0.06491815526976907,-7.819301296185404
da3bfe4e,1,5549,0.8593877551020407,13,49,0.7441664382838391,29.39177008209639,15.758891291845272,True,30.20824343453741,17.222223023218987,17.222223023218984,17.222223023218984,15.312258361232384,8.49396100064977,8.49396100064977,7.698511088148022,0.7954499125017485,-3.552713678800501e-15
da3cf798,1,5844,0.7581632653061224,2,49,0.8311755176582744,11.867130641446677,8.0,True,16.905110806271015,14.750857556072296,14.750857556072297,14.750857556072297,8.050871280777343,10.333338640413123,3.1835895665705594,3.1835895665705594,7.149749073842564,1.7763568394002505e-15
da940160,2,5132,0.928469387755102,9,49,0.8202749050705856,14.766430166719939,9.686668477074386,True,11.224828130654686,7.546013684647366,7.546013684647366,7.546013684647366,8.607629510232425,12.884356601256332,22.94725068585384,2.806777516910051,10.077579084346281,0.0
dafc88c3,2,5572,0.8187755102040816,5,49,0.8334915116918055,14.860189084812049,8.0,True,6.877339398362787,24.309538666154715,24.309538666154715,24.309538666154715,8.345677742780957,16.64242536309265,16.64242536309265,4.1625675626404055,12.479857800452244,0.0
dbee6c86,1,7369,0.7243877551020407,1,49,0.6855470052342081,21.751258215757737,8.0,True,4.395928954072107,5.455051139765137,5.4550511397651364,5.4550511397651364,24.77608477094556,5.455051139765137,5.455051139765137,5.455051139765137,0.0,-8.881784197001252e-16
dc5fbe29,1,5203,0.78,19,49,0.8849350390875986,12.903722160269037,8.19475853097059,True,7.9201039214922035,7.408463150552131,7.408463150552131,7.408463150552131,16.577619871992333,11.570791690578098,11.570791690578098,5.990612002076774,5.580179688501324,0.0
dc7da28f,1,4774,0.6389795918367346,4,49,1.0531361066374165,-3.5887168120358464,8.0,True,10.223244436669471,22.80058968385633,22.800589683856327,22.800589683856327,28.06655872890343,39.85205908269416,31.010709978307343,5.058687205666295,34.793371877027866,-3.552713678800501e-15
dc7f9757,1,4360,0.6398979591836733,3,49,0.6659246433034918,37.1882948754207,13.067384162142636,True,9.810154572145091,5.758102793255071,5.75810279325507,5.75810279325507,5.205909713176336,9.002624289938755,9.002624289938755,5.205909713176336,3.796714576762419,-8.881784197001252e-16
dd168de0,2,3304,0.9101020408163265,8,49,0.7297767299229119,20.522303628370317,8.0,True,2.9913571830542716,5.747734547545122,5.747734547545123,5.747734547545123,16.851521607749923,14.50352055488515,14.50352055488515,5.747734547545122,8.755786007340028,1.7763568394002505e-15
dd64382d,3,3124,0.8496938775510203,1,49,0.89036933311437,9.376525138402762,9.32756680562584,True,4.262126959206316,3.0738994935556043,3.0738994935556043,3.0738994935556043,10.00929016362918,3.0738994935556043,3.0738994935556043,3.0738994935556043,0.0,0.0
dd6bc5b2,1,3602,0.6982653061224489,1,49,0.9193439158164405,4.245259456231982,12.808675963768868,True,11.780956097388067,6.080013720006634,6.080013720006632,6.080013720006632,4.306574464645928,1.3063755921185518,1.3063755921185518,1.3063755921185518,0.0,-1.7763568394002505e-15
dd7d638e,0,4301,0.5261224489795918,12,49,1.2863629713330529,-26.777322528378793,17.419781000192575,True,6.017680647613085,2.402338756474081,2.402338756474081,2.402338756474081,13.833688865838534,22.88978316734848,22.88978316734848,2.402338756474081,20.4874444108744,0.0
ddc790ff,4,4726,0.930408163265306,1,49,0.6999340479767034,23.487270741560508,8.0,True,5.724817380990974,2.6256574674795443,2.6256574674795443,2.6256574674795443,2.3596815823448756,2.6256574674795443,2.6256574674795443,2.6256574674795443,0.0,0.0
df71d1ff,3,6228,0.8936734693877549,17,49,0.691988531095452,31.837581565695928,10.226081962283637,True,12.742621639442314,32.220232347023185,32.220232347023185,27.82924854418919,12.617641850652491,27.82924854418919,27.82924854418919,7.041539152047234,20.787709392141956,-4.390983802833993
df73b8f3,1,5311,0.6736734693877551,10,49,0.9235915547255215,8.351432518483783,12.85088472007596,True,15.617554195793542,17.639014088000444,17.639014088000444,17.639014088000444,10.962278812362682,32.84979514670626,17.239341061032643,7.33219488549117,25.517600261215094,0.0
df8290be,1,3972,0.48714285714285704,9,49,0.6704921182846144,29.696214989561504,9.171607060379312,True,13.009724784668556,11.840120758196944,11.840120758196946,10.085074051431977,3.727097266531624,10.085074051431977,4.301167986884739,3.165485049394814,6.9195890020371635,-1.7550467067649667
e0079ed1,3,3471,0.9098979591836733,23,49,0.755409258351739,22.872549019890233,11.29129987596411,True,8.069511840769099,7.250735962200023,7.250735962200023,7.250735962200023,4.531306533731239,15.746470027619697,33.718582541212754,5.582128711994215,10.164341315625482,0.0
e03b45fd,2,5342,0.4693877551020408,36,49,0.7424596555628082,20.87721354844332,8.689285873992262,True,15.75182643192855,9.510732702076472,9.510732702076472,9.510732702076472,44.92384803171121,28.227871104342555,51.984433676391326,7.991518559828862,20.236352544513693,0.0
e0f36d98,4,4976,0.8660204081632652,4,49,0.8218035576270623,12.743269387067125,8.0,True,14.253156162438394,7.8619893564341,7.8619893564341,7.8619893564341,11.729129568048647,10.142391209051562,12.414428976221194,7.234603516369422,2.90778769268214,0.0
e149204f,1,6097,0.7642857142857141,24,49,0.8386541001595937,19.91773072276471,10.650602644353253,True,4.546152895643239,5.621766154978968,5.621766154978968,6.417682422908999,7.072621862295168,6.417682422908999,6.417682422908999,5.621766154978968,0.7959162679300302,0.7959162679300302
e14d641e,3,3184,0.7757142857142856,4,49,0.8203376771278761,13.820741671216762,8.0,True,6.820600870242808,5.4647661746875125,5.4647661746875125,5.4647661746875125,14.015556444992924,12.14090468674546,12.14090468674546,3.661268399221933,8.479636287523526,0.0
e161bd0c,4,2949,0.6830612244897959,14,49,0.7706053994188318,20.353300223968727,10.733796653999923,True,4.33499689746737,4.9525171238859045,4.952517123885905,4.952517123885905,14.354967815397368,43.03262137293912,43.03262137293912,4.8633598363629265,38.169261536576194,8.881784197001252e-16
e201fd6d,3,5070,0.8829591836734693,5,49,0.5250768781291577,44.34872554639508,16.223722172107138,True,16.371250707380042,11.015708194058739,11.015708194058739,11.015708194058739,17.940566069716038,17.940566069716038,17.940566069716038,7.544552780865615,10.396013288850423,0.0
e25f1537,1,3177,0.9395918367346937,1,49,0.9750196308108934,1.8806723141845434,8.0,True,13.005049007414012,8.841439440821162,8.841439440821162,8.841439440821162,3.1973836572327334,3.3970313759257165,8.841439440821162,3.3970313759257165,0.0,0.0
e2fc7745,2,3692,0.8388775510204081,3,49,0.9334633893908323,3.977509792526545,8.406086633408727,True,13.341394284804746,5.529210026788077,5.529210026788077,5.529210026788077,7.825522944207288,22.65477315799596,5.529210026788077,5.529210026788077,17.125563131207883,0.0
e32da4ec,4,4689,0.9005102040816325,2,49,0.949093306056005,-0.5977122282603121,9.354248930823807,True,10.850139553093255,6.2797138245970805,6.279713824597081,6.279713824597081,11.889834656050274,15.886058154066372,15.886058154066372,3.862305515801219,12.023752638265153,8.881784197001252e-16
e3b34f5b,2,5455,0.878265306122449,2,49,0.6743329926869677,31.29027587382911,9.877341076571735,True,10.347045761247115,9.066648178884765,22.12708672825316,22.12708672825316,17.7140720071247,22.12708672825316,22.12708672825316,5.913142796699865,16.213943931553295,13.060438549368396
e45a2a62,4,5007,0.5934693877551019,13,49,0.8782339993437656,9.553636964071847,8.0,True,19.872920518687707,20.501751267646394,20.501751267646394,20.501751267646394,11.003006123724143,16.758311706918168,16.758311706918168,8.418005601077304,8.340306105840863,0.0
e46f4ef4,0,7195,0.8753061224489794,4,49,0.49420366094060664,41.809017858753904,17.295679878998936,True,4.926550809338883,16.22297174328596,16.22297174328596,4.400359548463363,10.493911473093585,4.400359548463363,4.400359548463363,3.549710713054395,0.8506488354089679,-11.822612194822597
e4726608,2,4733,0.5115306122448979,6,49,1.07356070601659,-3.869031071000893,8.786378709755391,True,6.271487164710907,4.002935731504966,4.002935731504965,4.002935731504965,13.145186680206942,18.74070027121911,18.74070027121911,4.002935731504966,14.737764539714146,-8.881784197001252e-16
e5864244,3,4469,0.4241836734693877,9,49,0.728508627357618,19.325363940660854,12.104731901689561,True,26.806032670999695,6.761969328979785,11.883925952029706,11.883925952029706,16.848396191217777,34.79302178406726,34.79302178406726,6.165125196635972,28.627896587431284,5.121956623049921
e5c92e59,3,4295,0.8693877551020407,14,49,0.7251311679482101,20.57765213301862,8.0,True,7.71135994039849,11.244751443164409,11.244751443164409,16.340262009184567,5.058092046603164,21.62322570846109,33.203376504054944,5.032393068714296,16.590832639746793,5.095510566020158
e5ff9fd2,4,2354,0.7996938775510203,4,49,0.956560820507099,4.6380825173555875,13.026487136723684,True,8.891230852152741,5.963661024912052,5.963661024912052,5.963661024912052,7.032906467139264,5.963661024912052,5.963661024912052,3.881803555834071,2.081857469077981,0.0
e6c55748,1,4472,0.5260204081632652,11,49,0.9388521315054971,4.39327260058339,8.0,True,9.397103554297912,10.603659074464918,10.603659074464918,10.603659074464918,42.98267572956862,63.58475722367312,63.58475722367312,5.5040757630950266,58.0806814605781,0.0
e730c32b,4,4728,0.946530612244898,9,49,0.7353698374569361,19.475116353330478,11.368568035770817,True,11.654671854511827,13.366884261271595,13.366884261271595,13.366884261271595,9.604230889181727,13.366884261271595,13.366884261271595,6.280129292719797,7.086754968551798,0.0
e737965a,4,5955,0.8497959183673469,3,49,0.6762755147677908,29.983202784704087,8.398892926458984,True,9.897022674368223,12.363049914868265,12.363049914868261,12.363049914868261,3.7215635096245188,17.03027647489229,17.03027647489229,5.903850533007911,11.126425941884378,-3.552713678800501e-15
e748dd88,3,4812,0.9164285714285714,7,49,0.77472147147827,19.34693810372867,8.782468872322804,True,4.989931749983482,6.355236539094722,6.355236539094722,6.355236539094722,14.303401164087129,6.355236539094722,8.282311879580696,5.540381146194889,0.8148553928998332,0.0
e7818f7a,3,5371,0.900204081632653,11,49,0.6805326737760402,29.95615709108609,16.219181735105394,True,6.312633342217896,13.633099411873056,13.633099411873056,13.633099411873056,6.975543056166468,13.878306718859688,30.95113879907178,4.087974730162253,9.790331988697435,0.0
e7c36e81,3,3531,0.8883673469387755,1,49,0.988236887352903,-2.6533905997003964,15.386269939528637,True,7.349841849963589,11.830721925563314,11.830721925563314,11.830721925563314,5.676520604271611,4.109917488263937,24.96588620947855,4.109917488263937,0.0,0.0
e7d0c1de,1,4711,0.7285714285714285,6,49,0.7632300508948634,19.352244964362495,8.0,True,6.860255388151551,6.983763834478575,6.983763834478575,6.983763834478575,3.324912543213025,6.983763834478575,6.983763834478575,5.8682780114351765,1.1154858230433984,0.0
e85074c5,4,5675,0.900204081632653,1,49,0.6417864797292662,24.229297238340443,8.749845958600119,True,11.347685731962262,14.05899064844682,14.05899064844682,14.05899064844682,14.051390288191044,2.6782290718025674,33.02798083553628,2.6782290718025674,0.0,0.0
e97032ad,1,3530,0.8148979591836735,8,49,0.843607796556752,15.562376922738459,19.623964155016974,True,11.959144677460708,3.7381310336816314,3.7381310336816314,3.7381310336816314,4.026860581555584,7.898143606522803,7.898143606522803,3.7381310336816314,4.160012572841172,0.0
e9949a23,2,4559,0.6978571428571428,1,49,0.807440256544716,19.992927264197064,9.916823083330238,True,11.580872171010277,13.305009593894125,13.305009593894125,13.305009593894125,6.385576361388014,5.739029340097218,8.70343417990588,5.739029340097218,0.0,0.0
ea0b99b7,3,9239,0.8451020408163264,3,49,0.7950186428956897,18.337339464074617,12.877207316312303,True,12.15975654126152,6.749080199453207,6.749080199453207,6.749080199453207,7.464949405633885,6.749080199453207,16.056248911846577,5.818562454088382,0.930517745364825,0.0
ea3a0e38,4,10052,0.6595918367346938,6,49,0.8103595198359957,18.84981217301445,8.198893938782927,True,9.232672132138228,11.441874262391837,11.441874262391837,11.441874262391837,31.205626792338254,42.73078491056013,42.73078491056013,7.439166709587951,35.29161820097218,0.0
ea41324e,0,5025,0.8043877551020407,1,49,0.812770773560904,16.10164788133805,8.588891768756618,True,5.294230079936561,8.040747866504004,8.040747866504004,8.040747866504004,7.079352836546297,3.97523592295304,3.97523592295304,3.97523592295304,0.0,0.0
eabc711b,0,5348,0.8915306122448978,7,49,0.8669851143229638,16.571724321291164,14.023201690316307,True,11.698478022871637,14.591614762335192,5.663452228246349,14.591614762335192,10.25501083471394,10.015018138834378,10.015018138834378,4.883522700067563,5.131495438766815,0.0
eac10e86,3,6067,0.8949999999999999,3,49,0.811477313330065,17.836594401698083,9.735399341331945,True,5.617579051148656,6.325335853201958,6.32533585320196,6.32533585320196,16.09156263509137,16.418318826631864,16.418318826631864,5.891633848103831,10.526684978528033,1.7763568394002505e-15
eafb863e,2,3568,0.6326530612244897,7,49,0.8329576408237036,22.60844825746713,16.826392466244883,True,13.457858083605023,7.20514102476649,7.20514102476649,7.20514102476649,15.30513615919045,16.652237488754025,8.497567856677263,5.228701044083729,11.423536444670297,0.0
eb06a4e7,3,4535,0.9046938775510203,2,49,0.7459963877693294,20.230748292745908,8.599929771400502,True,9.669099026629615,8.11204458905278,8.11204458905278,8.11204458905278,6.058595857880429,8.854800352526974,8.854800352526974,3.64513371576355,5.209666636763424,0.0
eb640a35,3,6037,0.6240816326530612,14,49,0.9479812234891819,3.435258554977947,8.0,True,9.969896905690025,13.013358099063622,13.013358099063622,13.013358099063622,24.192718918054602,13.013358099063622,22.941795450081,7.2469376235258265,5.766420475537795,0.0
eb934281,1,5971,0.7607142857142857,1,49,0.7536435502784052,15.862673649617966,8.0,True,3.1374200876783114,2.349658316134881,2.3496583161348816,2.3496583161348816,6.092209705397592,2.349658316134881,11.345005244004936,2.349658316134881,0.0,4.440892098500626e-16
eba6605e,0,4410,0.6407142857142857,22,49,0.9297225830378085,10.36219972483435,12.481240342617332,True,15.631712662756936,11.434990441949441,11.434990441949443,11.434990441949443,40.5270020203031,51.04021434649804,41.44751046342477,5.5010108283162005,45.539203518181836,1.7763568394002505e-15
ebe69318,4,4976,0.8716326530612243,13,49,0.7847964247713014,17.69386637297797,9.516111919043452,True,4.825325809935079,5.987799338918245,5.987799338918245,5.987799338918245,4.756561350758852,22.817330656058868,22.817330656058868,5.555524981404694,17.261805674654173,0.0
ec0d597b,4,4616,0.7815306122448978,3,49,1.031457606359176,0.2180283227464356,8.0,True,16.44325138720608,18.54644700483658,18.54644700483658,8.058108265622954,8.05810826562295,11.518603889940147,8.058108265622952,7.562273604390247,3.9563302855498996,-10.488338739213626
ec13af42,2,5462,0.808877551020408,3,49,0.8244713434346885,15.869017465913036,10.43677693373983,True,10.906432170405786,9.328707299609857,9.328707299609857,9.328707299609857,15.456582857939047,15.456582857939042,28.306677130889547,6.058773144429916,9.397809713509126,0.0
ecdab904,3,6147,0.7584693877551019,11,49,1.0980957606417447,-5.530017576675375,11.467244684804585,True,16.918396989500764,11.261336880305787,11.26133688030579,15.828301068749752,7.021955600997394,7.706029817567356,7.706029817567356,5.46542440401453,2.240605413552826,4.566964188443965
ecdaf714,2,6592,0.6765306122448979,9,49,0.6938826359712668,23.994083621691324,8.0,True,15.351875762973165,24.497863588262447,24.497863588262447,16.1148380083896,16.114838008389626,13.726766833092265,41.856366090217506,7.332061737087165,6.3947050960051,-8.383025579872847
ed6436d6,1,2945,0.7696938775510204,4,49,0.7934487766833952,16.969147179557055,8.16932596501972,True,1.6175417954726792,9.885654600353892,9.885654600353892,9.885654600353892,9.885654600353892,9.885654600353892,9.885654600353892,4.583068088266547,5.302586512087345,0.0
ed6e6e54,1,6048,0.5116326530612244,3,49,0.6362121735202725,25.051966978141557,8.0,True,11.951935194527213,7.0348417510818235,7.0348417510818235,7.0348417510818235,8.126372755357243,8.61777859705974,8.61777859705974,5.646021006456872,2.971757590602868,0.0
edf885a3,1,3117,0.6343877551020407,1,49,0.9334257711890345,6.527421828040967,8.520303705119415,True,12.288723348140039,7.101637297319886,7.101637297319886,7.101637297319886,4.644747756427271,6.024454366236509,6.024454366236509,6.024454366236509,0.0,0.0
ee0300f7,0,4544,0.41408163265306114,1,49,0.6876710636264141,29.387322856583786,11.394247934506055,True,25.680311432467565,19.229127589196825,19.229127589196825,2.7060597236396498,7.838767767269721,2.7060597236396498,2.7060597236396498,2.7060597236396498,0.0,-16.523067865557174
ee288beb,2,4638,0.45081632653061215,7,49,0.8476488183651761,16.279424224501735,15.463752031324193,True,27.522025330807587,31.41633586939675,31.41633586939675,31.41633586939675,47.31053974563991,53.06579506337353,53.06579506337353,4.18711666568643,48.878678397687096,0.0
ee4aecac,4,5265,0.5455102040816326,8,49,0.6930608637656096,27.57186740900163,11.960620827844867,True,10.778813139095936,13.840915000657702,6.954896426763564,6.954896426763564,6.076634801386607,6.954896426763565,30.56713464705779,4.536461030328617,2.4184353964349476,-6.886018573894138
eeda36f5,0,4797,0.6105102040816326,10,49,0.7761420354889509,21.164921055168836,8.0,True,5.470124457464137,13.791353784434069,13.791353784434069,6.326610543347819,31.25339462392735,45.279341939944004,45.279341939944004,6.326610543347819,38.952731396596185,-7.46474324108625
eeed308d,0,3899,0.8298979591836735,5,49,1.023697990845227,-1.5830160405210714,8.013230831919362,True,9.69013148078532,5.394235613518766,5.394235613518766,5.394235613518766,12.23512216675935,18.546392441341865,18.546392441341865,5.059060098401151,13.487332342940714,0.0
ef04658e,4,4104,0.7542857142857142,4,49,0.8718766506729303,7.325361149462045,9.181633815252182,True,15.448044048107809,4.614113009179651,4.614113009179651,4.614113009179651,10.134219977685717,18.5063258605972,18.5063258605972,3.404196433927276,15.102129426669926,0.0
ef8e3ed0,3,5224,0.8613265306122447,8,49,0.9174263480570793,11.126146526720234,8.0,True,14.635089490374893,5.801780355390086,5.801780355390086,5.801780355390086,21.639932332638047,29.21107155236549,16.229218292438734,5.801780355390086,23.409291196975403,0.0
efde6ac3,4,4559,0.8503061224489795,7,49,0.8911527580147148,12.817908859510847,8.887749271075137,True,10.202375669006345,10.56111895062482,10.561118950624818,10.561118950624818,8.445152660721853,9.544840147249602,9.544840147249602,3.8956088536898785,5.649231293559723,-1.7763568394002505e-15
efe96181,4,4012,0.8789795918367346,22,49,0.7590151544034468,11.226718566874062,8.0,True,27.539517372291407,20.572228791192153,20.572228791192153,20.572228791192153,8.669662428322372,8.669662428322372,8.669662428322372,2.833512716529353,5.836149711793019,0.0
f0188a48,2,4170,0.8783673469387753,6,49,0.6414752115541597,27.155918183357766,11.366269387429663,True,6.015986492439641,12.467407359900328,12.467407359900328,12.467407359900328,12.467407359900328,12.467407359900328,12.467407359900328,6.480447625050467,5.986959734849861,0.0
f021b650,0,3739,0.31969387755102036,10,49,0.986692502489484,9.020987741554656,21.009258476631164,True,6.684494210561717,4.3008902299647795,4.3008902299647795,4.3008902299647795,39.06024538749477,33.35782453877807,33.35782453877807,4.3008902299647795,29.05693430881329,0.0
f03f10fe,2,4145,0.8294897959183672,15,49,0.7826005464461283,15.181854824063855,8.0,True,9.378929872264584,8.77307669614511,8.77307669614511,8.77307669614511,12.237935657460017,12.721171216005581,6.413518498449429,5.999545870397116,6.721625345608466,0.0
f053a1b9,4,4108,0.7822448979591836,2,49,0.632488935812269,30.38097623914029,10.427685910953372,True,10.028295659116962,12.456781515266204,12.456781515266204,7.434936100046112,11.93535653296231,7.434936100046113,7.434936100046113,3.922390075510058,3.5125460245360554,-5.021845415220092
f074d277,2,2453,0.9196938775510203,3,49,0.40998299705427194,52.30870963146262,11.604956903163634,True,12.187719616802815,3.4848683857152674,3.4848683857152674,3.4848683857152674,4.839580718006638,14.850439754640078,14.850439754640078,2.776162848301639,12.07427690633844,0.0
f07d7037,3,5563,0.7427551020408162,3,49,1.0051990351673752,-0.13041916310035806,8.0,True,7.4960867974462735,5.9599775681564635,5.9599775681564635,5.9599775681564635,8.532883969737247,16.281560073325608,5.9599775681564635,5.279557870118044,11.002002203207564,0.0
f08774c3,4,3900,0.728469387755102,1,49,0.7633279768580737,22.568532203433556,16.642822349037726,True,11.44575716149874,10.324357133179008,10.324357133179008,10.324357133179008,14.693915531792035,3.338775863740499,3.338775863740499,3.338775863740499,0.0,0.0
f140c2fa,4,4082,0.8354081632653061,4,49,0.5390179626232561,41.99701843376843,11.055143564127482,True,13.3161842942989,14.377505599383523,14.377505599383523,14.377505599383523,9.395230178553057,10.401476090785366,10.401476090785366,2.665552457044504,7.735923633740862,0.0
f16e25e3,4,4651,0.8681632653061223,3,49,0.7554855392096774,22.582074023042313,13.024659779035202,True,2.9647800324346743,4.661634991215781,13.292465658498717,2.50639924151801,6.422367168732746,13.292465658498717,13.292465658498717,2.5063992415180096,10.786066416980708,-2.1552357496977708
f2d4c8c9,3,6249,0.8277551020408163,23,49,0.7538326385457917,26.990923893001465,11.654828624903592,True,4.229551942410153,6.51544688674292,21.0747255963246,21.0747255963246,10.459413503915743,21.0747255963246,21.0747255963246,5.958419708449615,15.116305887874987,14.559278709581681
f321a31c,2,5141,0.6678571428571428,19,49,1.0245157781332352,-4.404894007115664,8.037813494823691,True,12.557281531880928,15.418716274782488,15.418716274782486,15.418716274782486,29.547278652571887,24.74142929278737,29.504306912198338,14.202190675049795,10.539238617737574,-1.7763568394002505e-15
f40cd091,3,5166,0.6636734693877551,8,49,0.556858844836345,44.13170925453062,13.706923095630575,True,7.728760684292187,7.653107352140223,7.653107352140223,7.653107352140223,12.888091626100737,26.586949145250173,35.823428118122806,6.818804804817218,19.768144340432954,0.0
f439a621,2,2821,0.8595918367346939,3,49,1.0168054393097954,-0.3638657073335583,8.0,True,6.65613263851673,4.9500289694086606,4.9500289694086606,4.9500289694086606,6.428545961584011,7.723582755453954,12.741781545509376,3.4753789274215587,4.248203828032395,0.0
f49fdea3,3,5391,0.5008163265306123,26,49,0.7622511635554101,23.988944490320268,11.043056827463777,True,12.40626946494166,19.28725823563613,32.183340757151434,6.573805887027922,25.220649319762156,14.199851797004916,14.199851797004916,5.079917696119488,9.119934100885427,-12.713452348608207
f4d12d23,0,3701,0.8079591836734692,6,49,0.9434032074262426,1.5248528307122717,13.997156529799279,True,16.062842467413066,15.60415493981342,15.60415493981342,15.60415493981342,32.78785328768616,32.78785328768616,32.78785328768616,3.489868045948054,29.297985241738107,0.0
f56d3ace,4,5432,0.9365306122448978,1,49,0.8656540006541769,10.288591083522311,8.0,True,6.90314793936432,12.03565380225591,12.03565380225591,12.03565380225591,7.0091990128727915,3.6607074666457566,3.6607074666457566,3.6607074666457566,0.0,0.0
f5859199,2,5790,0.7162244897959184,2,49,0.5681034926447702,41.765608756389106,12.651803452352096,True,15.921573253079503,24.170886412565533,24.170886412565533,24.170886412565533,15.681035759424912,7.226566820784811,6.682163167968625,6.682163167968625,0.544403652816186,0.0
f5d8aab6,4,4444,0.9049999999999998,5,49,0.7419641385497754,27.45533286318767,9.90984433907681,True,15.698547978741031,9.699665241109551,9.699665241109551,9.699665241109551,14.787963986821778,26.53157749215652,26.53157749215652,4.988262184137051,21.543315308019466,0.0
f631da6e,4,4093,0.7263265306122448,2,49,0.7053540329754451,33.34790728744109,14.575644387013485,True,8.782664213746434,6.989139314334638,6.989139314334638,6.989139314334638,19.73285725488191,37.26003762464524,37.26003762464524,2.712460756737121,34.54757686790812,0.0
f6824bb0,4,5015,0.8449999999999999,12,49,0.8109846543769623,13.483798742777426,10.657302069082156,True,20.837423542758717,25.80072492181095,25.80072492181095,42.90922032381723,19.902814565308994,23.893032803685344,42.90922032381723,4.4315904513909,19.461442352294444,17.10849540200628
f6bc699b,0,3752,0.8593877551020407,3,49,0.872306119273316,12.411653106443396,8.331313999253489,True,10.622157035929634,4.881762873338806,4.881762873338806,4.881762873338806,7.061804634522552,10.289758901494682,31.44031922394667,4.881762873338806,5.4079960281558765,0.0
f6d009f4,3,6715,0.7211224489795918,13,49,0.7143589536979852,29.30165749851308,11.519428083463255,True,47.03924865295554,45.540847765967136,45.540847765967136,37.11696723536841,23.474221231626487,14.628358080340991,14.628358080340991,10.667505814390545,3.9608522659504466,-8.423880530598723
f72b268f,3,6404,0.6845918367346937,6,49,0.4753899602492706,54.733406899897425,15.256903450465499,True,12.93812397222547,12.831478747709065,12.831478747709065,12.831478747709065,10.75531920020419,12.831478747709065,28.79477019067436,4.143739011153893,8.687739736555173,0.0
f8662c22,2,5429,0.8574489795918367,2,49,0.7344582870699388,21.271759758291253,9.55867869378758,True,15.629207250700455,8.383006075854864,8.383006075854864,4.529347702098589,12.207926614647741,23.967988802416432,23.967988802416432,4.529347702098589,19.438641100317845,-3.853658373756275
f88ddb26,1,4990,0.8940816326530612,3,49,0.8607767174651079,10.695395240823173,8.0,True,51.40308485650886,16.21381964763295,16.21381964763295,16.21381964763295,21.371784193173813,9.022890888077319,59.078189653490995,6.247821363179162,2.7750695248981563,0.0
f8afa78a,4,6032,0.4612244897959183,9,49,0.6842255021475585,35.18147625083326,11.870306383227264,True,14.720946843240096,9.78044888292476,9.78044888292476,9.78044888292476,28.862466898267893,65.40079645796806,65.40079645796806,7.07004524238881,58.33075121557925,0.0
f8f59188,3,4807,0.900204081632653,5,49,0.8197333036231007,12.778978561087085,8.744694031324158,True,6.924261008500594,5.437210931658554,5.437210931658554,5.437210931658554,7.000618355311172,13.740057797703162,13.740057797703162,5.437210931658554,8.302846866044607,0.0
f9fc81aa,4,5598,0.6422448979591836,15,49,0.5524895063729055,37.313700499075416,9.800633762219686,True,8.639067487231838,7.883490366360183,7.883490366360183,7.883490366360183,32.89259698808389,39.98616887630495,39.98616887630495,6.562733157379638,33.42343571892531,0.0
fa16d114,3,5686,0.8559183673469387,3,49,0.8216706870118213,20.865379486731737,8.542185506910204,True,20.815118518803075,16.208487567051066,16.208487567051066,16.208487567051066,5.092100506082479,7.422026059810583,7.422026059810583,6.063722843090122,1.3583032167204605,0.0
fa31da94,3,5027,0.7731632653061224,1,49,0.6981339600466885,23.895847937781237,9.980680694444278,True,5.188297076747949,14.659568318431852,14.659568318431852,4.315502198662689,21.91552976567661,4.315502198662689,4.315502198662689,4.315502198662689,0.0,-10.344066119769163
fa667be2,1,7296,0.7935714285714285,12,49,0.6718098282148318,28.16650623627946,9.501741102914446,True,8.802015991385062,6.4305459268786365,6.4305459268786365,8.055657377989347,18.729202805791008,8.055657377989347,8.055657377989347,6.4305459268786365,1.62511145111071,1.62511145111071
fae0c593,1,4403,0.8947959183673468,2,49,0.8995097520594553,8.773480517750112,11.236797112263936,True,10.97095627674098,11.436052764626154,11.436052764626154,11.436052764626154,7.821598474528902,10.276704247977545,14.695439954973338,6.895775438539413,3.3809288094381316,0.0
fb03ae90,0,6431,0.32530612244897955,17,49,0.891637178183171,9.093783793447649,10.626395468795028,False,42.88755217158539,33.73689157573086,26.5943186396053,23.009117619234843,74.976887717476,77.33392637583617,77.33392637583617,12.675217317227528,64.65870905860865,-10.727773956496016
fb0904bd,4,3181,0.7013265306122449,35,49,0.7991619727806757,21.10145316067006,12.707599702436635,True,1.7987576836953807,9.301950675376396,9.301950675376395,9.301950675376395,26.772210234331368,19.975195907307302,19.975195907307302,3.7475486920067405,16.22764721530056,-1.7763568394002505e-15
fb3848a1,0,5919,0.8845918367346938,5,49,0.900969736281242,8.89995397744655,10.316424553070727,True,9.958923975567506,6.209244402952072,6.209244402952071,6.209244402952071,12.254650774640616,17.772480766946387,17.772480766946387,4.342572819627516,13.42990794731887,-8.881784197001252e-16
fb73b13a,0,5640,0.8086734693877551,2,49,0.7717687331726193,21.544856184801873,14.313096497656145,True,9.977934385041513,17.483764717002174,17.483764717002174,7.73118826153195,10.421463989822639,12.70087117948712,12.70087117948712,7.73118826153195,4.969682917955169,-9.752576455470223
fba7683c,3,407,0.898673469387755,18,49,0.871127860403111,13.901564255210701,14.644206582394126,True,2.555309739035002,16.577179273740253,3.6865195502188124,12.706689382316648,11.339549414355007,8.770294297146169,10.389303783562003,3.203559071961925,5.566735225184244,-3.8704898914236043
fbd68d27,1,6829,0.8721428571428571,15,49,0.5284881326403702,35.58730977173812,9.849802764975692,True,22.09543667740266,29.34956974958958,29.34956974958958,29.34956974958958,23.34190810315749,39.37441561792072,12.5475730136346,7.772139179841262,31.602276438079457,0.0
fc03f21f,1,4803,0.4281632653061224,35,49,1.0609520816335427,4.304536962167488,15.32602968409782,True,12.90913373270699,8.54853377033883,18.40807480788264,20.186258618250985,19.80293267031876,45.41240420836912,45.41240420836912,8.54853377033883,36.86387043803029,11.637724847912155
fc0d20b2,0,3954,0.0910204081632653,33,49,0.8988859892530493,14.004882765797525,8.446861157427573,True,11.932087953866953,7.446161385204836,7.446161385204836,7.446161385204836,66.71147406160895,63.29663781444878,63.29663781444878,4.903526689551827,58.393111124896954,0.0
fcfcc902,1,2791,0.8502040816326529,3,49,0.8409910126773943,17.011782993149705,12.0099933608643,True,8.80765155445474,6.609639719982421,6.609639719982421,6.609639719982421,7.23017923479253,14.45917058008066,4.635611448725697,4.635611448725697,9.823559131354962,0.0
fd3b4faa,0,5022,0.8614285714285713,1,49,0.8546768803985473,14.643073569683878,8.0,True,7.446926041471426,2.6217163861569923,2.6217163861569923,2.6217163861569923,4.517645866143906,2.6217163861569923,2.6217163861569923,2.6217163861569923,0.0,0.0
fd710aea,2,4217,0.8823469387755101,5,49,0.782991759402815,18.04026257908187,8.0,True,7.203999750290396,5.762681643845509,5.762681643845509,5.762681643845509,10.973488007780302,10.973488007780302,10.973488007780302,2.449400008110109,8.524087999670193,0.0
fd8f77fa,4,5272,0.47173469387755096,11,49,0.7819934510147741,19.003780665616784,8.0,True,27.415343744152285,11.735164202046558,11.735164202046558,11.735164202046558,34.602080765260666,33.02391464168891,33.02391464168891,4.613203782916444,28.410710858772468,0.0
fde20ecf,4,4667,0.38357142857142856,15,49,0.9806818474194214,3.7697884195639686,9.59019088715243,True,16.31905728866344,12.530657798300457,7.1561400716496415,7.042083821956626,7.156140071649635,10.622134290935913,17.475639667884266,6.3447766683204865,4.277357622615426,-5.48857397634383
fdfd57da,3,5236,0.9549999999999998,1,49,0.9369328625880772,7.767086995245899,8.682952139341637,True,4.29522046585047,7.513418391357108,7.513418391357109,7.513418391357109,5.958334306586561,4.508001966476817,4.508001966476817,4.508001966476817,0.0,8.881784197001252e-16
febb4411,2,4247,0.5812244897959183,1,49,0.831905494946266,14.140113731576385,11.76633477840446,True,13.027667980552959,20.28400613325422,10.278281540066974,10.278281540066974,10.257719105167345,9.240655242517281,9.240655242517281,9.240655242517281,0.0,-10.005724593187246
fef8af96,0,3826,0.8774489795918365,3,49,0.9307985021573897,5.74439960341584,8.0,True,44.55173272632465,26.093218191756105,26.093218191756105,26.093218191756105,7.457348417325268,7.8562723026606545,47.07970657426005,6.2345220492169915,1.621750253443663,0.0
ff0aea78,3,3261,0.8478571428571428,2,49,0.8541799979129536,13.140300518968049,10.028505434220957,True,30.697786830378174,14.93710384878928,14.937103848789278,14.937103848789278,13.491038396408753,23.144284965547953,23.144284965547953,5.19961612335605,17.944668842191902,-1.7763568394002505e-15
ff8bb73a,0,5927,0.7543877551020407,4,49,0.7136003942659535,23.630493503896783,8.0,True,9.861864748200674,9.13160934770263,9.13160934770263,9.13160934770263,5.234321285496622,14.850560669351859,14.850560669351859,5.554539784618277,9.296020884733583,0.0
ffefef30,4,4570,0.7423469387755102,7,49,0.7867037829886001,16.759213810655375,10.213752980655189,True,7.035568765607176,14.36410213227348,8.085619920428739,8.085619920428739,17.4600461899662,10.358903334218974,10.358903334218974,7.084257336583809,3.274645997635165,-6.278482211844741
