well_id,selector,c1,c2
000d7d20,ridge_prior,109.90946572551235,0.8159522544854818
000d7d20,raw_selector,139.90946572551235,-29.18404774551452
000d7d20,multiscale_selector,109.90946572551235,0.8159522544854818
000d7d20,top3_multiscale,99.90946572551235,-9.184047745514519
000d7d20,grid_oracle,109.90946572551235,-29.18404774551452
00bbac68,ridge_prior,198.9741814829938,-5.691621278179624
00bbac68,raw_selector,168.9741814829938,-5.691621278179624
00bbac68,multiscale_selector,168.9741814829938,-5.691621278179624
00bbac68,top3_multiscale,178.9741814829938,14.308378721820375
00bbac68,grid_oracle,198.9741814829938,-35.691621278179625
00e12e8b,ridge_prior,181.67772282411448,-19.44980645137097
00e12e8b,raw_selector,241.67772282411448,-79.44980645137097
00e12e8b,multiscale_selector,241.67772282411448,-79.44980645137097
00e12e8b,top3_multiscale,211.6777228241145,-59.44980645137097
00e12e8b,grid_oracle,211.67772282411448,-79.44980645137097
015fe0d2,ridge_prior,-164.80183398380962,-5.105202220371857
015fe0d2,raw_selector,-134.80183398380962,-35.10520222037186
015fe0d2,multiscale_selector,-134.80183398380962,-35.10520222037186
015fe0d2,top3_multiscale,-124.80183398380962,-55.10520222037186
015fe0d2,grid_oracle,-104.80183398380962,-35.10520222037186
01869cd4,ridge_prior,-201.62818614393973,-1.1041680154618243
01869cd4,raw_selector,-261.62818614393973,118.89583198453818
01869cd4,multiscale_selector,-261.62818614393973,118.89583198453818
01869cd4,top3_multiscale,-171.62818614393973,-11.104168015461823
01869cd4,grid_oracle,-201.62818614393973,-1.1041680154618243
01982c1d,ridge_prior,122.54486244958596,35.80883502628973
01982c1d,raw_selector,152.54486244958596,-24.191164973710272
01982c1d,multiscale_selector,62.54486244958596,95.80883502628973
01982c1d,top3_multiscale,122.54486244958598,25.808835026289728
01982c1d,grid_oracle,122.54486244958596,5.808835026289728
028d7b28,ridge_prior,-316.25448792573854,92.46326606703477
028d7b28,raw_selector,-376.25448792573854,122.46326606703477
028d7b28,multiscale_selector,-286.25448792573854,32.463266067034766
028d7b28,top3_multiscale,-306.25448792573854,62.463266067034766
028d7b28,grid_oracle,-376.25448792573854,122.46326606703477
02e7fe5a,ridge_prior,137.04193941022382,-38.08336728179756
02e7fe5a,raw_selector,107.04193941022382,-8.083367281797557
02e7fe5a,multiscale_selector,167.04193941022382,-98.08336728179756
02e7fe5a,top3_multiscale,147.04193941022382,-68.08336728179756
02e7fe5a,grid_oracle,137.04193941022382,-38.08336728179756
0390d174,ridge_prior,-170.1593917142725,8.815510411189194
0390d174,raw_selector,-230.1593917142725,68.8155104111892
0390d174,multiscale_selector,-230.1593917142725,68.8155104111892
0390d174,top3_multiscale,-200.1593917142725,48.815510411189194
0390d174,grid_oracle,-200.1593917142725,38.815510411189194
03a935ae,ridge_prior,166.11374903315556,-66.8751864743343
03a935ae,raw_selector,136.11374903315556,-96.8751864743343
03a935ae,multiscale_selector,136.11374903315556,-96.8751864743343
03a935ae,top3_multiscale,216.11374903315559,-156.8751864743343
03a935ae,grid_oracle,166.11374903315556,-126.8751864743343
044af7d1,ridge_prior,-122.13885027523742,-15.806662554601392
044af7d1,raw_selector,-62.13885027523742,-75.80666255460139
044af7d1,multiscale_selector,-62.13885027523742,-45.80666255460139
044af7d1,top3_multiscale,-92.13885027523742,-35.80666255460139
044af7d1,grid_oracle,-122.13885027523742,-15.806662554601392
0498acab,ridge_prior,-134.89706588180587,-9.212873930976425
0498acab,raw_selector,-134.89706588180587,-9.212873930976425
0498acab,multiscale_selector,-134.89706588180587,-9.212873930976425
0498acab,top3_multiscale,-134.89706588180587,10.787126069023573
0498acab,grid_oracle,-134.89706588180587,-9.212873930976425
052d64df,ridge_prior,93.6775206160028,-8.486307414704132
052d64df,raw_selector,93.6775206160028,-8.486307414704132
052d64df,multiscale_selector,93.6775206160028,-8.486307414704132
052d64df,top3_multiscale,133.6775206160028,-58.48630741470413
052d64df,grid_oracle,63.677520616002795,21.513692585295868
05948241,ridge_prior,159.01081495610754,3.3651303208116614
05948241,raw_selector,129.01081495610754,-26.634869679188338
05948241,multiscale_selector,39.01081495610754,123.36513032081166
05948241,top3_multiscale,99.01081495610754,33.36513032081166
05948241,grid_oracle,129.01081495610754,33.36513032081166
059c8f24,ridge_prior,-339.80199760964814,107.35897996081135
059c8f24,raw_selector,-459.80199760964814,227.35897996081135
059c8f24,multiscale_selector,-459.80199760964814,227.35897996081135
059c8f24,top3_multiscale,-439.80199760964814,167.35897996081135
059c8f24,grid_oracle,-459.80199760964814,227.35897996081135
05a0ee4d,ridge_prior,210.20025583347586,-14.58842394344667
05a0ee4d,raw_selector,150.20025583347586,45.41157605655333
05a0ee4d,multiscale_selector,150.20025583347586,45.41157605655333
05a0ee4d,top3_multiscale,170.20025583347586,15.41157605655333
05a0ee4d,grid_oracle,180.20025583347586,-14.58842394344667
060ab2b8,ridge_prior,213.96009558998475,-34.688174398988835
060ab2b8,raw_selector,183.96009558998475,-4.688174398988835
060ab2b8,multiscale_selector,93.96009558998475,85.31182560101117
060ab2b8,top3_multiscale,143.96009558998475,5.311825601011165
060ab2b8,grid_oracle,213.96009558998475,-64.68817439898883
06df5958,ridge_prior,-105.39952867763435,-21.840082940883885
06df5958,raw_selector,-105.39952867763435,-21.840082940883885
06df5958,multiscale_selector,-105.39952867763435,-21.840082940883885
06df5958,top3_multiscale,-75.39952867763435,-61.84008294088389
06df5958,grid_oracle,-105.39952867763435,-21.840082940883885
071d7b45,ridge_prior,136.85796625626847,8.94091040408327
071d7b45,raw_selector,106.85796625626847,8.94091040408327
071d7b45,multiscale_selector,106.85796625626847,8.94091040408327
071d7b45,top3_multiscale,126.85796625626847,-21.05908959591673
071d7b45,grid_oracle,166.85796625626847,-21.05908959591673
0849b4e2,ridge_prior,-136.54298519129836,-1.4329317740884713
0849b4e2,raw_selector,-166.54298519129836,28.56706822591153
0849b4e2,multiscale_selector,-166.54298519129836,28.56706822591153
0849b4e2,top3_multiscale,-116.54298519129834,-41.43293177408847
0849b4e2,grid_oracle,-136.54298519129836,-31.43293177408847
084d66f9,ridge_prior,-126.22754482375689,7.562977638029594
084d66f9,raw_selector,-96.22754482375689,7.562977638029594
084d66f9,multiscale_selector,-96.22754482375689,37.562977638029594
084d66f9,top3_multiscale,-106.22754482375689,27.562977638029594
084d66f9,grid_oracle,-66.22754482375689,-52.437022361970406
08fecf00,ridge_prior,-117.76884753421231,-26.381044138651426
08fecf00,raw_selector,-147.7688475342123,-26.381044138651426
08fecf00,multiscale_selector,-177.7688475342123,33.618955861348574
08fecf00,top3_multiscale,-137.7688475342123,-16.381044138651426
08fecf00,grid_oracle,-147.7688475342123,3.6189558613485744
09053135,ridge_prior,-201.72992562665942,26.51829750239647
09053135,raw_selector,-261.72992562665945,86.51829750239648
09053135,multiscale_selector,-201.72992562665942,-93.48170249760352
09053135,top3_multiscale,-211.72992562665945,-3.4817024976035236
09053135,grid_oracle,-171.72992562665942,-3.4817024976035285
09441b8d,ridge_prior,199.97084799850467,-8.492251512469188
09441b8d,raw_selector,259.97084799850467,-38.49225151246919
09441b8d,multiscale_selector,259.97084799850467,-38.49225151246919
09441b8d,top3_multiscale,189.97084799850464,1.5077484875308116
09441b8d,grid_oracle,139.97084799850467,51.50774848753081
0955cd6c,ridge_prior,-100.10923782803401,-31.298005811069306
0955cd6c,raw_selector,-130.109237828034,-1.2980058110693058
0955cd6c,multiscale_selector,-130.109237828034,-1.2980058110693058
0955cd6c,top3_multiscale,-130.109237828034,18.701994188930694
0955cd6c,grid_oracle,-100.10923782803401,-31.298005811069306
09ec2ca9,ridge_prior,137.16647134123073,24.64240617887592
09ec2ca9,raw_selector,137.16647134123073,24.64240617887592
09ec2ca9,multiscale_selector,77.16647134123073,84.64240617887592
09ec2ca9,top3_multiscale,97.16647134123075,34.642406178875916
09ec2ca9,grid_oracle,137.16647134123073,24.64240617887592
0a57a29c,ridge_prior,194.9881537331511,-5.620467516346534
0a57a29c,raw_selector,74.98815373315111,114.37953248365346
0a57a29c,multiscale_selector,254.9881537331511,-5.620467516346534
0a57a29c,top3_multiscale,134.9881537331511,54.37953248365346
0a57a29c,grid_oracle,134.9881537331511,54.37953248365346
0bbf5e67,ridge_prior,-130.42596535684112,0.16189164518456978
0bbf5e67,raw_selector,-130.42596535684112,0.16189164518456978
0bbf5e67,multiscale_selector,-130.42596535684112,0.16189164518456978
0bbf5e67,top3_multiscale,-140.42596535684112,0.16189164518456778
0bbf5e67,grid_oracle,-100.42596535684112,-29.83810835481543
0be01c24,ridge_prior,-136.5519766342184,-20.181294507475815
0be01c24,raw_selector,-166.5519766342184,9.818705492524185
0be01c24,multiscale_selector,-166.5519766342184,9.818705492524185
0be01c24,top3_multiscale,-156.5519766342184,-10.181294507475815
0be01c24,grid_oracle,-166.5519766342184,9.818705492524185
0c1b160c,ridge_prior,-159.2181382057359,3.269478626914898
0c1b160c,raw_selector,-99.2181382057359,-26.730521373085104
0c1b160c,multiscale_selector,-159.2181382057359,-26.730521373085104
0c1b160c,top3_multiscale,-189.21813820573593,13.269478626914898
0c1b160c,grid_oracle,-129.2181382057359,-26.730521373085104
0d99f8e4,ridge_prior,-183.30649226200057,8.845035972511653
0d99f8e4,raw_selector,-213.30649226200057,8.845035972511653
0d99f8e4,multiscale_selector,-213.30649226200057,8.845035972511653
0d99f8e4,top3_multiscale,-223.30649226200057,38.84503597251165
0d99f8e4,grid_oracle,-213.30649226200057,38.84503597251165
0dc5e64d,ridge_prior,-227.918792745361,21.829565751132385
0dc5e64d,raw_selector,-167.918792745361,-38.170434248867615
0dc5e64d,multiscale_selector,-167.918792745361,-38.170434248867615
0dc5e64d,top3_multiscale,-207.918792745361,1.8295657511323853
0dc5e64d,grid_oracle,-257.918792745361,51.829565751132385
0dc835f3,ridge_prior,168.15017071926928,51.08450193756605
0dc835f3,raw_selector,138.15017071926928,51.08450193756605
0dc835f3,multiscale_selector,138.15017071926928,51.08450193756605
0dc835f3,top3_multiscale,158.15017071926928,51.08450193756605
0dc835f3,grid_oracle,108.15017071926928,111.08450193756605
0dd99dc5,ridge_prior,260.1263863261587,-12.88853764304027
0dd99dc5,raw_selector,320.1263863261587,-72.88853764304027
0dd99dc5,multiscale_selector,320.1263863261587,-72.88853764304027
0dd99dc5,top3_multiscale,250.1263863261587,-82.88853764304027
0dd99dc5,grid_oracle,290.1263863261587,-42.888537643040266
0e5e560d,ridge_prior,123.0544062915661,11.69589555131276
0e5e560d,raw_selector,153.0544062915661,-18.30410444868724
0e5e560d,multiscale_selector,153.0544062915661,-18.30410444868724
0e5e560d,top3_multiscale,123.05440629156608,1.6958955513127592
0e5e560d,grid_oracle,153.0544062915661,-48.30410444868724
109d9d70,ridge_prior,194.00870225274235,-31.377807776100333
109d9d70,raw_selector,194.00870225274235,-1.3778077761003331
109d9d70,multiscale_selector,194.00870225274235,-1.3778077761003331
109d9d70,top3_multiscale,174.00870225274238,8.622192223899667
109d9d70,grid_oracle,194.00870225274235,-1.3778077761003331
10a1281a,ridge_prior,229.1091471775654,-30.60714675532688
10a1281a,raw_selector,109.1091471775654,29.39285324467312
10a1281a,multiscale_selector,109.1091471775654,29.39285324467312
10a1281a,top3_multiscale,129.1091471775654,-10.60714675532688
10a1281a,grid_oracle,229.1091471775654,-60.60714675532688
10b89021,ridge_prior,215.4984940083473,-73.76982483979624
10b89021,raw_selector,215.4984940083473,-73.76982483979624
10b89021,multiscale_selector,215.4984940083473,-73.76982483979624
10b89021,top3_multiscale,225.4984940083473,-83.76982483979624
10b89021,grid_oracle,245.4984940083473,-133.76982483979623
10be2420,ridge_prior,153.43734594559206,10.735745193591164
10be2420,raw_selector,153.43734594559206,10.735745193591164
10be2420,multiscale_selector,153.43734594559206,10.735745193591164
10be2420,top3_multiscale,133.43734594559206,20.73574519359116
10be2420,grid_oracle,123.43734594559206,40.735745193591164
113011eb,ridge_prior,-113.47397056520086,-12.599712090273947
113011eb,raw_selector,-53.47397056520086,-42.59971209027395
113011eb,multiscale_selector,-53.47397056520086,-42.59971209027395
113011eb,top3_multiscale,-43.47397056520086,-62.599712090273954
113011eb,grid_oracle,-83.47397056520086,-72.59971209027395
1131525f,ridge_prior,-109.99344279812897,-10.964624056324336
1131525f,raw_selector,-79.99344279812897,-40.96462405632434
1131525f,multiscale_selector,-79.99344279812897,-40.96462405632434
1131525f,top3_multiscale,-99.99344279812897,-20.96462405632434
1131525f,grid_oracle,-109.99344279812897,19.035375943675664
11d0f5ac,ridge_prior,155.30209362877753,-6.080149749839831
11d0f5ac,raw_selector,215.30209362877753,-36.08014974983983
11d0f5ac,multiscale_selector,125.30209362877753,53.91985025016017
11d0f5ac,top3_multiscale,165.30209362877753,3.919850250160168
11d0f5ac,grid_oracle,185.30209362877753,-36.08014974983983
12203f2a,ridge_prior,161.8488947528881,-24.775793148075092
12203f2a,raw_selector,131.8488947528881,5.224206851924908
12203f2a,multiscale_selector,131.8488947528881,5.224206851924908
12203f2a,top3_multiscale,121.8488947528881,-24.775793148075095
12203f2a,grid_oracle,161.8488947528881,-54.775793148075095
122bd617,ridge_prior,212.07286922766596,-27.78051688604562
122bd617,raw_selector,182.07286922766596,-57.78051688604562
122bd617,multiscale_selector,182.07286922766596,-57.78051688604562
122bd617,top3_multiscale,182.07286922766596,-47.78051688604561
122bd617,grid_oracle,152.07286922766596,32.21948311395438
125be846,ridge_prior,284.50119430888327,-50.481903119487946
125be846,raw_selector,284.50119430888327,-80.48190311948795
125be846,multiscale_selector,254.50119430888327,-80.48190311948795
125be846,top3_multiscale,294.50119430888327,-90.48190311948797
125be846,grid_oracle,254.50119430888327,-50.481903119487946
1285a37b,ridge_prior,189.6601968097822,-6.299464818023111
1285a37b,raw_selector,219.6601968097822,-36.29946481802311
1285a37b,multiscale_selector,219.6601968097822,-36.29946481802311
1285a37b,top3_multiscale,219.6601968097822,-36.29946481802311
1285a37b,grid_oracle,189.6601968097822,-6.299464818023111
1295a25b,ridge_prior,-154.14536938544668,-31.26734819724573
1295a25b,raw_selector,-124.14536938544668,-61.26734819724573
1295a25b,multiscale_selector,-34.145369385446685,-151.26734819724572
1295a25b,top3_multiscale,-104.1453693854467,-71.26734819724572
1295a25b,grid_oracle,-124.14536938544668,-61.26734819724573
12f0cd90,ridge_prior,-323.38573216572394,40.57733768144723
12f0cd90,raw_selector,-353.38573216572394,70.57733768144723
12f0cd90,multiscale_selector,-353.38573216572394,40.57733768144723
12f0cd90,top3_multiscale,-333.38573216572394,10.577337681447233
12f0cd90,grid_oracle,-353.38573216572394,40.57733768144723
137d1e44,ridge_prior,109.87577765568224,25.292305249698902
137d1e44,raw_selector,139.87577765568224,-94.7076947503011
137d1e44,multiscale_selector,49.87577765568224,-4.707694750301098
137d1e44,top3_multiscale,29.875777655682242,25.2923052496989
137d1e44,grid_oracle,109.87577765568224,55.2923052496989
13ce113d,ridge_prior,135.0938594556719,-33.275028679634474
13ce113d,raw_selector,135.0938594556719,-33.275028679634474
13ce113d,multiscale_selector,135.0938594556719,-33.275028679634474
13ce113d,top3_multiscale,125.09385945567188,-23.275028679634474
13ce113d,grid_oracle,135.0938594556719,-33.275028679634474
13f598d9,ridge_prior,262.7046471067573,-33.539231776268636
13f598d9,raw_selector,262.7046471067573,-33.539231776268636
13f598d9,multiscale_selector,262.7046471067573,-33.539231776268636
13f598d9,top3_multiscale,232.7046471067573,6.460768223731364
13f598d9,grid_oracle,262.7046471067573,-33.539231776268636
14a53cb3,ridge_prior,169.79594466194632,13.089434904548568
14a53cb3,raw_selector,229.79594466194632,-106.91056509545143
14a53cb3,multiscale_selector,229.79594466194632,-106.91056509545143
14a53cb3,top3_multiscale,189.79594466194632,-56.91056509545143
14a53cb3,grid_oracle,169.79594466194632,13.089434904548568
14ab73fb,ridge_prior,-13.607913247547344,15.511736552568482
14ab73fb,raw_selector,106.39208675245266,-104.48826344743152
14ab73fb,multiscale_selector,106.39208675245266,-104.48826344743152
14ab73fb,top3_multiscale,-3.6079132475473443,-24.48826344743152
14ab73fb,grid_oracle,-13.607913247547344,-14.488263447431518
14ad5efb,ridge_prior,-272.15413468130765,-5.2532452787047035
14ad5efb,raw_selector,-302.15413468130765,-35.2532452787047
14ad5efb,multiscale_selector,-302.15413468130765,-35.2532452787047
14ad5efb,top3_multiscale,-292.15413468130765,-35.253245278704696
14ad5efb,grid_oracle,-332.15413468130765,54.7467547212953
14fee784,ridge_prior,215.37664026645163,-28.55130817435117
14fee784,raw_selector,95.37664026645163,91.44869182564884
14fee784,multiscale_selector,95.37664026645163,91.44869182564884
14fee784,top3_multiscale,135.37664026645163,11.448691825648835
14fee784,grid_oracle,95.37664026645163,91.44869182564884
153552f5,ridge_prior,162.0982422876511,15.43953448603704
153552f5,raw_selector,102.09824228765109,45.43953448603704
153552f5,multiscale_selector,102.09824228765109,45.43953448603704
153552f5,top3_multiscale,162.0982422876511,5.43953448603704
153552f5,grid_oracle,192.0982422876511,-44.56046551396296
1550491d,ridge_prior,220.50378605564353,-39.44141005609836
1550491d,raw_selector,190.50378605564353,-9.441410056098363
1550491d,multiscale_selector,190.50378605564353,-9.441410056098363
1550491d,top3_multiscale,220.50378605564353,-49.44141005609836
1550491d,grid_oracle,190.50378605564353,-9.441410056098363
155887bb,ridge_prior,144.72412640520588,-16.64915990704282
155887bb,raw_selector,114.72412640520588,-46.649159907042815
155887bb,multiscale_selector,114.72412640520588,-46.649159907042815
155887bb,top3_multiscale,104.72412640520588,-36.649159907042815
155887bb,grid_oracle,204.72412640520588,-76.64915990704282
1590af81,ridge_prior,167.50993710582088,-18.24902651549138
1590af81,raw_selector,167.50993710582088,-18.24902651549138
1590af81,multiscale_selector,227.50993710582088,-48.24902651549138
1590af81,top3_multiscale,227.50993710582088,-88.24902651549138
1590af81,grid_oracle,167.50993710582088,-18.24902651549138
15e154a1,ridge_prior,-174.66751555536135,4.429407485229716
15e154a1,raw_selector,-144.66751555536135,-25.570592514770283
15e154a1,multiscale_selector,-144.66751555536135,-25.570592514770283
15e154a1,top3_multiscale,-164.66751555536135,24.429407485229717
15e154a1,grid_oracle,-114.66751555536135,-55.57059251477028
1619e2ca,ridge_prior,-122.66197375240904,-1.1396303555610785
1619e2ca,raw_selector,-182.66197375240904,58.86036964443892
1619e2ca,multiscale_selector,-182.66197375240904,58.86036964443892
1619e2ca,top3_multiscale,-162.66197375240904,18.860369644438922
1619e2ca,grid_oracle,-152.66197375240904,28.860369644438922
16e4a047,ridge_prior,104.16687546641694,18.579692075100596
16e4a047,raw_selector,44.16687546641694,48.579692075100596
16e4a047,multiscale_selector,44.16687546641694,48.579692075100596
16e4a047,top3_multiscale,94.16687546641693,18.579692075100596
16e4a047,grid_oracle,44.16687546641694,48.579692075100596
173ed841,ridge_prior,161.2398007976802,-0.16556076872295877
173ed841,raw_selector,221.2398007976802,59.83443923127704
173ed841,multiscale_selector,221.2398007976802,59.83443923127704
173ed841,top3_multiscale,241.2398007976802,-0.16556076872296188
173ed841,grid_oracle,221.2398007976802,-30.16556076872296
1770d7c6,ridge_prior,250.91195848992407,3.929279145212483
1770d7c6,raw_selector,280.9119584899241,3.929279145212483
1770d7c6,multiscale_selector,280.9119584899241,3.929279145212483
1770d7c6,top3_multiscale,280.9119584899241,-6.070720854787517
1770d7c6,grid_oracle,250.91195848992407,3.929279145212483
177622d7,ridge_prior,114.15548785476882,-3.704829796682035
177622d7,raw_selector,54.15548785476882,56.295170203317966
177622d7,multiscale_selector,84.15548785476882,-3.704829796682035
177622d7,top3_multiscale,134.1554878547688,-83.70482979668203
177622d7,grid_oracle,84.15548785476882,-3.704829796682035
18d24f7b,ridge_prior,185.23896131789044,-7.160079804479192
18d24f7b,raw_selector,185.23896131789044,-7.160079804479192
18d24f7b,multiscale_selector,185.23896131789044,-7.160079804479192
18d24f7b,top3_multiscale,155.23896131789044,12.839920195520806
18d24f7b,grid_oracle,185.23896131789044,-37.160079804479196
19137a89,ridge_prior,-224.10545306298022,7.876505161970554
19137a89,raw_selector,-164.10545306298022,-52.123494838029444
19137a89,multiscale_selector,-164.10545306298022,-52.123494838029444
19137a89,top3_multiscale,-194.10545306298022,-22.123494838029444
19137a89,grid_oracle,-224.10545306298022,7.876505161970554
1944513c,ridge_prior,192.92218892062624,-35.727313380598346
1944513c,raw_selector,222.92218892062624,-35.727313380598346
1944513c,multiscale_selector,222.92218892062624,-35.727313380598346
1944513c,top3_multiscale,202.92218892062624,-35.727313380598346
1944513c,grid_oracle,252.92218892062624,-95.72731338059835
197f8a5a,ridge_prior,197.07179235372968,-20.154953572096744
197f8a5a,raw_selector,167.07179235372968,39.845046427903256
197f8a5a,multiscale_selector,257.0717923537297,-80.15495357209674
197f8a5a,top3_multiscale,167.07179235372968,-0.1549535720967441
197f8a5a,grid_oracle,257.0717923537297,-80.15495357209674
19871e7f,ridge_prior,181.91066757343947,-5.267306510740652
19871e7f,raw_selector,151.91066757343947,-5.267306510740652
19871e7f,multiscale_selector,241.91066757343947,-65.26730651074065
19871e7f,top3_multiscale,191.91066757343947,4.732693489259347
19871e7f,grid_oracle,151.91066757343947,24.732693489259347
198a5607,ridge_prior,233.46101155409207,-6.615577660666174
198a5607,raw_selector,263.46101155409207,-6.615577660666174
198a5607,multiscale_selector,263.46101155409207,-36.615577660666176
198a5607,top3_multiscale,253.4610115540921,-16.615577660666176
198a5607,grid_oracle,203.46101155409207,23.384422339333824
19fb4f7b,ridge_prior,179.46969675410762,15.690019881304792
19fb4f7b,raw_selector,179.46969675410762,15.690019881304792
19fb4f7b,multiscale_selector,209.46969675410762,15.690019881304792
19fb4f7b,top3_multiscale,209.46969675410762,15.690019881304792
19fb4f7b,grid_oracle,179.46969675410762,45.69001988130479
1a518997,ridge_prior,-128.14469485963826,-21.244248880368932
1a518997,raw_selector,-188.14469485963826,38.75575111963107
1a518997,multiscale_selector,-188.14469485963826,38.75575111963107
1a518997,top3_multiscale,-118.14469485963826,-41.24424888036893
1a518997,grid_oracle,-98.14469485963826,-51.24424888036893
1a68190b,ridge_prior,-179.87226741869182,24.34154693396812
1a68190b,raw_selector,-179.87226741869182,24.34154693396812
1a68190b,multiscale_selector,-179.87226741869182,24.34154693396812
1a68190b,top3_multiscale,-189.87226741869185,14.341546933968118
1a68190b,grid_oracle,-119.87226741869182,-35.65845306603188
1a730ac2,ridge_prior,-147.442371602402,-0.08993091444399903
1a730ac2,raw_selector,-117.442371602402,-30.089930914444
1a730ac2,multiscale_selector,-117.442371602402,-30.089930914444
1a730ac2,top3_multiscale,-117.44237160240202,-10.089930914443997
1a730ac2,grid_oracle,-117.442371602402,-30.089930914444
1aaf1da0,ridge_prior,187.5322726533378,14.149844776247779
1aaf1da0,raw_selector,217.5322726533378,14.149844776247779
1aaf1da0,multiscale_selector,217.5322726533378,14.149844776247779
1aaf1da0,top3_multiscale,257.53227265333777,-35.85015522375222
1aaf1da0,grid_oracle,187.5322726533378,44.149844776247775
1b08ed48,ridge_prior,178.64649012975963,-16.51531941588083
1b08ed48,raw_selector,178.64649012975963,-46.515319415880825
1b08ed48,multiscale_selector,178.64649012975963,-46.515319415880825
1b08ed48,top3_multiscale,198.64649012975963,-86.51531941588082
1b08ed48,grid_oracle,148.64649012975963,13.484680584119172
1b1c5372,ridge_prior,-135.73636700462686,-12.631196410104861
1b1c5372,raw_selector,-165.73636700462686,-42.63119641010486
1b1c5372,multiscale_selector,-255.73636700462686,47.36880358989514
1b1c5372,top3_multiscale,-205.73636700462689,17.368803589895137
1b1c5372,grid_oracle,-195.73636700462686,17.368803589895137
1b1eba53,ridge_prior,-62.37480510493765,-32.76120010897868
1b1eba53,raw_selector,-2.37480510493765,-92.76120010897867
1b1eba53,multiscale_selector,-92.37480510493765,87.23879989102133
1b1eba53,top3_multiscale,-52.37480510493765,17.238799891021326
1b1eba53,grid_oracle,57.62519489506235,-62.76120010897868
1b6ba517,ridge_prior,242.3488871654264,-15.419347891495272
1b6ba517,raw_selector,302.3488871654264,-135.41934789149528
1b6ba517,multiscale_selector,302.3488871654264,-135.41934789149528
1b6ba517,top3_multiscale,242.3488871654264,-35.41934789149528
1b6ba517,grid_oracle,122.34888716542639,104.58065210850472
1b82b665,ridge_prior,-180.21263645486377,24.199685340984164
1b82b665,raw_selector,-180.21263645486377,-35.80031465901584
1b82b665,multiscale_selector,-210.21263645486377,84.19968534098416
1b82b665,top3_multiscale,-190.21263645486377,34.19968534098416
1b82b665,grid_oracle,-180.21263645486377,24.199685340984164
1bcb2fcf,ridge_prior,134.67640477492176,7.301147847315222
1bcb2fcf,raw_selector,104.67640477492176,37.30114784731522
1bcb2fcf,multiscale_selector,134.67640477492176,-22.69885215268478
1bcb2fcf,top3_multiscale,114.67640477492176,-2.698852152684779
1bcb2fcf,grid_oracle,134.67640477492176,7.301147847315222
1beca81d,ridge_prior,-105.84424428577861,-27.697403791612103
1beca81d,raw_selector,-135.84424428577861,-27.697403791612103
1beca81d,multiscale_selector,-75.84424428577861,-57.6974037916121
1beca81d,top3_multiscale,-95.84424428577863,-37.6974037916121
1beca81d,grid_oracle,-165.84424428577861,32.3025962083879
1d3fbf02,ridge_prior,-65.42839762657745,-16.376699350183486
1d3fbf02,raw_selector,-95.42839762657745,43.623300649816514
1d3fbf02,multiscale_selector,-5.42839762657745,-46.376699350183486
1d3fbf02,top3_multiscale,-15.42839762657745,-46.376699350183486
1d3fbf02,grid_oracle,-95.42839762657745,43.623300649816514
1d78281a,ridge_prior,-185.71157096891943,21.049682250324775
1d78281a,raw_selector,-125.71157096891943,-98.95031774967522
1d78281a,multiscale_selector,-125.71157096891943,-98.95031774967522
1d78281a,top3_multiscale,-125.71157096891943,-18.95031774967522
1d78281a,grid_oracle,-155.71157096891943,-8.950317749675225
1e30dedf,ridge_prior,275.7291349430257,-19.20700917346465
1e30dedf,raw_selector,275.7291349430257,-79.20700917346466
1e30dedf,multiscale_selector,335.7291349430257,-49.207009173464655
1e30dedf,top3_multiscale,295.7291349430257,-29.207009173464655
1e30dedf,grid_oracle,275.7291349430257,-19.20700917346465
1e5e3573,ridge_prior,-127.56924939278667,-6.530143495371043
1e5e3573,raw_selector,-97.56924939278667,23.469856504628957
1e5e3573,multiscale_selector,-127.56924939278667,23.469856504628957
1e5e3573,top3_multiscale,-157.56924939278667,63.46985650462896
1e5e3573,grid_oracle,-67.56924939278667,-66.53014349537105
1f9afacb,ridge_prior,152.41375521127338,3.8978999853777934
1f9afacb,raw_selector,182.41375521127338,-26.102100014622206
1f9afacb,multiscale_selector,182.41375521127338,-26.102100014622206
1f9afacb,top3_multiscale,182.41375521127338,-26.10210001462221
1f9afacb,grid_oracle,152.41375521127338,3.8978999853777934
1fdbba44,ridge_prior,244.94793193219104,-11.81479579401759
1fdbba44,raw_selector,124.94793193219104,48.18520420598241
1fdbba44,multiscale_selector,184.94793193219104,-131.81479579401758
1fdbba44,top3_multiscale,144.94793193219104,-41.814795794017584
1fdbba44,grid_oracle,274.94793193219107,-11.81479579401759
1fee2b62,ridge_prior,131.58763951646236,5.997668863706506
1fee2b62,raw_selector,71.58763951646236,35.99766886370651
1fee2b62,multiscale_selector,71.58763951646236,35.99766886370651
1fee2b62,top3_multiscale,101.58763951646237,5.997668863706508
1fee2b62,grid_oracle,161.58763951646236,-24.002331136293492
20096916,ridge_prior,135.67073352807802,23.848012690333146
20096916,raw_selector,105.67073352807802,23.848012690333146
20096916,multiscale_selector,195.67073352807802,-6.151987309666854
20096916,top3_multiscale,165.67073352807802,-26.15198730966685
20096916,grid_oracle,105.67073352807802,53.84801269033315
200d233d,ridge_prior,-135.98835414185743,16.704325926080216
200d233d,raw_selector,-195.98835414185743,136.70432592608023
200d233d,multiscale_selector,-75.98835414185743,-43.295674073919784
200d233d,top3_multiscale,-155.98835414185743,56.70432592608022
200d233d,grid_oracle,-135.98835414185743,46.704325926080216
201661b5,ridge_prior,135.55428268384057,45.61939375717539
201661b5,raw_selector,75.55428268384057,15.619393757175388
201661b5,multiscale_selector,75.55428268384057,15.619393757175388
201661b5,top3_multiscale,55.55428268384057,45.619393757175395
201661b5,grid_oracle,135.55428268384057,75.61939375717539
203721ab,ridge_prior,-110.33907313051265,-19.74019288855652
203721ab,raw_selector,-50.339073130512645,10.259807111443479
203721ab,multiscale_selector,-110.33907313051265,-19.74019288855652
203721ab,top3_multiscale,-100.33907313051265,10.259807111443479
203721ab,grid_oracle,-80.33907313051265,-19.74019288855652
20402d71,ridge_prior,166.99870057527966,-23.645919891964663
20402d71,raw_selector,166.99870057527966,-53.64591989196467
20402d71,multiscale_selector,136.99870057527966,6.354080108035337
20402d71,top3_multiscale,166.99870057527966,-33.64591989196467
20402d71,grid_oracle,166.99870057527966,-53.64591989196467
2043abc5,ridge_prior,280.84359417872867,-27.817593218723715
2043abc5,raw_selector,280.84359417872867,2.182406781276285
2043abc5,multiscale_selector,280.84359417872867,2.182406781276285
2043abc5,top3_multiscale,240.8435941787287,12.182406781276285
2043abc5,grid_oracle,280.84359417872867,2.182406781276285
204cc64b,ridge_prior,165.33870276016148,9.035254533502371
204cc64b,raw_selector,195.33870276016148,-20.96474546649763
204cc64b,multiscale_selector,195.33870276016148,-20.96474546649763
204cc64b,top3_multiscale,195.33870276016148,-20.964745466497632
204cc64b,grid_oracle,195.33870276016148,-50.96474546649763
206b6193,ridge_prior,246.27306257174095,-2.3843823718697834
206b6193,raw_selector,276.273062571741,-62.38438237186978
206b6193,multiscale_selector,276.273062571741,-62.38438237186978
206b6193,top3_multiscale,236.27306257174098,7.615617628130219
206b6193,grid_oracle,216.27306257174095,-32.38438237186978
2075c696,ridge_prior,-122.8388590174206,-13.569012846688436
2075c696,raw_selector,-2.838859017420603,-73.56901284668844
2075c696,multiscale_selector,-2.838859017420603,-73.56901284668844
2075c696,top3_multiscale,-82.8388590174206,-43.56901284668843
2075c696,grid_oracle,-92.8388590174206,-13.569012846688436
22c5f93f,ridge_prior,137.8085849721253,19.54354202942384
22c5f93f,raw_selector,107.80858497212529,-10.45645797057616
22c5f93f,multiscale_selector,107.80858497212529,-10.45645797057616
22c5f93f,top3_multiscale,97.80858497212529,19.54354202942384
22c5f93f,grid_oracle,107.80858497212529,49.54354202942384
230eaaa3,ridge_prior,-195.49407530270966,14.476535345988108
230eaaa3,raw_selector,-165.49407530270966,-45.52346465401189
230eaaa3,multiscale_selector,-195.49407530270966,44.47653534598811
230eaaa3,top3_multiscale,-185.49407530270966,14.476535345988111
230eaaa3,grid_oracle,-165.49407530270966,44.47653534598811
2364716c,ridge_prior,-161.8791893815086,-14.451137915516115
2364716c,raw_selector,-131.8791893815086,-44.451137915516114
2364716c,multiscale_selector,-131.8791893815086,-44.451137915516114
2364716c,top3_multiscale,-131.8791893815086,-44.451137915516114
2364716c,grid_oracle,-101.87918938150861,-74.45113791551611
23b9beb0,ridge_prior,-234.38837755703992,-6.574224967729963
23b9beb0,raw_selector,-234.38837755703992,-6.574224967729963
23b9beb0,multiscale_selector,-234.38837755703992,23.42577503227004
23b9beb0,top3_multiscale,-234.38837755703992,23.42577503227004
23b9beb0,grid_oracle,-234.38837755703992,-6.574224967729963
24d8997e,ridge_prior,105.14082387765302,8.48620141348771
24d8997e,raw_selector,105.14082387765302,-21.51379858651229
24d8997e,multiscale_selector,105.14082387765302,-21.51379858651229
24d8997e,top3_multiscale,105.14082387765302,-1.5137985865122918
24d8997e,grid_oracle,75.14082387765302,38.486201413487706
25050f63,ridge_prior,158.30633525595633,18.513690083871644
25050f63,raw_selector,188.30633525595633,-41.486309916128356
25050f63,multiscale_selector,188.30633525595633,-41.486309916128356
25050f63,top3_multiscale,148.30633525595633,8.513690083871642
25050f63,grid_oracle,128.30633525595633,48.513690083871644
25939962,ridge_prior,81.42163742858776,43.90619879133814
25939962,raw_selector,111.42163742858776,13.906198791338142
25939962,multiscale_selector,81.42163742858776,43.90619879133814
25939962,top3_multiscale,81.42163742858776,53.90619879133814
25939962,grid_oracle,81.42163742858776,43.90619879133814
25fd32b3,ridge_prior,-73.72198479899353,15.524337877822234
25fd32b3,raw_selector,-73.72198479899353,45.524337877822234
25fd32b3,multiscale_selector,-73.72198479899353,45.524337877822234
25fd32b3,top3_multiscale,-83.72198479899353,25.524337877822234
25fd32b3,grid_oracle,-43.72198479899353,-14.475662122177766
261785ee,ridge_prior,174.5684086601472,-1.3628028053558223
261785ee,raw_selector,114.56840866014721,58.63719719464418
261785ee,multiscale_selector,144.5684086601472,-1.3628028053558223
261785ee,top3_multiscale,144.5684086601472,8.637197194644179
261785ee,grid_oracle,114.56840866014721,28.637197194644177
264feceb,ridge_prior,259.15713108624783,-52.08615571603606
264feceb,raw_selector,259.15713108624783,-52.08615571603606
264feceb,multiscale_selector,259.15713108624783,-52.08615571603606
264feceb,top3_multiscale,259.15713108624783,-52.08615571603607
264feceb,grid_oracle,259.15713108624783,-52.08615571603606
26623a50,ridge_prior,273.86623631990904,-24.633333190131264
26623a50,raw_selector,303.86623631990904,-24.633333190131264
26623a50,multiscale_selector,243.86623631990904,-24.633333190131264
26623a50,top3_multiscale,263.86623631990904,-14.633333190131262
26623a50,grid_oracle,273.86623631990904,-24.633333190131264
26d3a96a,ridge_prior,194.56976959504556,-9.021798191061912
26d3a96a,raw_selector,164.56976959504556,20.97820180893809
26d3a96a,multiscale_selector,164.56976959504556,20.97820180893809
26d3a96a,top3_multiscale,194.56976959504559,-19.021798191061915
26d3a96a,grid_oracle,224.56976959504556,-39.02179819106191
272abef3,ridge_prior,-117.26557876711452,-27.365395702000338
272abef3,raw_selector,-87.26557876711452,-87.36539570200034
272abef3,multiscale_selector,-87.26557876711452,-87.36539570200034
272abef3,top3_multiscale,-167.2655787671145,-27.36539570200034
272abef3,grid_oracle,-117.26557876711452,-57.36539570200034
27300fd5,ridge_prior,163.82092737680395,35.546044569183245
27300fd5,raw_selector,223.82092737680395,-24.453955430816755
27300fd5,multiscale_selector,193.82092737680395,5.546044569183245
27300fd5,top3_multiscale,163.82092737680395,35.546044569183245
27300fd5,grid_oracle,193.82092737680395,5.546044569183245
276b012a,ridge_prior,-216.62991101763055,82.02584438810368
276b012a,raw_selector,-336.62991101763055,202.02584438810368
276b012a,multiscale_selector,-276.62991101763055,142.02584438810368
276b012a,top3_multiscale,-246.62991101763055,112.02584438810368
276b012a,grid_oracle,-336.62991101763055,202.02584438810368
27c3155b,ridge_prior,-59.293791595476684,-39.39348033169162
27c3155b,raw_selector,-89.29379159547668,-9.39348033169162
27c3155b,multiscale_selector,-89.29379159547668,-9.39348033169162
27c3155b,top3_multiscale,-109.29379159547666,0.6065196683083798
27c3155b,grid_oracle,-119.29379159547668,20.60651966830838
27ebb9b9,ridge_prior,107.95296781991777,68.73620330374098
27ebb9b9,raw_selector,77.95296781991777,98.73620330374098
27ebb9b9,multiscale_selector,77.95296781991777,98.73620330374098
27ebb9b9,top3_multiscale,57.952967819917774,78.73620330374098
27ebb9b9,grid_oracle,47.952967819917774,128.73620330374098
283269ac,ridge_prior,86.43724307267067,13.07181847834963
283269ac,raw_selector,116.43724307267067,-16.92818152165037
283269ac,multiscale_selector,116.43724307267067,-16.92818152165037
283269ac,top3_multiscale,116.43724307267068,-16.92818152165037
283269ac,grid_oracle,56.43724307267067,43.07181847834963
28473855,ridge_prior,164.64177179944264,-33.78244721277264
28473855,raw_selector,164.64177179944264,-33.78244721277264
28473855,multiscale_selector,164.64177179944264,-33.78244721277264
28473855,top3_multiscale,184.64177179944264,-63.78244721277264
28473855,grid_oracle,194.64177179944264,-63.78244721277264
28f4eda9,ridge_prior,118.85983262559856,-4.70292974479552
28f4eda9,raw_selector,118.85983262559856,-34.70292974479552
28f4eda9,multiscale_selector,178.85983262559856,-64.70292974479553
28f4eda9,top3_multiscale,118.85983262559857,-24.702929744795522
28f4eda9,grid_oracle,118.85983262559856,-4.70292974479552
29b24409,ridge_prior,199.02213676764876,-12.891711220841685
29b24409,raw_selector,139.02213676764876,17.108288779158315
29b24409,multiscale_selector,139.02213676764876,17.108288779158315
29b24409,top3_multiscale,179.02213676764873,-2.8917112208416853
29b24409,grid_oracle,229.02213676764876,-42.891711220841685
29de15c8,ridge_prior,106.04588242923441,-9.276190849467401
29de15c8,raw_selector,226.0458824292344,-129.2761908494674
29de15c8,multiscale_selector,226.0458824292344,-129.2761908494674
29de15c8,top3_multiscale,126.0458824292344,-19.2761908494674
29de15c8,grid_oracle,76.04588242923441,20.7238091505326
2ab29395,ridge_prior,-51.16527330670522,-12.377106999588252
2ab29395,raw_selector,-21.165273306705217,17.62289300041175
2ab29395,multiscale_selector,-21.165273306705217,17.62289300041175
2ab29395,top3_multiscale,-61.16527330670522,37.62289300041175
2ab29395,grid_oracle,-81.16527330670522,47.62289300041175
2ac7cb6b,ridge_prior,204.94090017986358,33.65212029862449
2ac7cb6b,raw_selector,204.94090017986358,3.6521202986244887
2ac7cb6b,multiscale_selector,174.94090017986358,63.65212029862449
2ac7cb6b,top3_multiscale,174.94090017986358,53.65212029862448
2ac7cb6b,grid_oracle,204.94090017986358,33.65212029862449
2acc78d4,ridge_prior,-155.0152670696581,20.36136376507802
2acc78d4,raw_selector,-185.0152670696581,80.36136376507802
2acc78d4,multiscale_selector,-185.0152670696581,80.36136376507802
2acc78d4,top3_multiscale,-155.0152670696581,30.361363765078025
2acc78d4,grid_oracle,-185.0152670696581,50.361363765078025
2b034622,ridge_prior,190.80802570434858,-9.815089331558623
2b034622,raw_selector,190.80802570434858,-39.815089331558625
2b034622,multiscale_selector,190.80802570434858,-39.815089331558625
2b034622,top3_multiscale,190.80802570434858,-39.815089331558625
2b034622,grid_oracle,160.80802570434858,20.184910668441375
2b06ad65,ridge_prior,128.53048943284963,-2.6951016105841816
2b06ad65,raw_selector,128.53048943284963,-2.6951016105841816
2b06ad65,multiscale_selector,128.53048943284963,-2.6951016105841816
2b06ad65,top3_multiscale,98.53048943284962,17.30489838941582
2b06ad65,grid_oracle,128.53048943284963,-2.6951016105841816
2b547943,ridge_prior,-115.88642138170499,2.7966090740318075
2b547943,raw_selector,-85.88642138170499,2.7966090740318075
2b547943,multiscale_selector,-85.88642138170499,2.7966090740318075
2b547943,top3_multiscale,-85.886421381705,-17.203390925968193
2b547943,grid_oracle,-85.88642138170499,2.7966090740318075
2be5c96a,ridge_prior,-149.23069235430933,-4.942998794726274
2be5c96a,raw_selector,-149.23069235430933,-4.942998794726274
2be5c96a,multiscale_selector,-149.23069235430933,-4.942998794726274
2be5c96a,top3_multiscale,-149.23069235430933,5.057001205273728
2be5c96a,grid_oracle,-149.23069235430933,-4.942998794726274
2bff06cf,ridge_prior,364.80079555071075,-41.6525073085487
2bff06cf,raw_selector,424.80079555071075,-41.6525073085487
2bff06cf,multiscale_selector,424.80079555071075,-41.6525073085487
2bff06cf,top3_multiscale,404.80079555071075,-11.6525073085487
2bff06cf,grid_oracle,484.80079555071075,-101.6525073085487
2c0c4a4e,ridge_prior,-150.4060692108958,-6.992769905017548
2c0c4a4e,raw_selector,-180.4060692108958,53.007230094982454
2c0c4a4e,multiscale_selector,-150.4060692108958,-6.992769905017548
2c0c4a4e,top3_multiscale,-170.4060692108958,23.007230094982457
2c0c4a4e,grid_oracle,-180.4060692108958,23.007230094982454
2cee0cba,ridge_prior,-185.57617635905132,4.063606333872524
2cee0cba,raw_selector,-155.57617635905132,-25.936393666127476
2cee0cba,multiscale_selector,-155.57617635905132,-25.936393666127476
2cee0cba,top3_multiscale,-185.57617635905135,-5.936393666127476
2cee0cba,grid_oracle,-215.57617635905132,64.06360633387253
2d0c268a,ridge_prior,128.3141591124132,19.29960006340326
2d0c268a,raw_selector,158.3141591124132,-10.700399936596739
2d0c268a,multiscale_selector,158.3141591124132,-10.700399936596739
2d0c268a,top3_multiscale,128.3141591124132,29.29960006340326
2d0c268a,grid_oracle,158.3141591124132,-10.700399936596739
2d179ded,ridge_prior,186.90457616867786,-23.53220629223065
2d179ded,raw_selector,126.90457616867786,36.467793707769346
2d179ded,multiscale_selector,126.90457616867786,36.467793707769346
2d179ded,top3_multiscale,166.90457616867786,6.467793707769347
2d179ded,grid_oracle,216.90457616867786,-53.532206292230654
2d196986,ridge_prior,176.0674307134231,5.7019527372847785
2d196986,raw_selector,176.0674307134231,-24.298047262715222
2d196986,multiscale_selector,296.0674307134231,-114.29804726271522
2d196986,top3_multiscale,236.06743071342308,-54.298047262715215
2d196986,grid_oracle,176.0674307134231,-24.298047262715222
2d2d0c6b,ridge_prior,-90.36363183766684,-11.752573683754646
2d2d0c6b,raw_selector,-30.363631837666844,-131.75257368375463
2d2d0c6b,multiscale_selector,-30.363631837666844,-71.75257368375465
2d2d0c6b,top3_multiscale,-40.363631837666844,-91.75257368375463
2d2d0c6b,grid_oracle,-90.36363183766684,18.247426316245352
2d35f86d,ridge_prior,167.08535124159783,24.31976632442076
2d35f86d,raw_selector,167.08535124159783,54.319766324420755
2d35f86d,multiscale_selector,167.08535124159783,54.319766324420755
2d35f86d,top3_multiscale,147.08535124159783,84.31976632442075
2d35f86d,grid_oracle,197.08535124159783,24.31976632442076
2d9f6cb9,ridge_prior,246.41504582590963,-40.68357852342428
2d9f6cb9,raw_selector,276.4150458259096,-100.68357852342427
2d9f6cb9,multiscale_selector,276.4150458259096,-70.68357852342427
2d9f6cb9,top3_multiscale,266.4150458259096,-60.68357852342427
2d9f6cb9,grid_oracle,246.41504582590963,-10.68357852342428
2ddad940,ridge_prior,-124.53900420892631,-54.368231369926384
2ddad940,raw_selector,-184.53900420892631,-54.368231369926384
2ddad940,multiscale_selector,-184.53900420892631,-54.368231369926384
2ddad940,top3_multiscale,-194.5390042089263,-44.36823136992638
2ddad940,grid_oracle,-94.53900420892631,-114.36823136992638
2e29e833,ridge_prior,206.89256856854502,-19.515520344519988
2e29e833,raw_selector,206.89256856854502,10.484479655480012
2e29e833,multiscale_selector,206.89256856854502,10.484479655480012
2e29e833,top3_multiscale,206.89256856854502,10.484479655480014
2e29e833,grid_oracle,206.89256856854502,10.484479655480012
2e43c2ea,ridge_prior,157.40954933332108,22.400698854531097
2e43c2ea,raw_selector,217.40954933332108,-37.5993011454689
2e43c2ea,multiscale_selector,217.40954933332108,-37.5993011454689
2e43c2ea,top3_multiscale,197.40954933332105,-17.5993011454689
2e43c2ea,grid_oracle,217.40954933332108,-37.5993011454689
2e63d9de,ridge_prior,-124.53677749609588,28.081390177831924
2e63d9de,raw_selector,-154.53677749609588,-1.9186098221680759
2e63d9de,multiscale_selector,-154.53677749609588,-1.9186098221680759
2e63d9de,top3_multiscale,-164.53677749609588,18.081390177831924
2e63d9de,grid_oracle,-184.53677749609588,88.08139017783192
2ee0235b,ridge_prior,236.74009653922104,-38.4178454137966
2ee0235b,raw_selector,266.74009653922104,-68.4178454137966
2ee0235b,multiscale_selector,266.74009653922104,-68.4178454137966
2ee0235b,top3_multiscale,246.74009653922107,-48.41784541379659
2ee0235b,grid_oracle,296.74009653922104,-98.4178454137966
2f19d536,ridge_prior,112.3060973194334,-0.1261930054559659
2f19d536,raw_selector,172.3060973194334,-60.12619300545597
2f19d536,multiscale_selector,172.3060973194334,-60.12619300545597
2f19d536,top3_multiscale,132.3060973194334,-50.12619300545597
2f19d536,grid_oracle,142.3060973194334,-60.12619300545597
2f8e53c3,ridge_prior,-63.720906590414025,-12.246398499842819
2f8e53c3,raw_selector,-63.720906590414025,17.75360150015718
2f8e53c3,multiscale_selector,-63.720906590414025,17.75360150015718
2f8e53c3,top3_multiscale,-33.720906590414025,-32.24639849984282
2f8e53c3,grid_oracle,-63.720906590414025,-12.246398499842819
2fa01aa6,ridge_prior,-38.23204128719644,-29.360105373327706
2fa01aa6,raw_selector,-68.23204128719644,-29.360105373327706
2fa01aa6,multiscale_selector,-68.23204128719644,-29.360105373327706
2fa01aa6,top3_multiscale,-38.23204128719644,-89.36010537332771
2fa01aa6,grid_oracle,-68.23204128719644,-29.360105373327706
2fd68f7b,ridge_prior,-269.24511122867773,49.327819572988794
2fd68f7b,raw_selector,-239.24511122867773,49.327819572988794
2fd68f7b,multiscale_selector,-299.24511122867773,49.327819572988794
2fd68f7b,top3_multiscale,-269.24511122867773,-10.672180427011204
2fd68f7b,grid_oracle,-209.24511122867773,19.327819572988794
2fe023be,ridge_prior,131.39600046194204,49.498160240704976
2fe023be,raw_selector,101.39600046194204,49.498160240704976
2fe023be,multiscale_selector,101.39600046194204,109.49816024070498
2fe023be,top3_multiscale,91.39600046194204,89.49816024070498
2fe023be,grid_oracle,161.39600046194204,19.498160240704976
30d75030,ridge_prior,163.84312979131826,3.69028805062122
30d75030,raw_selector,163.84312979131826,33.69028805062122
30d75030,multiscale_selector,133.84312979131826,63.69028805062122
30d75030,top3_multiscale,143.84312979131826,33.69028805062122
30d75030,grid_oracle,133.84312979131826,3.69028805062122
310c71a5,ridge_prior,214.21189619207192,-15.933671611059477
310c71a5,raw_selector,154.21189619207192,44.06632838894052
310c71a5,multiscale_selector,154.21189619207192,44.06632838894052
310c71a5,top3_multiscale,194.21189619207192,4.066328388940519
310c71a5,grid_oracle,244.21189619207192,-45.93367161105948
32fe84c9,ridge_prior,-98.39069955398483,-45.52116112913135
32fe84c9,raw_selector,-158.39069955398483,14.47883887086865
32fe84c9,multiscale_selector,-158.39069955398483,14.47883887086865
32fe84c9,top3_multiscale,-158.39069955398483,-25.521161129131343
32fe84c9,grid_oracle,-158.39069955398483,14.47883887086865
33c40295,ridge_prior,123.13068491328215,32.39451521995992
33c40295,raw_selector,153.13068491328215,32.39451521995992
33c40295,multiscale_selector,153.13068491328215,32.39451521995992
33c40295,top3_multiscale,153.13068491328215,22.394515219959924
33c40295,grid_oracle,93.13068491328215,92.39451521995991
3407f5bf,ridge_prior,-120.24353350178333,12.955906393196585
3407f5bf,raw_selector,-180.24353350178333,72.95590639319659
3407f5bf,multiscale_selector,-180.24353350178333,72.95590639319659
3407f5bf,top3_multiscale,-130.24353350178333,-7.044093606803415
3407f5bf,grid_oracle,-90.24353350178333,-47.044093606803415
3417285d,ridge_prior,145.8462903484231,-9.66729947494128
3417285d,raw_selector,265.8462903484231,-129.66729947494127
3417285d,multiscale_selector,265.8462903484231,-129.66729947494127
3417285d,top3_multiscale,195.84629034842314,-49.667299474941274
3417285d,grid_oracle,265.8462903484231,-129.66729947494127
347242c8,ridge_prior,-159.34828111722445,-9.579904393519229
347242c8,raw_selector,-99.34828111722445,-39.57990439351923
347242c8,multiscale_selector,-99.34828111722445,-39.57990439351923
347242c8,top3_multiscale,-109.34828111722443,-39.57990439351923
347242c8,grid_oracle,-129.34828111722445,-39.57990439351923
353e5502,ridge_prior,218.84066222330063,-5.6895987194709114
353e5502,raw_selector,158.84066222330063,54.31040128052909
353e5502,multiscale_selector,158.84066222330063,54.31040128052909
353e5502,top3_multiscale,168.84066222330063,24.310401280529092
353e5502,grid_oracle,218.84066222330063,-5.6895987194709114
357c12f9,ridge_prior,135.59826849297855,20.444315610713634
357c12f9,raw_selector,165.59826849297855,-9.555684389286366
357c12f9,multiscale_selector,255.59826849297855,-99.55568438928637
357c12f9,top3_multiscale,195.59826849297852,-29.55568438928637
357c12f9,grid_oracle,135.59826849297855,20.444315610713634
3584a6eb,ridge_prior,129.96677575916226,10.090547688245714
3584a6eb,raw_selector,159.96677575916226,-19.909452311754286
3584a6eb,multiscale_selector,159.96677575916226,-19.909452311754286
3584a6eb,top3_multiscale,139.96677575916226,-9.909452311754286
3584a6eb,grid_oracle,69.96677575916226,40.090547688245714
35b30c7f,ridge_prior,-256.7655516474922,-66.49672689894753
35b30c7f,raw_selector,-286.7655516474922,-66.49672689894753
35b30c7f,multiscale_selector,-286.7655516474922,-66.49672689894753
35b30c7f,top3_multiscale,-286.7655516474922,-66.49672689894753
35b30c7f,grid_oracle,-316.7655516474922,-36.49672689894753
35b3ef6a,ridge_prior,223.58578560692575,-31.757888700323257
35b3ef6a,raw_selector,193.58578560692575,-31.757888700323257
35b3ef6a,multiscale_selector,163.58578560692575,28.242111299676743
35b3ef6a,top3_multiscale,153.58578560692575,28.242111299676736
35b3ef6a,grid_oracle,163.58578560692575,-1.7578887003232566
367456ce,ridge_prior,-201.10506078077856,-16.920474914959772
367456ce,raw_selector,-231.10506078077856,-16.920474914959772
367456ce,multiscale_selector,-171.10506078077856,-76.92047491495977
367456ce,top3_multiscale,-201.10506078077856,-26.92047491495977
367456ce,grid_oracle,-201.10506078077856,-16.920474914959772
368131f9,ridge_prior,158.20594299164526,31.98946310553227
368131f9,raw_selector,188.20594299164526,-88.01053689446773
368131f9,multiscale_selector,158.20594299164526,61.989463105532266
368131f9,top3_multiscale,158.20594299164526,31.989463105532266
368131f9,grid_oracle,128.20594299164526,91.98946310553227
368fe682,ridge_prior,183.34266409810854,-20.650493846049216
368fe682,raw_selector,183.34266409810854,39.349506153950784
368fe682,multiscale_selector,183.34266409810854,39.349506153950784
368fe682,top3_multiscale,173.34266409810854,9.349506153950784
368fe682,grid_oracle,243.34266409810854,-80.65049384604922
3690a146,ridge_prior,-110.21985877127685,-2.0945768075004043
3690a146,raw_selector,-110.21985877127685,27.905423192499597
3690a146,multiscale_selector,-110.21985877127685,27.905423192499597
3690a146,top3_multiscale,-100.21985877127685,17.905423192499597
3690a146,grid_oracle,-140.21985877127685,57.9054231924996
37344c2a,ridge_prior,-90.83954243156651,-21.232473924942557
37344c2a,raw_selector,-90.83954243156651,38.76752607505745
37344c2a,multiscale_selector,-90.83954243156651,38.76752607505745
37344c2a,top3_multiscale,-100.8395424315665,48.76752607505745
37344c2a,grid_oracle,-90.83954243156651,38.76752607505745
373ef48b,ridge_prior,-119.26675738216196,0.3290973198079312
373ef48b,raw_selector,-179.26675738216196,30.329097319807932
373ef48b,multiscale_selector,-179.26675738216196,30.329097319807932
373ef48b,top3_multiscale,-139.26675738216196,-9.67090268019207
373ef48b,grid_oracle,-119.26675738216196,0.3290973198079312
374be387,ridge_prior,309.8487960149456,-51.29027718414524
374be387,raw_selector,279.8487960149456,-21.29027718414524
374be387,multiscale_selector,279.8487960149456,-21.29027718414524
374be387,top3_multiscale,309.8487960149456,-61.290277184145246
374be387,grid_oracle,279.8487960149456,-21.29027718414524
37d36812,ridge_prior,96.84582446430056,16.2401747451803
37d36812,raw_selector,126.84582446430056,76.2401747451803
37d36812,multiscale_selector,126.84582446430056,-13.759825254819699
37d36812,top3_multiscale,126.84582446430056,26.240174745180298
37d36812,grid_oracle,126.84582446430056,16.2401747451803
38991fd4,ridge_prior,216.96768874055235,-13.522548713657844
38991fd4,raw_selector,216.96768874055235,-73.52254871365784
38991fd4,multiscale_selector,216.96768874055235,-73.52254871365784
38991fd4,top3_multiscale,216.96768874055235,-43.52254871365784
38991fd4,grid_oracle,216.96768874055235,-43.52254871365784
389ae58f,ridge_prior,-143.7608984808678,-31.87681868418304
389ae58f,raw_selector,-143.7608984808678,-31.87681868418304
389ae58f,multiscale_selector,-143.7608984808678,-31.87681868418304
389ae58f,top3_multiscale,-133.7608984808678,-1.8768186841830357
389ae58f,grid_oracle,-83.76089848086781,-31.87681868418304
3932faa6,ridge_prior,120.5687766716982,46.03469368268595
3932faa6,raw_selector,120.5687766716982,76.03469368268594
3932faa6,multiscale_selector,240.5687766716982,-73.96530631731406
3932faa6,top3_multiscale,180.5687766716982,6.034693682685943
3932faa6,grid_oracle,60.5687766716982,106.03469368268594
398dce4b,ridge_prior,135.78080066769377,-2.0139250769006383
398dce4b,raw_selector,75.78080066769377,-2.0139250769006383
398dce4b,multiscale_selector,75.78080066769377,-2.0139250769006383
398dce4b,top3_multiscale,125.78080066769377,-62.01392507690064
398dce4b,grid_oracle,105.78080066769377,27.986074923099363
39b51819,ridge_prior,152.1243048996572,7.904248680394383
39b51819,raw_selector,152.1243048996572,7.904248680394383
39b51819,multiscale_selector,152.1243048996572,7.904248680394383
39b51819,top3_multiscale,162.1243048996572,7.904248680394382
39b51819,grid_oracle,152.1243048996572,7.904248680394383
3a0af893,ridge_prior,110.64708279894049,6.495009525822031
3a0af893,raw_selector,170.6470827989405,-53.50499047417797
3a0af893,multiscale_selector,170.6470827989405,-53.50499047417797
3a0af893,top3_multiscale,160.6470827989405,-43.504990474177966
3a0af893,grid_oracle,140.6470827989405,6.495009525822031
3a223519,ridge_prior,-145.1529803393106,2.766512187539756
3a223519,raw_selector,-145.1529803393106,-57.23348781246025
3a223519,multiscale_selector,-145.1529803393106,-57.23348781246025
3a223519,top3_multiscale,-115.1529803393106,-57.23348781246025
3a223519,grid_oracle,-205.1529803393106,32.76651218753975
3a7dd95d,ridge_prior,-61.955606931096995,17.187868746687865
3a7dd95d,raw_selector,-61.955606931096995,-12.812131253312135
3a7dd95d,multiscale_selector,-61.955606931096995,-12.812131253312135
3a7dd95d,top3_multiscale,-61.95560693109699,-32.81213125331213
3a7dd95d,grid_oracle,-91.955606931097,47.18786874668787
3a824aa7,ridge_prior,104.48257244083315,17.756400533454567
3a824aa7,raw_selector,224.48257244083317,-42.24359946654543
3a824aa7,multiscale_selector,224.48257244083317,17.756400533454567
3a824aa7,top3_multiscale,144.48257244083317,47.75640053345455
3a824aa7,grid_oracle,74.48257244083315,47.75640053345457
3a86fe8d,ridge_prior,-114.80732130053522,-31.229269040846663
3a86fe8d,raw_selector,-84.80732130053522,-31.229269040846663
3a86fe8d,multiscale_selector,-84.80732130053522,-31.229269040846663
3a86fe8d,top3_multiscale,-134.80732130053522,-31.229269040846663
3a86fe8d,grid_oracle,-174.80732130053522,28.770730959153337
3aaa2b30,ridge_prior,-182.2946686605379,-2.7286643289834966
3aaa2b30,raw_selector,-182.2946686605379,-2.7286643289834966
3aaa2b30,multiscale_selector,-182.2946686605379,-2.7286643289834966
3aaa2b30,top3_multiscale,-192.2946686605379,27.2713356710165
3aaa2b30,grid_oracle,-152.2946686605379,-32.7286643289835
3ac16ad0,ridge_prior,-175.31255515114802,25.423260892747653
3ac16ad0,raw_selector,-175.31255515114802,55.42326089274765
3ac16ad0,multiscale_selector,-145.31255515114802,-4.576739107252347
3ac16ad0,top3_multiscale,-175.31255515114802,5.423260892747649
3ac16ad0,grid_oracle,-175.31255515114802,25.423260892747653
3b21ea64,ridge_prior,258.7011251614502,-31.920909221329335
3b21ea64,raw_selector,288.7011251614502,-61.92090922132934
3b21ea64,multiscale_selector,288.7011251614502,-61.92090922132934
3b21ea64,top3_multiscale,288.7011251614502,-61.92090922132934
3b21ea64,grid_oracle,258.7011251614502,-31.920909221329335
3bbe1f5d,ridge_prior,-175.45043982834466,-47.38855608874971
3bbe1f5d,raw_selector,-145.45043982834466,-107.38855608874971
3bbe1f5d,multiscale_selector,-145.45043982834466,-107.38855608874971
3bbe1f5d,top3_multiscale,-185.45043982834466,-57.38855608874971
3bbe1f5d,grid_oracle,-145.45043982834466,-107.38855608874971
3bfee975,ridge_prior,-135.6634081182384,19.54846982527894
3bfee975,raw_selector,-195.6634081182384,79.54846982527894
3bfee975,multiscale_selector,-195.6634081182384,79.54846982527894
3bfee975,top3_multiscale,-165.6634081182384,29.548469825278943
3bfee975,grid_oracle,-75.66340811823841,-40.45153017472106
3c3dbcbc,ridge_prior,101.24860319419744,31.252187453176113
3c3dbcbc,raw_selector,101.24860319419744,-28.747812546823887
3c3dbcbc,multiscale_selector,41.24860319419744,61.25218745317611
3c3dbcbc,top3_multiscale,31.248603194197443,81.2521874531761
3c3dbcbc,grid_oracle,101.24860319419744,31.252187453176113
3d96d897,ridge_prior,-122.53489470603682,-70.66687107198528
3d96d897,raw_selector,-122.53489470603682,-130.66687107198527
3d96d897,multiscale_selector,-122.53489470603682,-130.66687107198527
3d96d897,top3_multiscale,-112.53489470603682,-100.66687107198527
3d96d897,grid_oracle,-122.53489470603682,-70.66687107198528
3df4b19e,ridge_prior,189.91677909265016,-34.987702878708035
3df4b19e,raw_selector,159.91677909265016,-64.98770287870803
3df4b19e,multiscale_selector,129.91677909265016,-4.987702878708035
3df4b19e,top3_multiscale,179.91677909265016,-54.987702878708035
3df4b19e,grid_oracle,219.91677909265016,-94.98770287870803
3e011332,ridge_prior,61.05205677476077,55.138942238381546
3e011332,raw_selector,31.05205677476077,115.13894223838155
3e011332,multiscale_selector,31.05205677476077,115.13894223838155
3e011332,top3_multiscale,41.05205677476077,85.13894223838155
3e011332,grid_oracle,91.05205677476077,55.138942238381546
3e678ea7,ridge_prior,-162.03111319212022,-5.109094505271152
3e678ea7,raw_selector,-132.03111319212022,-35.10909450527115
3e678ea7,multiscale_selector,-282.0311131921202,114.89090549472886
3e678ea7,top3_multiscale,-192.0311131921202,34.890905494728855
3e678ea7,grid_oracle,-162.03111319212022,24.890905494728848
3ef6372a,ridge_prior,-140.4303288786755,7.153675232113905
3ef6372a,raw_selector,-200.4303288786755,127.1536752321139
3ef6372a,multiscale_selector,-170.4303288786755,67.1536752321139
3ef6372a,top3_multiscale,-170.4303288786755,67.1536752321139
3ef6372a,grid_oracle,-140.4303288786755,7.153675232113905
3ef98781,ridge_prior,131.89006365308757,-28.079381760528
3ef98781,raw_selector,101.89006365308757,1.9206182394719988
3ef98781,multiscale_selector,101.89006365308757,1.9206182394719988
3ef98781,top3_multiscale,151.89006365308757,-38.07938176052801
3ef98781,grid_oracle,101.89006365308757,1.9206182394719988
3f603129,ridge_prior,-209.71967807308317,17.989345958630565
3f603129,raw_selector,-179.71967807308317,-12.010654041369435
3f603129,multiscale_selector,-179.71967807308317,-12.010654041369435
3f603129,top3_multiscale,-159.71967807308317,-2.0106540413694347
3f603129,grid_oracle,-149.71967807308317,-42.010654041369435
404c4384,ridge_prior,49.998327369758016,-14.685497623914905
404c4384,raw_selector,49.998327369758016,-74.6854976239149
404c4384,multiscale_selector,79.99832736975802,-74.6854976239149
404c4384,top3_multiscale,49.998327369758016,-44.6854976239149
404c4384,grid_oracle,19.998327369758016,15.314502376085095
4121c517,ridge_prior,151.018524460229,8.369513905935591
4121c517,raw_selector,121.018524460229,68.36951390593559
4121c517,multiscale_selector,121.018524460229,68.36951390593559
4121c517,top3_multiscale,131.018524460229,38.36951390593559
4121c517,grid_oracle,151.018524460229,8.369513905935591
41fb0192,ridge_prior,-96.46429552114586,-27.21085623311173
41fb0192,raw_selector,-96.46429552114586,-27.21085623311173
41fb0192,multiscale_selector,-96.46429552114586,-27.21085623311173
41fb0192,top3_multiscale,-116.46429552114586,2.789143766888271
41fb0192,grid_oracle,-66.46429552114586,-57.21085623311173
42669188,ridge_prior,169.0677229198708,2.0621169183712187
42669188,raw_selector,289.0677229198708,-117.93788308162878
42669188,multiscale_selector,289.0677229198708,-117.93788308162878
42669188,top3_multiscale,199.0677229198708,-27.937883081628783
42669188,grid_oracle,199.0677229198708,-57.93788308162878
42c538a1,ridge_prior,-56.4273816233318,66.29215740014028
42c538a1,raw_selector,3.5726183766682027,96.29215740014028
42c538a1,multiscale_selector,3.5726183766682027,96.29215740014028
42c538a1,top3_multiscale,-56.4273816233318,116.2921574001403
42c538a1,grid_oracle,3.5726183766682027,66.29215740014028
43b06c70,ridge_prior,179.49972912301655,51.224577963147425
43b06c70,raw_selector,239.49972912301655,21.224577963147425
43b06c70,multiscale_selector,239.49972912301655,21.224577963147425
43b06c70,top3_multiscale,219.49972912301655,21.224577963147425
43b06c70,grid_oracle,179.49972912301655,51.224577963147425
43c7f85a,ridge_prior,-180.02686371347235,-25.780714993479517
43c7f85a,raw_selector,-150.02686371347235,-55.78071499347952
43c7f85a,multiscale_selector,-150.02686371347235,-55.78071499347952
43c7f85a,top3_multiscale,-170.02686371347235,-45.78071499347951
43c7f85a,grid_oracle,-180.02686371347235,-55.78071499347952
43e16325,ridge_prior,-69.95870465832994,4.38769429176796
43e16325,raw_selector,-69.95870465832994,-25.61230570823204
43e16325,multiscale_selector,-69.95870465832994,-25.61230570823204
43e16325,top3_multiscale,-39.958704658329935,-65.61230570823204
43e16325,grid_oracle,-39.958704658329935,4.38769429176796
44441e54,ridge_prior,-118.13390816390006,1.47708715795957
44441e54,raw_selector,-118.13390816390006,1.47708715795957
44441e54,multiscale_selector,-118.13390816390006,1.47708715795957
44441e54,top3_multiscale,-108.13390816390006,-28.522912842040427
44441e54,grid_oracle,-118.13390816390006,1.47708715795957
445af6c2,ridge_prior,-140.5998959612312,-35.84865419743433
445af6c2,raw_selector,-140.5998959612312,-65.84865419743433
445af6c2,multiscale_selector,-140.5998959612312,-65.84865419743433
445af6c2,top3_multiscale,-170.5998959612312,-45.848654197434335
445af6c2,grid_oracle,-200.5998959612312,-5.848654197434328
4463446c,ridge_prior,-173.55624367482815,23.727940074564348
4463446c,raw_selector,-143.55624367482815,23.727940074564348
4463446c,multiscale_selector,-143.55624367482815,23.727940074564348
4463446c,top3_multiscale,-133.55624367482815,13.727940074564344
4463446c,grid_oracle,-173.55624367482815,53.727940074564344
44a94013,ridge_prior,156.80860790891063,29.319210204569398
44a94013,raw_selector,156.80860790891063,-0.6807897954306021
44a94013,multiscale_selector,156.80860790891063,-0.6807897954306021
44a94013,top3_multiscale,156.80860790891063,9.3192102045694
44a94013,grid_oracle,156.80860790891063,-0.6807897954306021
45fb3e21,ridge_prior,170.5204917175541,-17.37613821447709
45fb3e21,raw_selector,200.5204917175541,-77.3761382144771
45fb3e21,multiscale_selector,50.52049171755411,42.623861785522905
45fb3e21,top3_multiscale,120.5204917175541,-7.376138214477095
45fb3e21,grid_oracle,110.52049171755411,12.623861785522909
460f859e,ridge_prior,-64.34061516008414,21.426139285156165
460f859e,raw_selector,-34.34061516008414,21.426139285156165
460f859e,multiscale_selector,-34.34061516008414,21.426139285156165
460f859e,top3_multiscale,-64.34061516008414,51.42613928515616
460f859e,grid_oracle,-34.34061516008414,-38.57386071484383
4630ab92,ridge_prior,110.0555283145987,7.105841160172561
4630ab92,raw_selector,80.0555283145987,-22.89415883982744
4630ab92,multiscale_selector,80.0555283145987,-22.89415883982744
4630ab92,top3_multiscale,90.0555283145987,-22.89415883982744
4630ab92,grid_oracle,80.0555283145987,7.105841160172561
463c38f2,ridge_prior,167.36411676200376,15.871696471767564
463c38f2,raw_selector,287.36411676200373,-44.128303528232436
463c38f2,multiscale_selector,197.36411676200376,-14.128303528232436
463c38f2,top3_multiscale,157.36411676200376,25.871696471767564
463c38f2,grid_oracle,167.36411676200376,15.871696471767564
4654e7de,ridge_prior,-116.30793262085601,-54.217008708664544
4654e7de,raw_selector,-86.30793262085601,-84.21700870866454
4654e7de,multiscale_selector,-86.30793262085601,-84.21700870866454
4654e7de,top3_multiscale,-126.307932620856,-64.21700870866454
4654e7de,grid_oracle,-116.30793262085601,-54.217008708664544
466fc788,ridge_prior,141.8531433767152,29.588425508320515
466fc788,raw_selector,111.8531433767152,29.588425508320515
466fc788,multiscale_selector,111.8531433767152,29.588425508320515
466fc788,top3_multiscale,101.8531433767152,59.58842550832051
466fc788,grid_oracle,81.8531433767152,89.58842550832051
46a301e9,ridge_prior,-248.18920746037213,8.664760317369936
46a301e9,raw_selector,-308.18920746037213,68.66476031736994
46a301e9,multiscale_selector,-308.18920746037213,68.66476031736994
46a301e9,top3_multiscale,-278.18920746037213,38.66476031736994
46a301e9,grid_oracle,-248.18920746037213,-21.335239682630064
46a7190b,ridge_prior,-79.65894219073681,-3.2209478810315857
46a7190b,raw_selector,-49.65894219073681,-3.2209478810315857
46a7190b,multiscale_selector,-49.65894219073681,-3.2209478810315857
46a7190b,top3_multiscale,-19.65894219073681,-33.220947881031584
46a7190b,grid_oracle,-49.65894219073681,-3.2209478810315857
46d24a09,ridge_prior,200.97428501697908,6.4701668515949855
46d24a09,raw_selector,230.97428501697908,-23.529833148405014
46d24a09,multiscale_selector,230.97428501697908,-23.529833148405014
46d24a09,top3_multiscale,250.97428501697905,-23.529833148405018
46d24a09,grid_oracle,260.9742850169791,-23.529833148405014
46d41ff6,ridge_prior,-211.5767022211012,-50.72360674582514
46d41ff6,raw_selector,-181.5767022211012,-50.72360674582514
46d41ff6,multiscale_selector,-241.5767022211012,-20.723606745825137
46d41ff6,top3_multiscale,-171.5767022211012,-80.72360674582514
46d41ff6,grid_oracle,-241.5767022211012,-20.723606745825137
46dfcfca,ridge_prior,-78.5290182208789,-0.25784245132861106
46dfcfca,raw_selector,-48.529018220878896,-30.25784245132861
46dfcfca,multiscale_selector,41.470981779121104,-60.257842451328614
46dfcfca,top3_multiscale,-28.529018220878896,-30.257842451328614
46dfcfca,grid_oracle,-78.5290182208789,29.74215754867139
47222616,ridge_prior,96.0535417618295,18.008806034233864
47222616,raw_selector,216.0535417618295,-41.991193965766136
47222616,multiscale_selector,216.0535417618295,-11.991193965766136
47222616,top3_multiscale,106.05354176182952,38.00880603423386
47222616,grid_oracle,96.0535417618295,18.008806034233864
47ee27ab,ridge_prior,204.00712217228735,17.940989275404192
47ee27ab,raw_selector,174.00712217228735,47.94098927540419
47ee27ab,multiscale_selector,174.00712217228735,47.94098927540419
47ee27ab,top3_multiscale,194.00712217228735,17.940989275404192
47ee27ab,grid_oracle,234.00712217228735,-42.05901072459581
481de5fc,ridge_prior,135.32602771675707,55.29925886501727
481de5fc,raw_selector,135.32602771675707,55.29925886501727
481de5fc,multiscale_selector,135.32602771675707,55.29925886501727
481de5fc,top3_multiscale,135.32602771675707,25.299258865017276
481de5fc,grid_oracle,15.326027716757068,175.29925886501726
48c1f673,ridge_prior,135.6742290687502,24.204380461256743
48c1f673,raw_selector,135.6742290687502,24.204380461256743
48c1f673,multiscale_selector,135.6742290687502,-5.7956195387432565
48c1f673,top3_multiscale,95.67422906875021,54.20438046125673
48c1f673,grid_oracle,165.6742290687502,24.204380461256743
4936af16,ridge_prior,-101.84448780163268,-23.04382974257488
4936af16,raw_selector,-101.84448780163268,-23.04382974257488
4936af16,multiscale_selector,-101.84448780163268,-23.04382974257488
4936af16,top3_multiscale,-121.84448780163268,6.956170257425121
4936af16,grid_oracle,-131.84448780163268,6.956170257425121
493b5b31,ridge_prior,-108.11471913494685,6.542516181453457
493b5b31,raw_selector,-78.11471913494685,-53.45748381854654
493b5b31,multiscale_selector,-228.11471913494685,36.54251618145346
493b5b31,top3_multiscale,-178.11471913494685,6.542516181453458
493b5b31,grid_oracle,-78.11471913494685,6.542516181453457
49dbc14c,ridge_prior,-125.35318991038514,-0.8954930206777352
49dbc14c,raw_selector,-95.35318991038514,-30.895493020677733
49dbc14c,multiscale_selector,-95.35318991038514,-30.895493020677733
49dbc14c,top3_multiscale,-85.35318991038514,-90.89549302067773
49dbc14c,grid_oracle,-125.35318991038514,-0.8954930206777352
4a035ec2,ridge_prior,-68.26349014127591,-21.14312943146375
4a035ec2,raw_selector,-8.26349014127591,-81.14312943146375
4a035ec2,multiscale_selector,-68.26349014127591,-81.14312943146375
4a035ec2,top3_multiscale,-58.263490141275916,-121.14312943146376
4a035ec2,grid_oracle,-98.26349014127591,-21.14312943146375
4a335117,ridge_prior,-165.2970343219948,1.7703500133030319
4a335117,raw_selector,-165.2970343219948,1.7703500133030319
4a335117,multiscale_selector,-165.2970343219948,-28.22964998669697
4a335117,top3_multiscale,-175.2970343219948,1.7703500133030303
4a335117,grid_oracle,-165.2970343219948,1.7703500133030319
4a8ecc0b,ridge_prior,121.58332859021098,46.04509259573508
4a8ecc0b,raw_selector,241.58332859021098,-13.954907404264922
4a8ecc0b,multiscale_selector,241.58332859021098,-13.954907404264922
4a8ecc0b,top3_multiscale,131.58332859021098,6.045092595735078
4a8ecc0b,grid_oracle,121.58332859021098,46.04509259573508
4b462989,ridge_prior,170.39013129899894,-12.000964501658627
4b462989,raw_selector,110.39013129899894,47.99903549834137
4b462989,multiscale_selector,110.39013129899894,47.99903549834137
4b462989,top3_multiscale,140.39013129899894,17.99903549834137
4b462989,grid_oracle,170.39013129899894,-12.000964501658627
4b831d20,ridge_prior,248.29307198056694,20.425028773957855
4b831d20,raw_selector,308.29307198056694,-99.57497122604215
4b831d20,multiscale_selector,308.29307198056694,-99.57497122604215
4b831d20,top3_multiscale,248.2930719805669,-19.57497122604215
4b831d20,grid_oracle,248.29307198056694,20.425028773957855
4c2208f5,ridge_prior,107.27359500922668,-12.116894142264691
4c2208f5,raw_selector,107.27359500922668,-72.1168941422647
4c2208f5,multiscale_selector,107.27359500922668,-72.1168941422647
4c2208f5,top3_multiscale,117.27359500922667,-62.1168941422647
4c2208f5,grid_oracle,167.27359500922668,-72.1168941422647
4c3168cf,ridge_prior,124.4376552827819,6.876996385526596
4c3168cf,raw_selector,184.43765528278192,-53.123003614473404
4c3168cf,multiscale_selector,184.43765528278192,-53.123003614473404
4c3168cf,top3_multiscale,164.43765528278192,-23.123003614473404
4c3168cf,grid_oracle,154.43765528278192,-23.123003614473404
4c3df468,ridge_prior,-239.98964331438646,-4.761991093684669
4c3df468,raw_selector,-239.98964331438646,-34.76199109368467
4c3df468,multiscale_selector,-239.98964331438646,-34.76199109368467
4c3df468,top3_multiscale,-269.98964331438646,5.238008906315329
4c3df468,grid_oracle,-209.98964331438646,-64.76199109368467
4caa7289,ridge_prior,158.28522253962333,2.766349844126054
4caa7289,raw_selector,278.2852225396233,-57.233650155873946
4caa7289,multiscale_selector,218.28522253962333,2.766349844126054
4caa7289,top3_multiscale,228.2852225396233,-7.233650155873946
4caa7289,grid_oracle,158.28522253962333,2.766349844126054
4cd1ac61,ridge_prior,203.96584097235507,25.452626694338505
4cd1ac61,raw_selector,143.96584097235507,85.4526266943385
4cd1ac61,multiscale_selector,143.96584097235507,85.4526266943385
4cd1ac61,top3_multiscale,213.96584097235507,45.452626694338505
4cd1ac61,grid_oracle,173.96584097235507,85.4526266943385
4cecf7b3,ridge_prior,183.04530847200905,11.765851441511659
4cecf7b3,raw_selector,183.04530847200905,11.765851441511659
4cecf7b3,multiscale_selector,183.04530847200905,11.765851441511659
4cecf7b3,top3_multiscale,183.04530847200905,11.765851441511657
4cecf7b3,grid_oracle,123.04530847200905,71.76585144151166
4ddde4c1,ridge_prior,148.8100330477582,9.344841341354616
4ddde4c1,raw_selector,148.8100330477582,9.344841341354616
4ddde4c1,multiscale_selector,148.8100330477582,9.344841341354616
4ddde4c1,top3_multiscale,128.8100330477582,19.344841341354616
4ddde4c1,grid_oracle,148.8100330477582,9.344841341354616
4e050c92,ridge_prior,-104.84639765085021,-9.103987191764464
4e050c92,raw_selector,-74.84639765085021,-39.10398719176446
4e050c92,multiscale_selector,-74.84639765085021,-69.10398719176446
4e050c92,top3_multiscale,-84.84639765085021,-59.10398719176445
4e050c92,grid_oracle,-134.8463976508502,20.896012808235536
4ed93db6,ridge_prior,134.73323620930745,-9.56218090514444
4ed93db6,raw_selector,104.73323620930745,-9.56218090514444
4ed93db6,multiscale_selector,74.73323620930745,50.437819094855556
4ed93db6,top3_multiscale,104.73323620930745,20.437819094855556
4ed93db6,grid_oracle,164.73323620930745,-39.562180905144444
4f3eb9e9,ridge_prior,107.90155096453644,-7.783492707896239
4f3eb9e9,raw_selector,137.90155096453645,-67.78349270789624
4f3eb9e9,multiscale_selector,167.90155096453645,-67.78349270789624
4f3eb9e9,top3_multiscale,177.90155096453645,-57.783492707896244
4f3eb9e9,grid_oracle,167.90155096453645,-7.783492707896239
4f4ac5ce,ridge_prior,150.64346745209474,-5.465049759411672
4f4ac5ce,raw_selector,120.64346745209474,24.53495024058833
4f4ac5ce,multiscale_selector,120.64346745209474,24.53495024058833
4f4ac5ce,top3_multiscale,160.64346745209474,-55.46504975941167
4f4ac5ce,grid_oracle,150.64346745209474,-5.465049759411672
4f4afcc6,ridge_prior,-162.70350020607245,-26.956833061806677
4f4afcc6,raw_selector,-162.70350020607245,3.0431669381933233
4f4afcc6,multiscale_selector,-162.70350020607245,3.0431669381933233
4f4afcc6,top3_multiscale,-172.70350020607245,-6.956833061806677
4f4afcc6,grid_oracle,-132.70350020607245,-86.95683306180668
4f69febf,ridge_prior,117.47015817065761,21.635971722577008
4f69febf,raw_selector,117.47015817065761,51.63597172257701
4f69febf,multiscale_selector,177.4701581706576,21.635971722577008
4f69febf,top3_multiscale,147.4701581706576,41.63597172257701
4f69febf,grid_oracle,117.47015817065761,21.635971722577008
4fbe9c06,ridge_prior,-153.95324441080498,-43.84157094424744
4fbe9c06,raw_selector,-273.953244410805,16.158429055752563
4fbe9c06,multiscale_selector,-273.953244410805,16.158429055752563
4fbe9c06,top3_multiscale,-183.953244410805,-63.841570944247444
4fbe9c06,grid_oracle,-213.95324441080498,-13.841570944247437
504c8b08,ridge_prior,180.38064013340224,1.4165918986944508
504c8b08,raw_selector,120.38064013340224,31.41659189869445
504c8b08,multiscale_selector,60.38064013340224,61.41659189869445
504c8b08,top3_multiscale,120.38064013340222,21.41659189869445
504c8b08,grid_oracle,120.38064013340224,31.41659189869445
511e1db0,ridge_prior,-190.3920290999658,1.3136224552518794
511e1db0,raw_selector,-250.3920290999658,31.31362245525188
511e1db0,multiscale_selector,-250.3920290999658,31.31362245525188
511e1db0,top3_multiscale,-190.3920290999658,-48.68637754474812
511e1db0,grid_oracle,-190.3920290999658,1.3136224552518794
512943b2,ridge_prior,-126.48139510914314,-19.68825622255827
512943b2,raw_selector,-126.48139510914314,10.31174377744173
512943b2,multiscale_selector,-126.48139510914314,10.31174377744173
512943b2,top3_multiscale,-106.48139510914314,-19.68825622255827
512943b2,grid_oracle,-96.48139510914314,-79.68825622255827
5138a660,ridge_prior,-95.58576159735165,-13.28894668197415
5138a660,raw_selector,-95.58576159735165,-73.28894668197415
5138a660,multiscale_selector,-215.58576159735165,46.71105331802585
5138a660,top3_multiscale,-165.58576159735165,-23.288946681974153
5138a660,grid_oracle,-155.58576159735165,16.71105331802585
516088b7,ridge_prior,271.22854641809545,-30.35995084531983
516088b7,raw_selector,271.22854641809545,-30.35995084531983
516088b7,multiscale_selector,271.22854641809545,-30.35995084531983
516088b7,top3_multiscale,271.22854641809545,-30.35995084531983
516088b7,grid_oracle,271.22854641809545,-30.35995084531983
521a7819,ridge_prior,272.8505026833332,-68.08964219335661
521a7819,raw_selector,212.85050268333322,-68.08964219335661
521a7819,multiscale_selector,242.85050268333322,-8.08964219335661
521a7819,top3_multiscale,242.85050268333325,-38.08964219335661
521a7819,grid_oracle,212.85050268333322,-38.08964219335661
5254b6db,ridge_prior,95.37058402834195,19.672822359631482
5254b6db,raw_selector,125.37058402834195,-40.32717764036852
5254b6db,multiscale_selector,125.37058402834195,-40.32717764036852
5254b6db,top3_multiscale,65.37058402834195,9.672822359631482
5254b6db,grid_oracle,95.37058402834195,19.672822359631482
529e88ca,ridge_prior,158.9611568389983,63.352388345975704
529e88ca,raw_selector,158.9611568389983,63.352388345975704
529e88ca,multiscale_selector,158.9611568389983,63.352388345975704
529e88ca,top3_multiscale,158.9611568389983,93.35238834597571
529e88ca,grid_oracle,188.9611568389983,93.3523883459757
52f1e77a,ridge_prior,-59.669099199971285,-57.14783489385544
52f1e77a,raw_selector,-29.669099199971285,-87.14783489385545
52f1e77a,multiscale_selector,-29.669099199971285,-87.14783489385545
52f1e77a,top3_multiscale,-19.669099199971285,-127.14783489385543
52f1e77a,grid_oracle,-59.669099199971285,-57.14783489385544
5305524b,ridge_prior,185.04045251905927,2.6835829650606513
5305524b,raw_selector,185.04045251905927,2.6835829650606513
5305524b,multiscale_selector,185.04045251905927,2.6835829650606513
5305524b,top3_multiscale,215.04045251905927,-7.316417034939349
5305524b,grid_oracle,185.04045251905927,2.6835829650606513
53134831,ridge_prior,-105.92182864928694,-15.093207763061528
53134831,raw_selector,-165.92182864928694,44.90679223693847
53134831,multiscale_selector,-45.92182864928694,-15.093207763061528
53134831,top3_multiscale,-105.92182864928695,24.90679223693847
53134831,grid_oracle,-105.92182864928694,-15.093207763061528
5397ceb1,ridge_prior,-178.8555888858845,-14.985066876299996
5397ceb1,raw_selector,-178.8555888858845,-14.985066876299996
5397ceb1,multiscale_selector,-118.85558888588449,-74.9850668763
5397ceb1,top3_multiscale,-148.8555888858845,-44.9850668763
5397ceb1,grid_oracle,-178.8555888858845,-14.985066876299996
53f23031,ridge_prior,-282.1157806648869,8.589809434195606
53f23031,raw_selector,-252.11578066488693,8.589809434195606
53f23031,multiscale_selector,-252.11578066488693,8.589809434195606
53f23031,top3_multiscale,-262.1157806648869,18.589809434195605
53f23031,grid_oracle,-252.11578066488693,-21.410190565804392
543198e8,ridge_prior,310.7060145480494,2.718070944237743
543198e8,raw_selector,250.70601454804938,62.718070944237745
543198e8,multiscale_selector,280.7060145480494,32.718070944237745
543198e8,top3_multiscale,280.7060145480494,32.718070944237745
543198e8,grid_oracle,370.7060145480494,-57.281929055762255
54753541,ridge_prior,-106.68618108261984,-30.08498150667891
54753541,raw_selector,-106.68618108261984,-60.084981506678915
54753541,multiscale_selector,-106.68618108261984,-60.084981506678915
54753541,top3_multiscale,-126.68618108261984,-30.084981506678915
54753541,grid_oracle,-166.68618108261984,89.91501849332109
54a7e3c2,ridge_prior,207.2070353622044,8.456762440994924
54a7e3c2,raw_selector,267.2070353622044,-51.54323755900508
54a7e3c2,multiscale_selector,207.2070353622044,-21.543237559005078
54a7e3c2,top3_multiscale,207.20703536220444,-1.5432375590050782
54a7e3c2,grid_oracle,207.2070353622044,8.456762440994924
5542c301,ridge_prior,168.3527532900992,2.0573953323684258
5542c301,raw_selector,138.3527532900992,32.05739533236843
5542c301,multiscale_selector,138.3527532900992,32.05739533236843
5542c301,top3_multiscale,138.3527532900992,52.05739533236843
5542c301,grid_oracle,198.3527532900992,-27.942604667631574
5567d551,ridge_prior,228.34086096967656,5.0104368665588375
5567d551,raw_selector,228.34086096967656,35.010436866558834
5567d551,multiscale_selector,228.34086096967656,35.010436866558834
5567d551,top3_multiscale,218.34086096967656,35.010436866558834
5567d551,grid_oracle,198.34086096967656,65.01043686655883
55efee7f,ridge_prior,264.19790899489647,-55.371106652182235
55efee7f,raw_selector,234.19790899489647,-25.371106652182235
55efee7f,multiscale_selector,234.19790899489647,-25.371106652182235
55efee7f,top3_multiscale,244.19790899489647,-55.37110665218224
55efee7f,grid_oracle,204.19790899489647,4.628893347817765
5663b2b7,ridge_prior,55.834018049722985,81.83418900262811
5663b2b7,raw_selector,55.834018049722985,111.83418900262811
5663b2b7,multiscale_selector,55.834018049722985,111.83418900262811
5663b2b7,top3_multiscale,75.83401804972299,41.83418900262811
5663b2b7,grid_oracle,25.834018049722985,111.83418900262811
5693dde2,ridge_prior,-139.0490316221471,-35.49623794558783
5693dde2,raw_selector,-259.04903162214714,-5.496237945587829
5693dde2,multiscale_selector,-259.04903162214714,-5.496237945587829
5693dde2,top3_multiscale,-239.04903162214714,4.503762054412171
5693dde2,grid_oracle,-109.04903162214711,-95.49623794558784
56b00794,ridge_prior,-208.940372573187,56.53095937681051
56b00794,raw_selector,-148.940372573187,86.5309593768105
56b00794,multiscale_selector,-238.940372573187,86.5309593768105
56b00794,top3_multiscale,-258.940372573187,126.53095937681049
56b00794,grid_oracle,-178.940372573187,86.5309593768105
57796579,ridge_prior,251.38633128545482,-27.768018753973273
57796579,raw_selector,251.38633128545482,2.231981246026727
57796579,multiscale_selector,251.38633128545482,2.231981246026727
57796579,top3_multiscale,271.38633128545484,-7.768018753973273
57796579,grid_oracle,281.38633128545484,-27.768018753973273
577eec7c,ridge_prior,-168.56348189707063,-6.118517317067303
577eec7c,raw_selector,-138.56348189707063,-66.1185173170673
577eec7c,multiscale_selector,-48.56348189707063,-126.1185173170673
577eec7c,top3_multiscale,-88.56348189707063,-46.1185173170673
577eec7c,grid_oracle,-108.56348189707063,-66.1185173170673
57f05c51,ridge_prior,-144.9235478320037,38.517796844357704
57f05c51,raw_selector,-114.92354783200369,-21.482203155642296
57f05c51,multiscale_selector,-114.92354783200369,-21.482203155642296
57f05c51,top3_multiscale,-124.92354783200369,-1.4822031556422957
57f05c51,grid_oracle,-84.92354783200369,-21.482203155642296
58850d2c,ridge_prior,72.63094154309296,4.952664051188754
58850d2c,raw_selector,-47.36905845690704,64.95266405118875
58850d2c,multiscale_selector,132.63094154309294,4.952664051188754
58850d2c,top3_multiscale,102.63094154309294,34.95266405118875
58850d2c,grid_oracle,42.63094154309296,4.952664051188754
58fa8486,ridge_prior,161.57469411701965,0.9825748359903008
58fa8486,raw_selector,221.57469411701965,-59.0174251640097
58fa8486,multiscale_selector,131.57469411701965,0.9825748359903008
58fa8486,top3_multiscale,161.57469411701965,-39.0174251640097
58fa8486,grid_oracle,131.57469411701965,0.9825748359903008
591cc951,ridge_prior,232.47142790272127,-17.36139643245637
591cc951,raw_selector,202.47142790272127,42.638603567543626
591cc951,multiscale_selector,262.4714279027213,-17.36139643245637
591cc951,top3_multiscale,252.4714279027213,-7.361396432456373
591cc951,grid_oracle,202.47142790272127,12.63860356754363
593876b6,ridge_prior,-151.16866011493676,3.0324591435663697
593876b6,raw_selector,-211.16866011493676,63.03245914356637
593876b6,multiscale_selector,-211.16866011493676,63.03245914356637
593876b6,top3_multiscale,-201.16866011493676,33.03245914356637
593876b6,grid_oracle,-121.16866011493676,-56.96754085643363
59f8b2e8,ridge_prior,-171.0639240843741,14.268693582438544
59f8b2e8,raw_selector,-111.0639240843741,-45.731306417561456
59f8b2e8,multiscale_selector,-111.0639240843741,-45.731306417561456
59f8b2e8,top3_multiscale,-141.0639240843741,-15.731306417561456
59f8b2e8,grid_oracle,-201.0639240843741,44.268693582438544
5a1a8fd8,ridge_prior,-141.79475601115604,1.4607726745929241
5a1a8fd8,raw_selector,-261.79475601115604,121.46077267459293
5a1a8fd8,multiscale_selector,-81.79475601115604,1.4607726745929241
5a1a8fd8,top3_multiscale,-141.79475601115604,31.46077267459293
5a1a8fd8,grid_oracle,-171.79475601115604,31.460772674592924
5a5269a9,ridge_prior,-243.2097114151171,-50.62245042816726
5a5269a9,raw_selector,-213.2097114151171,-110.62245042816727
5a5269a9,multiscale_selector,-213.2097114151171,-110.62245042816727
5a5269a9,top3_multiscale,-213.2097114151171,-120.62245042816727
5a5269a9,grid_oracle,-213.2097114151171,-110.62245042816727
5a5d1982,ridge_prior,-122.66226133822042,-18.18838118595124
5a5d1982,raw_selector,-182.66226133822042,41.81161881404876
5a5d1982,multiscale_selector,-182.66226133822042,41.81161881404876
5a5d1982,top3_multiscale,-92.6622613382204,-58.18838118595124
5a5d1982,grid_oracle,-122.66226133822042,-18.18838118595124
5a63b5d1,ridge_prior,100.072249960389,4.7928709889360945
5a63b5d1,raw_selector,40.072249960389,64.7928709889361
5a63b5d1,multiscale_selector,40.072249960389,-55.207129011063905
5a63b5d1,top3_multiscale,50.072249960389,-15.207129011063905
5a63b5d1,grid_oracle,40.072249960389,34.792870988936095
5aa03df7,ridge_prior,-138.03928527823376,-29.054200859577527
5aa03df7,raw_selector,-108.03928527823376,0.9457991404224728
5aa03df7,multiscale_selector,-198.03928527823376,30.945799140422473
5aa03df7,top3_multiscale,-158.03928527823376,10.945799140422473
5aa03df7,grid_oracle,-138.03928527823376,0.9457991404224728
5aa403d0,ridge_prior,135.78116546379474,10.24727054053076
5aa403d0,raw_selector,75.78116546379474,70.24727054053076
5aa403d0,multiscale_selector,135.78116546379474,10.24727054053076
5aa403d0,top3_multiscale,135.78116546379474,10.247270540530762
5aa403d0,grid_oracle,195.78116546379474,-19.75272945946924
5aef5c6c,ridge_prior,-99.70469693632415,28.655522223894238
5aef5c6c,raw_selector,-99.70469693632415,58.65552222389424
5aef5c6c,multiscale_selector,-99.70469693632415,58.65552222389424
5aef5c6c,top3_multiscale,-99.70469693632417,78.65552222389425
5aef5c6c,grid_oracle,-69.70469693632415,-1.3444777761057622
5b7b6324,ridge_prior,209.62228378518614,-7.834227094095883
5b7b6324,raw_selector,149.62228378518614,52.16577290590412
5b7b6324,multiscale_selector,149.62228378518614,52.16577290590412
5b7b6324,top3_multiscale,229.62228378518614,12.16577290590412
5b7b6324,grid_oracle,209.62228378518614,52.16577290590412
5bd25f59,ridge_prior,208.96847808293853,25.2141755018275
5bd25f59,raw_selector,238.96847808293853,25.2141755018275
5bd25f59,multiscale_selector,238.96847808293853,25.2141755018275
5bd25f59,top3_multiscale,218.96847808293853,55.2141755018275
5bd25f59,grid_oracle,208.96847808293853,55.2141755018275
5beded95,ridge_prior,-96.54686103854999,-8.187047864045004
5beded95,raw_selector,-126.54686103854999,21.812952135954994
5beded95,multiscale_selector,-126.54686103854999,21.812952135954994
5beded95,top3_multiscale,-76.54686103854999,-28.187047864045002
5beded95,grid_oracle,-126.54686103854999,21.812952135954994
5cb483ac,ridge_prior,-126.56253236681926,3.6610895019616776
5cb483ac,raw_selector,-66.56253236681926,33.661089501961676
5cb483ac,multiscale_selector,-66.56253236681926,33.661089501961676
5cb483ac,top3_multiscale,-56.562532366819255,13.661089501961676
5cb483ac,grid_oracle,-96.56253236681926,-26.338910498038324
5cdd8dbc,ridge_prior,87.51086910619422,28.679759283771304
5cdd8dbc,raw_selector,27.51086910619422,58.679759283771304
5cdd8dbc,multiscale_selector,27.51086910619422,58.679759283771304
5cdd8dbc,top3_multiscale,67.51086910619422,18.679759283771304
5cdd8dbc,grid_oracle,57.51086910619422,88.6797592837713
5d11dfb5,ridge_prior,201.01450903788313,15.287296513212041
5d11dfb5,raw_selector,231.01450903788313,45.28729651321204
5d11dfb5,multiscale_selector,231.01450903788313,45.28729651321204
5d11dfb5,top3_multiscale,221.01450903788313,35.28729651321204
5d11dfb5,grid_oracle,261.01450903788316,-44.71270348678796
5d7198fd,ridge_prior,178.97027473005977,0.7480751513320758
5d7198fd,raw_selector,178.97027473005977,30.748075151332074
5d7198fd,multiscale_selector,178.97027473005977,30.748075151332074
5d7198fd,top3_multiscale,228.97027473005974,-49.251924848667926
5d7198fd,grid_oracle,208.97027473005977,-59.251924848667926
5def1ce5,ridge_prior,-158.0233844391679,-50.49418899702498
5def1ce5,raw_selector,-218.0233844391679,-20.494188997024978
5def1ce5,multiscale_selector,-128.0233844391679,-110.49418899702498
5def1ce5,top3_multiscale,-168.0233844391679,-70.49418899702498
5def1ce5,grid_oracle,-128.0233844391679,-110.49418899702498
5eae34a8,ridge_prior,-138.6368236078236,-2.930135567645877
5eae34a8,raw_selector,-138.6368236078236,-2.930135567645877
5eae34a8,multiscale_selector,-138.6368236078236,-2.930135567645877
5eae34a8,top3_multiscale,-128.6368236078236,-52.93013556764587
5eae34a8,grid_oracle,-138.6368236078236,-2.930135567645877
5f4d2a52,ridge_prior,74.37780487106221,83.74286831771084
5f4d2a52,raw_selector,194.3778048710622,23.742868317710844
5f4d2a52,multiscale_selector,194.3778048710622,23.742868317710844
5f4d2a52,top3_multiscale,144.3778048710622,93.74286831771083
5f4d2a52,grid_oracle,194.3778048710622,23.742868317710844
5f6756c5,ridge_prior,218.80323824929846,12.411312946145113
5f6756c5,raw_selector,278.8032382492985,-17.588687053854887
5f6756c5,multiscale_selector,278.8032382492985,-17.588687053854887
5f6756c5,top3_multiscale,298.8032382492985,-27.588687053854883
5f6756c5,grid_oracle,218.80323824929846,42.41131294614512
5f75f796,ridge_prior,199.13460913977642,-18.74160201104734
5f75f796,raw_selector,169.13460913977642,-18.74160201104734
5f75f796,multiscale_selector,169.13460913977642,-18.74160201104734
5f75f796,top3_multiscale,169.13460913977642,-8.741602011047341
5f75f796,grid_oracle,169.13460913977642,41.25839798895266
5fb1c15f,ridge_prior,97.17457525456214,40.50589511762165
5fb1c15f,raw_selector,67.17457525456214,70.50589511762165
5fb1c15f,multiscale_selector,127.17457525456214,-79.49410488237835
5fb1c15f,top3_multiscale,97.17457525456216,-29.494104882378352
5fb1c15f,grid_oracle,157.17457525456214,-19.494104882378352
5fffa282,ridge_prior,-134.41829835574208,16.363587408608264
5fffa282,raw_selector,-104.41829835574208,46.36358740860827
5fffa282,multiscale_selector,-74.41829835574208,16.363587408608264
5fffa282,top3_multiscale,-104.41829835574208,46.36358740860826
5fffa282,grid_oracle,-134.41829835574208,16.363587408608264
60e37807,ridge_prior,76.74560534823429,31.985608143261842
60e37807,raw_selector,46.74560534823429,-28.014391856738158
60e37807,multiscale_selector,106.74560534823429,61.98560814326184
60e37807,top3_multiscale,76.74560534823429,41.98560814326184
60e37807,grid_oracle,76.74560534823429,61.98560814326184
61f27424,ridge_prior,206.61265693100847,-14.814849114651807
61f27424,raw_selector,236.61265693100847,-44.81484911465181
61f27424,multiscale_selector,236.61265693100847,-44.81484911465181
61f27424,top3_multiscale,206.61265693100847,-14.814849114651807
61f27424,grid_oracle,236.61265693100847,-44.81484911465181
62569ae3,ridge_prior,-82.45111350969374,-5.659039684244047
62569ae3,raw_selector,-82.45111350969374,-5.659039684244047
62569ae3,multiscale_selector,-82.45111350969374,-5.659039684244047
62569ae3,top3_multiscale,-92.45111350969374,-5.659039684244049
62569ae3,grid_oracle,-82.45111350969374,-35.65903968424405
62a6f539,ridge_prior,131.860796138374,-1.5291111471355099
62a6f539,raw_selector,161.860796138374,-121.52911114713551
62a6f539,multiscale_selector,161.860796138374,-121.52911114713551
62a6f539,top3_multiscale,111.86079613837403,-21.52911114713551
62a6f539,grid_oracle,131.860796138374,-31.52911114713551
633774dc,ridge_prior,187.2950187774875,17.700813190646475
633774dc,raw_selector,127.29501877748751,77.70081319064647
633774dc,multiscale_selector,127.29501877748751,77.70081319064647
633774dc,top3_multiscale,147.2950187774875,47.70081319064647
633774dc,grid_oracle,217.2950187774875,17.700813190646475
63559d57,ridge_prior,-181.82583693839842,-2.4753217254411912
63559d57,raw_selector,-211.82583693839842,27.52467827455881
63559d57,multiscale_selector,-211.82583693839842,27.52467827455881
63559d57,top3_multiscale,-201.82583693839842,7.524678274558809
63559d57,grid_oracle,-211.82583693839842,27.52467827455881
647f2a41,ridge_prior,-139.10204809412875,-2.341733129958844
647f2a41,raw_selector,-19.102048094128747,-122.34173312995884
647f2a41,multiscale_selector,-19.102048094128747,-122.34173312995884
647f2a41,top3_multiscale,-79.10204809412875,-72.34173312995884
647f2a41,grid_oracle,-139.10204809412875,-2.341733129958844
65156b96,ridge_prior,-151.74869140581285,-20.852139421873968
65156b96,raw_selector,-181.74869140581285,-20.852139421873968
65156b96,multiscale_selector,-181.74869140581285,-20.852139421873968
65156b96,top3_multiscale,-201.74869140581282,9.14786057812603
65156b96,grid_oracle,-181.74869140581285,9.147860578126032
653612bc,ridge_prior,-53.227953641945774,-54.16287811557428
653612bc,raw_selector,-173.22795364194576,65.83712188442573
653612bc,multiscale_selector,-113.22795364194577,-24.16287811557428
653612bc,top3_multiscale,-123.22795364194576,-4.162878115574277
653612bc,grid_oracle,-53.227953641945774,-54.16287811557428
656a067b,ridge_prior,143.793835990698,-0.14772518466522988
656a067b,raw_selector,173.793835990698,-30.14772518466523
656a067b,multiscale_selector,173.793835990698,-30.14772518466523
656a067b,top3_multiscale,113.79383599069801,9.852274815334772
656a067b,grid_oracle,173.793835990698,-60.14772518466523
65a5466a,ridge_prior,-138.3871174682074,-37.99364040793405
65a5466a,raw_selector,-78.3871174682074,-157.99364040793404
65a5466a,multiscale_selector,-78.3871174682074,-157.99364040793404
65a5466a,top3_multiscale,-118.3871174682074,-77.99364040793404
65a5466a,grid_oracle,-138.3871174682074,-37.99364040793405
660d9546,ridge_prior,-61.91075830807673,-55.03783439747775
660d9546,raw_selector,-91.91075830807674,-55.03783439747775
660d9546,multiscale_selector,-91.91075830807674,-55.03783439747775
660d9546,top3_multiscale,-81.91075830807674,-55.03783439747775
660d9546,grid_oracle,-91.91075830807674,-25.037834397477752
6767c111,ridge_prior,340.30016912040946,-3.376218547085066
6767c111,raw_selector,460.30016912040946,-123.37621854708506
6767c111,multiscale_selector,370.30016912040946,56.62378145291493
6767c111,top3_multiscale,410.30016912040946,-13.376218547085065
6767c111,grid_oracle,400.30016912040946,26.623781452914933
67847288,ridge_prior,323.4459930709169,-68.79474503088001
67847288,raw_selector,323.4459930709169,-128.79474503088
67847288,multiscale_selector,323.4459930709169,-38.79474503088001
67847288,top3_multiscale,313.4459930709169,-58.79474503088
67847288,grid_oracle,263.4459930709169,-38.79474503088001
67a8da4a,ridge_prior,172.35939241648094,-11.387907928188994
67a8da4a,raw_selector,172.35939241648094,18.612092071811006
67a8da4a,multiscale_selector,172.35939241648094,18.612092071811006
67a8da4a,top3_multiscale,172.35939241648097,18.612092071811006
67a8da4a,grid_oracle,202.35939241648094,-41.387907928188994
684a6fc1,ridge_prior,-291.7985103569517,40.6447429500413
684a6fc1,raw_selector,-291.7985103569517,70.64474295004129
684a6fc1,multiscale_selector,-261.7985103569517,40.6447429500413
684a6fc1,top3_multiscale,-291.7985103569517,90.64474295004129
684a6fc1,grid_oracle,-261.7985103569517,40.6447429500413
698930d1,ridge_prior,186.4474552169686,-24.503596411014083
698930d1,raw_selector,156.4474552169686,35.49640358898591
698930d1,multiscale_selector,156.4474552169686,35.49640358898591
698930d1,top3_multiscale,236.4474552169686,-54.50359641101409
698930d1,grid_oracle,216.4474552169686,-54.50359641101409
699ea575,ridge_prior,72.44378244825415,28.18026861110326
699ea575,raw_selector,12.443782448254154,58.18026861110326
699ea575,multiscale_selector,12.443782448254154,58.18026861110326
699ea575,top3_multiscale,52.443782448254154,48.18026861110326
699ea575,grid_oracle,42.443782448254154,58.18026861110326
69c1bdad,ridge_prior,31.699267998891063,52.44738918850804
69c1bdad,raw_selector,-28.300732001108937,112.44738918850804
69c1bdad,multiscale_selector,-28.300732001108937,112.44738918850804
69c1bdad,top3_multiscale,11.699267998891061,52.44738918850803
69c1bdad,grid_oracle,61.69926799889106,22.44738918850804
69e41fa6,ridge_prior,-145.96615715589184,-2.5387457657525005
69e41fa6,raw_selector,-115.96615715589184,-32.5387457657525
69e41fa6,multiscale_selector,-175.96615715589184,27.461254234247498
69e41fa6,top3_multiscale,-145.96615715589184,-12.538745765752502
69e41fa6,grid_oracle,-175.96615715589184,27.461254234247498
6a0ff78e,ridge_prior,-166.72787605315074,-26.412239557570416
6a0ff78e,raw_selector,-226.72787605315074,-26.412239557570416
6a0ff78e,multiscale_selector,-226.72787605315074,-26.412239557570416
6a0ff78e,top3_multiscale,-186.7278760531507,-46.412239557570416
6a0ff78e,grid_oracle,-166.72787605315074,-56.412239557570416
6a8fa194,ridge_prior,38.10888717063162,66.3172186590248
6a8fa194,raw_selector,68.10888717063162,96.3172186590248
6a8fa194,multiscale_selector,98.10888717063162,66.3172186590248
6a8fa194,top3_multiscale,58.10888717063162,86.31721865902482
6a8fa194,grid_oracle,38.10888717063162,66.3172186590248
6ae68655,ridge_prior,189.33681097275775,-14.266498948759319
6ae68655,raw_selector,249.33681097275775,-74.26649894875932
6ae68655,multiscale_selector,309.33681097275775,-44.26649894875932
6ae68655,top3_multiscale,279.33681097275775,-24.26649894875932
6ae68655,grid_oracle,219.33681097275775,-44.26649894875932
6d1d74e1,ridge_prior,-229.93730064626382,-10.205678832891259
6d1d74e1,raw_selector,-289.9373006462638,19.79432116710874
6d1d74e1,multiscale_selector,-289.9373006462638,19.79432116710874
6d1d74e1,top3_multiscale,-219.9373006462638,-60.205678832891266
6d1d74e1,grid_oracle,-169.93730064626382,-130.20567883289127
6d590e26,ridge_prior,269.4989432855468,-33.210586213255404
6d590e26,raw_selector,299.4989432855468,-3.2105862132554037
6d590e26,multiscale_selector,269.4989432855468,-33.210586213255404
6d590e26,top3_multiscale,299.4989432855468,-63.2105862132554
6d590e26,grid_oracle,299.4989432855468,-63.210586213255404
6d6d93af,ridge_prior,-124.16417560464677,-5.836660196782399
6d6d93af,raw_selector,-64.16417560464677,-65.8366601967824
6d6d93af,multiscale_selector,-64.16417560464677,-65.8366601967824
6d6d93af,top3_multiscale,-124.16417560464679,-5.836660196782401
6d6d93af,grid_oracle,-244.16417560464677,114.1633398032176
6dbe4b60,ridge_prior,-151.9411147076911,-9.46486835238121
6dbe4b60,raw_selector,-121.9411147076911,-69.46486835238122
6dbe4b60,multiscale_selector,-151.9411147076911,-9.46486835238121
6dbe4b60,top3_multiscale,-151.9411147076911,-19.464868352381213
6dbe4b60,grid_oracle,-151.9411147076911,-9.46486835238121
6e6d122c,ridge_prior,-148.04840203899008,-28.006767041600305
6e6d122c,raw_selector,-268.04840203899005,91.99323295839969
6e6d122c,multiscale_selector,-268.04840203899005,91.99323295839969
6e6d122c,top3_multiscale,-218.04840203899005,31.99323295839969
6e6d122c,grid_oracle,-118.04840203899008,-58.006767041600305
6e9ccd38,ridge_prior,251.7834087421476,-30.446915230226157
6e9ccd38,raw_selector,281.78340874214757,-30.446915230226157
6e9ccd38,multiscale_selector,131.7834087421476,-0.446915230226157
6e9ccd38,top3_multiscale,241.78340874214757,-30.446915230226153
6e9ccd38,grid_oracle,281.78340874214757,-90.44691523022615
6ea22614,ridge_prior,-201.33264536818987,-9.40076839438263
6ea22614,raw_selector,-231.33264536818987,20.59923160561737
6ea22614,multiscale_selector,-261.3326453681899,50.59923160561737
6ea22614,top3_multiscale,-251.3326453681899,60.599231605617376
6ea22614,grid_oracle,-261.3326453681899,50.59923160561737
6ede926a,ridge_prior,169.53117782993718,-20.176129663996697
6ede926a,raw_selector,49.53117782993718,39.8238703360033
6ede926a,multiscale_selector,49.53117782993718,39.8238703360033
6ede926a,top3_multiscale,129.53117782993718,-0.17612966399669716
6ede926a,grid_oracle,169.53117782993718,-20.176129663996697
708caea9,ridge_prior,356.32224972413957,19.350624391026575
708caea9,raw_selector,386.32224972413957,79.35062439102657
708caea9,multiscale_selector,386.32224972413957,79.35062439102657
708caea9,top3_multiscale,396.32224972413957,49.35062439102657
708caea9,grid_oracle,476.32224972413957,-40.64937560897343
70925e23,ridge_prior,147.8100120902315,-46.6796365330058
70925e23,raw_selector,207.8100120902315,-106.6796365330058
70925e23,multiscale_selector,207.8100120902315,-106.6796365330058
70925e23,top3_multiscale,177.81001209023148,-46.679636533005805
70925e23,grid_oracle,177.8100120902315,-76.6796365330058
70e1788b,ridge_prior,286.2931715937679,-58.94809692036143
70e1788b,raw_selector,226.2931715937679,1.0519030796385707
70e1788b,multiscale_selector,226.2931715937679,1.0519030796385707
70e1788b,top3_multiscale,266.2931715937679,-28.948096920361433
70e1788b,grid_oracle,286.2931715937679,-58.94809692036143
71642c7d,ridge_prior,-175.36132039179722,6.281136142985033
71642c7d,raw_selector,-115.36132039179722,-23.718863857014966
71642c7d,multiscale_selector,-115.36132039179722,-23.718863857014966
71642c7d,top3_multiscale,-155.36132039179722,6.281136142985034
71642c7d,grid_oracle,-205.36132039179722,36.281136142985034
71ccf778,ridge_prior,40.79557919544994,44.86635192357322
71ccf778,raw_selector,40.79557919544994,44.86635192357322
71ccf778,multiscale_selector,40.79557919544994,44.86635192357322
71ccf778,top3_multiscale,10.795579195449939,74.86635192357322
71ccf778,grid_oracle,10.795579195449939,74.86635192357322
7224331b,ridge_prior,258.0589433332551,-22.307009088580404
7224331b,raw_selector,288.0589433332551,-22.307009088580404
7224331b,multiscale_selector,288.0589433332551,-22.307009088580404
7224331b,top3_multiscale,288.0589433332551,-12.3070090885804
7224331b,grid_oracle,288.0589433332551,-52.3070090885804
722cf0d8,ridge_prior,157.45718948826436,2.4195382784760437
722cf0d8,raw_selector,157.45718948826436,-57.58046172152395
722cf0d8,multiscale_selector,97.45718948826436,62.41953827847605
722cf0d8,top3_multiscale,127.45718948826436,12.419538278476047
722cf0d8,grid_oracle,127.45718948826436,32.41953827847605
7256229b,ridge_prior,-214.54361265546677,5.0558130818389175
7256229b,raw_selector,-214.54361265546677,5.0558130818389175
7256229b,multiscale_selector,-214.54361265546677,-24.944186918161083
7256229b,top3_multiscale,-224.54361265546677,5.0558130818389175
7256229b,grid_oracle,-214.54361265546677,-24.944186918161083
726f3dc2,ridge_prior,251.49803823292396,-36.01195681001176
726f3dc2,raw_selector,371.49803823292393,-156.01195681001175
726f3dc2,multiscale_selector,191.49803823292396,-96.01195681001175
726f3dc2,top3_multiscale,231.49803823292396,-86.01195681001177
726f3dc2,grid_oracle,221.49803823292396,-6.01195681001176
7271dd80,ridge_prior,-129.6203710875253,-11.505194251268417
7271dd80,raw_selector,-99.62037108752531,-71.50519425126842
7271dd80,multiscale_selector,-129.6203710875253,-41.50519425126842
7271dd80,top3_multiscale,-139.6203710875253,-21.50519425126842
7271dd80,grid_oracle,-159.6203710875253,18.494805748731583
727a3a10,ridge_prior,-0.2541833184319202,19.080456216170827
727a3a10,raw_selector,-60.25418331843192,79.08045621617083
727a3a10,multiscale_selector,-60.25418331843192,79.08045621617083
727a3a10,top3_multiscale,-60.25418331843192,79.08045621617083
727a3a10,grid_oracle,-30.25418331843192,19.080456216170827
729665c0,ridge_prior,-113.44553669534716,-36.75014681332152
729665c0,raw_selector,-83.44553669534716,-6.750146813321521
729665c0,multiscale_selector,-83.44553669534716,-6.750146813321521
729665c0,top3_multiscale,-73.44553669534716,-46.75014681332152
729665c0,grid_oracle,-143.44553669534716,-6.750146813321521
729e9750,ridge_prior,-158.53896279259882,-37.45054166339056
729e9750,raw_selector,-158.53896279259882,-97.45054166339057
729e9750,multiscale_selector,-158.53896279259882,-97.45054166339057
729e9750,top3_multiscale,-118.53896279259884,-97.45054166339055
729e9750,grid_oracle,-188.53896279259882,-7.45054166339056
729f4217,ridge_prior,-179.95259579843687,-14.22518163560191
729f4217,raw_selector,-179.95259579843687,-14.22518163560191
729f4217,multiscale_selector,-59.952595798436874,-134.2251816356019
729f4217,top3_multiscale,-169.95259579843687,-44.225181635601906
729f4217,grid_oracle,-239.95259579843687,45.77481836439809
72dd8501,ridge_prior,149.95803456113813,-3.857499809887197
72dd8501,raw_selector,89.95803456113813,26.142500190112802
72dd8501,multiscale_selector,89.95803456113813,26.142500190112802
72dd8501,top3_multiscale,109.95803456113815,16.142500190112802
72dd8501,grid_oracle,149.95803456113813,-3.857499809887197
73348914,ridge_prior,-166.8188325290928,8.076886532227958
73348914,raw_selector,-136.8188325290928,8.076886532227958
73348914,multiscale_selector,-166.8188325290928,-21.92311346777204
73348914,top3_multiscale,-196.8188325290928,38.07688653222795
73348914,grid_oracle,-226.8188325290928,68.07688653222796
739a914f,ridge_prior,-165.91658856926907,-16.032247494350845
739a914f,raw_selector,-195.91658856926907,-46.03224749435084
739a914f,multiscale_selector,-195.91658856926907,-46.03224749435084
739a914f,top3_multiscale,-175.91658856926904,-46.03224749435085
739a914f,grid_oracle,-225.91658856926907,13.967752505649155
73b1447d,ridge_prior,-154.80509524732372,-46.737610252819714
73b1447d,raw_selector,-154.80509524732372,-16.737610252819714
73b1447d,multiscale_selector,-154.80509524732372,-16.737610252819714
73b1447d,top3_multiscale,-184.80509524732372,3.2623897471802863
73b1447d,grid_oracle,-94.80509524732372,-76.7376102528197
74b6186b,ridge_prior,131.2857161769768,10.057763117500658
74b6186b,raw_selector,71.28571617697679,40.057763117500656
74b6186b,multiscale_selector,71.28571617697679,70.05776311750066
74b6186b,top3_multiscale,81.28571617697679,40.057763117500656
74b6186b,grid_oracle,131.2857161769768,10.057763117500658
75c20ec7,ridge_prior,169.3401363411579,12.92208490746351
75c20ec7,raw_selector,289.34013634115786,-17.07791509253649
75c20ec7,multiscale_selector,199.3401363411579,-17.07791509253649
75c20ec7,top3_multiscale,239.34013634115786,-7.0779150925364895
75c20ec7,grid_oracle,199.3401363411579,-17.07791509253649
75cd5f11,ridge_prior,-111.08561114475958,-32.86008541160612
75cd5f11,raw_selector,-111.08561114475958,-32.86008541160612
75cd5f11,multiscale_selector,-111.08561114475958,-32.86008541160612
75cd5f11,top3_multiscale,-141.08561114475958,-32.86008541160612
75cd5f11,grid_oracle,-111.08561114475958,-32.86008541160612
75d20a82,ridge_prior,60.0410883848577,70.17426928672356
75d20a82,raw_selector,60.0410883848577,100.17426928672356
75d20a82,multiscale_selector,60.0410883848577,100.17426928672356
75d20a82,top3_multiscale,40.0410883848577,20.174269286723558
75d20a82,grid_oracle,30.0410883848577,130.17426928672356
76201745,ridge_prior,-158.7097659789729,1.2693109753899596
76201745,raw_selector,-188.7097659789729,31.26931097538996
76201745,multiscale_selector,-188.7097659789729,31.26931097538996
76201745,top3_multiscale,-138.7097659789729,-8.730689024610044
76201745,grid_oracle,-128.7097659789729,-58.730689024610044
764072a5,ridge_prior,68.65467940726089,25.248573232662856
764072a5,raw_selector,38.654679407260886,25.248573232662856
764072a5,multiscale_selector,38.654679407260886,25.248573232662856
764072a5,top3_multiscale,38.654679407260886,45.248573232662864
764072a5,grid_oracle,68.65467940726089,25.248573232662856
77b0d905,ridge_prior,100.15879481974073,20.2133879840659
77b0d905,raw_selector,130.15879481974073,50.2133879840659
77b0d905,multiscale_selector,160.15879481974073,20.2133879840659
77b0d905,top3_multiscale,130.15879481974073,20.213387984065903
77b0d905,grid_oracle,100.15879481974073,20.2133879840659
77e4821c,ridge_prior,-167.6058492161036,17.149383714862186
77e4821c,raw_selector,-167.6058492161036,47.14938371486218
77e4821c,multiscale_selector,-167.6058492161036,47.14938371486218
77e4821c,top3_multiscale,-167.6058492161036,27.149383714862182
77e4821c,grid_oracle,-137.6058492161036,17.149383714862186
7850c72e,ridge_prior,-143.0875730880373,-30.515912255350297
7850c72e,raw_selector,-83.08757308803729,-90.5159122553503
7850c72e,multiscale_selector,-143.0875730880373,-30.515912255350297
7850c72e,top3_multiscale,-113.08757308803729,-60.515912255350294
7850c72e,grid_oracle,-143.0875730880373,-30.515912255350297
78a4a386,ridge_prior,189.02729020603977,-19.619125330170455
78a4a386,raw_selector,159.02729020603977,-19.619125330170455
78a4a386,multiscale_selector,159.02729020603977,-19.619125330170455
78a4a386,top3_multiscale,119.02729020603977,40.380874669829545
78a4a386,grid_oracle,159.02729020603977,10.380874669829545
79507629,ridge_prior,196.03973935021259,-12.373240283214685
79507629,raw_selector,256.0397393502126,-12.373240283214685
79507629,multiscale_selector,226.03973935021259,-132.37324028321467
79507629,top3_multiscale,146.03973935021259,-32.37324028321468
79507629,grid_oracle,196.03973935021259,-12.373240283214685
796dbd4c,ridge_prior,-180.2391233553048,-45.39618268684009
796dbd4c,raw_selector,-180.2391233553048,-75.39618268684009
796dbd4c,multiscale_selector,-180.2391233553048,-75.39618268684009
796dbd4c,top3_multiscale,-190.23912335530477,-75.39618268684009
796dbd4c,grid_oracle,-210.2391233553048,-45.39618268684009
7987f2f2,ridge_prior,-172.06625040003627,-11.01370334457549
7987f2f2,raw_selector,-142.06625040003627,-11.01370334457549
7987f2f2,multiscale_selector,-142.06625040003627,-41.01370334457549
7987f2f2,top3_multiscale,-152.06625040003627,-41.01370334457549
7987f2f2,grid_oracle,-202.06625040003627,18.98629665542451
7993a768,ridge_prior,126.54886184338594,-21.985905811419997
7993a768,raw_selector,186.54886184338594,-81.98590581142
7993a768,multiscale_selector,186.54886184338594,-81.98590581142
7993a768,top3_multiscale,196.54886184338594,-91.98590581141998
7993a768,grid_oracle,126.54886184338594,-21.985905811419997
7a5660b0,ridge_prior,132.76019908248298,-2.6248506233505866
7a5660b0,raw_selector,72.76019908248298,27.375149376649414
7a5660b0,multiscale_selector,72.76019908248298,27.375149376649414
7a5660b0,top3_multiscale,82.76019908248298,37.37514937664941
7a5660b0,grid_oracle,102.76019908248298,-2.6248506233505866
7acda2df,ridge_prior,-105.93035391311122,19.373202980878574
7acda2df,raw_selector,-105.93035391311122,19.373202980878574
7acda2df,multiscale_selector,-75.93035391311122,-100.62679701912143
7acda2df,top3_multiscale,-115.93035391311122,-10.626797019121426
7acda2df,grid_oracle,-45.93035391311122,-10.626797019121426
7b2c7b3c,ridge_prior,77.07107396427118,24.371160921988533
7b2c7b3c,raw_selector,47.07107396427118,84.37116092198853
7b2c7b3c,multiscale_selector,47.07107396427118,84.37116092198853
7b2c7b3c,top3_multiscale,37.07107396427118,74.37116092198853
7b2c7b3c,grid_oracle,77.07107396427118,24.371160921988533
7b38844c,ridge_prior,-77.0226527939932,-42.43508813138104
7b38844c,raw_selector,-77.0226527939932,-72.43508813138104
7b38844c,multiscale_selector,-77.0226527939932,-72.43508813138104
7b38844c,top3_multiscale,-117.02265279399319,-32.435088131381036
7b38844c,grid_oracle,-107.0226527939932,-12.435088131381043
7bb17b96,ridge_prior,-167.53640706657657,5.8438944024796795
7bb17b96,raw_selector,-227.53640706657657,35.84389440247968
7bb17b96,multiscale_selector,-167.53640706657657,5.8438944024796795
7bb17b96,top3_multiscale,-177.53640706657657,-4.156105597520323
7bb17b96,grid_oracle,-137.53640706657657,-24.15610559752032
7c607683,ridge_prior,201.50472694620908,-20.3216709617144
7c607683,raw_selector,171.50472694620908,-20.3216709617144
7c607683,multiscale_selector,141.50472694620908,39.6783290382856
7c607683,top3_multiscale,161.50472694620908,9.678329038285598
7c607683,grid_oracle,141.50472694620908,39.6783290382856
7cbbd047,ridge_prior,-250.2001305685193,8.36601776755913
7cbbd047,raw_selector,-370.2001305685193,128.36601776755913
7cbbd047,multiscale_selector,-370.2001305685193,128.36601776755913
7cbbd047,top3_multiscale,-270.2001305685193,-1.6339822324408715
7cbbd047,grid_oracle,-280.2001305685193,38.36601776755913
7cd4bb31,ridge_prior,-181.0497665751668,-32.44132396983236
7cd4bb31,raw_selector,-241.0497665751668,-2.4413239698323608
7cd4bb31,multiscale_selector,-241.0497665751668,-2.4413239698323608
7cd4bb31,top3_multiscale,-221.0497665751668,-22.441323969832364
7cd4bb31,grid_oracle,-181.0497665751668,-62.44132396983236
7d50373e,ridge_prior,-97.05774116207857,-12.826506948993469
7d50373e,raw_selector,-127.05774116207857,17.17349305100653
7d50373e,multiscale_selector,-127.05774116207857,17.17349305100653
7d50373e,top3_multiscale,-137.05774116207857,7.173493051006531
7d50373e,grid_oracle,-97.05774116207857,-12.826506948993469
7d57c75d,ridge_prior,-155.53940922662542,22.548631157536498
7d57c75d,raw_selector,-155.53940922662542,-7.451368842463502
7d57c75d,multiscale_selector,-155.53940922662542,-7.451368842463502
7d57c75d,top3_multiscale,-145.53940922662542,2.548631157536498
7d57c75d,grid_oracle,-155.53940922662542,22.548631157536498
7e208414,ridge_prior,-112.28182008944732,-12.370423110528323
7e208414,raw_selector,-82.28182008944732,-12.370423110528323
7e208414,multiscale_selector,-172.2818200894473,47.62957688947168
7e208414,top3_multiscale,-132.2818200894473,-12.370423110528321
7e208414,grid_oracle,-142.2818200894473,17.62957688947168
7e721392,ridge_prior,114.40740232605745,4.123913736847273
7e721392,raw_selector,54.40740232605745,64.12391373684727
7e721392,multiscale_selector,54.40740232605745,64.12391373684727
7e721392,top3_multiscale,64.40740232605745,24.12391373684727
7e721392,grid_oracle,-5.592597673942549,64.12391373684727
7ff89f8f,ridge_prior,194.4234041827093,-12.308930419793139
7ff89f8f,raw_selector,314.4234041827093,-72.30893041979314
7ff89f8f,multiscale_selector,74.4234041827093,47.69106958020686
7ff89f8f,top3_multiscale,174.4234041827093,-12.308930419793143
7ff89f8f,grid_oracle,254.4234041827093,-72.30893041979314
8050c789,ridge_prior,124.68257799296829,-14.472595407893728
8050c789,raw_selector,154.68257799296828,-134.47259540789372
8050c789,multiscale_selector,124.68257799296829,-44.47259540789373
8050c789,top3_multiscale,144.68257799296828,-74.47259540789372
8050c789,grid_oracle,124.68257799296829,-44.47259540789373
807f0298,ridge_prior,256.4354539626136,-18.00583444332281
807f0298,raw_selector,256.4354539626136,-78.00583444332281
807f0298,multiscale_selector,196.43545396261362,11.994165556677189
807f0298,top3_multiscale,216.43545396261365,21.99416555667719
807f0298,grid_oracle,226.43545396261362,41.99416555667719
811f52b3,ridge_prior,200.25096546445982,-17.470459351332558
811f52b3,raw_selector,200.25096546445982,12.529540648667442
811f52b3,multiscale_selector,260.2509654644598,-77.47045935133255
811f52b3,top3_multiscale,230.2509654644598,-47.47045935133255
811f52b3,grid_oracle,230.25096546445982,-47.47045935133256
81bf5923,ridge_prior,34.595522206644816,23.311944597897984
81bf5923,raw_selector,94.59552220664482,-36.688055402102016
81bf5923,multiscale_selector,94.59552220664482,-36.688055402102016
81bf5923,top3_multiscale,-5.404477793355184,53.31194459789799
81bf5923,grid_oracle,-25.404477793355184,23.311944597897984
81fc01c6,ridge_prior,243.79555199120904,-27.00272951705653
81fc01c6,raw_selector,213.79555199120904,2.9972704829434704
81fc01c6,multiscale_selector,213.79555199120904,2.9972704829434704
81fc01c6,top3_multiscale,203.795551991209,42.99727048294346
81fc01c6,grid_oracle,213.79555199120904,32.99727048294347
8255c867,ridge_prior,39.34851415514394,30.14862505916282
8255c867,raw_selector,39.34851415514394,30.14862505916282
8255c867,multiscale_selector,39.34851415514394,0.14862505916282132
8255c867,top3_multiscale,29.348514155143942,20.14862505916282
8255c867,grid_oracle,99.34851415514393,-29.85137494083718
82aab6d2,ridge_prior,260.2979984566995,-44.32607302590935
82aab6d2,raw_selector,290.2979984566995,-74.32607302590935
82aab6d2,multiscale_selector,290.2979984566995,-74.32607302590935
82aab6d2,top3_multiscale,260.2979984566995,-34.32607302590935
82aab6d2,grid_oracle,230.29799845669947,15.673926974090648
82fcf37c,ridge_prior,155.82815052663474,-37.54510488586961
82fcf37c,raw_selector,95.82815052663474,-7.545104885869613
82fcf37c,multiscale_selector,95.82815052663474,-7.545104885869613
82fcf37c,top3_multiscale,125.82815052663473,-37.54510488586961
82fcf37c,grid_oracle,185.82815052663474,-97.54510488586962
833af382,ridge_prior,42.76514877291901,45.077487569064644
833af382,raw_selector,72.76514877291902,-14.922512430935356
833af382,multiscale_selector,12.765148772919012,-14.922512430935356
833af382,top3_multiscale,2.7651487729190194,15.077487569064644
833af382,grid_oracle,72.76514877291902,-14.922512430935356
8382f4b6,ridge_prior,190.4536366310479,-24.600853507760416
8382f4b6,raw_selector,130.4536366310479,-24.600853507760416
8382f4b6,multiscale_selector,160.4536366310479,5.399146492239584
8382f4b6,top3_multiscale,200.45363663104794,-74.6008535077604
8382f4b6,grid_oracle,190.4536366310479,-84.60085350776042
84633df4,ridge_prior,188.3500790185788,19.8281090278402
84633df4,raw_selector,158.3500790185788,19.8281090278402
84633df4,multiscale_selector,158.3500790185788,19.8281090278402
84633df4,top3_multiscale,158.3500790185788,19.8281090278402
84633df4,grid_oracle,188.3500790185788,49.8281090278402
8478df29,ridge_prior,216.3833438648904,3.154596227409195
8478df29,raw_selector,186.3833438648904,33.15459622740919
8478df29,multiscale_selector,186.3833438648904,33.15459622740919
8478df29,top3_multiscale,206.3833438648904,3.154596227409194
8478df29,grid_oracle,216.3833438648904,3.154596227409195
84815d5a,ridge_prior,88.8346560360424,28.74984499363627
84815d5a,raw_selector,58.834656036042404,28.74984499363627
84815d5a,multiscale_selector,58.834656036042404,28.74984499363627
84815d5a,top3_multiscale,88.8346560360424,18.74984499363627
84815d5a,grid_oracle,88.8346560360424,28.74984499363627
84c3b497,ridge_prior,131.75079305785934,26.460097766779555
84c3b497,raw_selector,131.75079305785934,56.460097766779555
84c3b497,multiscale_selector,131.75079305785934,86.46009776677955
84c3b497,top3_multiscale,111.75079305785933,96.46009776677954
84c3b497,grid_oracle,131.75079305785934,56.460097766779555
85380836,ridge_prior,157.76664476571827,15.816772363647829
85380836,raw_selector,127.76664476571827,45.81677236364783
85380836,multiscale_selector,127.76664476571827,45.81677236364783
85380836,top3_multiscale,147.76664476571827,35.81677236364783
85380836,grid_oracle,187.76664476571827,15.816772363647829
8612b37f,ridge_prior,165.67972811679968,33.54362245922125
8612b37f,raw_selector,195.67972811679968,63.54362245922125
8612b37f,multiscale_selector,195.67972811679968,63.54362245922125
8612b37f,top3_multiscale,155.67972811679968,103.54362245922124
8612b37f,grid_oracle,195.67972811679968,33.54362245922125
861e71df,ridge_prior,-104.85089355436756,-18.090509991678672
861e71df,raw_selector,-164.85089355436756,11.909490008321328
861e71df,multiscale_selector,-164.85089355436756,11.909490008321328
861e71df,top3_multiscale,-174.85089355436756,11.909490008321328
861e71df,grid_oracle,-164.85089355436756,11.909490008321328
86454a6f,ridge_prior,-338.21737380570204,40.52518510648468
86454a6f,raw_selector,-278.21737380570204,70.52518510648468
86454a6f,multiscale_selector,-278.21737380570204,70.52518510648468
86454a6f,top3_multiscale,-278.21737380570204,60.525185106484685
86454a6f,grid_oracle,-218.21737380570204,-19.474814893515322
8648abae,ridge_prior,-185.71346506884785,9.25265334674587
8648abae,raw_selector,-185.71346506884785,39.25265334674587
8648abae,multiscale_selector,-185.71346506884785,39.25265334674587
8648abae,top3_multiscale,-225.71346506884785,69.25265334674587
8648abae,grid_oracle,-185.71346506884785,9.25265334674587
865033f8,ridge_prior,100.07723373969219,21.680629006579075
865033f8,raw_selector,130.0772337396922,21.680629006579075
865033f8,multiscale_selector,40.07723373969219,-8.319370993420925
865033f8,top3_multiscale,70.07723373969219,11.680629006579075
865033f8,grid_oracle,70.07723373969219,51.680629006579075
87695469,ridge_prior,272.33829180799495,-35.90277172909175
87695469,raw_selector,152.33829180799495,-95.90277172909174
87695469,multiscale_selector,152.33829180799495,-95.90277172909174
87695469,top3_multiscale,182.33829180799498,-95.90277172909174
87695469,grid_oracle,272.33829180799495,-35.90277172909175
877ed19c,ridge_prior,-145.89891642826845,2.8074338121929365
877ed19c,raw_selector,-175.89891642826845,62.80743381219294
877ed19c,multiscale_selector,-115.89891642826845,-57.19256618780706
877ed19c,top3_multiscale,-165.89891642826845,22.80743381219294
877ed19c,grid_oracle,-175.89891642826845,32.80743381219294
87aa3730,ridge_prior,-160.49087417114688,-44.953138521086366
87aa3730,raw_selector,-160.49087417114688,-104.95313852108637
87aa3730,multiscale_selector,-160.49087417114688,-104.95313852108637
87aa3730,top3_multiscale,-170.49087417114688,-94.95313852108637
87aa3730,grid_oracle,-160.49087417114688,-74.95313852108637
884ecb5f,ridge_prior,-187.2540832019357,-16.70586132179632
884ecb5f,raw_selector,-247.2540832019357,-16.70586132179632
884ecb5f,multiscale_selector,-67.25408320193571,-76.70586132179632
884ecb5f,top3_multiscale,-177.2540832019357,-46.70586132179633
884ecb5f,grid_oracle,-157.2540832019357,-76.70586132179632
8902c3f6,ridge_prior,-180.93201365898994,39.050660397814966
8902c3f6,raw_selector,-120.93201365898994,-20.949339602185034
8902c3f6,multiscale_selector,-150.93201365898994,9.050660397814966
8902c3f6,top3_multiscale,-180.93201365898994,49.050660397814966
8902c3f6,grid_oracle,-210.93201365898994,69.05066039781497
896d15b9,ridge_prior,36.737698738075125,88.67639487445459
896d15b9,raw_selector,96.73769873807512,118.67639487445459
896d15b9,multiscale_selector,96.73769873807512,118.67639487445459
896d15b9,top3_multiscale,56.737698738075125,158.6763948744546
896d15b9,grid_oracle,96.73769873807512,118.67639487445459
8995c945,ridge_prior,309.568927272122,44.01282093105699
8995c945,raw_selector,369.568927272122,44.01282093105699
8995c945,multiscale_selector,429.568927272122,74.01282093105699
8995c945,top3_multiscale,379.568927272122,84.01282093105699
8995c945,grid_oracle,369.568927272122,74.01282093105699
89969c7a,ridge_prior,157.94855084567646,36.30239790551786
89969c7a,raw_selector,157.94855084567646,6.302397905517857
89969c7a,multiscale_selector,157.94855084567646,6.302397905517857
89969c7a,top3_multiscale,167.94855084567646,6.302397905517857
89969c7a,grid_oracle,157.94855084567646,36.30239790551786
89f1085d,ridge_prior,334.2752728943633,-79.55416631618574
89f1085d,raw_selector,274.2752728943633,-109.55416631618574
89f1085d,multiscale_selector,454.2752728943633,-139.55416631618573
89f1085d,top3_multiscale,314.2752728943633,-99.55416631618573
89f1085d,grid_oracle,304.2752728943633,-49.55416631618574
89f36adf,ridge_prior,-95.06766684972496,-26.476272526330177
89f36adf,raw_selector,-125.06766684972496,33.52372747366982
89f36adf,multiscale_selector,-125.06766684972496,33.52372747366982
89f36adf,top3_multiscale,-95.06766684972496,-16.476272526330177
89f36adf,grid_oracle,-65.06766684972496,-56.47627252633018
89fdb2f2,ridge_prior,-39.42993861501375,-21.5877940975374
89fdb2f2,raw_selector,-39.42993861501375,8.412205902462599
89fdb2f2,multiscale_selector,-39.42993861501375,8.412205902462599
89fdb2f2,top3_multiscale,-9.429938615013747,-41.5877940975374
89fdb2f2,grid_oracle,-39.42993861501375,-21.5877940975374
8a3da6d1,ridge_prior,103.43729352828231,75.56275758821485
8a3da6d1,raw_selector,73.43729352828231,105.56275758821485
8a3da6d1,multiscale_selector,73.43729352828231,105.56275758821485
8a3da6d1,top3_multiscale,63.43729352828231,125.56275758821486
8a3da6d1,grid_oracle,73.43729352828231,135.56275758821485
8a89da23,ridge_prior,-107.88536134896901,-8.334925201971613
8a89da23,raw_selector,-77.88536134896901,-8.334925201971613
8a89da23,multiscale_selector,-77.88536134896901,-8.334925201971613
8a89da23,top3_multiscale,-157.885361348969,51.66507479802838
8a89da23,grid_oracle,-77.88536134896901,-8.334925201971613
8a9c8932,ridge_prior,197.01152494779546,-48.390980269788024
8a9c8932,raw_selector,137.01152494779546,-18.390980269788024
8a9c8932,multiscale_selector,137.01152494779546,-18.390980269788024
8a9c8932,top3_multiscale,137.01152494779546,-8.39098026978803
8a9c8932,grid_oracle,227.01152494779546,-78.39098026978803
8ac2f237,ridge_prior,145.83169923992534,9.868177085091018
8ac2f237,raw_selector,115.83169923992534,9.868177085091018
8ac2f237,multiscale_selector,115.83169923992534,9.868177085091018
8ac2f237,top3_multiscale,155.83169923992534,29.86817708509102
8ac2f237,grid_oracle,115.83169923992534,9.868177085091018
8b12bab6,ridge_prior,122.42542521979709,10.931339921726053
8b12bab6,raw_selector,2.4254252197970914,130.93133992172605
8b12bab6,multiscale_selector,62.42542521979709,40.93133992172605
8b12bab6,top3_multiscale,122.42542521979709,20.93133992172605
8b12bab6,grid_oracle,122.42542521979709,10.931339921726053
8b5be31b,ridge_prior,266.3661127912331,-26.19115746090288
8b5be31b,raw_selector,236.3661127912331,3.808842539097121
8b5be31b,multiscale_selector,206.3661127912331,33.80884253909712
8b5be31b,top3_multiscale,236.36611279123312,-16.191157460902875
8b5be31b,grid_oracle,266.3661127912331,-26.19115746090288
8b95d6d1,ridge_prior,-39.359915984356185,-4.258301783514698
8b95d6d1,raw_selector,-9.359915984356185,-34.258301783514696
8b95d6d1,multiscale_selector,-69.35991598435618,25.741698216485304
8b95d6d1,top3_multiscale,-69.35991598435618,25.741698216485304
8b95d6d1,grid_oracle,-69.35991598435618,25.741698216485304
8b9d8326,ridge_prior,-174.12306269241986,-4.301171633742743
8b9d8326,raw_selector,-54.123062692419865,-124.30117163374274
8b9d8326,multiscale_selector,-144.12306269241986,-34.30117163374274
8b9d8326,top3_multiscale,-124.12306269241986,-54.30117163374274
8b9d8326,grid_oracle,-174.12306269241986,-4.301171633742743
8bb9c1e6,ridge_prior,168.70623315204088,-13.738402107357963
8bb9c1e6,raw_selector,168.70623315204088,-13.738402107357963
8bb9c1e6,multiscale_selector,168.70623315204088,-13.738402107357963
8bb9c1e6,top3_multiscale,138.70623315204088,16.261597892642037
8bb9c1e6,grid_oracle,198.70623315204088,-43.73840210735796
8bda1a11,ridge_prior,-191.02000007462968,-19.206774713282975
8bda1a11,raw_selector,-161.02000007462968,-19.206774713282975
8bda1a11,multiscale_selector,-161.02000007462968,-19.206774713282975
8bda1a11,top3_multiscale,-161.02000007462968,-39.20677471328298
8bda1a11,grid_oracle,-191.02000007462968,-19.206774713282975
8bfa881d,ridge_prior,84.19301848619823,8.259974521440478
8bfa881d,raw_selector,84.19301848619823,128.25997452144048
8bfa881d,multiscale_selector,84.19301848619823,128.25997452144048
8bfa881d,top3_multiscale,94.19301848619823,48.25997452144048
8bfa881d,grid_oracle,114.19301848619823,8.259974521440478
8c167025,ridge_prior,-215.63379777922216,63.68372466971812
8c167025,raw_selector,-185.63379777922216,63.68372466971812
8c167025,multiscale_selector,-245.63379777922216,123.68372466971812
8c167025,top3_multiscale,-215.63379777922216,93.68372466971812
8c167025,grid_oracle,-245.63379777922216,123.68372466971812
8c8348e8,ridge_prior,-92.06307158844089,18.679475024043924
8c8348e8,raw_selector,-92.06307158844089,48.679475024043924
8c8348e8,multiscale_selector,-62.06307158844089,-11.320524975956076
8c8348e8,top3_multiscale,-82.06307158844089,18.679475024043924
8c8348e8,grid_oracle,-62.06307158844089,18.679475024043924
8cc21f01,ridge_prior,-108.20600261187954,-5.177009147109947
8cc21f01,raw_selector,-108.20600261187954,24.82299085289005
8cc21f01,multiscale_selector,-78.20600261187954,24.82299085289005
8cc21f01,top3_multiscale,-68.20600261187954,-5.177009147109949
8cc21f01,grid_oracle,-108.20600261187954,-5.177009147109947
8cc800b3,ridge_prior,-302.5126551135669,-13.672404543852629
8cc800b3,raw_selector,-302.5126551135669,-133.67240454385262
8cc800b3,multiscale_selector,-422.5126551135669,46.32759545614737
8cc800b3,top3_multiscale,-332.5126551135669,-53.67240454385262
8cc800b3,grid_oracle,-332.5126551135669,-43.67240454385263
8d5d46d7,ridge_prior,221.01049708961347,-22.675155943181633
8d5d46d7,raw_selector,281.01049708961347,-142.67515594318164
8d5d46d7,multiscale_selector,281.01049708961347,-142.67515594318164
8d5d46d7,top3_multiscale,201.0104970896135,-62.675155943181636
8d5d46d7,grid_oracle,281.01049708961347,-82.67515594318164
8d92cb49,ridge_prior,118.27738264195673,12.465872030756982
8d92cb49,raw_selector,178.27738264195673,-47.534127969243016
8d92cb49,multiscale_selector,148.27738264195673,-17.534127969243016
8d92cb49,top3_multiscale,158.27738264195673,-17.534127969243016
8d92cb49,grid_oracle,148.27738264195673,-17.534127969243016
8f201368,ridge_prior,136.87972325967567,34.84259536004
8f201368,raw_selector,16.87972325967567,154.84259536004
8f201368,multiscale_selector,16.87972325967567,154.84259536004
8f201368,top3_multiscale,126.87972325967569,64.84259536004001
8f201368,grid_oracle,196.87972325967567,34.84259536004
90386ee4,ridge_prior,-153.01389860195096,18.496157491884496
90386ee4,raw_selector,-153.01389860195096,18.496157491884496
90386ee4,multiscale_selector,-153.01389860195096,-11.503842508115504
90386ee4,top3_multiscale,-193.01389860195096,48.4961574918845
90386ee4,grid_oracle,-153.01389860195096,18.496157491884496
91abc4c7,ridge_prior,172.6550959420706,12.577565041039772
91abc4c7,raw_selector,172.6550959420706,-17.422434958960228
91abc4c7,multiscale_selector,172.6550959420706,-17.422434958960228
91abc4c7,top3_multiscale,202.6550959420706,-47.422434958960224
91abc4c7,grid_oracle,172.6550959420706,12.577565041039772
91b301ce,ridge_prior,339.2422831166891,-54.09444309984091
91b301ce,raw_selector,309.2422831166891,5.905556900159091
91b301ce,multiscale_selector,309.2422831166891,5.905556900159091
91b301ce,top3_multiscale,349.2422831166891,-74.09444309984092
91b301ce,grid_oracle,399.2422831166891,-174.0944430998409
91db7070,ridge_prior,-146.39147515807932,-24.847237791176962
91db7070,raw_selector,-176.39147515807932,5.152762208823038
91db7070,multiscale_selector,-146.39147515807932,-54.847237791176966
91db7070,top3_multiscale,-176.3914751580793,-14.847237791176966
91db7070,grid_oracle,-86.39147515807932,-24.847237791176962
925a7cd1,ridge_prior,173.83034805254027,2.3244364486273517
925a7cd1,raw_selector,203.83034805254027,-27.675563551372647
925a7cd1,multiscale_selector,203.83034805254027,-27.675563551372647
925a7cd1,top3_multiscale,163.83034805254027,12.324436448627353
925a7cd1,grid_oracle,143.83034805254027,32.32443644862735
9283ae69,ridge_prior,156.34018674826643,0.3984628249541968
9283ae69,raw_selector,156.34018674826643,0.3984628249541968
9283ae69,multiscale_selector,96.34018674826643,60.398462824954194
9283ae69,top3_multiscale,126.34018674826643,10.398462824954196
9283ae69,grid_oracle,186.34018674826643,-29.601537175045802
9298ad5b,ridge_prior,104.0600803816993,26.82131920887352
9298ad5b,raw_selector,74.0600803816993,-3.1786807911264816
9298ad5b,multiscale_selector,164.0600803816993,-33.17868079112648
9298ad5b,top3_multiscale,74.0600803816993,36.82131920887352
9298ad5b,grid_oracle,134.0600803816993,-33.17868079112648
9314ff13,ridge_prior,48.88581583902935,46.163870565468955
9314ff13,raw_selector,-11.114184160970652,106.16387056546895
9314ff13,multiscale_selector,48.88581583902935,16.163870565468955
9314ff13,top3_multiscale,48.88581583902934,46.163870565468955
9314ff13,grid_oracle,18.88581583902935,76.16387056546895
93209a3d,ridge_prior,220.17299627789393,15.258948990208825
93209a3d,raw_selector,160.17299627789393,75.25894899020882
93209a3d,multiscale_selector,160.17299627789393,75.25894899020882
93209a3d,top3_multiscale,210.17299627789393,35.25894899020882
93209a3d,grid_oracle,190.17299627789393,75.25894899020882
939d9c34,ridge_prior,229.80180267165258,-61.79763683970176
939d9c34,raw_selector,199.80180267165258,-91.79763683970177
939d9c34,multiscale_selector,199.80180267165258,-91.79763683970177
939d9c34,top3_multiscale,159.80180267165258,-21.797636839701767
939d9c34,grid_oracle,169.80180267165258,-1.7976368397017595
93f5d2e6,ridge_prior,-106.76153797964497,11.085511353700007
93f5d2e6,raw_selector,-76.76153797964497,-18.914488646299993
93f5d2e6,multiscale_selector,-166.76153797964497,71.08551135370001
93f5d2e6,top3_multiscale,-136.76153797964497,51.085511353700014
93f5d2e6,grid_oracle,-106.76153797964497,-18.914488646299993
940a48d9,ridge_prior,-96.35338970586655,-9.662901245770144
940a48d9,raw_selector,-66.35338970586655,-69.66290124577014
940a48d9,multiscale_selector,-66.35338970586655,-69.66290124577014
940a48d9,top3_multiscale,-76.35338970586655,-39.66290124577014
940a48d9,grid_oracle,-96.35338970586655,-9.662901245770144
940e709a,ridge_prior,149.65015144193836,3.0842411744215905
940e709a,raw_selector,179.65015144193836,-56.91575882557841
940e709a,multiscale_selector,119.65015144193836,33.08424117442159
940e709a,top3_multiscale,139.65015144193836,23.084241174421592
940e709a,grid_oracle,179.65015144193836,-26.915758825578408
9426ec1e,ridge_prior,-59.92472252011662,-25.39976826804097
9426ec1e,raw_selector,-59.92472252011662,-55.39976826804097
9426ec1e,multiscale_selector,-59.92472252011662,-55.39976826804097
9426ec1e,top3_multiscale,-89.92472252011663,-5.399768268040972
9426ec1e,grid_oracle,-59.92472252011662,-55.39976826804097
94467f50,ridge_prior,75.81019532342185,57.679015648841
94467f50,raw_selector,135.81019532342185,-62.320984351159
94467f50,multiscale_selector,135.81019532342185,-62.320984351159
94467f50,top3_multiscale,135.81019532342185,-12.320984351158998
94467f50,grid_oracle,105.81019532342185,-2.320984351158998
944f36b9,ridge_prior,-153.84420481242904,-19.942078937938852
944f36b9,raw_selector,-123.84420481242904,-79.94207893793885
944f36b9,multiscale_selector,-123.84420481242904,-79.94207893793885
944f36b9,top3_multiscale,-123.84420481242904,-89.94207893793885
944f36b9,grid_oracle,-153.84420481242904,-19.942078937938852
94d813a4,ridge_prior,222.23968615446105,-21.56988066655373
94d813a4,raw_selector,102.23968615446105,8.430119333446271
94d813a4,multiscale_selector,102.23968615446105,8.430119333446271
94d813a4,top3_multiscale,142.23968615446105,18.43011933344627
94d813a4,grid_oracle,162.23968615446105,-21.56988066655373
95b559e7,ridge_prior,-75.75987925865215,11.411120987497252
95b559e7,raw_selector,-45.75987925865215,11.411120987497252
95b559e7,multiscale_selector,-45.75987925865215,11.411120987497252
95b559e7,top3_multiscale,-75.75987925865215,71.41112098749726
95b559e7,grid_oracle,-15.759879258652148,-48.588879012502744
95c8427f,ridge_prior,184.62455202446668,-5.3000892492585105
95c8427f,raw_selector,124.62455202446668,24.699910750741488
95c8427f,multiscale_selector,124.62455202446668,24.699910750741488
95c8427f,top3_multiscale,154.62455202446668,4.699910750741488
95c8427f,grid_oracle,124.62455202446668,24.699910750741488
96936c22,ridge_prior,75.09353490157321,21.239654007182295
96936c22,raw_selector,105.09353490157321,-8.760345992817705
96936c22,multiscale_selector,105.09353490157321,-8.760345992817705
96936c22,top3_multiscale,95.09353490157321,-18.760345992817705
96936c22,grid_oracle,45.09353490157321,51.239654007182295
96ae5806,ridge_prior,-323.4722225285348,8.706096200397111
96ae5806,raw_selector,-323.4722225285348,38.70609620039711
96ae5806,multiscale_selector,-323.4722225285348,-21.293903799602887
96ae5806,top3_multiscale,-333.4722225285348,8.706096200397113
96ae5806,grid_oracle,-353.4722225285348,8.706096200397111
96b7eea1,ridge_prior,187.16519257279566,6.712418291108504
96b7eea1,raw_selector,187.16519257279566,-23.287581708891494
96b7eea1,multiscale_selector,187.16519257279566,-23.287581708891494
96b7eea1,top3_multiscale,197.1651925727957,-23.287581708891494
96b7eea1,grid_oracle,187.16519257279566,6.712418291108504
9719aa04,ridge_prior,169.32844741680253,12.741876077299679
9719aa04,raw_selector,139.32844741680253,42.74187607729968
9719aa04,multiscale_selector,139.32844741680253,42.74187607729968
9719aa04,top3_multiscale,119.32844741680253,52.74187607729968
9719aa04,grid_oracle,199.32844741680253,-17.25812392270032
974802e7,ridge_prior,281.2331365803329,-73.66616341117643
974802e7,raw_selector,251.23313658033288,-13.666163411176427
974802e7,multiscale_selector,251.23313658033288,-73.66616341117643
974802e7,top3_multiscale,241.23313658033285,-33.66616341117643
974802e7,grid_oracle,251.23313658033288,-13.666163411176427
97cd5bf9,ridge_prior,114.61250657022055,11.867313235434885
97cd5bf9,raw_selector,84.61250657022055,-48.132686764565115
97cd5bf9,multiscale_selector,84.61250657022055,-108.13268676456511
97cd5bf9,top3_multiscale,84.61250657022055,-8.132686764565108
97cd5bf9,grid_oracle,144.61250657022055,-18.132686764565115
98177ced,ridge_prior,-115.48398346159303,12.56372911544949
98177ced,raw_selector,-85.48398346159303,42.56372911544949
98177ced,multiscale_selector,-175.48398346159303,132.5637291154495
98177ced,top3_multiscale,-125.48398346159303,82.56372911544949
98177ced,grid_oracle,-85.48398346159303,-17.43627088455051
9896fc0b,ridge_prior,-98.35998808661748,-15.601130569854355
9896fc0b,raw_selector,-158.35998808661748,104.39886943014565
9896fc0b,multiscale_selector,-158.35998808661748,104.39886943014565
9896fc0b,top3_multiscale,-138.35998808661748,34.39886943014565
9896fc0b,grid_oracle,-68.35998808661748,-75.60113056985435
98bc6f66,ridge_prior,187.5046634100268,-16.659063419658978
98bc6f66,raw_selector,217.5046634100268,-46.65906341965898
98bc6f66,multiscale_selector,217.5046634100268,-46.65906341965898
98bc6f66,top3_multiscale,187.50466341002684,-16.659063419658978
98bc6f66,grid_oracle,217.5046634100268,-46.65906341965898
992c99e8,ridge_prior,179.6663256034069,-22.669387119578335
992c99e8,raw_selector,179.6663256034069,-52.66938711957833
992c99e8,multiscale_selector,179.6663256034069,-52.66938711957833
992c99e8,top3_multiscale,169.6663256034069,-42.669387119578325
992c99e8,grid_oracle,179.6663256034069,-52.66938711957833
992ce078,ridge_prior,53.41465145376799,46.488635098745306
992ce078,raw_selector,23.414651453767988,76.4886350987453
992ce078,multiscale_selector,23.414651453767988,76.4886350987453
992ce078,top3_multiscale,13.414651453767988,116.4886350987453
992ce078,grid_oracle,23.414651453767988,76.4886350987453
99529c45,ridge_prior,147.6525221070098,1.9167021361492325
99529c45,raw_selector,87.65252210700979,1.9167021361492325
99529c45,multiscale_selector,87.65252210700979,1.9167021361492325
99529c45,top3_multiscale,137.6525221070098,-8.083297863850767
99529c45,grid_oracle,117.65252210700979,31.916702136149233
995ff498,ridge_prior,165.73951195538,-11.89915993646426
995ff498,raw_selector,165.73951195538,-71.89915993646426
995ff498,multiscale_selector,165.73951195538,-71.89915993646426
995ff498,top3_multiscale,135.73951195538,-31.899159936464258
995ff498,grid_oracle,195.73951195538,-71.89915993646426
999daf80,ridge_prior,124.36312446481105,-0.5905826679558769
999daf80,raw_selector,4.363124464811051,119.40941733204413
999daf80,multiscale_selector,4.363124464811051,119.40941733204413
999daf80,top3_multiscale,84.36312446481105,29.409417332044125
999daf80,grid_oracle,124.36312446481105,-30.59058266795588
9a6b0392,ridge_prior,-159.99679812392864,12.60016086564384
9a6b0392,raw_selector,-159.99679812392864,-17.39983913435616
9a6b0392,multiscale_selector,-129.99679812392864,-17.39983913435616
9a6b0392,top3_multiscale,-129.99679812392864,-27.399839134356156
9a6b0392,grid_oracle,-129.99679812392864,-47.39983913435616
9a8ae0d6,ridge_prior,165.3116690779679,8.59785380572618
9a8ae0d6,raw_selector,165.3116690779679,38.59785380572618
9a8ae0d6,multiscale_selector,195.3116690779679,-21.40214619427382
9a8ae0d6,top3_multiscale,185.31166907796788,8.597853805726182
9a8ae0d6,grid_oracle,135.3116690779679,68.59785380572617
9a95e33f,ridge_prior,152.7923090193899,29.532476881983886
9a95e33f,raw_selector,92.7923090193899,89.53247688198388
9a95e33f,multiscale_selector,92.7923090193899,59.53247688198388
9a95e33f,top3_multiscale,102.7923090193899,69.53247688198388
9a95e33f,grid_oracle,32.792309019389904,149.53247688198388
9ab94eeb,ridge_prior,198.16265670352266,-17.951311249921684
9ab94eeb,raw_selector,168.16265670352266,-17.951311249921684
9ab94eeb,multiscale_selector,78.16265670352266,102.04868875007831
9ab94eeb,top3_multiscale,168.16265670352266,22.048688750078313
9ab94eeb,grid_oracle,138.16265670352266,42.04868875007831
9ad5410a,ridge_prior,196.33925585444325,1.770962205664051
9ad5410a,raw_selector,136.33925585444325,31.770962205664052
9ad5410a,multiscale_selector,136.33925585444325,31.770962205664052
9ad5410a,top3_multiscale,146.33925585444325,21.77096220566405
9ad5410a,grid_oracle,196.33925585444325,1.770962205664051
9ae248be,ridge_prior,290.73429047481727,-38.801111255672254
9ae248be,raw_selector,230.73429047481727,81.19888874432775
9ae248be,multiscale_selector,230.73429047481727,81.19888874432775
9ae248be,top3_multiscale,300.73429047481727,1.1988887443277463
9ae248be,grid_oracle,290.73429047481727,-8.801111255672254
9af1ffd0,ridge_prior,159.2754441486182,2.088889218310795
9af1ffd0,raw_selector,159.2754441486182,-27.911110781689203
9af1ffd0,multiscale_selector,159.2754441486182,-27.911110781689203
9af1ffd0,top3_multiscale,129.2754441486182,2.088889218310797
9af1ffd0,grid_oracle,159.2754441486182,-27.911110781689203
9b5b61c1,ridge_prior,-148.6466491185463,-17.56710296418353
9b5b61c1,raw_selector,-148.6466491185463,-47.56710296418353
9b5b61c1,multiscale_selector,-148.6466491185463,-47.56710296418353
9b5b61c1,top3_multiscale,-158.6466491185463,-7.567102964183532
9b5b61c1,grid_oracle,-148.6466491185463,-17.56710296418353
9b9e3b49,ridge_prior,180.2703307491467,15.404168747749338
9b9e3b49,raw_selector,240.2703307491467,-14.595831252250662
9b9e3b49,multiscale_selector,240.2703307491467,-14.595831252250662
9b9e3b49,top3_multiscale,260.2703307491467,-54.59583125225066
9b9e3b49,grid_oracle,240.2703307491467,-14.595831252250662
9bd2bba3,ridge_prior,260.1587868018952,-39.36433951087624
9bd2bba3,raw_selector,290.1587868018952,-69.36433951087625
9bd2bba3,multiscale_selector,290.1587868018952,-69.36433951087625
9bd2bba3,top3_multiscale,280.1587868018952,-79.36433951087625
9bd2bba3,grid_oracle,260.1587868018952,-39.36433951087624
9c211c53,ridge_prior,289.56220055562335,-25.132978560117838
9c211c53,raw_selector,259.56220055562335,34.867021439882166
9c211c53,multiscale_selector,259.56220055562335,34.867021439882166
9c211c53,top3_multiscale,269.56220055562335,4.867021439882165
9c211c53,grid_oracle,289.56220055562335,-25.132978560117838
9c350a6a,ridge_prior,-180.26217778321606,41.74968228032636
9c350a6a,raw_selector,-120.26217778321606,11.749682280326361
9c350a6a,multiscale_selector,-120.26217778321606,11.749682280326361
9c350a6a,top3_multiscale,-120.26217778321605,31.74968228032637
9c350a6a,grid_oracle,-120.26217778321606,11.749682280326361
9c8375f7,ridge_prior,57.12563404296459,21.65081364718165
9c8375f7,raw_selector,87.12563404296459,-8.34918635281835
9c8375f7,multiscale_selector,87.12563404296459,-8.34918635281835
9c8375f7,top3_multiscale,17.12563404296459,21.65081364718165
9c8375f7,grid_oracle,-2.8743659570354083,81.65081364718165
9d072e4c,ridge_prior,-134.93506264536248,-8.563067907669037
9d072e4c,raw_selector,-164.93506264536248,-8.563067907669037
9d072e4c,multiscale_selector,-164.93506264536248,-8.563067907669037
9d072e4c,top3_multiscale,-154.93506264536248,1.436932092330963
9d072e4c,grid_oracle,-194.93506264536248,51.43693209233096
9d3ec64c,ridge_prior,-111.00646139251621,-30.25834897480698
9d3ec64c,raw_selector,-141.0064613925162,-30.25834897480698
9d3ec64c,multiscale_selector,-141.0064613925162,-30.25834897480698
9d3ec64c,top3_multiscale,-181.00646139251617,29.741651025193022
9d3ec64c,grid_oracle,-141.0064613925162,-0.2583489748069816
9d4272e3,ridge_prior,153.6568673753928,-25.058050265996584
9d4272e3,raw_selector,153.6568673753928,-55.058050265996584
9d4272e3,multiscale_selector,123.6568673753928,4.9419497340034155
9d4272e3,top3_multiscale,143.6568673753928,-25.058050265996584
9d4272e3,grid_oracle,183.6568673753928,-55.058050265996584
9d5e14d4,ridge_prior,255.0564045174505,-31.2533878141744
9d5e14d4,raw_selector,135.0564045174505,28.7466121858256
9d5e14d4,multiscale_selector,135.0564045174505,28.7466121858256
9d5e14d4,top3_multiscale,235.05640451745046,-41.2533878141744
9d5e14d4,grid_oracle,195.0564045174505,-1.253387814174399
9da441ba,ridge_prior,-274.2845236137742,13.285385968151447
9da441ba,raw_selector,-244.28452361377418,-16.714614031848555
9da441ba,multiscale_selector,-244.28452361377418,-16.714614031848555
9da441ba,top3_multiscale,-254.2845236137742,-16.714614031848555
9da441ba,grid_oracle,-304.2845236137742,43.285385968151445
9dede370,ridge_prior,225.30625892072004,-1.4937298256813842
9dede370,raw_selector,225.30625892072004,28.506270174318615
9dede370,multiscale_selector,225.30625892072004,28.506270174318615
9dede370,top3_multiscale,245.30625892072007,-1.4937298256813847
9dede370,grid_oracle,255.30625892072004,-1.4937298256813842
9def2eb2,ridge_prior,-170.85598024830097,-35.964576407359374
9def2eb2,raw_selector,-200.85598024830097,24.035423592640626
9def2eb2,multiscale_selector,-230.85598024830097,24.035423592640626
9def2eb2,top3_multiscale,-240.85598024830097,24.035423592640626
9def2eb2,grid_oracle,-200.85598024830097,-5.964576407359374
9df1b1f9,ridge_prior,171.21692582925937,14.652776676811563
9df1b1f9,raw_selector,231.21692582925937,-15.347223323188437
9df1b1f9,multiscale_selector,231.21692582925937,-15.347223323188437
9df1b1f9,top3_multiscale,201.21692582925937,4.652776676811563
9df1b1f9,grid_oracle,201.21692582925937,-15.347223323188437
9dfff011,ridge_prior,111.84436816291145,-11.345081835307845
9dfff011,raw_selector,-8.15563183708855,108.65491816469216
9dfff011,multiscale_selector,51.84436816291145,48.654918164692155
9dfff011,top3_multiscale,31.84436816291145,58.65491816469216
9dfff011,grid_oracle,81.84436816291145,18.654918164692155
9e3e364d,ridge_prior,-173.22929780246233,-0.028660312808963306
9e3e364d,raw_selector,-113.22929780246233,-60.02866031280897
9e3e364d,multiscale_selector,-113.22929780246233,-60.02866031280897
9e3e364d,top3_multiscale,-133.22929780246233,-60.02866031280897
9e3e364d,grid_oracle,-203.22929780246233,29.971339687191037
9efc812e,ridge_prior,-121.74881590831627,65.77049902587069
9efc812e,raw_selector,-91.74881590831627,65.77049902587069
9efc812e,multiscale_selector,-91.74881590831627,65.77049902587069
9efc812e,top3_multiscale,-121.74881590831626,95.7704990258707
9efc812e,grid_oracle,-61.748815908316274,35.77049902587069
9f0c7bae,ridge_prior,-58.24345994594135,-19.34579461919377
9f0c7bae,raw_selector,-58.24345994594135,-19.34579461919377
9f0c7bae,multiscale_selector,-58.24345994594135,-19.34579461919377
9f0c7bae,top3_multiscale,-78.24345994594135,-19.345794619193768
9f0c7bae,grid_oracle,-28.243459945941353,-19.34579461919377
9ffce529,ridge_prior,162.3923164003129,30.759402554222795
9ffce529,raw_selector,162.3923164003129,-29.240597445777205
9ffce529,multiscale_selector,162.3923164003129,-29.240597445777205
9ffce529,top3_multiscale,142.3923164003129,-49.24059744577721
9ffce529,grid_oracle,102.3923164003129,60.759402554222795
a0383629,ridge_prior,-146.36745594984433,-28.08445947010384
a0383629,raw_selector,-206.36745594984433,31.91554052989616
a0383629,multiscale_selector,-206.36745594984433,91.91554052989616
a0383629,top3_multiscale,-196.36745594984436,21.915540529896163
a0383629,grid_oracle,-206.36745594984433,31.91554052989616
a056d01e,ridge_prior,-213.98708776377364,20.89473058770083
a056d01e,raw_selector,-213.98708776377364,80.89473058770083
a056d01e,multiscale_selector,-153.98708776377364,50.894730587700835
a056d01e,top3_multiscale,-193.98708776377364,60.89473058770083
a056d01e,grid_oracle,-243.98708776377364,50.894730587700835
a08d9e63,ridge_prior,-166.13006372720744,25.84594565964044
a08d9e63,raw_selector,-106.13006372720744,25.84594565964044
a08d9e63,multiscale_selector,-106.13006372720744,25.84594565964044
a08d9e63,top3_multiscale,-96.13006372720743,-4.154054340359565
a08d9e63,grid_oracle,-46.13006372720744,-94.15405434035956
a0b83014,ridge_prior,-125.54313265213409,0.9736685631887969
a0b83014,raw_selector,-95.54313265213409,-29.026331436811205
a0b83014,multiscale_selector,-95.54313265213409,-29.026331436811205
a0b83014,top3_multiscale,-125.54313265213409,10.973668563188795
a0b83014,grid_oracle,-65.54313265213409,-59.026331436811205
a0e92ed6,ridge_prior,130.43206736224403,26.45411839171191
a0e92ed6,raw_selector,190.43206736224403,-33.54588160828809
a0e92ed6,multiscale_selector,190.43206736224403,-33.54588160828809
a0e92ed6,top3_multiscale,150.43206736224403,16.45411839171191
a0e92ed6,grid_oracle,190.43206736224403,-33.54588160828809
a15bc102,ridge_prior,124.8698804096046,-7.010315397197259
a15bc102,raw_selector,124.8698804096046,-7.010315397197259
a15bc102,multiscale_selector,124.8698804096046,-7.010315397197259
a15bc102,top3_multiscale,94.8698804096046,22.98968460280274
a15bc102,grid_oracle,124.8698804096046,-7.010315397197259
a247e7cf,ridge_prior,-185.42353797362094,10.554915579300328
a247e7cf,raw_selector,-185.42353797362094,-19.445084420699672
a247e7cf,multiscale_selector,-185.42353797362094,-19.445084420699672
a247e7cf,top3_multiscale,-165.42353797362094,-49.445084420699665
a247e7cf,grid_oracle,-215.42353797362094,40.55491557930033
a2e8e7f6,ridge_prior,-102.58320252687395,-32.85213787392182
a2e8e7f6,raw_selector,-132.58320252687395,-32.85213787392182
a2e8e7f6,multiscale_selector,-132.58320252687395,27.14786212607818
a2e8e7f6,top3_multiscale,-122.58320252687395,-2.8521378739218193
a2e8e7f6,grid_oracle,-132.58320252687395,27.14786212607818
a3518960,ridge_prior,158.09758004283879,-1.1297148305206073
a3518960,raw_selector,98.09758004283879,58.870285169479395
a3518960,multiscale_selector,98.09758004283879,58.870285169479395
a3518960,top3_multiscale,128.09758004283879,28.87028516947939
a3518960,grid_oracle,158.09758004283879,-1.1297148305206073
a3f71395,ridge_prior,308.3408000025772,-26.25978449887927
a3f71395,raw_selector,248.34080000257723,-26.25978449887927
a3f71395,multiscale_selector,248.34080000257723,-26.25978449887927
a3f71395,top3_multiscale,258.3408000025772,-16.25978449887927
a3f71395,grid_oracle,338.3408000025772,-26.25978449887927
a4719920,ridge_prior,-194.40841028127468,-10.397795253682027
a4719920,raw_selector,-194.40841028127468,-40.39779525368203
a4719920,multiscale_selector,-194.40841028127468,-40.39779525368203
a4719920,top3_multiscale,-194.40841028127468,-40.39779525368203
a4719920,grid_oracle,-224.40841028127468,19.602204746317973
a48640d9,ridge_prior,-167.65939967655774,43.81130241421024
a48640d9,raw_selector,-107.65939967655774,73.81130241421025
a48640d9,multiscale_selector,-47.65939967655774,-16.18869758578976
a48640d9,top3_multiscale,-97.65939967655773,53.811302414210246
a48640d9,grid_oracle,-197.65939967655774,103.81130241421025
a4cdbb0f,ridge_prior,165.9958068906066,12.520468124459855
a4cdbb0f,raw_selector,135.9958068906066,12.520468124459855
a4cdbb0f,multiscale_selector,165.9958068906066,-47.47953187554015
a4cdbb0f,top3_multiscale,155.9958068906066,12.520468124459853
a4cdbb0f,grid_oracle,165.9958068906066,12.520468124459855
a4f989c2,ridge_prior,-163.09719684481598,0.6064524646221212
a4f989c2,raw_selector,-283.097196844816,60.60645246462212
a4f989c2,multiscale_selector,-103.09719684481598,-29.393547535377877
a4f989c2,top3_multiscale,-203.097196844816,20.606452464622123
a4f989c2,grid_oracle,-193.09719684481598,30.606452464622123
a5aa7973,ridge_prior,210.61438721786854,-7.4102388551197285
a5aa7973,raw_selector,180.61438721786854,112.58976114488027
a5aa7973,multiscale_selector,180.61438721786854,112.58976114488027
a5aa7973,top3_multiscale,210.61438721786854,52.58976114488027
a5aa7973,grid_oracle,180.61438721786854,-7.4102388551197285
a5e6f7dc,ridge_prior,-286.162275483031,32.50469014266465
a5e6f7dc,raw_selector,-316.162275483031,2.50469014266465
a5e6f7dc,multiscale_selector,-316.162275483031,2.50469014266465
a5e6f7dc,top3_multiscale,-326.162275483031,32.50469014266465
a5e6f7dc,grid_oracle,-346.162275483031,62.50469014266465
a612d5a0,ridge_prior,-192.65746692604992,24.598922088332234
a612d5a0,raw_selector,-132.65746692604992,-35.40107791166777
a612d5a0,multiscale_selector,-132.65746692604992,-35.40107791166777
a612d5a0,top3_multiscale,-172.65746692604992,14.59892208833223
a612d5a0,grid_oracle,-162.65746692604992,24.598922088332234
a622ce4d,ridge_prior,-263.93702046010765,-16.915513128444566
a622ce4d,raw_selector,-233.93702046010765,-46.915513128444566
a622ce4d,multiscale_selector,-263.93702046010765,-46.915513128444566
a622ce4d,top3_multiscale,-253.93702046010765,-46.91551312844456
a622ce4d,grid_oracle,-233.93702046010765,-76.91551312844456
a645da9a,ridge_prior,-224.24511166794514,9.792780201881996
a645da9a,raw_selector,-254.24511166794514,9.792780201881996
a645da9a,multiscale_selector,-254.24511166794514,9.792780201881996
a645da9a,top3_multiscale,-254.24511166794514,-0.20721979811800395
a645da9a,grid_oracle,-254.24511166794514,9.792780201881996
a692b17e,ridge_prior,70.01135483733003,46.42877245148552
a692b17e,raw_selector,-49.98864516266997,166.42877245148551
a692b17e,multiscale_selector,-49.98864516266997,166.42877245148551
a692b17e,top3_multiscale,30.011354837330032,106.42877245148553
a692b17e,grid_oracle,70.01135483733003,46.42877245148552
a6b8ac67,ridge_prior,286.477243063833,-52.52974743659261
a6b8ac67,raw_selector,226.477243063833,-112.5297474365926
a6b8ac67,multiscale_selector,226.477243063833,-22.529747436592608
a6b8ac67,top3_multiscale,246.47724306383301,-22.5297474365926
a6b8ac67,grid_oracle,316.477243063833,-52.52974743659261
a6ed2eff,ridge_prior,169.12214444762293,-24.69280594416287
a6ed2eff,raw_selector,199.12214444762293,-84.69280594416287
a6ed2eff,multiscale_selector,199.12214444762293,-84.69280594416287
a6ed2eff,top3_multiscale,159.12214444762293,-24.69280594416287
a6ed2eff,grid_oracle,169.12214444762293,-24.69280594416287
a6f967fb,ridge_prior,-83.44476494036718,-23.660988442928225
a6f967fb,raw_selector,-143.44476494036718,6.339011557071775
a6f967fb,multiscale_selector,-143.44476494036718,6.339011557071775
a6f967fb,top3_multiscale,-163.44476494036718,66.33901155707177
a6f967fb,grid_oracle,-53.44476494036718,-53.66098844292823
a76db406,ridge_prior,-153.73064773358743,25.609059436397168
a76db406,raw_selector,-153.73064773358743,55.60905943639717
a76db406,multiscale_selector,-183.73064773358743,85.60905943639716
a76db406,top3_multiscale,-183.73064773358746,95.60905943639716
a76db406,grid_oracle,-153.73064773358743,55.60905943639717
a7744f5b,ridge_prior,-152.7313562272029,-2.3616568616841027
a7744f5b,raw_selector,-152.7313562272029,-2.3616568616841027
a7744f5b,multiscale_selector,-152.7313562272029,-32.361656861684104
a7744f5b,top3_multiscale,-162.7313562272029,-2.3616568616841036
a7744f5b,grid_oracle,-182.7313562272029,57.638343138315896
a783cc24,ridge_prior,-56.21154215783819,19.806199310606925
a783cc24,raw_selector,-26.21154215783819,19.806199310606925
a783cc24,multiscale_selector,-56.21154215783819,-10.193800689393075
a783cc24,top3_multiscale,-36.21154215783819,-0.19380068939307193
a783cc24,grid_oracle,-56.21154215783819,-10.193800689393075
a79fd2e7,ridge_prior,150.83306464658125,16.82464325117615
a79fd2e7,raw_selector,120.83306464658125,46.82464325117615
a79fd2e7,multiscale_selector,120.83306464658125,46.82464325117615
a79fd2e7,top3_multiscale,130.83306464658125,46.824643251176155
a79fd2e7,grid_oracle,120.83306464658125,46.82464325117615
a7fc3e6b,ridge_prior,-179.18094909480547,-14.887509121631517
a7fc3e6b,raw_selector,-59.18094909480547,-134.88750912163152
a7fc3e6b,multiscale_selector,-59.18094909480547,-134.88750912163152
a7fc3e6b,top3_multiscale,-99.18094909480548,-84.88750912163152
a7fc3e6b,grid_oracle,-119.18094909480547,-74.88750912163152
a85bb86f,ridge_prior,84.3143240948149,40.43807284167656
a85bb86f,raw_selector,24.314324094814907,100.43807284167656
a85bb86f,multiscale_selector,84.3143240948149,40.43807284167656
a85bb86f,top3_multiscale,54.31432409481491,70.43807284167656
a85bb86f,grid_oracle,84.3143240948149,40.43807284167656
a85e4bc3,ridge_prior,-136.34607914196184,-64.54034375044266
a85e4bc3,raw_selector,-196.34607914196184,-34.54034375044266
a85e4bc3,multiscale_selector,-196.34607914196184,-34.54034375044266
a85e4bc3,top3_multiscale,-186.34607914196184,-34.54034375044266
a85e4bc3,grid_oracle,-106.34607914196184,-94.54034375044266
a87433c9,ridge_prior,-117.19155370464424,-51.596982455631654
a87433c9,raw_selector,-147.19155370464424,-21.596982455631654
a87433c9,multiscale_selector,-147.19155370464424,-51.596982455631654
a87433c9,top3_multiscale,-117.19155370464425,-81.59698245563165
a87433c9,grid_oracle,-147.19155370464424,-21.596982455631654
a8ed028a,ridge_prior,137.09350070072227,-32.46180616256331
a8ed028a,raw_selector,137.09350070072227,-62.46180616256331
a8ed028a,multiscale_selector,137.09350070072227,-62.46180616256331
a8ed028a,top3_multiscale,167.09350070072227,-62.46180616256331
a8ed028a,grid_oracle,257.0935007007223,-152.4618061625633
a959858c,ridge_prior,-156.84113276252145,-31.15598039099457
a959858c,raw_selector,-186.84113276252145,-61.15598039099457
a959858c,multiscale_selector,-156.84113276252145,-61.15598039099457
a959858c,top3_multiscale,-186.84113276252143,-31.15598039099457
a959858c,grid_oracle,-186.84113276252145,-1.1559803909945714
a9c9b150,ridge_prior,159.99529838235026,3.5386468419989816
a9c9b150,raw_selector,129.99529838235026,33.53864684199898
a9c9b150,multiscale_selector,129.99529838235026,33.53864684199898
a9c9b150,top3_multiscale,119.99529838235026,33.53864684199898
a9c9b150,grid_oracle,129.99529838235026,33.53864684199898
aa95015b,ridge_prior,-180.59217508374508,20.72653968573908
aa95015b,raw_selector,-150.59217508374508,-9.27346031426092
aa95015b,multiscale_selector,-150.59217508374508,-9.27346031426092
aa95015b,top3_multiscale,-150.59217508374508,10.726539685739084
aa95015b,grid_oracle,-180.59217508374508,20.72653968573908
aaaf3c03,ridge_prior,16.957847313215268,79.3158711032429
aaaf3c03,raw_selector,-43.04215268678473,139.3158711032429
aaaf3c03,multiscale_selector,-103.04215268678473,199.3158711032429
aaaf3c03,top3_multiscale,-23.042152686784732,129.3158711032429
aaaf3c03,grid_oracle,-13.042152686784732,139.3158711032429
aaeffccb,ridge_prior,-44.26186749980687,-21.12762960358125
aaeffccb,raw_selector,-14.261867499806868,-51.127629603581255
aaeffccb,multiscale_selector,-14.261867499806868,-51.127629603581255
aaeffccb,top3_multiscale,-4.261867499806868,-11.127629603581255
aaeffccb,grid_oracle,-14.261867499806868,-51.127629603581255
ab112491,ridge_prior,117.37381073404185,17.41854605021333
ab112491,raw_selector,57.373810734041854,47.41854605021333
ab112491,multiscale_selector,57.373810734041854,47.41854605021333
ab112491,top3_multiscale,87.37381073404185,17.41854605021333
ab112491,grid_oracle,177.37381073404185,-12.58145394978667
ab18d3fc,ridge_prior,-110.39564714928105,-46.047446157536434
ab18d3fc,raw_selector,-110.39564714928105,-76.04744615753643
ab18d3fc,multiscale_selector,-140.39564714928105,-46.047446157536434
ab18d3fc,top3_multiscale,-110.39564714928105,-96.04744615753641
ab18d3fc,grid_oracle,-140.39564714928105,-46.047446157536434
ab3ced07,ridge_prior,135.0546192324453,-12.06685527998269
ab3ced07,raw_selector,255.0546192324453,-132.0668552799827
ab3ced07,multiscale_selector,255.0546192324453,-132.0668552799827
ab3ced07,top3_multiscale,205.05461923244533,-52.06685527998269
ab3ced07,grid_oracle,75.0546192324453,47.93314472001731
ab6fe95d,ridge_prior,174.5011182802176,0.7856561600836294
ab6fe95d,raw_selector,174.5011182802176,0.7856561600836294
ab6fe95d,multiscale_selector,174.5011182802176,0.7856561600836294
ab6fe95d,top3_multiscale,184.5011182802176,0.7856561600836294
ab6fe95d,grid_oracle,144.5011182802176,60.78565616008363
ab94878e,ridge_prior,307.57846134301275,-42.719049488494754
ab94878e,raw_selector,187.57846134301275,77.28095051150524
ab94878e,multiscale_selector,187.57846134301275,77.28095051150524
ab94878e,top3_multiscale,267.57846134301275,-12.71904948849476
ab94878e,grid_oracle,307.57846134301275,-42.719049488494754
abf460d2,ridge_prior,81.8591749682256,11.344460936213068
abf460d2,raw_selector,21.859174968225602,41.34446093621307
abf460d2,multiscale_selector,21.859174968225602,41.34446093621307
abf460d2,top3_multiscale,51.8591749682256,-8.655539063786932
abf460d2,grid_oracle,51.8591749682256,41.34446093621307
ac6f01d5,ridge_prior,-112.0269897555902,-17.06335533028757
ac6f01d5,raw_selector,-142.0269897555902,-17.06335533028757
ac6f01d5,multiscale_selector,-142.0269897555902,-17.06335533028757
ac6f01d5,top3_multiscale,-102.0269897555902,-77.06335533028758
ac6f01d5,grid_oracle,-142.0269897555902,12.936644669712429
ad2133a8,ridge_prior,184.49836270416077,-21.52876637419116
ad2133a8,raw_selector,244.49836270416077,-51.528766374191164
ad2133a8,multiscale_selector,244.49836270416077,-81.52876637419116
ad2133a8,top3_multiscale,234.49836270416077,-51.52876637419117
ad2133a8,grid_oracle,64.49836270416077,98.47123362580884
add9c322,ridge_prior,142.62793834660192,-5.304349639768341
add9c322,raw_selector,142.62793834660192,-35.30434963976834
add9c322,multiscale_selector,82.62793834660192,54.69565036023166
add9c322,top3_multiscale,112.62793834660192,14.69565036023166
add9c322,grid_oracle,112.62793834660192,24.69565036023166
ae069086,ridge_prior,245.384988051932,-30.996406762427863
ae069086,raw_selector,245.384988051932,-30.996406762427863
ae069086,multiscale_selector,245.384988051932,-30.996406762427863
ae069086,top3_multiscale,245.38498805193203,-20.996406762427863
ae069086,grid_oracle,215.384988051932,-0.9964067624278634
ae0784a8,ridge_prior,-275.2057906894258,19.56934381671742
ae0784a8,raw_selector,-275.2057906894258,79.56934381671742
ae0784a8,multiscale_selector,-245.20579068942578,-40.43065618328258
ae0784a8,top3_multiscale,-265.2057906894258,-10.43065618328258
ae0784a8,grid_oracle,-305.2057906894258,49.56934381671742
ae35f33a,ridge_prior,-152.24534136208177,5.337246320404117
ae35f33a,raw_selector,-212.24534136208177,65.33724632040412
ae35f33a,multiscale_selector,-212.24534136208177,65.33724632040412
ae35f33a,top3_multiscale,-222.2453413620818,75.33724632040412
ae35f33a,grid_oracle,-182.24534136208177,35.33724632040412
ae8959c3,ridge_prior,219.82867980550566,9.053949417363482
ae8959c3,raw_selector,189.82867980550566,39.053949417363484
ae8959c3,multiscale_selector,159.82867980550566,129.05394941736347
ae8959c3,top3_multiscale,179.82867980550566,39.05394941736348
ae8959c3,grid_oracle,279.82867980550566,-20.946050582636516
aed44918,ridge_prior,90.94535647876877,4.851530451932835
aed44918,raw_selector,90.94535647876877,-25.148469548067165
aed44918,multiscale_selector,90.94535647876877,-25.148469548067165
aed44918,top3_multiscale,50.94535647876878,24.85153045193283
aed44918,grid_oracle,120.94535647876877,-25.148469548067165
aee6393a,ridge_prior,-143.67240705748193,-6.096632476013564
aee6393a,raw_selector,-203.67240705748193,23.903367523986436
aee6393a,multiscale_selector,-83.67240705748193,-36.09663247601357
aee6393a,top3_multiscale,-113.67240705748195,-26.096632476013568
aee6393a,grid_oracle,-113.67240705748193,-6.096632476013564
af7a59ce,ridge_prior,-98.57433866138834,8.679991471759605
af7a59ce,raw_selector,-128.57433866138834,38.67999147175961
af7a59ce,multiscale_selector,-128.57433866138834,38.67999147175961
af7a59ce,top3_multiscale,-108.57433866138835,-11.320008528240393
af7a59ce,grid_oracle,-98.57433866138834,8.679991471759605
aff4e561,ridge_prior,162.89423108864602,-32.9139020897143
aff4e561,raw_selector,222.89423108864602,-152.9139020897143
aff4e561,multiscale_selector,222.89423108864602,-152.9139020897143
aff4e561,top3_multiscale,142.89423108864602,-82.9139020897143
aff4e561,grid_oracle,162.89423108864602,-32.9139020897143
b04b58a3,ridge_prior,-163.4981349371487,29.94359628659216
b04b58a3,raw_selector,-133.4981349371487,-0.05640371340783901
b04b58a3,multiscale_selector,-103.4981349371487,29.94359628659216
b04b58a3,top3_multiscale,-113.49813493714869,-0.05640371340783901
b04b58a3,grid_oracle,-163.4981349371487,29.94359628659216
b0d42b0d,ridge_prior,194.32862713254752,9.17331188722481
b0d42b0d,raw_selector,134.32862713254752,69.17331188722481
b0d42b0d,multiscale_selector,134.32862713254752,69.17331188722481
b0d42b0d,top3_multiscale,154.32862713254752,39.17331188722481
b0d42b0d,grid_oracle,314.3286271325475,-110.82668811277519
b0f53bf4,ridge_prior,118.06252854202975,-14.186954708572602
b0f53bf4,raw_selector,148.06252854202975,-74.1869547085726
b0f53bf4,multiscale_selector,148.06252854202975,-74.1869547085726
b0f53bf4,top3_multiscale,148.06252854202975,-54.18695470857261
b0f53bf4,grid_oracle,58.06252854202975,45.8130452914274
b19b0395,ridge_prior,-115.27815262165726,-2.306376798754142
b19b0395,raw_selector,-115.27815262165726,-2.306376798754142
b19b0395,multiscale_selector,-115.27815262165726,-2.306376798754142
b19b0395,top3_multiscale,-175.27815262165726,57.693623201245856
b19b0395,grid_oracle,-115.27815262165726,-2.306376798754142
b1efb8a4,ridge_prior,183.56367678026874,-21.88547473472999
b1efb8a4,raw_selector,123.56367678026874,98.11452526527
b1efb8a4,multiscale_selector,123.56367678026874,98.11452526527
b1efb8a4,top3_multiscale,163.56367678026874,28.114525265270004
b1efb8a4,grid_oracle,183.56367678026874,-21.88547473472999
b32902c0,ridge_prior,156.46368719091458,-22.590763253264576
b32902c0,raw_selector,96.46368719091458,-22.590763253264576
b32902c0,multiscale_selector,216.46368719091458,-142.59076325326458
b32902c0,top3_multiscale,166.46368719091458,-82.59076325326458
b32902c0,grid_oracle,126.46368719091458,37.409236746735424
b32e4903,ridge_prior,218.20512239593356,-25.49091258094778
b32e4903,raw_selector,338.2051223959336,-85.49091258094778
b32e4903,multiscale_selector,188.20512239593356,-55.49091258094778
b32e4903,top3_multiscale,228.20512239593359,-35.49091258094778
b32e4903,grid_oracle,248.20512239593356,-55.49091258094778
b3388334,ridge_prior,156.51065805992272,28.83072057434578
b3388334,raw_selector,216.51065805992272,-31.16927942565422
b3388334,multiscale_selector,216.51065805992272,-31.16927942565422
b3388334,top3_multiscale,206.51065805992275,-41.169279425654224
b3388334,grid_oracle,96.51065805992272,88.83072057434578
b37fd114,ridge_prior,-304.6560936976883,55.397148433599014
b37fd114,raw_selector,-364.6560936976883,115.39714843359901
b37fd114,multiscale_selector,-304.6560936976883,55.397148433599014
b37fd114,top3_multiscale,-324.6560936976883,115.397148433599
b37fd114,grid_oracle,-334.6560936976883,115.39714843359901
b38e3116,ridge_prior,168.35180059287788,-7.296414553329402
b38e3116,raw_selector,168.35180059287788,-37.2964145533294
b38e3116,multiscale_selector,168.35180059287788,-37.2964145533294
b38e3116,top3_multiscale,168.35180059287788,-27.2964145533294
b38e3116,grid_oracle,168.35180059287788,-7.296414553329402
b4d8dd4f,ridge_prior,138.39447446696104,-10.813882100814128
b4d8dd4f,raw_selector,138.39447446696104,19.186117899185874
b4d8dd4f,multiscale_selector,138.39447446696104,-10.813882100814128
b4d8dd4f,top3_multiscale,148.39447446696104,-20.813882100814126
b4d8dd4f,grid_oracle,108.39447446696104,49.186117899185874
b4f37e6e,ridge_prior,-83.63386497896015,5.144827394334808
b4f37e6e,raw_selector,-83.63386497896015,35.14482739433481
b4f37e6e,multiscale_selector,-83.63386497896015,35.14482739433481
b4f37e6e,top3_multiscale,-73.63386497896015,25.14482739433481
b4f37e6e,grid_oracle,-83.63386497896015,35.14482739433481
b56bc0aa,ridge_prior,197.25386751931586,0.543313113060444
b56bc0aa,raw_selector,227.25386751931586,0.543313113060444
b56bc0aa,multiscale_selector,227.25386751931586,0.543313113060444
b56bc0aa,top3_multiscale,197.25386751931583,10.543313113060442
b56bc0aa,grid_oracle,257.25386751931586,-59.45668688693956
b585b4fa,ridge_prior,154.2445457304499,14.765420127008724
b585b4fa,raw_selector,214.2445457304499,-105.23457987299128
b585b4fa,multiscale_selector,184.2445457304499,-15.234579872991276
b585b4fa,top3_multiscale,194.2445457304499,-55.234579872991276
b585b4fa,grid_oracle,184.2445457304499,-15.234579872991276
b5aa9634,ridge_prior,257.4277735707234,-5.976347414377247
b5aa9634,raw_selector,287.4277735707234,-65.97634741437724
b5aa9634,multiscale_selector,257.4277735707234,-5.976347414377247
b5aa9634,top3_multiscale,277.4277735707234,-35.976347414377244
b5aa9634,grid_oracle,257.4277735707234,-5.976347414377247
b7974e66,ridge_prior,121.6103952097684,26.039143243550466
b7974e66,raw_selector,121.6103952097684,86.03914324355047
b7974e66,multiscale_selector,121.6103952097684,86.03914324355047
b7974e66,top3_multiscale,151.6103952097684,56.03914324355046
b7974e66,grid_oracle,121.6103952097684,26.039143243550466
b7cdcecb,ridge_prior,-225.3733950803284,-22.621608111624266
b7cdcecb,raw_selector,-195.3733950803284,-82.62160811162427
b7cdcecb,multiscale_selector,-195.3733950803284,-82.62160811162427
b7cdcecb,top3_multiscale,-205.37339508032838,-52.621608111624276
b7cdcecb,grid_oracle,-195.3733950803284,-82.62160811162427
b7fea9ef,ridge_prior,-133.07757610853508,-28.875688555617753
b7fea9ef,raw_selector,-73.07757610853508,-88.87568855561776
b7fea9ef,multiscale_selector,-103.07757610853508,-58.87568855561776
b7fea9ef,top3_multiscale,-103.07757610853508,-58.87568855561776
b7fea9ef,grid_oracle,-163.07757610853508,1.124311444382247
b85f7b06,ridge_prior,-152.0541847920745,-11.94435285812519
b85f7b06,raw_selector,-122.0541847920745,-41.94435285812519
b85f7b06,multiscale_selector,-122.0541847920745,-41.94435285812519
b85f7b06,top3_multiscale,-112.05418479207451,-61.94435285812519
b85f7b06,grid_oracle,-182.0541847920745,18.055647141874807
b881d27e,ridge_prior,-156.38992861072518,11.029725507986932
b881d27e,raw_selector,-186.38992861072518,41.02972550798693
b881d27e,multiscale_selector,-186.38992861072518,41.02972550798693
b881d27e,top3_multiscale,-166.38992861072518,11.029725507986932
b881d27e,grid_oracle,-126.38992861072518,-18.97027449201307
b8c49c1a,ridge_prior,-137.33894568046054,4.7026651688956305
b8c49c1a,raw_selector,-107.33894568046054,4.7026651688956305
b8c49c1a,multiscale_selector,-107.33894568046054,4.7026651688956305
b8c49c1a,top3_multiscale,-97.33894568046054,-25.29733483110437
b8c49c1a,grid_oracle,-167.33894568046054,64.70266516889563
b95e7121,ridge_prior,-286.1330882437724,-5.026287490663043
b95e7121,raw_selector,-406.1330882437724,114.97371250933696
b95e7121,multiscale_selector,-316.1330882437724,-35.026287490663044
b95e7121,top3_multiscale,-356.1330882437724,34.97371250933696
b95e7121,grid_oracle,-346.1330882437724,24.973712509336956
b977be4a,ridge_prior,-211.9986865889989,-48.46655434391718
b977be4a,raw_selector,-241.9986865889989,-108.46655434391718
b977be4a,multiscale_selector,-241.9986865889989,-108.46655434391718
b977be4a,top3_multiscale,-231.9986865889989,-118.46655434391717
b977be4a,grid_oracle,-241.9986865889989,-78.46655434391718
ba48188d,ridge_prior,179.2429255259235,35.44824874957244
ba48188d,raw_selector,119.24292552592351,5.448248749572443
ba48188d,multiscale_selector,179.2429255259235,-84.55175125042756
ba48188d,top3_multiscale,119.24292552592351,-24.551751250427557
ba48188d,grid_oracle,119.24292552592351,5.448248749572443
bb2cdd83,ridge_prior,176.62360534853627,-36.203792848002756
bb2cdd83,raw_selector,146.62360534853627,-6.203792848002756
bb2cdd83,multiscale_selector,56.62360534853627,23.796207151997244
bb2cdd83,top3_multiscale,136.62360534853627,-16.20379284800276
bb2cdd83,grid_oracle,146.62360534853627,-6.203792848002756
bb337fa0,ridge_prior,212.93236048716867,11.251525134823815
bb337fa0,raw_selector,242.93236048716867,41.251525134823815
bb337fa0,multiscale_selector,242.93236048716867,11.251525134823815
bb337fa0,top3_multiscale,242.93236048716867,11.251525134823815
bb337fa0,grid_oracle,212.93236048716867,41.251525134823815
bb682ebd,ridge_prior,169.17325740316227,-1.2893530159287097
bb682ebd,raw_selector,199.17325740316227,-31.28935301592871
bb682ebd,multiscale_selector,199.17325740316227,-31.28935301592871
bb682ebd,top3_multiscale,169.17325740316227,-21.28935301592871
bb682ebd,grid_oracle,199.17325740316227,-1.2893530159287097
bc4381e2,ridge_prior,187.97355260260903,-42.91316408005608
bc4381e2,raw_selector,187.97355260260903,-42.91316408005608
bc4381e2,multiscale_selector,187.97355260260903,-42.91316408005608
bc4381e2,top3_multiscale,237.97355260260906,-102.91316408005609
bc4381e2,grid_oracle,247.97355260260903,-102.91316408005608
bcebcc5f,ridge_prior,-175.8550214507556,-10.062956243765566
bcebcc5f,raw_selector,-145.8550214507556,-40.06295624376557
bcebcc5f,multiscale_selector,-145.8550214507556,-40.06295624376557
bcebcc5f,top3_multiscale,-145.8550214507556,-30.06295624376557
bcebcc5f,grid_oracle,-145.8550214507556,-10.062956243765566
bd2c2f34,ridge_prior,271.646030077495,-25.720589034781614
bd2c2f34,raw_selector,241.64603007749503,34.27941096521839
bd2c2f34,multiscale_selector,241.64603007749503,34.27941096521839
bd2c2f34,top3_multiscale,241.64603007749506,24.27941096521839
bd2c2f34,grid_oracle,271.646030077495,-25.720589034781614
bd4ae5da,ridge_prior,196.61050802226137,-6.518432018252197
bd4ae5da,raw_selector,226.61050802226137,-36.5184320182522
bd4ae5da,multiscale_selector,226.61050802226137,-36.5184320182522
bd4ae5da,top3_multiscale,216.61050802226137,-26.5184320182522
bd4ae5da,grid_oracle,196.61050802226137,-6.518432018252197
bd6f0e19,ridge_prior,-127.91070352162535,-30.973528903402755
bd6f0e19,raw_selector,-67.91070352162535,-60.97352890340275
bd6f0e19,multiscale_selector,-127.91070352162535,-30.973528903402755
bd6f0e19,top3_multiscale,-117.91070352162535,-20.973528903402755
bd6f0e19,grid_oracle,-97.91070352162535,-60.97352890340275
bd8f847e,ridge_prior,-189.82815093983714,-13.901966879239826
bd8f847e,raw_selector,-249.82815093983714,-43.90196687923982
bd8f847e,multiscale_selector,-309.82815093983714,16.098033120760174
bd8f847e,top3_multiscale,-269.82815093983714,-3.9019668792398243
bd8f847e,grid_oracle,-249.82815093983714,46.09803312076018
be063506,ridge_prior,205.62189095947684,-23.26367449579676
be063506,raw_selector,145.62189095947684,96.73632550420324
be063506,multiscale_selector,145.62189095947684,96.73632550420324
be063506,top3_multiscale,185.62189095947687,36.736325504203236
be063506,grid_oracle,205.62189095947684,-23.26367449579676
be35c8f2,ridge_prior,168.33358057837432,-17.758965169958486
be35c8f2,raw_selector,108.33358057837432,12.241034830041514
be35c8f2,multiscale_selector,138.33358057837432,-47.758965169958486
be35c8f2,top3_multiscale,148.33358057837432,-57.758965169958486
be35c8f2,grid_oracle,198.33358057837432,-77.75896516995849
be83e781,ridge_prior,-97.40976789119739,-0.7411444090175261
be83e781,raw_selector,-157.4097678911974,-30.741144409017526
be83e781,multiscale_selector,-157.4097678911974,59.25885559098247
be83e781,top3_multiscale,-157.4097678911974,9.258855590982472
be83e781,grid_oracle,-127.40976789119739,29.258855590982474
beda8696,ridge_prior,141.94100192920155,-15.497217620651668
beda8696,raw_selector,141.94100192920155,-45.49721762065167
beda8696,multiscale_selector,171.94100192920155,-45.49721762065167
beda8696,top3_multiscale,171.94100192920155,-55.49721762065167
beda8696,grid_oracle,201.94100192920155,-135.49721762065167
bf39bc20,ridge_prior,-78.5069384118898,7.2224209388169
bf39bc20,raw_selector,-48.506938411889806,-22.7775790611831
bf39bc20,multiscale_selector,-108.5069384118898,7.2224209388169
bf39bc20,top3_multiscale,-78.5069384118898,17.2224209388169
bf39bc20,grid_oracle,-48.506938411889806,-22.7775790611831
bf70b410,ridge_prior,207.07156582836376,-49.365470656013876
bf70b410,raw_selector,177.07156582836376,-19.365470656013876
bf70b410,multiscale_selector,177.07156582836376,-19.365470656013876
bf70b410,top3_multiscale,207.07156582836376,-99.36547065601388
bf70b410,grid_oracle,267.07156582836376,-169.36547065601388
bffe3082,ridge_prior,-182.31750122586928,-8.26215886240249
bffe3082,raw_selector,-122.31750122586928,-38.26215886240249
bffe3082,multiscale_selector,-122.31750122586928,-38.26215886240249
bffe3082,top3_multiscale,-182.31750122586928,41.73784113759751
bffe3082,grid_oracle,-122.31750122586928,-38.26215886240249
c03b9305,ridge_prior,200.06417305149608,-29.617933524030096
c03b9305,raw_selector,170.06417305149608,-59.61793352403009
c03b9305,multiscale_selector,80.06417305149608,90.3820664759699
c03b9305,top3_multiscale,130.06417305149608,10.382066475969907
c03b9305,grid_oracle,200.06417305149608,0.3820664759699035
c03d4aed,ridge_prior,-184.04155642595975,12.600884971844803
c03d4aed,raw_selector,-244.04155642595975,-17.399115028155197
c03d4aed,multiscale_selector,-154.04155642595975,-47.399115028155194
c03d4aed,top3_multiscale,-254.04155642595978,22.600884971844806
c03d4aed,grid_oracle,-184.04155642595975,12.600884971844803
c03fba65,ridge_prior,120.30250862172616,-0.006642395037587789
c03fba65,raw_selector,60.30250862172616,59.99335760496241
c03fba65,multiscale_selector,60.30250862172616,59.99335760496241
c03fba65,top3_multiscale,80.30250862172616,29.993357604962412
c03fba65,grid_oracle,90.30250862172616,-0.006642395037587789
c07fd0cd,ridge_prior,-192.47388634796135,53.85506708759288
c07fd0cd,raw_selector,-162.47388634796135,23.85506708759288
c07fd0cd,multiscale_selector,-222.47388634796135,83.85506708759289
c07fd0cd,top3_multiscale,-192.47388634796138,53.855067087592886
c07fd0cd,grid_oracle,-222.47388634796135,83.85506708759289
c1708b88,ridge_prior,-216.32223512127996,-38.4009241503442
c1708b88,raw_selector,-276.32223512127996,-8.400924150344203
c1708b88,multiscale_selector,-276.32223512127996,-8.400924150344203
c1708b88,top3_multiscale,-296.32223512127996,31.5990758496558
c1708b88,grid_oracle,-216.32223512127996,-68.4009241503442
c1d046f4,ridge_prior,-182.12489111079947,4.724939847806384
c1d046f4,raw_selector,-302.12489111079947,124.72493984780638
c1d046f4,multiscale_selector,-302.12489111079947,124.72493984780638
c1d046f4,top3_multiscale,-232.12489111079947,44.72493984780638
c1d046f4,grid_oracle,-152.12489111079947,-25.275060152193618
c2717d4f,ridge_prior,174.59871270499121,-18.288857133789943
c2717d4f,raw_selector,234.59871270499121,-78.28885713378995
c2717d4f,multiscale_selector,144.59871270499121,11.711142866210057
c2717d4f,top3_multiscale,174.59871270499124,-18.288857133789946
c2717d4f,grid_oracle,204.59871270499121,-18.288857133789943
c2c4db09,ridge_prior,-242.99940930276955,-40.44540868836826
c2c4db09,raw_selector,-272.99940930276955,-100.44540868836826
c2c4db09,multiscale_selector,-272.99940930276955,-70.44540868836826
c2c4db09,top3_multiscale,-282.99940930276955,-70.44540868836826
c2c4db09,grid_oracle,-272.99940930276955,-40.44540868836826
c2c6fc71,ridge_prior,-209.98338822128412,6.659691783098442
c2c6fc71,raw_selector,-209.98338822128412,6.659691783098442
c2c6fc71,multiscale_selector,-209.98338822128412,6.659691783098442
c2c6fc71,top3_multiscale,-219.98338822128412,36.65969178309844
c2c6fc71,grid_oracle,-179.98338822128412,-23.34030821690156
c36625df,ridge_prior,160.31523752731619,14.181675545478797
c36625df,raw_selector,220.31523752731619,-15.818324454521203
c36625df,multiscale_selector,220.31523752731619,-15.818324454521203
c36625df,top3_multiscale,160.31523752731619,24.181675545478797
c36625df,grid_oracle,160.31523752731619,14.181675545478797
c3957531,ridge_prior,77.63343963260388,18.274414263561823
c3957531,raw_selector,-42.36656036739612,138.27441426356182
c3957531,multiscale_selector,77.63343963260388,18.274414263561823
c3957531,top3_multiscale,137.63343963260388,-41.72558573643818
c3957531,grid_oracle,47.63343963260388,48.27441426356182
c42fe306,ridge_prior,156.79086370948997,-0.8308986657917741
c42fe306,raw_selector,156.79086370948997,-30.830898665791775
c42fe306,multiscale_selector,156.79086370948997,-30.830898665791775
c42fe306,top3_multiscale,136.79086370948997,-30.83089866579178
c42fe306,grid_oracle,126.79086370948997,59.16910133420823
c43812e2,ridge_prior,240.57752288822704,-8.998122880183791
c43812e2,raw_selector,300.577522888227,-68.99812288018379
c43812e2,multiscale_selector,240.57752288822704,21.001877119816207
c43812e2,top3_multiscale,270.577522888227,-28.99812288018379
c43812e2,grid_oracle,300.577522888227,-68.99812288018379
c472c0b5,ridge_prior,158.7754827365082,7.789956132130164
c472c0b5,raw_selector,158.7754827365082,37.789956132130165
c472c0b5,multiscale_selector,158.7754827365082,37.789956132130165
c472c0b5,top3_multiscale,148.7754827365082,77.78995613213016
c472c0b5,grid_oracle,188.7754827365082,-22.210043867869835
c47e0767,ridge_prior,115.37182274911328,-5.985449172173595
c47e0767,raw_selector,145.37182274911328,-5.985449172173595
c47e0767,multiscale_selector,145.37182274911328,-5.985449172173595
c47e0767,top3_multiscale,145.37182274911328,-15.985449172173594
c47e0767,grid_oracle,175.37182274911328,-35.985449172173595
c50b42f6,ridge_prior,-140.4492908303735,3.1228737677221865
c50b42f6,raw_selector,-110.44929083037351,3.1228737677221865
c50b42f6,multiscale_selector,-80.44929083037351,-116.87712623227782
c50b42f6,top3_multiscale,-100.44929083037351,-46.87712623227782
c50b42f6,grid_oracle,-110.44929083037351,3.1228737677221865
c593337f,ridge_prior,204.21114589841144,-22.166829091426028
c593337f,raw_selector,324.2111458984115,-82.16682909142602
c593337f,multiscale_selector,234.21114589841144,-82.16682909142602
c593337f,top3_multiscale,224.21114589841147,-92.16682909142601
c593337f,grid_oracle,204.21114589841144,-52.166829091426024
c59b6c4a,ridge_prior,152.66048303763412,-6.809662143456949
c59b6c4a,raw_selector,182.66048303763412,-36.80966214345695
c59b6c4a,multiscale_selector,182.66048303763412,-36.80966214345695
c59b6c4a,top3_multiscale,182.66048303763412,-16.809662143456947
c59b6c4a,grid_oracle,152.66048303763412,-66.80966214345695
c66be2b8,ridge_prior,195.19700854116115,-10.373777363560622
c66be2b8,raw_selector,135.19700854116115,19.62622263643938
c66be2b8,multiscale_selector,135.19700854116115,19.62622263643938
c66be2b8,top3_multiscale,175.19700854116115,-50.37377736356063
c66be2b8,grid_oracle,165.19700854116115,-10.373777363560622
c6797dd7,ridge_prior,-147.36421290353093,20.91516996394924
c6797dd7,raw_selector,-177.36421290353093,50.91516996394924
c6797dd7,multiscale_selector,-207.36421290353093,50.91516996394924
c6797dd7,top3_multiscale,-227.36421290353096,90.91516996394925
c6797dd7,grid_oracle,-147.36421290353093,20.91516996394924
c6b782a4,ridge_prior,223.43247655274516,-19.152005463907866
c6b782a4,raw_selector,193.43247655274516,10.847994536092134
c6b782a4,multiscale_selector,193.43247655274516,-49.15200546390787
c6b782a4,top3_multiscale,193.43247655274516,-19.15200546390787
c6b782a4,grid_oracle,163.43247655274516,40.84799453609213
c6c96179,ridge_prior,-131.4093627038185,1.033834525950772
c6c96179,raw_selector,-101.40936270381849,-28.966165474049227
c6c96179,multiscale_selector,-101.40936270381849,-28.966165474049227
c6c96179,top3_multiscale,-131.4093627038185,1.0338345259507733
c6c96179,grid_oracle,-101.40936270381849,-28.966165474049227
c70c0e01,ridge_prior,-139.48477991013254,-17.100730334025734
c70c0e01,raw_selector,-139.48477991013254,12.899269665974266
c70c0e01,multiscale_selector,-139.48477991013254,-17.100730334025734
c70c0e01,top3_multiscale,-129.48477991013254,-17.100730334025734
c70c0e01,grid_oracle,-109.48477991013254,-77.10073033402574
c84c65be,ridge_prior,306.12448047482667,-20.573723304266345
c84c65be,raw_selector,306.12448047482667,-20.573723304266345
c84c65be,multiscale_selector,306.12448047482667,-20.573723304266345
c84c65be,top3_multiscale,306.12448047482667,-20.573723304266345
c84c65be,grid_oracle,366.12448047482667,-80.57372330426634
c8d9680c,ridge_prior,221.2615906497963,4.677466261178912
c8d9680c,raw_selector,221.2615906497963,4.677466261178912
c8d9680c,multiscale_selector,221.2615906497963,4.677466261178912
c8d9680c,top3_multiscale,241.2615906497963,14.677466261178914
c8d9680c,grid_oracle,341.2615906497963,-55.322533738821086
c908edd0,ridge_prior,112.53152911129682,28.691722859759484
c908edd0,raw_selector,142.53152911129683,-31.308277140240516
c908edd0,multiscale_selector,142.53152911129683,-31.308277140240516
c908edd0,top3_multiscale,142.53152911129683,-41.30827714024052
c908edd0,grid_oracle,142.53152911129683,-31.308277140240516
c9578d27,ridge_prior,172.4563523741904,-4.341397902650444
c9578d27,raw_selector,172.4563523741904,-34.34139790265044
c9578d27,multiscale_selector,202.4563523741904,-64.34139790265044
c9578d27,top3_multiscale,142.4563523741904,5.658602097349558
c9578d27,grid_oracle,202.4563523741904,-4.341397902650444
c96c018a,ridge_prior,-181.81158334848587,-28.835983823795832
c96c018a,raw_selector,-211.81158334848587,31.164016176204168
c96c018a,multiscale_selector,-181.81158334848587,-28.835983823795832
c96c018a,top3_multiscale,-201.81158334848587,1.1640161762041679
c96c018a,grid_oracle,-181.81158334848587,-28.835983823795832
c99f9fae,ridge_prior,-262.80651667336696,-8.826779948138892
c99f9fae,raw_selector,-142.80651667336696,-128.8267799481389
c99f9fae,multiscale_selector,-142.80651667336696,-128.8267799481389
c99f9fae,top3_multiscale,-192.80651667336693,-68.82677994813889
c99f9fae,grid_oracle,-322.80651667336696,21.173220051861108
c9e6734f,ridge_prior,-110.88630291168866,7.93008995242074
c9e6734f,raw_selector,-230.88630291168866,127.93008995242074
c9e6734f,multiscale_selector,-230.88630291168866,127.93008995242074
c9e6734f,top3_multiscale,-130.88630291168866,7.930089952420743
c9e6734f,grid_oracle,-80.88630291168866,37.930089952420744
c9e980e8,ridge_prior,-142.89271613120187,-13.415719337532066
c9e980e8,raw_selector,-262.89271613120184,106.58428066246793
c9e980e8,multiscale_selector,-262.89271613120184,106.58428066246793
c9e980e8,top3_multiscale,-202.89271613120184,26.584280662467933
c9e980e8,grid_oracle,-172.89271613120187,16.584280662467933
c9fedcf3,ridge_prior,-90.07410232575614,-18.779386314847212
c9fedcf3,raw_selector,-60.074102325756144,-48.779386314847216
c9fedcf3,multiscale_selector,-90.07410232575614,-18.779386314847212
c9fedcf3,top3_multiscale,-90.07410232575614,-8.779386314847216
c9fedcf3,grid_oracle,-60.074102325756144,-48.779386314847216
cad13e8f,ridge_prior,-89.93039965757646,-25.316493174300057
cad13e8f,raw_selector,-59.93039965757646,-55.31649317430006
cad13e8f,multiscale_selector,-59.93039965757646,-55.31649317430006
cad13e8f,top3_multiscale,-59.93039965757646,-55.316493174300064
cad13e8f,grid_oracle,-89.93039965757646,-25.316493174300057
cb34231f,ridge_prior,-99.69848751394488,-38.67861635250611
cb34231f,raw_selector,-99.69848751394488,-8.678616352506111
cb34231f,multiscale_selector,-99.69848751394488,-8.678616352506111
cb34231f,top3_multiscale,-89.69848751394488,-8.678616352506111
cb34231f,grid_oracle,-69.69848751394488,-68.67861635250611
cb879f40,ridge_prior,271.31821284888815,-21.48261935422898
cb879f40,raw_selector,331.31821284888815,-51.48261935422898
cb879f40,multiscale_selector,331.31821284888815,-51.48261935422898
cb879f40,top3_multiscale,311.31821284888815,-41.48261935422898
cb879f40,grid_oracle,331.31821284888815,-81.48261935422897
cbb406b5,ridge_prior,187.0235558755365,6.510429498455332
cbb406b5,raw_selector,187.0235558755365,36.51042949845533
cbb406b5,multiscale_selector,187.0235558755365,36.51042949845533
cbb406b5,top3_multiscale,187.02355587553652,26.510429498455334
cbb406b5,grid_oracle,217.0235558755365,-23.48957050154467
cbe51de1,ridge_prior,-198.10807251692404,25.659938495008547
cbe51de1,raw_selector,-198.10807251692404,-34.34006150499145
cbe51de1,multiscale_selector,-198.10807251692404,55.65993849500855
cbe51de1,top3_multiscale,-188.10807251692404,15.659938495008547
cbe51de1,grid_oracle,-198.10807251692404,25.659938495008547
cbe62450,ridge_prior,198.3640729139217,27.324728389669655
cbe62450,raw_selector,318.3640729139217,-92.67527161033034
cbe62450,multiscale_selector,318.3640729139217,-92.67527161033034
cbe62450,top3_multiscale,268.3640729139217,-32.67527161033034
cbe62450,grid_oracle,318.3640729139217,-92.67527161033034
cc08aa63,ridge_prior,87.68111462950952,22.095866691617072
cc08aa63,raw_selector,87.68111462950952,22.095866691617072
cc08aa63,multiscale_selector,87.68111462950952,22.095866691617072
cc08aa63,top3_multiscale,97.68111462950952,12.095866691617076
cc08aa63,grid_oracle,117.68111462950952,-7.904133308382928
cc8a1d57,ridge_prior,228.20539755872807,-29.31456676846504
cc8a1d57,raw_selector,288.20539755872807,-29.31456676846504
cc8a1d57,multiscale_selector,288.20539755872807,-29.31456676846504
cc8a1d57,top3_multiscale,258.20539755872807,0.6854332315349616
cc8a1d57,grid_oracle,168.20539755872807,30.68543323153496
ccedb12b,ridge_prior,174.76156404629216,-12.893494952355795
ccedb12b,raw_selector,114.76156404629216,17.106505047644205
ccedb12b,multiscale_selector,114.76156404629216,17.106505047644205
ccedb12b,top3_multiscale,144.76156404629216,-12.893494952355795
ccedb12b,grid_oracle,174.76156404629216,-42.893494952355795
cd7f1687,ridge_prior,179.42104272046544,-13.610124559835484
cd7f1687,raw_selector,209.42104272046544,-73.61012455983548
cd7f1687,multiscale_selector,119.42104272046544,46.389875440164516
cd7f1687,top3_multiscale,149.42104272046544,-23.610124559835484
cd7f1687,grid_oracle,149.42104272046544,16.389875440164516
cda7eb37,ridge_prior,115.7124932978281,51.99058212974137
cda7eb37,raw_selector,-4.287506702171896,171.99058212974137
cda7eb37,multiscale_selector,-4.287506702171896,171.99058212974137
cda7eb37,top3_multiscale,45.712493297828104,41.99058212974137
cda7eb37,grid_oracle,55.712493297828104,111.99058212974137
cdc31d65,ridge_prior,-142.00905101998814,21.273216180280006
cdc31d65,raw_selector,-82.00905101998814,-38.72678381972
cdc31d65,multiscale_selector,-112.00905101998814,-38.72678381972
cdc31d65,top3_multiscale,-152.00905101998814,21.273216180280002
cdc31d65,grid_oracle,-142.00905101998814,21.273216180280006
cdc60a53,ridge_prior,208.81586172508213,-13.550663475388822
cdc60a53,raw_selector,268.81586172508213,-133.55066347538883
cdc60a53,multiscale_selector,88.81586172508213,46.44933652461118
cdc60a53,top3_multiscale,168.81586172508213,-13.550663475388825
cdc60a53,grid_oracle,178.81586172508213,46.44933652461118
ce55ba43,ridge_prior,115.0856512757633,18.771171922475062
ce55ba43,raw_selector,235.0856512757633,-101.22882807752494
ce55ba43,multiscale_selector,85.0856512757633,48.77117192247506
ce55ba43,top3_multiscale,155.0856512757633,-51.22882807752493
ce55ba43,grid_oracle,145.0856512757633,-11.228828077524938
ce8399b7,ridge_prior,-106.60810380436726,32.07320345944867
ce8399b7,raw_selector,-46.60810380436726,-27.92679654055133
ce8399b7,multiscale_selector,-46.60810380436726,-27.92679654055133
ce8399b7,top3_multiscale,-76.60810380436726,-7.926796540551329
ce8399b7,grid_oracle,-76.60810380436726,2.0732034594486706
cf50c9d1,ridge_prior,203.85088784198263,5.780830660596802
cf50c9d1,raw_selector,203.85088784198263,-24.219169339403198
cf50c9d1,multiscale_selector,203.85088784198263,-24.219169339403198
cf50c9d1,top3_multiscale,203.85088784198263,-4.219169339403198
cf50c9d1,grid_oracle,173.85088784198263,5.780830660596802
d00e7eb9,ridge_prior,-127.37077517190852,-43.49593804422259
d00e7eb9,raw_selector,-97.37077517190852,-73.49593804422258
d00e7eb9,multiscale_selector,-97.37077517190852,-73.49593804422258
d00e7eb9,top3_multiscale,-117.37077517190852,-83.49593804422258
d00e7eb9,grid_oracle,-187.37077517190852,-13.49593804422259
d011f41b,ridge_prior,-42.048129108097456,-28.61634286623735
d011f41b,raw_selector,17.951870891902544,-148.61634286623735
d011f41b,multiscale_selector,-42.048129108097456,-88.61634286623735
d011f41b,top3_multiscale,-102.04812910809744,11.383657133762654
d011f41b,grid_oracle,-72.04812910809746,1.3836571337626502
d07aed8f,ridge_prior,-69.24555039095176,16.664999267929065
d07aed8f,raw_selector,-39.24555039095176,16.664999267929065
d07aed8f,multiscale_selector,-69.24555039095176,46.66499926792906
d07aed8f,top3_multiscale,-69.24555039095176,26.664999267929062
d07aed8f,grid_oracle,-69.24555039095176,46.66499926792906
d085e611,ridge_prior,-243.01697179408458,12.009644675732392
d085e611,raw_selector,-363.0169717940846,72.00964467573239
d085e611,multiscale_selector,-213.01697179408458,-47.99035532426761
d085e611,top3_multiscale,-243.0169717940846,-7.99035532426761
d085e611,grid_oracle,-213.01697179408458,-47.99035532426761
d0a0e7b5,ridge_prior,122.93614035165176,-13.328051521786765
d0a0e7b5,raw_selector,122.93614035165176,-43.32805152178676
d0a0e7b5,multiscale_selector,122.93614035165176,-43.32805152178676
d0a0e7b5,top3_multiscale,132.93614035165177,-53.32805152178676
d0a0e7b5,grid_oracle,122.93614035165176,-13.328051521786765
d0a43760,ridge_prior,-99.78684080131066,34.12687131716735
d0a43760,raw_selector,-39.78684080131066,-25.87312868283265
d0a43760,multiscale_selector,-69.78684080131066,34.12687131716735
d0a43760,top3_multiscale,-59.78684080131066,24.126871317167346
d0a43760,grid_oracle,-99.78684080131066,94.12687131716734
d0cb63ae,ridge_prior,291.0744590976601,20.909047217751954
d0cb63ae,raw_selector,351.0744590976601,-9.090952782248046
d0cb63ae,multiscale_selector,351.0744590976601,-9.090952782248046
d0cb63ae,top3_multiscale,291.0744590976601,30.909047217751947
d0cb63ae,grid_oracle,261.0744590976601,80.90904721775195
d114d9c2,ridge_prior,177.41538607406892,-39.48599100474851
d114d9c2,raw_selector,57.41538607406892,-9.485991004748513
d114d9c2,multiscale_selector,57.41538607406892,-9.485991004748513
d114d9c2,top3_multiscale,167.41538607406892,-59.48599100474851
d114d9c2,grid_oracle,177.41538607406892,-69.48599100474851
d1457cc5,ridge_prior,199.05084341169385,-42.84922325594198
d1457cc5,raw_selector,199.05084341169385,-12.849223255941979
d1457cc5,multiscale_selector,319.05084341169385,-162.84922325594198
d1457cc5,top3_multiscale,179.05084341169382,-82.84922325594198
d1457cc5,grid_oracle,199.05084341169385,-42.84922325594198
d1ecf309,ridge_prior,176.8225200591593,5.064878555824286
d1ecf309,raw_selector,176.8225200591593,35.064878555824286
d1ecf309,multiscale_selector,176.8225200591593,35.064878555824286
d1ecf309,top3_multiscale,176.8225200591593,35.064878555824286
d1ecf309,grid_oracle,236.8225200591593,-54.935121444175714
d1ee630d,ridge_prior,-273.1036402853091,-11.91283172523982
d1ee630d,raw_selector,-273.1036402853091,-11.91283172523982
d1ee630d,multiscale_selector,-273.1036402853091,-11.91283172523982
d1ee630d,top3_multiscale,-223.1036402853091,-61.91283172523981
d1ee630d,grid_oracle,-243.1036402853091,-41.91283172523982
d217e0c5,ridge_prior,-113.43051071691455,-18.14164925370533
d217e0c5,raw_selector,-53.430510716914554,-48.14164925370533
d217e0c5,multiscale_selector,-233.43051071691457,101.85835074629466
d217e0c5,top3_multiscale,-153.43051071691457,21.85835074629466
d217e0c5,grid_oracle,-113.43051071691455,-18.14164925370533
d24ff243,ridge_prior,-132.97491627299175,3.1978190943934317
d24ff243,raw_selector,-162.97491627299175,33.19781909439343
d24ff243,multiscale_selector,-162.97491627299175,33.19781909439343
d24ff243,top3_multiscale,-132.97491627299175,23.197819094393434
d24ff243,grid_oracle,-132.97491627299175,33.19781909439343
d273674e,ridge_prior,115.83641251410143,-5.114918458572998
d273674e,raw_selector,85.83641251410143,24.885081541427002
d273674e,multiscale_selector,85.83641251410143,24.885081541427002
d273674e,top3_multiscale,85.83641251410143,24.885081541427
d273674e,grid_oracle,85.83641251410143,24.885081541427002
d2f3b1ab,ridge_prior,-159.93054169779492,-2.6179336622657368
d2f3b1ab,raw_selector,-39.93054169779492,-62.617933662265735
d2f3b1ab,multiscale_selector,-189.93054169779492,57.382066337734265
d2f3b1ab,top3_multiscale,-179.9305416977949,57.382066337734265
d2f3b1ab,grid_oracle,-129.93054169779492,-62.617933662265735
d3df146b,ridge_prior,-139.04106218469963,-29.99776737604354
d3df146b,raw_selector,-109.04106218469963,-29.99776737604354
d3df146b,multiscale_selector,-109.04106218469963,-29.99776737604354
d3df146b,top3_multiscale,-119.04106218469963,-29.99776737604354
d3df146b,grid_oracle,-139.04106218469963,0.0022326239564591788
d40f61d5,ridge_prior,-142.7781561529645,18.740529176289517
d40f61d5,raw_selector,-22.7781561529645,-41.25947082371049
d40f61d5,multiscale_selector,-22.7781561529645,-41.25947082371049
d40f61d5,top3_multiscale,-72.7781561529645,-21.259470823710487
d40f61d5,grid_oracle,-142.7781561529645,18.740529176289517
d41beaf2,ridge_prior,207.80967758916478,-15.190822933505313
d41beaf2,raw_selector,207.80967758916478,-45.190822933505316
d41beaf2,multiscale_selector,207.80967758916478,-45.190822933505316
d41beaf2,top3_multiscale,197.8096775891648,-25.190822933505316
d41beaf2,grid_oracle,147.80967758916478,44.809177066494684
d463e527,ridge_prior,149.01576184842443,0.40303923501923045
d463e527,raw_selector,89.01576184842443,30.40303923501923
d463e527,multiscale_selector,269.0157618484244,-119.59696076498076
d463e527,top3_multiscale,189.0157618484244,-39.596960764980764
d463e527,grid_oracle,119.01576184842443,60.40303923501923
d4f60a28,ridge_prior,-162.0827937089392,18.446031130011104
d4f60a28,raw_selector,-192.0827937089392,18.446031130011104
d4f60a28,multiscale_selector,-192.0827937089392,18.446031130011104
d4f60a28,top3_multiscale,-192.0827937089392,18.446031130011107
d4f60a28,grid_oracle,-222.0827937089392,78.44603113001111
d50c649a,ridge_prior,228.83394237429425,-11.941178525934056
d50c649a,raw_selector,288.8339423742942,-41.941178525934056
d50c649a,multiscale_selector,228.83394237429425,-41.941178525934056
d50c649a,top3_multiscale,238.83394237429425,-71.94117852593405
d50c649a,grid_oracle,198.83394237429425,48.058821474065944
d543916f,ridge_prior,-169.4575767058927,2.357507028901876
d543916f,raw_selector,-199.4575767058927,32.35750702890188
d543916f,multiscale_selector,-139.4575767058927,-27.642492971098125
d543916f,top3_multiscale,-169.4575767058927,12.357507028901878
d543916f,grid_oracle,-169.4575767058927,32.35750702890188
d5df0ff5,ridge_prior,165.3571110129947,-8.990268818030675
d5df0ff5,raw_selector,165.3571110129947,-38.99026881803067
d5df0ff5,multiscale_selector,165.3571110129947,-38.99026881803067
d5df0ff5,top3_multiscale,175.3571110129947,-28.99026881803067
d5df0ff5,grid_oracle,135.3571110129947,21.009731181969325
d60430e6,ridge_prior,98.10186368895462,-6.127004082367014
d60430e6,raw_selector,-21.898136311045377,-126.12700408236701
d60430e6,multiscale_selector,-21.898136311045377,-126.12700408236701
d60430e6,top3_multiscale,-21.898136311045377,-66.12700408236701
d60430e6,grid_oracle,98.10186368895462,-6.127004082367014
d63196fe,ridge_prior,138.85243299953055,17.264834415155295
d63196fe,raw_selector,198.85243299953055,-12.735165584844705
d63196fe,multiscale_selector,168.85243299953055,-102.73516558484471
d63196fe,top3_multiscale,128.85243299953055,-32.73516558484471
d63196fe,grid_oracle,78.85243299953055,47.26483441515529
d6c320d9,ridge_prior,-108.54650387792199,-64.73346336695886
d6c320d9,raw_selector,-138.546503877922,-4.733463366958858
d6c320d9,multiscale_selector,-138.546503877922,-4.733463366958858
d6c320d9,top3_multiscale,-98.546503877922,-54.73346336695886
d6c320d9,grid_oracle,-48.54650387792199,-124.73346336695886
d6dd7330,ridge_prior,155.25631242518418,7.939885448504913
d6dd7330,raw_selector,185.25631242518418,7.939885448504913
d6dd7330,multiscale_selector,185.25631242518418,7.939885448504913
d6dd7330,top3_multiscale,205.25631242518418,-22.06011455149509
d6dd7330,grid_oracle,215.25631242518418,-52.06011455149509
d7ba4f9d,ridge_prior,-313.14295542622784,74.09952528971466
d7ba4f9d,raw_selector,-343.14295542622784,74.09952528971466
d7ba4f9d,multiscale_selector,-343.14295542622784,74.09952528971466
d7ba4f9d,top3_multiscale,-353.14295542622784,74.09952528971468
d7ba4f9d,grid_oracle,-373.14295542622784,104.09952528971466
d7eb0be8,ridge_prior,104.60853115386537,-4.680042290176225
d7eb0be8,raw_selector,74.60853115386537,-4.680042290176225
d7eb0be8,multiscale_selector,164.60853115386539,-64.68004229017623
d7eb0be8,top3_multiscale,154.60853115386539,-34.68004229017623
d7eb0be8,grid_oracle,224.60853115386539,-124.68004229017623
d84b621b,ridge_prior,166.18669170585378,-37.20687626124585
d84b621b,raw_selector,166.18669170585378,-67.20687626124585
d84b621b,multiscale_selector,166.18669170585378,-97.20687626124585
d84b621b,top3_multiscale,156.18669170585378,-67.20687626124585
d84b621b,grid_oracle,136.18669170585378,-7.206876261245853
d90aa14c,ridge_prior,292.882526220932,11.012732238744736
d90aa14c,raw_selector,262.882526220932,71.01273223874473
d90aa14c,multiscale_selector,262.882526220932,71.01273223874473
d90aa14c,top3_multiscale,252.88252622093196,61.01273223874474
d90aa14c,grid_oracle,292.882526220932,11.012732238744736
d924e971,ridge_prior,143.05928432118708,-13.782148114374968
d924e971,raw_selector,143.05928432118708,-13.782148114374968
d924e971,multiscale_selector,83.05928432118708,106.21785188562504
d924e971,top3_multiscale,153.05928432118708,6.217851885625038
d924e971,grid_oracle,143.05928432118708,46.21785188562503
d9ae59b2,ridge_prior,-187.5922179232019,35.02087336004904
d9ae59b2,raw_selector,-187.5922179232019,5.020873360049038
d9ae59b2,multiscale_selector,-187.5922179232019,-24.979126639950962
d9ae59b2,top3_multiscale,-217.5922179232019,15.020873360049038
d9ae59b2,grid_oracle,-217.5922179232019,65.02087336004904
d9d6d94d,ridge_prior,187.91885268412378,-23.749574846259044
d9d6d94d,raw_selector,187.91885268412378,-23.749574846259044
d9d6d94d,multiscale_selector,187.91885268412378,-23.749574846259044
d9d6d94d,top3_multiscale,217.91885268412378,-53.749574846259044
d9d6d94d,grid_oracle,217.91885268412378,-83.74957484625904
d9eca87b,ridge_prior,212.78846857397787,-31.695934032546873
d9eca87b,raw_selector,242.78846857397787,-61.69593403254687
d9eca87b,multiscale_selector,242.78846857397787,-61.69593403254687
d9eca87b,top3_multiscale,232.78846857397787,-91.69593403254686
d9eca87b,grid_oracle,212.78846857397787,-91.69593403254687
da2d4d7c,ridge_prior,-88.71640375059738,8.299913559962707
da2d4d7c,raw_selector,-58.71640375059738,38.299913559962704
da2d4d7c,multiscale_selector,-58.71640375059738,8.299913559962707
da2d4d7c,top3_multiscale,-68.71640375059738,38.299913559962704
da2d4d7c,grid_oracle,-88.71640375059738,38.299913559962704
da3bfe4e,ridge_prior,-78.79423342440192,-33.938039645416644
da3bfe4e,raw_selector,-138.7942334244019,26.061960354583356
da3bfe4e,multiscale_selector,-138.7942334244019,26.061960354583356
da3bfe4e,top3_multiscale,-128.7942334244019,-33.938039645416644
da3bfe4e,grid_oracle,-108.79423342440192,-33.938039645416644
da3cf798,ridge_prior,231.90249884448258,-3.032523414964852
da3cf798,raw_selector,231.90249884448258,26.967476585035147
da3cf798,multiscale_selector,291.9024988444826,-63.03252341496485
da3cf798,top3_multiscale,251.90249884448258,-13.03252341496485
da3cf798,grid_oracle,231.90249884448258,26.967476585035147
da940160,ridge_prior,128.8116123359915,-3.4454125685914097
da940160,raw_selector,98.8116123359915,-3.4454125685914097
da940160,multiscale_selector,98.8116123359915,26.554587431408592
da940160,top3_multiscale,138.8116123359915,-23.445412568591408
da940160,grid_oracle,158.8116123359915,-33.44541256859141
dafc88c3,ridge_prior,-128.13820713019166,-3.103511866743263
dafc88c3,raw_selector,-188.13820713019166,116.89648813325674
dafc88c3,multiscale_selector,-188.13820713019166,116.89648813325674
dafc88c3,top3_multiscale,-118.13820713019167,46.89648813325673
dafc88c3,grid_oracle,-68.13820713019166,-33.10351186674326
dbee6c86,ridge_prior,288.82549751901996,-55.834288471163255
dbee6c86,raw_selector,288.82549751901996,-55.834288471163255
dbee6c86,multiscale_selector,288.82549751901996,-55.834288471163255
dbee6c86,top3_multiscale,298.82549751901996,-115.83428847116325
dbee6c86,grid_oracle,288.82549751901996,-55.834288471163255
dc5fbe29,ridge_prior,-161.45336707861765,14.017683440443015
dc5fbe29,raw_selector,-191.45336707861765,44.017683440443015
dc5fbe29,multiscale_selector,-191.45336707861765,44.017683440443015
dc5fbe29,top3_multiscale,-171.45336707861762,4.017683440443015
dc5fbe29,grid_oracle,-131.45336707861765,-15.982316559556985
dc7da28f,ridge_prior,-143.66855625740848,15.368698427764304
dc7da28f,raw_selector,-203.66855625740848,75.3686984277643
dc7da28f,multiscale_selector,-173.66855625740848,15.368698427764304
dc7da28f,top3_multiscale,-183.66855625740848,55.36869842776431
dc7da28f,grid_oracle,-143.66855625740848,75.3686984277643
dc7f9757,ridge_prior,83.5416031581361,39.735722964471606
dc7f9757,raw_selector,23.5416031581361,99.7357229644716
dc7f9757,multiscale_selector,23.5416031581361,99.7357229644716
dc7f9757,top3_multiscale,53.5416031581361,69.7357229644716
dc7f9757,grid_oracle,53.5416031581361,69.7357229644716
dd168de0,ridge_prior,157.2014898994513,-19.840375732343304
dd168de0,raw_selector,97.2014898994513,40.159624267656696
dd168de0,multiscale_selector,97.2014898994513,40.159624267656696
dd168de0,top3_multiscale,137.2014898994513,-19.840375732343304
dd168de0,grid_oracle,157.2014898994513,-19.840375732343304
dd64382d,ridge_prior,135.01998848490842,-7.823178398822428
dd64382d,raw_selector,135.01998848490842,-7.823178398822428
dd64382d,multiscale_selector,135.01998848490842,-7.823178398822428
dd64382d,top3_multiscale,155.01998848490842,-7.823178398822428
dd64382d,grid_oracle,135.01998848490842,-7.823178398822428
dd6bc5b2,ridge_prior,-156.11710004681444,34.47576157557779
dd6bc5b2,raw_selector,-126.11710004681444,4.475761575577792
dd6bc5b2,multiscale_selector,-126.11710004681444,4.475761575577792
dd6bc5b2,top3_multiscale,-146.11710004681444,24.475761575577792
dd6bc5b2,grid_oracle,-126.11710004681444,4.475761575577792
dd7d638e,ridge_prior,145.57164758901152,-7.430997149868297
dd7d638e,raw_selector,265.5716475890115,-127.43099714986829
dd7d638e,multiscale_selector,265.5716475890115,-127.43099714986829
dd7d638e,top3_multiscale,215.5716475890115,-77.43099714986829
dd7d638e,grid_oracle,145.57164758901152,-7.430997149868297
ddc790ff,ridge_prior,125.7352897802076,7.783905368446601
ddc790ff,raw_selector,125.7352897802076,7.783905368446601
ddc790ff,multiscale_selector,125.7352897802076,7.783905368446601
ddc790ff,top3_multiscale,145.7352897802076,-22.2160946315534
ddc790ff,grid_oracle,125.7352897802076,7.783905368446601
df71d1ff,ridge_prior,-199.21215170312547,-46.62982155416539
df71d1ff,raw_selector,-229.21215170312547,-16.62982155416539
df71d1ff,multiscale_selector,-229.21215170312547,-16.62982155416539
df71d1ff,top3_multiscale,-209.21215170312544,-86.6298215541654
df71d1ff,grid_oracle,-259.21215170312547,-46.62982155416539
df73b8f3,ridge_prior,-172.10954262754535,-15.120787814969326
df73b8f3,raw_selector,-202.10954262754535,-45.120787814969326
df73b8f3,multiscale_selector,-292.10954262754535,44.879212185030674
df73b8f3,top3_multiscale,-202.10954262754535,-5.120787814969326
df73b8f3,grid_oracle,-172.10954262754535,-45.120787814969326
df8290be,ridge_prior,63.09713337196125,55.02279864850462
df8290be,raw_selector,33.09713337196125,115.02279864850462
df8290be,multiscale_selector,93.09713337196125,25.02279864850462
df8290be,top3_multiscale,73.09713337196125,65.02279864850462
df8290be,grid_oracle,63.09713337196125,85.02279864850462
e0079ed1,ridge_prior,-126.81195708372728,-8.627612314797695
e0079ed1,raw_selector,-126.81195708372728,51.372387685202305
e0079ed1,multiscale_selector,-186.8119570837273,21.372387685202305
e0079ed1,top3_multiscale,-156.8119570837273,11.372387685202305
e0079ed1,grid_oracle,-156.8119570837273,21.372387685202305
e03b45fd,ridge_prior,302.7604985226663,-17.20809978684705
e03b45fd,raw_selector,242.7604985226663,-47.20809978684705
e03b45fd,multiscale_selector,182.7604985226663,102.79190021315296
e03b45fd,top3_multiscale,182.76049852266632,52.79190021315296
e03b45fd,grid_oracle,332.7604985226663,-47.20809978684705
e0f36d98,ridge_prior,-125.05473544486003,-15.689796880208924
e0f36d98,raw_selector,-125.05473544486003,14.310203119791076
e0f36d98,multiscale_selector,-65.05473544486003,-75.68979688020892
e0f36d98,top3_multiscale,-135.05473544486003,-15.689796880208922
e0f36d98,grid_oracle,-95.05473544486003,-45.689796880208924
e149204f,ridge_prior,-202.47889996365035,-15.97997120809358
e149204f,raw_selector,-172.47889996365035,-45.97997120809358
e149204f,multiscale_selector,-172.47889996365035,-45.97997120809358
e149204f,top3_multiscale,-192.47889996365038,-45.97997120809359
e149204f,grid_oracle,-202.47889996365035,-15.97997120809358
e14d641e,ridge_prior,70.64044418073601,38.188555152042355
e14d641e,raw_selector,40.64044418073601,38.188555152042355
e14d641e,multiscale_selector,40.64044418073601,38.188555152042355
e14d641e,top3_multiscale,60.64044418073601,8.188555152042355
e14d641e,grid_oracle,40.64044418073601,68.18855515204235
e161bd0c,ridge_prior,-79.81864384911009,-12.942890228758579
e161bd0c,raw_selector,-19.81864384911009,17.05710977124142
e161bd0c,multiscale_selector,-19.81864384911009,17.05710977124142
e161bd0c,top3_multiscale,-39.81864384911009,-22.942890228758582
e161bd0c,grid_oracle,-49.81864384911009,-42.94289022875858
e201fd6d,ridge_prior,140.85356199004764,13.07291964539413
e201fd6d,raw_selector,110.85356199004764,13.07291964539413
e201fd6d,multiscale_selector,110.85356199004764,13.07291964539413
e201fd6d,top3_multiscale,110.85356199004764,13.07291964539413
e201fd6d,grid_oracle,80.85356199004764,73.07291964539414
e25f1537,ridge_prior,172.34171470858107,-2.6917192983819627
e25f1537,raw_selector,172.34171470858107,-2.6917192983819627
e25f1537,multiscale_selector,202.34171470858107,-62.69171929838196
e25f1537,top3_multiscale,182.34171470858107,-32.69171929838196
e25f1537,grid_oracle,202.34171470858107,-62.69171929838196
e2fc7745,ridge_prior,156.95060615268335,-11.235732691562816
e2fc7745,raw_selector,156.95060615268335,-11.235732691562816
e2fc7745,multiscale_selector,276.95060615268335,-131.23573269156282
e2fc7745,top3_multiscale,186.95060615268335,-41.235732691562816
e2fc7745,grid_oracle,156.95060615268335,-11.235732691562816
e32da4ec,ridge_prior,163.3473305474204,-19.083279289502485
e32da4ec,raw_selector,163.3473305474204,10.916720710497515
e32da4ec,multiscale_selector,163.3473305474204,10.916720710497515
e32da4ec,top3_multiscale,163.3473305474204,0.9167207104975148
e32da4ec,grid_oracle,133.3473305474204,10.916720710497515
e3b34f5b,ridge_prior,-155.2793299170462,-12.803633772856312
e3b34f5b,raw_selector,-155.2793299170462,17.196366227143688
e3b34f5b,multiscale_selector,-155.2793299170462,17.196366227143688
e3b34f5b,top3_multiscale,-155.2793299170462,7.1963662271436855
e3b34f5b,grid_oracle,-155.2793299170462,-42.803633772856315
e45a2a62,ridge_prior,139.4714768824821,26.952541552984506
e45a2a62,raw_selector,109.47147688248211,86.95254155298451
e45a2a62,multiscale_selector,109.47147688248211,86.95254155298451
e45a2a62,top3_multiscale,149.4714768824821,56.95254155298451
e45a2a62,grid_oracle,199.4714768824821,-3.0474584470154937
e46f4ef4,ridge_prior,-165.18444189395285,-0.7946803237168583
e46f4ef4,raw_selector,-165.18444189395285,29.205319676283143
e46f4ef4,multiscale_selector,-165.18444189395285,29.205319676283143
e46f4ef4,top3_multiscale,-135.18444189395285,19.205319676283143
e46f4ef4,grid_oracle,-135.18444189395285,-0.7946803237168583
e4726608,ridge_prior,155.20052738299304,-11.533901599084615
e4726608,raw_selector,125.20052738299304,-11.533901599084615
e4726608,multiscale_selector,125.20052738299304,-11.533901599084615
e4726608,top3_multiscale,135.20052738299304,-11.533901599084615
e4726608,grid_oracle,155.20052738299304,-11.533901599084615
e5864244,ridge_prior,-139.19961154301234,-18.098408220384027
e5864244,raw_selector,-109.19961154301234,-138.09840822038402
e5864244,multiscale_selector,-109.19961154301234,-138.09840822038402
e5864244,top3_multiscale,-149.19961154301234,-48.09840822038402
e5864244,grid_oracle,-169.19961154301234,11.901591779615973
e5c92e59,ridge_prior,191.59073495595982,-1.0828921575904262
e5c92e59,raw_selector,311.5907349559598,-61.08289215759043
e5c92e59,multiscale_selector,131.59073495595982,58.91710784240957
e5c92e59,top3_multiscale,201.59073495595985,8.917107842409573
e5c92e59,grid_oracle,251.59073495595982,-61.08289215759043
e5ff9fd2,ridge_prior,59.49761365418179,12.926896219750631
e5ff9fd2,raw_selector,59.49761365418179,12.926896219750631
e5ff9fd2,multiscale_selector,59.49761365418179,12.926896219750631
e5ff9fd2,top3_multiscale,49.497613654181784,42.92689621975063
e5ff9fd2,grid_oracle,89.49761365418179,-17.07310378024937
e6c55748,ridge_prior,-139.97709180027863,-3.89980629437522
e6c55748,raw_selector,-139.97709180027863,-123.89980629437522
e6c55748,multiscale_selector,-139.97709180027863,-123.89980629437522
e6c55748,top3_multiscale,-189.9770918002786,-13.899806294375225
e6c55748,grid_oracle,-139.97709180027863,26.10019370562478
e730c32b,ridge_prior,167.61808503802825,-7.648487987322651
e730c32b,raw_selector,167.61808503802825,-7.648487987322651
e730c32b,multiscale_selector,167.61808503802825,-7.648487987322651
e730c32b,top3_multiscale,167.61808503802825,2.3515120126773468
e730c32b,grid_oracle,167.61808503802825,22.35151201267735
e737965a,ridge_prior,223.58800533548583,-15.936483664751798
e737965a,raw_selector,283.58800533548583,-135.9364836647518
e737965a,multiscale_selector,283.58800533548583,-135.9364836647518
e737965a,top3_multiscale,183.58800533548583,4.063516335248207
e737965a,grid_oracle,163.58800533548583,44.0635163352482
e748dd88,ridge_prior,-118.79602261735907,2.45414613288248
e748dd88,raw_selector,-118.79602261735907,32.45414613288248
e748dd88,multiscale_selector,-118.79602261735907,2.45414613288248
e748dd88,top3_multiscale,-178.79602261735909,62.45414613288248
e748dd88,grid_oracle,-148.79602261735909,62.45414613288248
e7818f7a,ridge_prior,-220.22576745728077,-18.110076566756582
e7818f7a,raw_selector,-340.22576745728077,41.88992343324342
e7818f7a,multiscale_selector,-160.22576745728077,-138.1100765667566
e7818f7a,top3_multiscale,-200.22576745728077,-78.11007656675659
e7818f7a,grid_oracle,-220.22576745728077,-48.11007656675658
e7c36e81,ridge_prior,132.04222030984963,0.21692477540377064
e7c36e81,raw_selector,132.04222030984963,30.216924775403772
e7c36e81,multiscale_selector,132.04222030984963,-29.783075224596228
e7c36e81,top3_multiscale,102.04222030984961,0.21692477540377153
e7c36e81,grid_oracle,132.04222030984963,-29.783075224596228
e7d0c1de,ridge_prior,-129.4144968899637,-23.623815327194215
e7d0c1de,raw_selector,-129.4144968899637,-23.623815327194215
e7d0c1de,multiscale_selector,-129.4144968899637,-23.623815327194215
e7d0c1de,top3_multiscale,-119.41449688996369,-53.62381532719422
e7d0c1de,grid_oracle,-159.4144968899637,6.376184672805785
e85074c5,ridge_prior,-132.88381757313567,10.76069862461549
e85074c5,raw_selector,-252.88381757313567,130.7606986246155
e85074c5,multiscale_selector,-132.88381757313567,40.760698624615486
e85074c5,top3_multiscale,-162.88381757313567,50.760698624615486
e85074c5,grid_oracle,-132.88381757313567,40.760698624615486
e97032ad,ridge_prior,112.53927926109671,14.036124941304925
e97032ad,raw_selector,142.5392792610967,-45.96387505869507
e97032ad,multiscale_selector,142.5392792610967,-45.96387505869507
e97032ad,top3_multiscale,142.5392792610967,-35.96387505869507
e97032ad,grid_oracle,112.53927926109671,14.036124941304925
e9949a23,ridge_prior,157.1304008880325,-25.440934615388986
e9949a23,raw_selector,127.13040088803251,-25.440934615388986
e9949a23,multiscale_selector,97.13040088803251,34.55906538461102
e9949a23,top3_multiscale,107.13040088803251,4.5590653846110145
e9949a23,grid_oracle,97.13040088803251,34.55906538461102
ea0b99b7,ridge_prior,-287.821080086643,-17.97006106198004
ea0b99b7,raw_selector,-287.821080086643,12.02993893801996
ea0b99b7,multiscale_selector,-287.821080086643,-17.97006106198004
ea0b99b7,top3_multiscale,-297.821080086643,2.02993893801996
ea0b99b7,grid_oracle,-317.821080086643,12.02993893801996
ea3a0e38,ridge_prior,-250.09018637961864,2.2788748133336068
ea3a0e38,raw_selector,-190.09018637961864,32.27887481333361
ea3a0e38,multiscale_selector,-190.09018637961864,32.27887481333361
ea3a0e38,top3_multiscale,-240.09018637961867,72.2788748133336
ea3a0e38,grid_oracle,-280.0901863796187,62.27887481333361
ea41324e,ridge_prior,-134.68488463047325,-28.60459367399492
ea41324e,raw_selector,-104.68488463047325,-58.60459367399492
ea41324e,multiscale_selector,-104.68488463047325,-58.60459367399492
ea41324e,top3_multiscale,-124.68488463047326,-28.604593673994923
ea41324e,grid_oracle,-104.68488463047325,-58.60459367399492
eabc711b,ridge_prior,166.10713762920676,-30.79651676917515
eabc711b,raw_selector,106.10713762920676,-0.7965167691751489
eabc711b,multiscale_selector,106.10713762920676,-0.7965167691751489
eabc711b,top3_multiscale,126.10713762920676,-30.796516769175145
eabc711b,grid_oracle,166.10713762920676,-60.79651676917515
eac10e86,ridge_prior,-96.27343751663108,-37.96504641017628
eac10e86,raw_selector,-156.27343751663108,82.03495358982371
eac10e86,multiscale_selector,-156.27343751663108,82.03495358982371
eac10e86,top3_multiscale,-106.27343751663108,22.03495358982372
eac10e86,grid_oracle,-126.27343751663108,22.034953589823722
eafb863e,ridge_prior,64.41761845578822,2.4146853813656457
eafb863e,raw_selector,64.41761845578822,32.41468538136564
eafb863e,multiscale_selector,94.41761845578822,-57.58531461863436
eafb863e,top3_multiscale,114.41761845578822,-77.58531461863436
eafb863e,grid_oracle,94.41761845578822,-27.585314618634353
eb06a4e7,ridge_prior,188.1355503651318,-22.305907835548187
eb06a4e7,raw_selector,158.1355503651318,7.694092164451813
eb06a4e7,multiscale_selector,158.1355503651318,7.694092164451813
eb06a4e7,top3_multiscale,178.13555036513176,-32.30590783554818
eb06a4e7,grid_oracle,218.1355503651318,-82.30590783554818
eb640a35,ridge_prior,-186.5108826484685,-22.9482718239182
eb640a35,raw_selector,-216.5108826484685,37.051728176081795
eb640a35,multiscale_selector,-186.5108826484685,-22.9482718239182
eb640a35,top3_multiscale,-156.5108826484685,-32.948271823918205
eb640a35,grid_oracle,-156.5108826484685,-82.9482718239182
eb934281,ridge_prior,155.7929902596183,-5.475380501732396
eb934281,raw_selector,215.7929902596183,-65.4753805017324
eb934281,multiscale_selector,155.7929902596183,-5.475380501732396
eb934281,top3_multiscale,185.79299025961828,-35.475380501732396
eb934281,grid_oracle,155.7929902596183,-5.475380501732396
eba6605e,ridge_prior,-8.630278662590811,-31.635627449830544
eba6605e,raw_selector,-68.63027866259081,-61.635627449830544
eba6605e,multiscale_selector,-128.6302786625908,-1.6356274498305439
eba6605e,top3_multiscale,-88.6302786625908,-31.635627449830547
eba6605e,grid_oracle,21.36972133740919,-91.63562744983054
ebe69318,ridge_prior,-122.24067768850051,-2.434287785539135
ebe69318,raw_selector,-152.2406776885005,-2.434287785539135
ebe69318,multiscale_selector,-152.2406776885005,-2.434287785539135
ebe69318,top3_multiscale,-142.2406776885005,27.56571221446086
ebe69318,grid_oracle,-92.24067768850051,-32.434287785539134
ec0d597b,ridge_prior,-190.4728025023007,68.57359984912128
ec0d597b,raw_selector,-190.4728025023007,98.57359984912128
ec0d597b,multiscale_selector,-220.4728025023007,128.57359984912128
ec0d597b,top3_multiscale,-190.4728025023007,98.5735998491213
ec0d597b,grid_oracle,-160.4728025023007,68.57359984912128
ec13af42,ridge_prior,-128.58538443333836,-3.3535496520732515
ec13af42,raw_selector,-98.58538443333836,26.64645034792675
ec13af42,multiscale_selector,-98.58538443333836,-3.3535496520732515
ec13af42,top3_multiscale,-98.58538443333835,-3.353549652073253
ec13af42,grid_oracle,-98.58538443333836,-33.353549652073255
ecdab904,ridge_prior,227.44526106121322,-12.954452821427685
ecdab904,raw_selector,287.4452610612132,-72.95445282142768
ecdab904,multiscale_selector,287.4452610612132,-72.95445282142768
ecdab904,top3_multiscale,277.4452610612132,-42.95445282142768
ecdab904,grid_oracle,227.44526106121322,17.045547178572313
ecdaf714,ridge_prior,323.30345576372736,-84.24191236664412
ecdaf714,raw_selector,383.30345576372736,-204.2419123666441
ecdaf714,multiscale_selector,323.30345576372736,-24.241912366644115
ecdaf714,top3_multiscale,383.3034557637273,-144.2419123666441
ecdaf714,grid_oracle,383.30345576372736,-114.24191236664412
ed6436d6,ridge_prior,79.33381570756465,14.128565018289578
ed6436d6,raw_selector,79.33381570756465,14.128565018289578
ed6436d6,multiscale_selector,79.33381570756465,14.128565018289578
ed6436d6,top3_multiscale,79.33381570756465,14.128565018289578
ed6436d6,grid_oracle,19.333815707564654,74.12856501828958
ed6e6e54,ridge_prior,154.53701207656874,15.387176242794077
ed6e6e54,raw_selector,214.53701207656874,-44.61282375720592
ed6e6e54,multiscale_selector,214.53701207656874,-44.61282375720592
ed6e6e54,top3_multiscale,184.53701207656874,-4.612823757205923
ed6e6e54,grid_oracle,184.53701207656874,-14.612823757205923
edf885a3,ridge_prior,99.82338567953677,9.947474130497682
edf885a3,raw_selector,129.82338567953678,-20.05252586950232
edf885a3,multiscale_selector,129.82338567953678,-20.05252586950232
edf885a3,top3_multiscale,129.82338567953678,-40.05252586950232
edf885a3,grid_oracle,129.82338567953678,-20.05252586950232
ee0300f7,ridge_prior,-117.0053194538462,4.569407666073116
ee0300f7,raw_selector,-87.0053194538462,4.569407666073116
ee0300f7,multiscale_selector,-87.0053194538462,4.569407666073116
ee0300f7,top3_multiscale,-97.0053194538462,4.569407666073116
ee0300f7,grid_oracle,-87.0053194538462,4.569407666073116
ee288beb,ridge_prior,-221.48385910878346,44.344406276676985
ee288beb,raw_selector,-281.48385910878346,74.34440627667698
ee288beb,multiscale_selector,-281.48385910878346,74.34440627667698
ee288beb,top3_multiscale,-271.48385910878346,74.34440627667698
ee288beb,grid_oracle,-191.48385910878346,74.34440627667698
ee4aecac,ridge_prior,-139.16299169093358,-57.91634312241562
ee4aecac,raw_selector,-19.16299169093358,-117.91634312241561
ee4aecac,multiscale_selector,-109.16299169093358,-57.91634312241562
ee4aecac,top3_multiscale,-69.16299169093358,-107.91634312241563
ee4aecac,grid_oracle,-79.16299169093358,-117.91634312241561
eeda36f5,ridge_prior,-150.3988872875045,-19.592420120460556
eeda36f5,raw_selector,-270.3988872875045,10.407579879539444
eeda36f5,multiscale_selector,-270.3988872875045,10.407579879539444
eeda36f5,top3_multiscale,-230.39888728750452,-9.592420120460558
eeda36f5,grid_oracle,-210.3988872875045,40.40757987953944
eeed308d,ridge_prior,-146.70617637019393,6.587278422700851
eeed308d,raw_selector,-146.70617637019393,-23.41272157729915
eeed308d,multiscale_selector,-146.70617637019393,-23.41272157729915
eeed308d,top3_multiscale,-166.70617637019393,16.587278422700848
eeed308d,grid_oracle,-116.70617637019393,-23.41272157729915
ef04658e,ridge_prior,152.48118177660592,-2.387973242424382
ef04658e,raw_selector,272.4811817766059,-122.38797324242438
ef04658e,multiscale_selector,272.4811817766059,-122.38797324242438
ef04658e,top3_multiscale,212.48118177660592,-52.38797324242438
ef04658e,grid_oracle,182.48118177660592,-32.38797324242438
ef8e3ed0,ridge_prior,129.02795233189767,12.927562496821004
ef8e3ed0,raw_selector,129.02795233189767,42.927562496821004
ef8e3ed0,multiscale_selector,129.02795233189767,72.927562496821
ef8e3ed0,top3_multiscale,139.02795233189767,42.927562496821
ef8e3ed0,grid_oracle,129.02795233189767,12.927562496821004
efde6ac3,ridge_prior,-174.1086072010134,11.066758612213778
efde6ac3,raw_selector,-234.1086072010134,71.06675861221377
efde6ac3,multiscale_selector,-234.1086072010134,71.06675861221377
efde6ac3,top3_multiscale,-204.10860720101337,41.066758612213775
efde6ac3,grid_oracle,-174.1086072010134,-18.93324138778622
efe96181,ridge_prior,-150.03002080341082,7.625751666218183
efe96181,raw_selector,-150.03002080341082,-22.374248333781818
efe96181,multiscale_selector,-150.03002080341082,-22.374248333781818
efe96181,top3_multiscale,-150.03002080341082,-22.374248333781818
efe96181,grid_oracle,-210.03002080341082,37.625751666218186
f0188a48,ridge_prior,-246.56871551351438,42.32037722868501
f0188a48,raw_selector,-246.56871551351438,42.32037722868501
f0188a48,multiscale_selector,-246.56871551351438,42.32037722868501
f0188a48,top3_multiscale,-246.56871551351438,42.32037722868501
f0188a48,grid_oracle,-306.56871551351435,102.320377228685
f021b650,ridge_prior,173.90914582050902,12.771999831825617
f021b650,raw_selector,143.90914582050902,-17.228000168174383
f021b650,multiscale_selector,143.90914582050902,-17.228000168174383
f021b650,top3_multiscale,133.90914582050902,-17.228000168174383
f021b650,grid_oracle,173.90914582050902,12.771999831825617
f03f10fe,ridge_prior,-116.47821248141014,-2.924930364312265
f03f10fe,raw_selector,-116.47821248141014,27.075069635687736
f03f10fe,multiscale_selector,-146.47821248141014,27.075069635687736
f03f10fe,top3_multiscale,-166.47821248141014,57.07506963568773
f03f10fe,grid_oracle,-146.47821248141014,57.07506963568773
f053a1b9,ridge_prior,113.8454144641331,8.533786360951467
f053a1b9,raw_selector,83.8454144641331,38.53378636095147
f053a1b9,multiscale_selector,83.8454144641331,38.53378636095147
f053a1b9,top3_multiscale,63.84541446413309,28.533786360951467
f053a1b9,grid_oracle,53.8454144641331,68.53378636095147
f074d277,ridge_prior,106.12904340448878,10.748744721480463
f074d277,raw_selector,106.12904340448878,-19.251255278519537
f074d277,multiscale_selector,106.12904340448878,-19.251255278519537
f074d277,top3_multiscale,116.12904340448877,-9.251255278519537
f074d277,grid_oracle,136.12904340448878,-19.251255278519537
f07d7037,ridge_prior,130.27832812168776,-1.29161113627814
f07d7037,raw_selector,130.27832812168776,-1.29161113627814
f07d7037,multiscale_selector,160.27832812168776,-61.29161113627814
f07d7037,top3_multiscale,150.27832812168776,-31.29161113627814
f07d7037,grid_oracle,160.27832812168776,-31.29161113627814
f08774c3,ridge_prior,105.55426639782866,35.05002820743212
f08774c3,raw_selector,75.55426639782866,95.05002820743212
f08774c3,multiscale_selector,75.55426639782866,95.05002820743212
f08774c3,top3_multiscale,105.55426639782866,25.05002820743212
f08774c3,grid_oracle,75.55426639782866,95.05002820743212
f140c2fa,ridge_prior,155.86295646613632,-1.6264187694358212
f140c2fa,raw_selector,95.86295646613632,58.37358123056418
f140c2fa,multiscale_selector,95.86295646613632,58.37358123056418
f140c2fa,top3_multiscale,115.86295646613632,-1.626418769435822
f140c2fa,grid_oracle,155.86295646613632,-31.626418769435823
f16e25e3,ridge_prior,147.1698426790563,-6.292567235091313
f16e25e3,raw_selector,117.1698426790563,-6.292567235091313
f16e25e3,multiscale_selector,117.1698426790563,-6.292567235091313
f16e25e3,top3_multiscale,107.16984267905632,23.70743276490869
f16e25e3,grid_oracle,117.1698426790563,23.70743276490869
f2d4c8c9,ridge_prior,181.12836469523813,-25.265935936896327
f2d4c8c9,raw_selector,151.12836469523813,-25.265935936896327
f2d4c8c9,multiscale_selector,151.12836469523813,-25.265935936896327
f2d4c8c9,top3_multiscale,151.12836469523813,4.7340640631036734
f2d4c8c9,grid_oracle,211.12836469523813,-55.26593593689633
f321a31c,ridge_prior,-271.75417848889265,65.53394559465525
f321a31c,raw_selector,-151.75417848889265,-54.46605440534475
f321a31c,multiscale_selector,-271.75417848889265,95.53394559465525
f321a31c,top3_multiscale,-261.75417848889265,95.53394559465524
f321a31c,grid_oracle,-241.75417848889265,5.5339455946552505
f40cd091,ridge_prior,199.54488827712947,15.056708141330915
f40cd091,raw_selector,139.54488827712947,15.056708141330915
f40cd091,multiscale_selector,319.5448882771295,-104.94329185866908
f40cd091,top3_multiscale,239.54488827712944,-34.943291858669085
f40cd091,grid_oracle,169.54488827712947,45.056708141330915
f439a621,ridge_prior,144.12177635386567,13.842279124314915
f439a621,raw_selector,174.12177635386567,13.842279124314915
f439a621,multiscale_selector,204.12177635386567,-46.15772087568509
f439a621,top3_multiscale,184.12177635386567,-16.157720875685087
f439a621,grid_oracle,174.12177635386567,-16.157720875685087
f49fdea3,ridge_prior,227.72554049276505,-11.152058961488663
f49fdea3,raw_selector,347.72554049276505,-131.15205896148865
f49fdea3,multiscale_selector,347.72554049276505,-131.15205896148865
f49fdea3,top3_multiscale,317.72554049276505,-31.152058961488652
f49fdea3,grid_oracle,257.72554049276505,-11.152058961488663
f4d12d23,ridge_prior,91.74387618567135,5.096018116785511
f4d12d23,raw_selector,121.74387618567135,5.096018116785511
f4d12d23,multiscale_selector,121.74387618567135,5.096018116785511
f4d12d23,top3_multiscale,121.74387618567135,5.096018116785511
f4d12d23,grid_oracle,61.743876185671354,5.096018116785511
f56d3ace,ridge_prior,-136.00245855834578,-36.16014304654723
f56d3ace,raw_selector,-76.00245855834578,-96.16014304654723
f56d3ace,multiscale_selector,-76.00245855834578,-96.16014304654723
f56d3ace,top3_multiscale,-106.00245855834578,-66.16014304654723
f56d3ace,grid_oracle,-76.00245855834578,-96.16014304654723
f5859199,ridge_prior,270.10984371396285,-4.989416116717678
f5859199,raw_selector,330.10984371396285,-34.98941611671768
f5859199,multiscale_selector,390.10984371396285,-124.98941611671768
f5859199,top3_multiscale,320.10984371396285,-54.98941611671768
f5859199,grid_oracle,330.10984371396285,-34.98941611671768
f5d8aab6,ridge_prior,165.25896773609253,-0.38966948374724497
f5d8aab6,raw_selector,195.25896773609253,-0.38966948374724497
f5d8aab6,multiscale_selector,195.25896773609253,-0.38966948374724497
f5d8aab6,top3_multiscale,195.25896773609256,-30.389669483747245
f5d8aab6,grid_oracle,105.25896773609253,59.61033051625275
f631da6e,ridge_prior,195.15642028528003,-33.102052782427975
f631da6e,raw_selector,75.15642028528003,26.897947217572025
f631da6e,multiscale_selector,75.15642028528003,26.897947217572025
f631da6e,top3_multiscale,135.15642028528003,-13.102052782427975
f631da6e,grid_oracle,165.15642028528003,-3.1020527824279753
f6824bb0,ridge_prior,242.20230420442272,-28.10056304571261
f6824bb0,raw_selector,272.2023042044227,-28.10056304571261
f6824bb0,multiscale_selector,182.20230420442272,-58.10056304571261
f6824bb0,top3_multiscale,252.20230420442272,-58.10056304571261
f6824bb0,grid_oracle,182.20230420442272,1.8994369542873883
f6bc699b,ridge_prior,-114.84720787442293,-3.6999213970992613
f6bc699b,raw_selector,-144.84720787442293,-33.69992139709926
f6bc699b,multiscale_selector,-144.84720787442293,56.30007860290074
f6bc699b,top3_multiscale,-104.84720787442295,-23.69992139709926
f6bc699b,grid_oracle,-114.84720787442293,-3.6999213970992613
f6d009f4,ridge_prior,346.59899813036157,15.074727119908406
f6d009f4,raw_selector,466.59899813036157,-44.9252728800916
f6d009f4,multiscale_selector,466.59899813036157,-44.9252728800916
f6d009f4,top3_multiscale,356.5989981303616,55.0747271199084
f6d009f4,grid_oracle,376.59899813036157,75.0747271199084
f72b268f,ridge_prior,-244.79163596980953,20.26997174276589
f72b268f,raw_selector,-304.79163596980953,20.26997174276589
f72b268f,multiscale_selector,-244.79163596980953,20.26997174276589
f72b268f,top3_multiscale,-294.79163596980953,50.26997174276588
f72b268f,grid_oracle,-304.79163596980953,80.26997174276589
f8662c22,ridge_prior,-130.943275237101,-46.78517500259864
f8662c22,raw_selector,-130.943275237101,13.214824997401358
f8662c22,multiscale_selector,-130.943275237101,13.214824997401358
f8662c22,top3_multiscale,-120.94327523710099,-26.78517500259864
f8662c22,grid_oracle,-100.943275237101,-76.78517500259863
f88ddb26,ridge_prior,25.035420759929515,-108.88305834426973
f88ddb26,raw_selector,145.0354207599295,-168.88305834426973
f88ddb26,multiscale_selector,-4.964579240070485,-108.88305834426973
f88ddb26,top3_multiscale,35.03542075992951,-108.88305834426973
f88ddb26,grid_oracle,-34.964579240070485,-48.88305834426973
f8afa78a,ridge_prior,-187.9504668293635,-20.775822267016547
f8afa78a,raw_selector,-247.9504668293635,-80.77582226701655
f8afa78a,multiscale_selector,-247.9504668293635,-80.77582226701655
f8afa78a,top3_multiscale,-227.95046682936353,-20.77582226701655
f8afa78a,grid_oracle,-157.9504668293635,-50.77582226701655
f8f59188,ridge_prior,166.1343958775537,-1.383456918358109
f8f59188,raw_selector,226.1343958775537,-61.38345691835811
f8f59188,multiscale_selector,226.1343958775537,-61.38345691835811
f8f59188,top3_multiscale,166.1343958775537,-11.383456918358107
f8f59188,grid_oracle,166.1343958775537,-1.383456918358109
f9fc81aa,ridge_prior,-149.25820114066113,-23.771370623387735
f9fc81aa,raw_selector,-179.25820114066113,-83.77137062338774
f9fc81aa,multiscale_selector,-179.25820114066113,-83.77137062338774
f9fc81aa,top3_multiscale,-189.2582011406611,-53.771370623387746
f9fc81aa,grid_oracle,-119.25820114066113,-83.77137062338774
fa16d114,ridge_prior,-124.80849051333537,-19.157216699012253
fa16d114,raw_selector,-184.80849051333536,10.842783300987747
fa16d114,multiscale_selector,-184.80849051333536,10.842783300987747
fa16d114,top3_multiscale,-194.80849051333539,30.842783300987747
fa16d114,grid_oracle,-154.80849051333536,-19.157216699012253
fa31da94,ridge_prior,-220.59621020496098,-1.6312318275022704
fa31da94,raw_selector,-250.59621020496098,-1.6312318275022704
fa31da94,multiscale_selector,-250.59621020496098,-1.6312318275022704
fa31da94,top3_multiscale,-200.596210204961,-11.631231827502269
fa31da94,grid_oracle,-250.59621020496098,-1.6312318275022704
fa667be2,ridge_prior,274.8908612641986,-28.136989455421517
fa667be2,raw_selector,304.8908612641986,-58.136989455421514
fa667be2,multiscale_selector,304.8908612641986,-58.136989455421514
fa667be2,top3_multiscale,334.8908612641986,-68.13698945542151
fa667be2,grid_oracle,274.8908612641986,-28.136989455421517
fae0c593,ridge_prior,134.42572825948088,37.96468266460426
fae0c593,raw_selector,104.42572825948088,67.96468266460425
fae0c593,multiscale_selector,164.42572825948088,7.964682664604261
fae0c593,top3_multiscale,154.42572825948088,27.964682664604254
fae0c593,grid_oracle,104.42572825948088,97.96468266460425
fb03ae90,ridge_prior,52.975214440489786,69.2940050899036
fb03ae90,raw_selector,112.9752144404898,99.2940050899036
fb03ae90,multiscale_selector,112.9752144404898,99.2940050899036
fb03ae90,top3_multiscale,122.97521444048978,79.2940050899036
fb03ae90,grid_oracle,-67.0247855595102,189.2940050899036
fb0904bd,ridge_prior,130.61396815737055,6.854884389795725
fb0904bd,raw_selector,190.61396815737055,-53.14511561020427
fb0904bd,multiscale_selector,190.61396815737055,-53.14511561020427
fb0904bd,top3_multiscale,210.61396815737055,-63.14511561020427
fb0904bd,grid_oracle,70.61396815737055,66.85488438979573
fb3848a1,ridge_prior,220.32699076634424,-22.555736055152682
fb3848a1,raw_selector,160.32699076634424,7.444263944847318
fb3848a1,multiscale_selector,160.32699076634424,7.444263944847318
fb3848a1,top3_multiscale,170.32699076634424,7.444263944847321
fb3848a1,grid_oracle,190.32699076634424,7.444263944847318
fb73b13a,ridge_prior,294.1861003428124,66.66601476075164
fb73b13a,raw_selector,354.1861003428124,36.66601476075164
fb73b13a,multiscale_selector,354.1861003428124,36.66601476075164
fb73b13a,top3_multiscale,324.1861003428124,76.66601476075164
fb73b13a,grid_oracle,294.1861003428124,96.66601476075164
fba7683c,ridge_prior,11.331600196720883,31.40902687252892
fba7683c,raw_selector,11.331600196720883,-28.59097312747108
fba7683c,multiscale_selector,-48.668399803279115,61.40902687252892
fba7683c,top3_multiscale,-68.66839980327912,101.40902687252894
fba7683c,grid_oracle,11.331600196720883,1.4090268725289192
fbd68d27,ridge_prior,-134.71423834437203,-56.35575823972059
fbd68d27,raw_selector,-134.71423834437203,-116.35575823972059
fbd68d27,multiscale_selector,-74.71423834437203,-116.35575823972059
fbd68d27,top3_multiscale,-124.71423834437205,-86.3557582397206
fbd68d27,grid_oracle,-194.71423834437203,-26.355758239720593
fc03f21f,ridge_prior,196.24743871776533,23.325856734412433
fc03f21f,raw_selector,316.24743871776536,-36.67414326558757
fc03f21f,multiscale_selector,316.24743871776536,-36.67414326558757
fc03f21f,top3_multiscale,156.24743871776536,33.32585673441243
fc03f21f,grid_oracle,196.24743871776533,23.325856734412433
fc0d20b2,ridge_prior,168.5313948051438,21.85246709370011
fc0d20b2,raw_selector,138.5313948051438,-98.14753290629989
fc0d20b2,multiscale_selector,138.5313948051438,-98.14753290629989
fc0d20b2,top3_multiscale,78.5313948051438,-28.147532906299887
fc0d20b2,grid_oracle,198.5313948051438,-38.14753290629989
fcfcc902,ridge_prior,-74.20743876676978,-5.08175951166551
fcfcc902,raw_selector,-104.20743876676978,54.91824048833449
fcfcc902,multiscale_selector,-134.20743876676977,54.91824048833449
fcfcc902,top3_multiscale,-114.20743876676977,44.91824048833448
fcfcc902,grid_oracle,-104.20743876676978,54.91824048833449
fd3b4faa,ridge_prior,180.66625234514342,-7.631249461537225
fd3b4faa,raw_selector,180.66625234514342,-7.631249461537225
fd3b4faa,multiscale_selector,180.66625234514342,-7.631249461537225
fd3b4faa,top3_multiscale,160.66625234514342,22.368750538462777
fd3b4faa,grid_oracle,180.66625234514342,-7.631249461537225
fd710aea,ridge_prior,108.37629816468308,-3.6202633145514236
fd710aea,raw_selector,78.37629816468308,26.379736685448577
fd710aea,multiscale_selector,78.37629816468308,26.379736685448577
fd710aea,top3_multiscale,78.37629816468308,26.379736685448577
fd710aea,grid_oracle,138.37629816468308,-33.62026331455142
fd8f77fa,ridge_prior,-186.04292475995032,3.350350977735566
fd8f77fa,raw_selector,-306.0429247599503,123.35035097773556
fd8f77fa,multiscale_selector,-306.0429247599503,123.35035097773556
fd8f77fa,top3_multiscale,-246.04292475995032,23.35035097773556
fd8f77fa,grid_oracle,-126.04292475995032,-56.649649022264434
fde20ecf,ridge_prior,-124.51065940433162,3.907598350838568
fde20ecf,raw_selector,-154.51065940433162,33.90759835083857
fde20ecf,multiscale_selector,-64.51065940433162,-26.09240164916143
fde20ecf,top3_multiscale,-94.51065940433163,3.907598350838569
fde20ecf,grid_oracle,-64.51065940433162,-56.09240164916143
fdfd57da,ridge_prior,-195.1394787316343,12.04471312418596
fdfd57da,raw_selector,-225.1394787316343,42.04471312418596
fdfd57da,multiscale_selector,-225.1394787316343,42.04471312418596
fdfd57da,top3_multiscale,-205.1394787316343,12.04471312418596
fdfd57da,grid_oracle,-225.1394787316343,42.04471312418596
febb4411,ridge_prior,-140.78486527697507,23.411320349519915
febb4411,raw_selector,-200.78486527697507,53.41132034951991
febb4411,multiscale_selector,-200.78486527697507,53.41132034951991
febb4411,top3_multiscale,-220.7848652769751,73.41132034951991
febb4411,grid_oracle,-200.78486527697507,53.41132034951991
fef8af96,ridge_prior,-63.085113208614736,-22.746024037565764
fef8af96,raw_selector,-3.085113208614736,-52.74602403756576
fef8af96,multiscale_selector,-93.08511320861473,-52.74602403756576
fef8af96,top3_multiscale,-93.08511320861474,-32.74602403756576
fef8af96,grid_oracle,-63.085113208614736,-82.74602403756576
ff0aea78,ridge_prior,20.251300068849744,58.41604363238401
ff0aea78,raw_selector,80.25130006884974,58.41604363238401
ff0aea78,multiscale_selector,80.25130006884974,58.41604363238401
ff0aea78,top3_multiscale,70.25130006884974,48.416043632384
ff0aea78,grid_oracle,80.25130006884974,-1.5839563676159898
ff8bb73a,ridge_prior,290.2139688372336,-33.39483316983398
ff8bb73a,raw_selector,350.2139688372336,-63.39483316983398
ff8bb73a,multiscale_selector,350.2139688372336,-63.39483316983398
ff8bb73a,top3_multiscale,330.2139688372336,-63.39483316983399
ff8bb73a,grid_oracle,320.2139688372336,-63.39483316983398
ffefef30,ridge_prior,-155.20961021027136,10.405050827729323
ffefef30,raw_selector,-215.20961021027136,40.405050827729326
ffefef30,multiscale_selector,-215.20961021027136,40.405050827729326
ffefef30,top3_multiscale,-205.20961021027134,10.405050827729324
ffefef30,grid_oracle,-215.20961021027136,70.40505082772933
