competition_slug,competition_title,competition_start,competition_deadline,competition_duration_days,submission_id,file_name,submitted_at,description,status,public_score,private_score,attempt,attempt_percent,time_percent,score_percent,leaderboard_rank,leaderboard_team_count,leaderboard_best_score,leaderboard_worst_score
gemma-4-developer-agent,Google - The Gemma 4 Developer Agent Competition,2026-09-23 14:05:47.363000,2026-12-02 23:59:00,70.4120,56580939,submission.zip,2026-09-26 13:54:34.477000,,COMPLETE,0.00,,1,20.0000,4.2496,9.5808,1209,1337,0.2400,0.0000
gemma-4-developer-agent,Google - The Gemma 4 Developer Agent Competition,2026-09-23 14:05:47.363000,2026-12-02 23:59:00,70.4120,56639666,submission.zip,2026-09-28 11:46:43.850000,,COMPLETE,0.08,,2,40.0000,6.9639,63.1737,493,1337,0.2400,0.0000
gemma-4-developer-agent,Google - The Gemma 4 Developer Agent Competition,2026-09-23 14:05:47.363000,2026-12-02 23:59:00,70.4120,56672505,submission.zip,2026-09-29 10:42:10.220000,,COMPLETE,0.06,,3,60.0000,8.3205,43.8623,751,1337,0.2400,0.0000
gemma-4-developer-agent,Google - The Gemma 4 Developer Agent Competition,2026-09-23 14:05:47.363000,2026-12-02 23:59:00,70.4120,56749347,submission.zip,2026-10-01 10:32:55.710000,,COMPLETE,,,4,80.0000,11.1518,,,1337,0.2400,0.0000
gemma-4-developer-agent,Google - The Gemma 4 Developer Agent Competition,2026-09-23 14:05:47.363000,2026-12-02 23:59:00,70.4120,56772764,submission.zip,2026-10-02 11:30:58.093000,,,,,5,100.0000,12.6292,,,1337,0.2400,0.0000
biohub-cell-tracking-during-development,Biohub - Cell Tracking During Development,2026-06-29 19:01:13.613000,2026-09-29 23:59:00,92.2068,54622139,submission.csv,2026-07-12 21:14:14.467000,--baseline,COMPLETE,0.89880,0.89525,1,1.4925,14.1989,37.5032,2469,3950,0.0001,0.0000
biohub-cell-tracking-during-development,Biohub - Cell Tracking During Development,2026-06-29 19:01:13.613000,2026-09-29 23:59:00,92.2068,54677862,submission.csv,2026-07-14 07:57:55.453000,--try update score up,COMPLETE,0.89712,0.89121,2,2.9851,15.7682,36.6422,2503,3950,0.0001,0.0000
biohub-cell-tracking-during-development,Biohub - Cell Tracking During Development,2026-06-29 19:01:13.613000,2026-09-29 23:59:00,92.2068,54716493,submission.csv,2026-07-15 07:23:39.877000,base new_anchor submission,COMPLETE,0.90153,0.89604,3,4.4776,16.8269,39.3517,2396,3950,0.0001,0.0000
biohub-cell-tracking-during-development,Biohub - Cell Tracking During Development,2026-06-29 19:01:13.613000,2026-09-29 23:59:00,92.2068,54789730,submission.csv,2026-07-17 18:09:04.063000,--ok try,COMPLETE,0.89934,0.89509,4,5.9701,19.4821,37.6551,2463,3950,0.0001,0.0000
biohub-cell-tracking-during-development,Biohub - Cell Tracking During Development,2026-06-29 19:01:13.613000,2026-09-29 23:59:00,92.2068,54810668,submission.csv,2026-07-18 15:09:57.463000,,COMPLETE,0.90282,0.89683,5,7.4627,20.4317,40.4659,2352,3950,0.0001,0.0000
biohub-cell-tracking-during-development,Biohub - Cell Tracking During Development,2026-06-29 19:01:13.613000,2026-09-29 23:59:00,92.2068,55218849,submission.csv,2026-08-03 18:11:32.660000,,COMPLETE,0.91355,0.89718,6,8.9552,37.9207,45.6318,2148,3950,0.0001,0.0000
biohub-cell-tracking-during-development,Biohub - Cell Tracking During Development,2026-06-29 19:01:13.613000,2026-09-29 23:59:00,92.2068,55694065,submission.csv,2026-08-22 15:23:51.127000,,COMPLETE,0.91865,0.90179,7,10.4478,58.4003,49.7848,1984,3950,0.0001,0.0000
biohub-cell-tracking-during-development,Biohub - Cell Tracking During Development,2026-06-29 19:01:13.613000,2026-09-29 23:59:00,92.2068,55725071,submission.csv,2026-08-23 20:47:52.717000,,COMPLETE,0.91770,0.90294,8,11.9403,59.7289,49.5822,1992,3950,0.0001,0.0000
biohub-cell-tracking-during-development,Biohub - Cell Tracking During Development,2026-06-29 19:01:13.613000,2026-09-29 23:59:00,92.2068,55736438,submission.csv,2026-08-24 07:38:31.910000,,COMPLETE,0.92600,0.90350,9,13.4328,60.2189,51.3041,1924,3950,0.0001,0.0000
biohub-cell-tracking-during-development,Biohub - Cell Tracking During Development,2026-06-29 19:01:13.613000,2026-09-29 23:59:00,92.2068,55736967,submission.csv,2026-08-24 08:01:35.210000,,COMPLETE,0.92396,0.90533,10,14.9254,60.2363,50.7217,1947,3950,0.0001,0.0000
biohub-cell-tracking-during-development,Biohub - Cell Tracking During Development,2026-06-29 19:01:13.613000,2026-09-29 23:59:00,92.2068,55739327,submission.csv,2026-08-24 09:54:21.287000,,COMPLETE,0.92481,0.90377,11,16.4179,60.3212,50.8990,1940,3950,0.0001,0.0000
biohub-cell-tracking-during-development,Biohub - Cell Tracking During Development,2026-06-29 19:01:13.613000,2026-09-29 23:59:00,92.2068,55763708,submission.csv,2026-08-25 06:40:34.597000,,COMPLETE,0.92409,0.90554,12,17.9104,61.2598,50.7217,1947,3950,0.0001,0.0000
biohub-cell-tracking-during-development,Biohub - Cell Tracking During Development,2026-06-29 19:01:13.613000,2026-09-29 23:59:00,92.2068,55763712,submission.csv,2026-08-25 06:40:42.883000,,COMPLETE,0.92601,0.90350,13,19.4030,61.2599,51.4054,1920,3950,0.0001,0.0000
biohub-cell-tracking-during-development,Biohub - Cell Tracking During Development,2026-06-29 19:01:13.613000,2026-09-29 23:59:00,92.2068,55764410,submission.csv,2026-08-25 07:13:47.943000,,COMPLETE,0.92600,0.90350,14,20.8955,61.2848,51.3041,1924,3950,0.0001,0.0000
biohub-cell-tracking-during-development,Biohub - Cell Tracking During Development,2026-06-29 19:01:13.613000,2026-09-29 23:59:00,92.2068,55764414,submission.csv,2026-08-25 07:13:57.147000,,COMPLETE,0.92566,0.90402,15,22.3881,61.2849,50.9243,1939,3950,0.0001,0.0000
biohub-cell-tracking-during-development,Biohub - Cell Tracking During Development,2026-06-29 19:01:13.613000,2026-09-29 23:59:00,92.2068,55766440,submission.csv,2026-08-25 09:05:02.553000,,COMPLETE,0.92601,0.90350,16,23.8806,61.3686,51.4054,1920,3950,0.0001,0.0000
biohub-cell-tracking-during-development,Biohub - Cell Tracking During Development,2026-06-29 19:01:13.613000,2026-09-29 23:59:00,92.2068,55792615,submission.csv,2026-08-26 10:38:31.723000,,COMPLETE,0.92566,0.90402,17,25.3731,62.5235,50.9243,1939,3950,0.0001,0.0000
biohub-cell-tracking-during-development,Biohub - Cell Tracking During Development,2026-06-29 19:01:13.613000,2026-09-29 23:59:00,92.2068,55792620,submission.csv,2026-08-26 10:38:48.593000,,COMPLETE,0.92566,0.90402,18,26.8657,62.5237,50.9243,1939,3950,0.0001,0.0000
biohub-cell-tracking-during-development,Biohub - Cell Tracking During Development,2026-06-29 19:01:13.613000,2026-09-29 23:59:00,92.2068,55793438,submission.csv,2026-08-26 11:27:48.857000,,COMPLETE,0.92636,0.90390,19,28.3582,62.5606,51.5067,1916,3950,0.0001,0.0000
biohub-cell-tracking-during-development,Biohub - Cell Tracking During Development,2026-06-29 19:01:13.613000,2026-09-29 23:59:00,92.2068,55793442,submission.csv,2026-08-26 11:27:56.813000,,COMPLETE,0.92601,0.90350,20,29.8507,62.5607,51.4054,1920,3950,0.0001,0.0000
biohub-cell-tracking-during-development,Biohub - Cell Tracking During Development,2026-06-29 19:01:13.613000,2026-09-29 23:59:00,92.2068,55794023,submission.csv,2026-08-26 12:00:49.197000,,COMPLETE,0.92601,0.90350,21,31.3433,62.5855,51.4054,1920,3950,0.0001,0.0000
biohub-cell-tracking-during-development,Biohub - Cell Tracking During Development,2026-06-29 19:01:13.613000,2026-09-29 23:59:00,92.2068,55815856,submission.csv,2026-08-27 10:09:31.883000,,COMPLETE,0.92566,0.90402,22,32.8358,63.5862,50.9243,1939,3950,0.0001,0.0000
biohub-cell-tracking-during-development,Biohub - Cell Tracking During Development,2026-06-29 19:01:13.613000,2026-09-29 23:59:00,92.2068,55815860,submission.csv,2026-08-27 10:09:42.690000,,COMPLETE,0.92566,0.90402,23,34.3284,63.5863,50.9243,1939,3950,0.0001,0.0000
biohub-cell-tracking-during-development,Biohub - Cell Tracking During Development,2026-06-29 19:01:13.613000,2026-09-29 23:59:00,92.2068,55816250,submission.csv,2026-08-27 10:33:46.437000,,COMPLETE,0.92601,0.90350,24,35.8209,63.6044,51.4054,1920,3950,0.0001,0.0000
biohub-cell-tracking-during-development,Biohub - Cell Tracking During Development,2026-06-29 19:01:13.613000,2026-09-29 23:59:00,92.2068,55816696,submission.csv,2026-08-27 11:01:19.707000,,COMPLETE,0.92601,0.90350,25,37.3134,63.6252,51.4054,1920,3950,0.0001,0.0000
biohub-cell-tracking-during-development,Biohub - Cell Tracking During Development,2026-06-29 19:01:13.613000,2026-09-29 23:59:00,92.2068,55827390,submission.csv,2026-08-27 21:45:14.010000,,COMPLETE,0.92835,0.90497,26,38.8060,64.1101,51.9625,1898,3950,0.0001,0.0000
biohub-cell-tracking-during-development,Biohub - Cell Tracking During Development,2026-06-29 19:01:13.613000,2026-09-29 23:59:00,92.2068,55899563,submission.csv,2026-08-30 20:31:48.683000,,COMPLETE,0.92908,0.90674,27,40.2985,67.3084,52.0132,1896,3950,0.0001,0.0000
biohub-cell-tracking-during-development,Biohub - Cell Tracking During Development,2026-06-29 19:01:13.613000,2026-09-29 23:59:00,92.2068,55899564,submission.csv,2026-08-30 20:31:59.500000,,COMPLETE,0.93339,0.90260,28,41.7910,67.3085,53.0767,1854,3950,0.0001,0.0000
biohub-cell-tracking-during-development,Biohub - Cell Tracking During Development,2026-06-29 19:01:13.613000,2026-09-29 23:59:00,92.2068,55909383,submission.csv,2026-08-31 06:51:40.773000,,COMPLETE,0.92711,0.90717,29,43.2836,67.7752,51.6080,1912,3950,0.0001,0.0000
biohub-cell-tracking-during-development,Biohub - Cell Tracking During Development,2026-06-29 19:01:13.613000,2026-09-29 23:59:00,92.2068,55909386,submission.csv,2026-08-31 06:51:50.127000,,COMPLETE,0.93257,0.90276,30,44.7761,67.7754,52.7982,1865,3950,0.0001,0.0000
biohub-cell-tracking-during-development,Biohub - Cell Tracking During Development,2026-06-29 19:01:13.613000,2026-09-29 23:59:00,92.2068,55916550,submission.csv,2026-08-31 13:28:35.107000,,COMPLETE,0.90847,0.88926,31,46.2687,68.0742,41.5548,2309,3950,0.0001,0.0000
biohub-cell-tracking-during-development,Biohub - Cell Tracking During Development,2026-06-29 19:01:13.613000,2026-09-29 23:59:00,92.2068,55916551,submission.csv,2026-08-31 13:28:43.433000,,COMPLETE,0.90847,0.88926,32,47.7612,68.0743,41.5548,2309,3950,0.0001,0.0000
biohub-cell-tracking-during-development,Biohub - Cell Tracking During Development,2026-06-29 19:01:13.613000,2026-09-29 23:59:00,92.2068,55917791,submission.csv,2026-08-31 14:34:28.520000,,COMPLETE,0.93382,0.90300,33,49.2537,68.1238,53.1021,1853,3950,0.0001,0.0000
biohub-cell-tracking-during-development,Biohub - Cell Tracking During Development,2026-06-29 19:01:13.613000,2026-09-29 23:59:00,92.2068,55947441,submission.csv,2026-09-01 20:31:18.837000,,COMPLETE,0.93258,0.90242,34,50.7463,69.4771,52.7982,1865,3950,0.0001,0.0000
biohub-cell-tracking-during-development,Biohub - Cell Tracking During Development,2026-06-29 19:01:13.613000,2026-09-29 23:59:00,92.2068,55947443,submission.csv,2026-09-01 20:31:30.907000,,COMPLETE,0.93150,0.90386,35,52.2388,69.4772,52.5956,1873,3950,0.0001,0.0000
biohub-cell-tracking-during-development,Biohub - Cell Tracking During Development,2026-06-29 19:01:13.613000,2026-09-29 23:59:00,92.2068,55959262,submission.csv,2026-09-02 10:05:50.483000,,COMPLETE,0.93150,0.90386,36,53.7313,70.0905,52.5956,1873,3950,0.0001,0.0000
biohub-cell-tracking-during-development,Biohub - Cell Tracking During Development,2026-06-29 19:01:13.613000,2026-09-29 23:59:00,92.2068,55959265,submission.csv,2026-09-02 10:05:59.807000,,COMPLETE,0.93433,0.90169,37,55.2239,70.0906,53.4819,1838,3950,0.0001,0.0000
biohub-cell-tracking-during-development,Biohub - Cell Tracking During Development,2026-06-29 19:01:13.613000,2026-09-29 23:59:00,92.2068,55960121,submission.csv,2026-09-02 11:15:00.113000,,COMPLETE,0.93535,0.90357,38,56.7164,70.1426,53.7858,1826,3950,0.0001,0.0000
biohub-cell-tracking-during-development,Biohub - Cell Tracking During Development,2026-06-29 19:01:13.613000,2026-09-29 23:59:00,92.2068,55960126,submission.csv,2026-09-02 11:15:09.457000,,COMPLETE,0.93480,0.90286,39,58.2090,70.1427,53.5579,1835,3950,0.0001,0.0000
biohub-cell-tracking-during-development,Biohub - Cell Tracking During Development,2026-06-29 19:01:13.613000,2026-09-29 23:59:00,92.2068,55982288,submission.csv,2026-09-03 13:51:41.570000,,COMPLETE,0.93394,0.90365,40,59.7015,71.3451,53.1274,1852,3950,0.0001,0.0000
biohub-cell-tracking-during-development,Biohub - Cell Tracking During Development,2026-06-29 19:01:13.613000,2026-09-29 23:59:00,92.2068,55982308,submission.csv,2026-09-03 13:53:02.937000,,COMPLETE,0.93535,0.90357,41,61.1940,71.3461,53.7858,1826,3950,0.0001,0.0000
biohub-cell-tracking-during-development,Biohub - Cell Tracking During Development,2026-06-29 19:01:13.613000,2026-09-29 23:59:00,92.2068,55985700,submission.csv,2026-09-03 15:22:15.873000,,COMPLETE,0.93537,0.90342,42,62.6866,71.4133,53.7858,1826,3950,0.0001,0.0000
biohub-cell-tracking-during-development,Biohub - Cell Tracking During Development,2026-06-29 19:01:13.613000,2026-09-29 23:59:00,92.2068,55986556,submission.csv,2026-09-03 15:28:06.373000,,COMPLETE,0.93335,0.90270,43,64.1791,71.4177,52.8488,1863,3950,0.0001,0.0000
biohub-cell-tracking-during-development,Biohub - Cell Tracking During Development,2026-06-29 19:01:13.613000,2026-09-29 23:59:00,92.2068,55990525,submission.csv,2026-09-03 16:20:39.230000,,COMPLETE,0.93408,0.90317,44,65.6716,71.4573,53.3300,1844,3950,0.0001,0.0000
biohub-cell-tracking-during-development,Biohub - Cell Tracking During Development,2026-06-29 19:01:13.613000,2026-09-29 23:59:00,92.2068,56012367,submission.csv,2026-09-04 12:23:31.467000,,COMPLETE,0.94072,0.91045,45,67.1642,72.3632,55.5837,1755,3950,0.0001,0.0000
biohub-cell-tracking-during-development,Biohub - Cell Tracking During Development,2026-06-29 19:01:13.613000,2026-09-29 23:59:00,92.2068,56012371,submission.csv,2026-09-04 12:23:44.183000,,COMPLETE,0.94094,0.91051,46,68.6567,72.3634,55.7610,1748,3950,0.0001,0.0000
biohub-cell-tracking-during-development,Biohub - Cell Tracking During Development,2026-06-29 19:01:13.613000,2026-09-29 23:59:00,92.2068,56013503,submission.csv,2026-09-04 13:40:25.263000,,COMPLETE,0.93966,0.90876,47,70.1493,72.4212,55.0772,1775,3950,0.0001,0.0000
biohub-cell-tracking-during-development,Biohub - Cell Tracking During Development,2026-06-29 19:01:13.613000,2026-09-29 23:59:00,92.2068,56013512,submission.csv,2026-09-04 13:40:40.533000,,COMPLETE,0.94072,0.91045,48,71.6418,72.4213,55.5837,1755,3950,0.0001,0.0000
biohub-cell-tracking-during-development,Biohub - Cell Tracking During Development,2026-06-29 19:01:13.613000,2026-09-29 23:59:00,92.2068,56015388,submission.csv,2026-09-04 15:26:22.713000,--last submit to 04.09,COMPLETE,0.93966,0.90876,49,73.1343,72.5010,55.0772,1775,3950,0.0001,0.0000
biohub-cell-tracking-during-development,Biohub - Cell Tracking During Development,2026-06-29 19:01:13.613000,2026-09-29 23:59:00,92.2068,56029766,submission.csv,2026-09-05 09:39:03.437000,,COMPLETE,0.93979,0.91782,50,74.6269,73.3239,55.2798,1767,3950,0.0001,0.0000
biohub-cell-tracking-during-development,Biohub - Cell Tracking During Development,2026-06-29 19:01:13.613000,2026-09-29 23:59:00,92.2068,56029770,submission.csv,2026-09-05 09:39:14.887000,,COMPLETE,0.94069,0.90991,51,76.1194,73.3240,55.5584,1756,3950,0.0001,0.0000
biohub-cell-tracking-during-development,Biohub - Cell Tracking During Development,2026-06-29 19:01:13.613000,2026-09-29 23:59:00,92.2068,56057756,submission.csv,2026-09-06 14:47:23.180000,,COMPLETE,0.94186,0.91534,52,77.6119,74.6406,56.0648,1736,3950,0.0001,0.0000
biohub-cell-tracking-during-development,Biohub - Cell Tracking During Development,2026-06-29 19:01:13.613000,2026-09-29 23:59:00,92.2068,56058274,submission.csv,2026-09-06 15:13:46.327000,,COMPLETE,0.94186,0.91534,53,79.1045,74.6605,56.0648,1736,3950,0.0001,0.0000
biohub-cell-tracking-during-development,Biohub - Cell Tracking During Development,2026-06-29 19:01:13.613000,2026-09-29 23:59:00,92.2068,56059398,submission.csv,2026-09-06 16:22:58.367000,,COMPLETE,0.94094,0.91051,54,80.5970,74.7126,55.7610,1748,3950,0.0001,0.0000
biohub-cell-tracking-during-development,Biohub - Cell Tracking During Development,2026-06-29 19:01:13.613000,2026-09-29 23:59:00,92.2068,56059480,submission.csv,2026-09-06 16:28:05.813000,,COMPLETE,0.94056,0.91546,55,82.0896,74.7165,55.4318,1761,3950,0.0001,0.0000
biohub-cell-tracking-during-development,Biohub - Cell Tracking During Development,2026-06-29 19:01:13.613000,2026-09-29 23:59:00,92.2068,56078147,submission.csv,2026-09-07 13:57:23.713000,,COMPLETE,0.94620,0.91450,56,83.5821,75.6875,61.3320,1528,3950,0.0001,0.0000
biohub-cell-tracking-during-development,Biohub - Cell Tracking During Development,2026-06-29 19:01:13.613000,2026-09-29 23:59:00,92.2068,56078249,submission.csv,2026-09-07 14:03:52.473000,,COMPLETE,0.94288,0.91553,57,85.0746,75.6924,57.7361,1670,3950,0.0001,0.0000
biohub-cell-tracking-during-development,Biohub - Cell Tracking During Development,2026-06-29 19:01:13.613000,2026-09-29 23:59:00,92.2068,56094507,submission.csv,2026-09-08 08:32:56.967000,,COMPLETE,0.94288,0.91553,58,86.5672,76.5277,57.7361,1670,3950,0.0001,0.0000
biohub-cell-tracking-during-development,Biohub - Cell Tracking During Development,2026-06-29 19:01:13.613000,2026-09-29 23:59:00,92.2068,56096700,submission.csv,2026-09-08 10:51:47.417000,,COMPLETE,0.94620,0.91450,59,88.0597,76.6322,61.3320,1528,3950,0.0001,0.0000
biohub-cell-tracking-during-development,Biohub - Cell Tracking During Development,2026-06-29 19:01:13.613000,2026-09-29 23:59:00,92.2068,56098957,submission.csv,2026-09-08 13:05:55.943000,,COMPLETE,0.94647,0.91437,60,89.5522,76.7333,62.0410,1500,3950,0.0001,0.0000
biohub-cell-tracking-during-development,Biohub - Cell Tracking During Development,2026-06-29 19:01:13.613000,2026-09-29 23:59:00,92.2068,56098959,submission.csv,2026-09-08 13:06:02.233000,,COMPLETE,0.94648,0.91437,61,91.0448,76.7333,62.1423,1496,3950,0.0001,0.0000
biohub-cell-tracking-during-development,Biohub - Cell Tracking During Development,2026-06-29 19:01:13.613000,2026-09-29 23:59:00,92.2068,56149864,submission.csv,2026-09-10 18:34:57.627000,,COMPLETE,0.94762,0.91448,62,92.5373,79.1501,70.7014,1158,3950,0.0001,0.0000
biohub-cell-tracking-during-development,Biohub - Cell Tracking During Development,2026-06-29 19:01:13.613000,2026-09-29 23:59:00,92.2068,56149872,submission.csv,2026-09-10 18:35:17.887000,,COMPLETE,0.94740,0.91625,63,94.0299,79.1503,65.9407,1346,3950,0.0001,0.0000
biohub-cell-tracking-during-development,Biohub - Cell Tracking During Development,2026-06-29 19:01:13.613000,2026-09-29 23:59:00,92.2068,56491120,submission.csv,2026-09-23 10:54:45.660000,,COMPLETE,0.94731,0.91820,64,95.5224,92.9022,63.2312,1453,3950,0.0001,0.0000
biohub-cell-tracking-during-development,Biohub - Cell Tracking During Development,2026-06-29 19:01:13.613000,2026-09-29 23:59:00,92.2068,56491125,submission.csv,2026-09-23 10:54:57.150000,,COMPLETE,0.94634,0.91450,65,97.0149,92.9024,61.8131,1509,3950,0.0001,0.0000
biohub-cell-tracking-during-development,Biohub - Cell Tracking During Development,2026-06-29 19:01:13.613000,2026-09-29 23:59:00,92.2068,56644210,submission.csv,2026-09-28 14:47:17.933000,,COMPLETE,0.94751,0.91403,66,98.5075,98.5000,67.2575,1294,3950,0.0001,0.0000
biohub-cell-tracking-during-development,Biohub - Cell Tracking During Development,2026-06-29 19:01:13.613000,2026-09-29 23:59:00,92.2068,56644638,submission.csv,2026-09-28 15:03:34.197000,,COMPLETE,0.94708,0.91401,67,100.0000,98.5122,62.8514,1468,3950,0.0001,0.0000
rogii-wellbore-geology-prediction,ROGII - Wellbore Geology Prediction,2026-05-05 15:40:14.943000,2026-08-05 23:59:00,92.3464,54149747,submission.csv,2026-06-28 19:38:31.860000,,COMPLETE,16.714,15.337,1,3.2258,58.6547,12.4592,5362,6125,4.6080,1068014.4360
rogii-wellbore-geology-prediction,ROGII - Wellbore Geology Prediction,2026-05-05 15:40:14.943000,2026-08-05 23:59:00,92.3464,54150893,submission.csv,2026-06-28 21:01:19.240000,base,COMPLETE,7.310,9.596,2,6.4516,58.7170,58.4749,2544,6125,4.6080,1068014.4360
rogii-wellbore-geology-prediction,ROGII - Wellbore Geology Prediction,2026-05-05 15:40:14.943000,2026-08-05 23:59:00,92.3464,54170908,submission.csv,2026-06-29 13:20:40.687000,base submission,COMPLETE,7.271,9.674,3,9.6774,59.4534,59.6506,2472,6125,4.6080,1068014.4360
rogii-wellbore-geology-prediction,ROGII - Wellbore Geology Prediction,2026-05-05 15:40:14.943000,2026-08-05 23:59:00,92.3464,54198353,submission.csv,2026-06-30 10:58:39.037000,trying base submisson,COMPLETE,7.288,9.682,4,12.9032,60.4295,58.9647,2514,6125,4.6080,1068014.4360
rogii-wellbore-geology-prediction,ROGII - Wellbore Geology Prediction,2026-05-05 15:40:14.943000,2026-08-05 23:59:00,92.3464,54212419,submission.csv,2026-06-30 21:05:28.693000,--remove gold prefix calibration stage,COMPLETE,7.573,9.598,5,16.1290,60.8858,55.9602,2698,6125,4.6080,1068014.4360
rogii-wellbore-geology-prediction,ROGII - Wellbore Geology Prediction,2026-05-05 15:40:14.943000,2026-08-05 23:59:00,92.3464,54235686,submission.csv,2026-07-01 14:51:05.657000,,COMPLETE,7.669,10.133,6,19.3548,61.6872,53.6088,2842,6125,4.6080,1068014.4360
rogii-wellbore-geology-prediction,ROGII - Wellbore Geology Prediction,2026-05-05 15:40:14.943000,2026-08-05 23:59:00,92.3464,54300470,submission.csv,2026-07-03 14:09:37.927000,,COMPLETE,7.252,9.553,7,22.5806,63.8218,60.3527,2429,6125,4.6080,1068014.4360
rogii-wellbore-geology-prediction,ROGII - Wellbore Geology Prediction,2026-05-05 15:40:14.943000,2026-08-05 23:59:00,92.3464,54357119,submission.csv,2026-07-05 09:22:02.007000,,COMPLETE,,,8,25.8065,65.7712,,,6125,4.6080,1068014.4360
rogii-wellbore-geology-prediction,ROGII - Wellbore Geology Prediction,2026-05-05 15:40:14.943000,2026-08-05 23:59:00,92.3464,54357927,submission.csv,2026-07-05 09:56:04.673000,,COMPLETE,,,9,29.0323,65.7968,,,6125,4.6080,1068014.4360
rogii-wellbore-geology-prediction,ROGII - Wellbore Geology Prediction,2026-05-05 15:40:14.943000,2026-08-05 23:59:00,92.3464,54439017,submission.csv,2026-07-07 19:39:47.400000,--ok try public notebook,COMPLETE,7.201,9.678,10,32.2581,68.4016,62.5408,2295,6125,4.6080,1068014.4360
rogii-wellbore-geology-prediction,ROGII - Wellbore Geology Prediction,2026-05-05 15:40:14.943000,2026-08-05 23:59:00,92.3464,54530991,submission.csv,2026-07-10 14:46:35.687000,--try public 7.100 pipeline,COMPLETE,7.148,9.583,11,35.4839,71.4297,63.5369,2234,6125,4.6080,1068014.4360
rogii-wellbore-geology-prediction,ROGII - Wellbore Geology Prediction,2026-05-05 15:40:14.943000,2026-08-05 23:59:00,92.3464,54573450,submission.csv,2026-07-11 13:39:36.667000,--update --try bounded beam correction,COMPLETE,7.110,9.635,12,38.7097,72.4622,64.3534,2184,6125,4.6080,1068014.4360
rogii-wellbore-geology-prediction,ROGII - Wellbore Geology Prediction,2026-05-05 15:40:14.943000,2026-08-05 23:59:00,92.3464,54603089,submission.csv,2026-07-12 09:39:54.960000,--try up score on one paramethr,COMPLETE,7.117,9.596,13,41.9355,73.3649,64.1737,2195,6125,4.6080,1068014.4360
rogii-wellbore-geology-prediction,ROGII - Wellbore Geology Prediction,2026-05-05 15:40:14.943000,2026-08-05 23:59:00,92.3464,54619925,submission.csv,2026-07-12 19:21:50.190000,--ok lets try,COMPLETE,7.156,9.585,14,45.1613,73.8025,63.5042,2236,6125,4.6080,1068014.4360
rogii-wellbore-geology-prediction,ROGII - Wellbore Geology Prediction,2026-05-05 15:40:14.943000,2026-08-05 23:59:00,92.3464,54642323,submission.csv,2026-07-13 10:18:06.883000,maybe new score up,COMPLETE,7.099,9.669,15,48.3871,74.4765,64.6799,2164,6125,4.6080,1068014.4360
rogii-wellbore-geology-prediction,ROGII - Wellbore Geology Prediction,2026-05-05 15:40:14.943000,2026-08-05 23:59:00,92.3464,54657928,submission.csv,2026-07-13 18:47:30.973000,--ok another public solution,COMPLETE,7.167,9.556,16,51.6129,74.8595,63.2920,2249,6125,4.6080,1068014.4360
rogii-wellbore-geology-prediction,ROGII - Wellbore Geology Prediction,2026-05-05 15:40:14.943000,2026-08-05 23:59:00,92.3464,54676031,submission.csv,2026-07-14 06:56:18.350000,another public submission try,COMPLETE,7.110,9.602,17,54.8387,75.4076,64.3534,2184,6125,4.6080,1068014.4360
rogii-wellbore-geology-prediction,ROGII - Wellbore Geology Prediction,2026-05-05 15:40:14.943000,2026-08-05 23:59:00,92.3464,54721441,submission.csv,2026-07-15 10:26:18.600000,--ok try experiments submission,COMPLETE,7.113,9.519,18,58.0645,76.6484,64.2554,2190,6125,4.6080,1068014.4360
rogii-wellbore-geology-prediction,ROGII - Wellbore Geology Prediction,2026-05-05 15:40:14.943000,2026-08-05 23:59:00,92.3464,54738967,submission.csv,2026-07-15 19:38:47.283000,ok let's try this public notebook,COMPLETE,7.043,9.529,19,61.2903,77.0638,65.6107,2107,6125,4.6080,1068014.4360
rogii-wellbore-geology-prediction,ROGII - Wellbore Geology Prediction,2026-05-05 15:40:14.943000,2026-08-05 23:59:00,92.3464,54767301,submission.csv,2026-07-16 18:41:26.403000,,COMPLETE,7.679,9.653,20,64.5161,78.1036,53.4781,2850,6125,4.6080,1068014.4360
rogii-wellbore-geology-prediction,ROGII - Wellbore Geology Prediction,2026-05-05 15:40:14.943000,2026-08-05 23:59:00,92.3464,54806361,submission.csv,2026-07-18 11:01:12.443000,--pub,COMPLETE,7.010,9.604,21,67.7419,79.9233,66.0679,2079,6125,4.6080,1068014.4360
rogii-wellbore-geology-prediction,ROGII - Wellbore Geology Prediction,2026-05-05 15:40:14.943000,2026-08-05 23:59:00,92.3464,54814744,submission.csv,2026-07-18 19:27:15.533000,,COMPLETE,7.003,9.606,22,70.9677,80.3038,66.2149,2070,6125,4.6080,1068014.4360
rogii-wellbore-geology-prediction,ROGII - Wellbore Geology Prediction,2026-05-05 15:40:14.943000,2026-08-05 23:59:00,92.3464,54824983,submission.csv,2026-07-19 07:32:02.337000,,COMPLETE,6.979,9.606,23,74.1935,80.8488,66.6558,2043,6125,4.6080,1068014.4360
rogii-wellbore-geology-prediction,ROGII - Wellbore Geology Prediction,2026-05-05 15:40:14.943000,2026-08-05 23:59:00,92.3464,54853579,submission.csv,2026-07-20 12:38:09.270000,,COMPLETE,6.906,9.585,24,77.4194,82.1619,67.2436,2007,6125,4.6080,1068014.4360
rogii-wellbore-geology-prediction,ROGII - Wellbore Geology Prediction,2026-05-05 15:40:14.943000,2026-08-05 23:59:00,92.3464,54878686,submission.csv,2026-07-21 13:38:08.350000,"V4 generalizing aggregator g50: neighbor + heel + ridge, OOF 12.562",COMPLETE,11.377,10.676,25,80.6452,83.2899,32.8543,4113,6125,4.6080,1068014.4360
rogii-wellbore-geology-prediction,ROGII - Wellbore Geology Prediction,2026-05-05 15:40:14.943000,2026-08-05 23:59:00,92.3464,54885510,submission.csv,2026-07-21 19:20:02.120000,,COMPLETE,7.032,9.610,26,83.8710,83.5470,65.8067,2095,6125,4.6080,1068014.4360
rogii-wellbore-geology-prediction,ROGII - Wellbore Geology Prediction,2026-05-05 15:40:14.943000,2026-08-05 23:59:00,92.3464,54901064,submission.csv,2026-07-22 11:09:06.773000,,COMPLETE,,,27,87.0968,84.2607,,,6125,4.6080,1068014.4360
rogii-wellbore-geology-prediction,ROGII - Wellbore Geology Prediction,2026-05-05 15:40:14.943000,2026-08-05 23:59:00,92.3464,54935648,submission.csv,2026-07-23 20:16:12.283000,,COMPLETE,6.469,9.475,28,90.3226,85.7550,78.2495,1333,6125,4.6080,1068014.4360
rogii-wellbore-geology-prediction,ROGII - Wellbore Geology Prediction,2026-05-05 15:40:14.943000,2026-08-05 23:59:00,92.3464,54952241,submission.csv,2026-07-24 13:32:41.723000,,COMPLETE,,,29,93.5484,86.5345,,,6125,4.6080,1068014.4360
rogii-wellbore-geology-prediction,ROGII - Wellbore Geology Prediction,2026-05-05 15:40:14.943000,2026-08-05 23:59:00,92.3464,55058196,submission.csv,2026-07-28 15:00:55.117000,Dvorkin solution,COMPLETE,6.537,9.537,30,96.7742,90.9323,71.6035,1740,6125,4.6080,1068014.4360
rogii-wellbore-geology-prediction,ROGII - Wellbore Geology Prediction,2026-05-05 15:40:14.943000,2026-08-05 23:59:00,92.3464,55161785,submission.csv,2026-08-01 12:10:29.757000,,COMPLETE,9.579,9.895,31,100.0000,95.1357,42.3089,3534,6125,4.6080,1068014.4360
ai-agent-security-multi-step-tool-attacks,AI Agent Security - Multi-Step Tool Attacks,2026-06-11 18:31:39.920000,2026-09-01 23:59:00,82.2273,54619915,submission.csv,2026-07-12 19:21:25.150000,--first try,ERROR,,,1,0.5181,37.7424,,,4187,87.2550,0.0000
ai-agent-security-multi-step-tool-attacks,AI Agent Security - Multi-Step Tool Attacks,2026-06-11 18:31:39.920000,2026-09-01 23:59:00,82.2273,54620187,submission.csv,2026-07-12 19:34:33.043000,--try 2,ERROR,,,2,1.0363,37.7535,,,4187,87.2550,0.0000
ai-agent-security-multi-step-tool-attacks,AI Agent Security - Multi-Step Tool Attacks,2026-06-11 18:31:39.920000,2026-09-01 23:59:00,82.2273,54641208,submission.csv,2026-07-13 09:35:49.530000,--try,ERROR,,,3,1.5544,38.4640,,,4187,87.2550,0.0000
ai-agent-security-multi-step-tool-attacks,AI Agent Security - Multi-Step Tool Attacks,2026-06-11 18:31:39.920000,2026-09-01 23:59:00,82.2273,54646140,submission.csv,2026-07-13 12:32:31.313000,--trying fix,ERROR,,,4,2.0725,38.6132,,,4187,87.2550,0.0000
ai-agent-security-multi-step-tool-attacks,AI Agent Security - Multi-Step Tool Attacks,2026-06-11 18:31:39.920000,2026-09-01 23:59:00,82.2273,54646761,submission.csv,2026-07-13 12:50:17.417000,pls,ERROR,,,5,2.5907,38.6282,,,4187,87.2550,0.0000
ai-agent-security-multi-step-tool-attacks,AI Agent Security - Multi-Step Tool Attacks,2026-06-11 18:31:39.920000,2026-09-01 23:59:00,82.2273,54650706,submission.csv,2026-07-13 14:52:09.057000,,ERROR,12.16000,0.00000,6,3.1088,38.7311,26.9709,3058,4187,87.2550,0.0000
ai-agent-security-multi-step-tool-attacks,AI Agent Security - Multi-Step Tool Attacks,2026-06-11 18:31:39.920000,2026-09-01 23:59:00,82.2273,54659265,submission.csv,2026-07-13 19:45:11.140000,try up score,ERROR,,,7,3.6269,38.9786,,,4187,87.2550,0.0000
ai-agent-security-multi-step-tool-attacks,AI Agent Security - Multi-Step Tool Attacks,2026-06-11 18:31:39.920000,2026-09-01 23:59:00,82.2273,54679106,submission.csv,2026-07-14 08:38:58.643000,--try 320 lower,ERROR,,,8,4.1451,39.6321,,,4187,87.2550,0.0000
ai-agent-security-multi-step-tool-attacks,AI Agent Security - Multi-Step Tool Attacks,2026-06-11 18:31:39.920000,2026-09-01 23:59:00,82.2273,54699646,submission.csv,2026-07-14 20:43:42.977000,--try attack on 256,ERROR,23.04000,0.00000,9,4.6632,40.2442,30.0526,2929,4187,87.2550,0.0000
ai-agent-security-multi-step-tool-attacks,AI Agent Security - Multi-Step Tool Attacks,2026-06-11 18:31:39.920000,2026-09-01 23:59:00,82.2273,54722850,submission.csv,2026-07-15 11:10:48.407000,ok --let's try,ERROR,8.64000,0.00000,10,5.1813,40.9765,25.9914,3099,4187,87.2550,0.0000
ai-agent-security-multi-step-tool-attacks,AI Agent Security - Multi-Step Tool Attacks,2026-06-11 18:31:39.920000,2026-09-01 23:59:00,82.2273,54726801,submission.csv,2026-07-15 13:23:35.730000,ok another try,ERROR,60.25500,0.00000,11,5.6995,41.0886,43.4783,2367,4187,87.2550,0.0000
ai-agent-security-multi-step-tool-attacks,AI Agent Security - Multi-Step Tool Attacks,2026-06-11 18:31:39.920000,2026-09-01 23:59:00,82.2273,54757786,submission.csv,2026-07-16 09:56:59.880000,ok --let's try with public params,ERROR,76.23000,0.00000,12,6.2176,42.1303,47.7783,2187,4187,87.2550,0.0000
ai-agent-security-multi-step-tool-attacks,AI Agent Security - Multi-Step Tool Attacks,2026-06-11 18:31:39.920000,2026-09-01 23:59:00,82.2273,54780817,submission.csv,2026-07-17 10:32:00.807000,--update params --to small minimize agress,ERROR,,,13,6.7358,43.3760,,,4187,87.2550,0.0000
ai-agent-security-multi-step-tool-attacks,AI Agent Security - Multi-Step Tool Attacks,2026-06-11 18:31:39.920000,2026-09-01 23:59:00,82.2273,54802318,submission.csv,2026-07-18 07:48:16.490000,,ERROR,72.99000,0.00000,14,7.2539,44.4538,46.4883,2241,4187,87.2550,0.0000
ai-agent-security-multi-step-tool-attacks,AI Agent Security - Multi-Step Tool Attacks,2026-06-11 18:31:39.920000,2026-09-01 23:59:00,82.2273,54816223,submission.csv,2026-07-18 21:20:13.590000,,ERROR,71.86500,0.00000,15,7.7720,45.1396,46.1777,2254,4187,87.2550,0.0000
ai-agent-security-multi-step-tool-attacks,AI Agent Security - Multi-Step Tool Attacks,2026-06-11 18:31:39.920000,2026-09-01 23:59:00,82.2273,54828499,submission.csv,2026-07-19 10:14:02.013000,,ERROR,75.37500,0.00000,16,8.2902,45.7931,47.4439,2201,4187,87.2550,0.0000
ai-agent-security-multi-step-tool-attacks,AI Agent Security - Multi-Step Tool Attacks,2026-06-11 18:31:39.920000,2026-09-01 23:59:00,82.2273,54847133,submission.csv,2026-07-20 06:49:25.280000,public ~~~86,ERROR,80.19000,0.00000,17,8.8083,46.8364,49.9044,2098,4187,87.2550,0.0000
ai-agent-security-multi-step-tool-attacks,AI Agent Security - Multi-Step Tool Attacks,2026-06-11 18:31:39.920000,2026-09-01 23:59:00,82.2273,54851498,submission.csv,2026-07-20 10:40:19.273000,,ERROR,78.43500,0.00000,18,9.3264,47.0314,48.7578,2146,4187,87.2550,0.0000
ai-agent-security-multi-step-tool-attacks,AI Agent Security - Multi-Step Tool Attacks,2026-06-11 18:31:39.920000,2026-09-01 23:59:00,82.2273,54851754,submission.csv,2026-07-20 10:54:48.393000,hopdiag,ERROR,83.61000,0.00000,19,9.8446,47.0437,56.4978,1822,4187,87.2550,0.0000
ai-agent-security-multi-step-tool-attacks,AI Agent Security - Multi-Step Tool Attacks,2026-06-11 18:31:39.920000,2026-09-01 23:59:00,82.2273,54851929,submission.csv,2026-07-20 11:04:51.693000,adaptiveprobe,ERROR,,,20,10.3627,47.0521,,,4187,87.2550,0.0000
ai-agent-security-multi-step-tool-attacks,AI Agent Security - Multi-Step Tool Attacks,2026-06-11 18:31:39.920000,2026-09-01 23:59:00,82.2273,54852077,submission.csv,2026-07-20 11:13:54.700000,,ERROR,74.92500,0.00000,21,10.8808,47.0598,47.3483,2205,4187,87.2550,0.0000
ai-agent-security-multi-step-tool-attacks,AI Agent Security - Multi-Step Tool Attacks,2026-06-11 18:31:39.920000,2026-09-01 23:59:00,82.2273,54875686,submission.csv,2026-07-21 11:05:38.073000,,ERROR,,,22,11.3990,48.2689,,,4187,87.2550,0.0000
ai-agent-security-multi-step-tool-attacks,AI Agent Security - Multi-Step Tool Attacks,2026-06-11 18:31:39.920000,2026-09-01 23:59:00,82.2273,54875743,submission.csv,2026-07-21 11:07:38.917000,--r2-selected-seed,ERROR,81.49500,0.00000,23,11.9171,48.2706,51.6006,2027,4187,87.2550,0.0000
ai-agent-security-multi-step-tool-attacks,AI Agent Security - Multi-Step Tool Attacks,2026-06-11 18:31:39.920000,2026-09-01 23:59:00,82.2273,54875827,submission.csv,2026-07-21 11:12:05.227000,--r2-rawsec,ERROR,73.66500,0.00000,24,12.4352,48.2744,46.7511,2230,4187,87.2550,0.0000
ai-agent-security-multi-step-tool-attacks,AI Agent Security - Multi-Step Tool Attacks,2026-06-11 18:31:39.920000,2026-09-01 23:59:00,82.2273,54875879,submission.csv,2026-07-21 11:14:36.397000,--r2-pilkwang-plain,ERROR,80.50500,0.00000,25,12.9534,48.2765,50.2150,2085,4187,87.2550,0.0000
ai-agent-security-multi-step-tool-attacks,AI Agent Security - Multi-Step Tool Attacks,2026-06-11 18:31:39.920000,2026-09-01 23:59:00,82.2273,54875954,submission.csv,2026-07-21 11:18:55.660000,--r2-fired-fillunit,ERROR,,,26,13.4715,48.2802,,,4187,87.2550,0.0000
ai-agent-security-multi-step-tool-attacks,AI Agent Security - Multi-Step Tool Attacks,2026-06-11 18:31:39.920000,2026-09-01 23:59:00,82.2273,54897654,submission.csv,2026-07-22 07:59:52.597000,--r3-selected-seed-control,ERROR,,,27,13.9896,49.3282,,,4187,87.2550,0.0000
ai-agent-security-multi-step-tool-attacks,AI Agent Security - Multi-Step Tool Attacks,2026-06-11 18:31:39.920000,2026-09-01 23:59:00,82.2273,54897734,submission.csv,2026-07-22 08:04:17.217000,--r3-selected-seed-safe985,ERROR,,,28,14.5078,49.3319,,,4187,87.2550,0.0000
ai-agent-security-multi-step-tool-attacks,AI Agent Security - Multi-Step Tool Attacks,2026-06-11 18:31:39.920000,2026-09-01 23:59:00,82.2273,54897758,submission.csv,2026-07-22 08:05:50.903000,--r3-selected-seed-pilkplain,ERROR,82.08000,0.00000,29,15.0259,49.3332,52.6756,1982,4187,87.2550,0.0000
ai-agent-security-multi-step-tool-attacks,AI Agent Security - Multi-Step Tool Attacks,2026-06-11 18:31:39.920000,2026-09-01 23:59:00,82.2273,54897805,submission.csv,2026-07-22 08:08:05.707000,--r3-pilkplain-safe985,ERROR,79.38000,0.00000,30,15.5440,49.3351,49.3789,2120,4187,87.2550,0.0000
ai-agent-security-multi-step-tool-attacks,AI Agent Security - Multi-Step Tool Attacks,2026-06-11 18:31:39.920000,2026-09-01 23:59:00,82.2273,54897855,submission.csv,2026-07-22 08:10:50.387000,--r3-probe3-safe985,ERROR,,,31,16.0622,49.3375,,,4187,87.2550,0.0000
ai-agent-security-multi-step-tool-attacks,AI Agent Security - Multi-Step Tool Attacks,2026-06-11 18:31:39.920000,2026-09-01 23:59:00,82.2273,54925192,submission.csv,2026-07-23 10:07:19.993000,--r4-control-selected-pilkplain,ERROR,,,32,16.5803,50.6520,,,4187,87.2550,0.0000
ai-agent-security-multi-step-tool-attacks,AI Agent Security - Multi-Step Tool Attacks,2026-06-11 18:31:39.920000,2026-09-01 23:59:00,82.2273,54925282,submission.csv,2026-07-23 10:11:29.027000,--r4-hop1-coef180,ERROR,75.28500,0.00000,33,17.0984,50.6555,47.3961,2203,4187,87.2550,0.0000
ai-agent-security-multi-step-tool-attacks,AI Agent Security - Multi-Step Tool Attacks,2026-06-11 18:31:39.920000,2026-09-01 23:59:00,82.2273,54925324,submission.csv,2026-07-23 10:13:57.627000,--r4-hop1-coef143,ERROR,,,34,17.6166,50.6576,,,4187,87.2550,0.0000
ai-agent-security-multi-step-tool-attacks,AI Agent Security - Multi-Step Tool Attacks,2026-06-11 18:31:39.920000,2026-09-01 23:59:00,82.2273,54925388,submission.csv,2026-07-23 10:16:36.817000,--r4-extra-templates-only,ERROR,76.99500,0.00000,35,18.1347,50.6598,48.2322,2168,4187,87.2550,0.0000
ai-agent-security-multi-step-tool-attacks,AI Agent Security - Multi-Step Tool Attacks,2026-06-11 18:31:39.920000,2026-09-01 23:59:00,82.2273,54925455,submission.csv,2026-07-23 10:19:52.193000,--r4-hop1-coef160,ERROR,,,36,18.6528,50.6626,,,4187,87.2550,0.0000
ai-agent-security-multi-step-tool-attacks,AI Agent Security - Multi-Step Tool Attacks,2026-06-11 18:31:39.920000,2026-09-01 23:59:00,82.2273,54951404,submission.csv,2026-07-24 12:48:56.120000,--r5-89-exact-a,ERROR,,,37,19.1710,52.0046,,,4187,87.2550,0.0000
ai-agent-security-multi-step-tool-attacks,AI Agent Security - Multi-Step Tool Attacks,2026-06-11 18:31:39.920000,2026-09-01 23:59:00,82.2273,54951431,submission.csv,2026-07-24 12:49:57.760000,--r5-89-exact-b,ERROR,,,38,19.6891,52.0055,,,4187,87.2550,0.0000
ai-agent-security-multi-step-tool-attacks,AI Agent Security - Multi-Step Tool Attacks,2026-06-11 18:31:39.920000,2026-09-01 23:59:00,82.2273,54951544,submission.csv,2026-07-24 12:55:45.133000,--r5-89-probe2,ERROR,,,39,20.2073,52.0104,,,4187,87.2550,0.0000
ai-agent-security-multi-step-tool-attacks,AI Agent Security - Multi-Step Tool Attacks,2026-06-11 18:31:39.920000,2026-09-01 23:59:00,82.2273,54951586,submission.csv,2026-07-24 12:57:53.047000,--r5-89-safe985,ERROR,,,40,20.7254,52.0122,,,4187,87.2550,0.0000
ai-agent-security-multi-step-tool-attacks,AI Agent Security - Multi-Step Tool Attacks,2026-06-11 18:31:39.920000,2026-09-01 23:59:00,82.2273,54951639,submission.csv,2026-07-24 13:00:34.013000,--r5-087705-control,ERROR,,,41,21.2435,52.0144,,,4187,87.2550,0.0000
ai-agent-security-multi-step-tool-attacks,AI Agent Security - Multi-Step Tool Attacks,2026-06-11 18:31:39.920000,2026-09-01 23:59:00,82.2273,54970920,submission.csv,2026-07-25 08:14:30.830000,--r6-yusuke-mix90,ERROR,66.64500,0.00000,42,21.7617,52.9890,45.1027,2299,4187,87.2550,0.0000
ai-agent-security-multi-step-tool-attacks,AI Agent Security - Multi-Step Tool Attacks,2026-06-11 18:31:39.920000,2026-09-01 23:59:00,82.2273,54971010,submission.csv,2026-07-25 08:18:32.897000,--r6-yusuke-mix93,ERROR,69.88500,0.00000,43,22.2798,52.9924,45.5805,2279,4187,87.2550,0.0000
ai-agent-security-multi-step-tool-attacks,AI Agent Security - Multi-Step Tool Attacks,2026-06-11 18:31:39.920000,2026-09-01 23:59:00,82.2273,54971085,submission.csv,2026-07-25 08:22:15.550000,--r6-pilkv312-safe90,ERROR,72.22500,0.00000,44,22.7979,52.9955,46.2733,2250,4187,87.2550,0.0000
ai-agent-security-multi-step-tool-attacks,AI Agent Security - Multi-Step Tool Attacks,2026-06-11 18:31:39.920000,2026-09-01 23:59:00,82.2273,54971208,submission.csv,2026-07-25 08:27:17.950000,--r6-pipeline091,ERROR,80.59500,0.00000,45,23.3161,52.9998,50.3822,2078,4187,87.2550,0.0000
ai-agent-security-multi-step-tool-attacks,AI Agent Security - Multi-Step Tool Attacks,2026-06-11 18:31:39.920000,2026-09-01 23:59:00,82.2273,54971321,submission.csv,2026-07-25 08:34:20.117000,--r6-89-safe90,ERROR,75.06000,0.00000,46,23.8342,53.0057,47.3722,2204,4187,87.2550,0.0000
ai-agent-security-multi-step-tool-attacks,AI Agent Security - Multi-Step Tool Attacks,2026-06-11 18:31:39.920000,2026-09-01 23:59:00,82.2273,55025782,submission.csv,2026-07-27 10:22:45.167000,--r7-dimong-exact,ERROR,,,47,24.3523,55.5296,,,4187,87.2550,0.0000
ai-agent-security-multi-step-tool-attacks,AI Agent Security - Multi-Step Tool Attacks,2026-06-11 18:31:39.920000,2026-09-01 23:59:00,82.2273,55025806,submission.csv,2026-07-27 10:23:58.907000,--r7-dimong-safe95,ERROR,78.34500,0.00000,48,24.8705,55.5306,48.7339,2147,4187,87.2550,0.0000
ai-agent-security-multi-step-tool-attacks,AI Agent Security - Multi-Step Tool Attacks,2026-06-11 18:31:39.920000,2026-09-01 23:59:00,82.2273,55025902,submission.csv,2026-07-27 10:28:45.023000,--r7-89-safe95,ERROR,,,49,25.3886,55.5346,,,4187,87.2550,0.0000
ai-agent-security-multi-step-tool-attacks,AI Agent Security - Multi-Step Tool Attacks,2026-06-11 18:31:39.920000,2026-09-01 23:59:00,82.2273,55025965,submission.csv,2026-07-27 10:31:20.610000,--r7-pipeline094,ERROR,,,50,25.9067,55.5368,,,4187,87.2550,0.0000
ai-agent-security-multi-step-tool-attacks,AI Agent Security - Multi-Step Tool Attacks,2026-06-11 18:31:39.920000,2026-09-01 23:59:00,82.2273,55026036,submission.csv,2026-07-27 10:34:42.107000,--r7-dimong-multipost4-safe94,ERROR,79.91000,0.00000,51,26.4249,55.5397,49.6417,2109,4187,87.2550,0.0000
ai-agent-security-multi-step-tool-attacks,AI Agent Security - Multi-Step Tool Attacks,2026-06-11 18:31:39.920000,2026-09-01 23:59:00,82.2273,55055817,submission.csv,2026-07-28 13:13:48.820000,--r8-v26-control-safe93,ERROR,,,52,26.9430,56.8902,,,4187,87.2550,0.0000
ai-agent-security-multi-step-tool-attacks,AI Agent Security - Multi-Step Tool Attacks,2026-06-11 18:31:39.920000,2026-09-01 23:59:00,82.2273,55055896,submission.csv,2026-07-28 13:17:55.853000,--r8-v26-hermes-density-safe93,ERROR,58.99500,0.00000,53,27.4611,56.8937,42.9049,2391,4187,87.2550,0.0000
ai-agent-security-multi-step-tool-attacks,AI Agent Security - Multi-Step Tool Attacks,2026-06-11 18:31:39.920000,2026-09-01 23:59:00,82.2273,55055979,submission.csv,2026-07-28 13:22:16.810000,--r8-multipost2-density-safe92,ERROR,,,54,27.9793,56.8973,,,4187,87.2550,0.0000
ai-agent-security-multi-step-tool-attacks,AI Agent Security - Multi-Step Tool Attacks,2026-06-11 18:31:39.920000,2026-09-01 23:59:00,82.2273,55056103,submission.csv,2026-07-28 13:27:30.963000,--r8-continuation2-safe92,ERROR,76.09500,0.00000,55,28.4974,56.9018,47.7066,2190,4187,87.2550,0.0000
ai-agent-security-multi-step-tool-attacks,AI Agent Security - Multi-Step Tool Attacks,2026-06-11 18:31:39.920000,2026-09-01 23:59:00,82.2273,55056280,submission.csv,2026-07-28 13:35:41.033000,--r8-multipost2-density-safe94,ERROR,79.56000,0.00000,56,29.0155,56.9087,49.4267,2118,4187,87.2550,0.0000
ai-agent-security-multi-step-tool-attacks,AI Agent Security - Multi-Step Tool Attacks,2026-06-11 18:31:39.920000,2026-09-01 23:59:00,82.2273,55109615,submission.csv,2026-07-30 13:03:14.017000,--r9-dimong-v38-exact,ERROR,85.36500,0.00000,57,29.5337,59.3135,63.3301,1536,4187,87.2550,0.0000
ai-agent-security-multi-step-tool-attacks,AI Agent Security - Multi-Step Tool Attacks,2026-06-11 18:31:39.920000,2026-09-01 23:59:00,82.2273,55109724,submission.csv,2026-07-30 13:07:40.767000,--r9-strict-multi2-v38,ERROR,,,58,30.0518,59.3173,,,4187,87.2550,0.0000
ai-agent-security-multi-step-tool-attacks,AI Agent Security - Multi-Step Tool Attacks,2026-06-11 18:31:39.920000,2026-09-01 23:59:00,82.2273,55109835,submission.csv,2026-07-30 13:12:06.030000,--r9-dimong-v38-hot98,ERROR,85.36500,0.00000,59,30.5699,59.3210,63.3301,1536,4187,87.2550,0.0000
ai-agent-security-multi-step-tool-attacks,AI Agent Security - Multi-Step Tool Attacks,2026-06-11 18:31:39.920000,2026-09-01 23:59:00,82.2273,55110007,submission.csv,2026-07-30 13:18:56.280000,--r9-combo-strict-safe90,ERROR,,,60,31.0881,59.3268,,,4187,87.2550,0.0000
ai-agent-security-multi-step-tool-attacks,AI Agent Security - Multi-Step Tool Attacks,2026-06-11 18:31:39.920000,2026-09-01 23:59:00,82.2273,55110015,submission.csv,2026-07-30 13:19:15.390000,--r9-89-revival-safe975,ERROR,,,61,31.6062,59.3271,,,4187,87.2550,0.0000
ai-agent-security-multi-step-tool-attacks,AI Agent Security - Multi-Step Tool Attacks,2026-06-11 18:31:39.920000,2026-09-01 23:59:00,82.2273,55137934,submission.csv,2026-07-31 13:10:32.557000,--r10-v38-combo-strict-v2-safe85,ERROR,59.87000,0.00000,62,32.1244,60.5358,43.3588,2372,4187,87.2550,0.0000
ai-agent-security-multi-step-tool-attacks,AI Agent Security - Multi-Step Tool Attacks,2026-06-11 18:31:39.920000,2026-09-01 23:59:00,82.2273,55138102,submission.csv,2026-07-31 13:17:02.193000,--r10-v38-frame-all,ERROR,67.09500,0.00000,63,32.6425,60.5413,45.1505,2297,4187,87.2550,0.0000
ai-agent-security-multi-step-tool-attacks,AI Agent Security - Multi-Step Tool Attacks,2026-06-11 18:31:39.920000,2026-09-01 23:59:00,82.2273,55138269,submission.csv,2026-07-31 13:22:18.730000,--r10-v38-adaptive-classify3,ERROR,83.88000,0.00000,64,33.1606,60.5458,57.4773,1781,4187,87.2550,0.0000
ai-agent-security-multi-step-tool-attacks,AI Agent Security - Multi-Step Tool Attacks,2026-06-11 18:31:39.920000,2026-09-01 23:59:00,82.2273,55138380,submission.csv,2026-07-31 13:26:48.357000,--r10-v38-combo-probe-only,ERROR,77.46500,0.00000,65,33.6788,60.5496,48.4711,2158,4187,87.2550,0.0000
ai-agent-security-multi-step-tool-attacks,AI Agent Security - Multi-Step Tool Attacks,2026-06-11 18:31:39.920000,2026-09-01 23:59:00,82.2273,55138480,submission.csv,2026-07-31 13:31:07.633000,--r10-v38-control-repeat,ERROR,,,66,34.1969,60.5532,,,4187,87.2550,0.0000
ai-agent-security-multi-step-tool-attacks,AI Agent Security - Multi-Step Tool Attacks,2026-06-11 18:31:39.920000,2026-09-01 23:59:00,82.2273,55157008,submission.csv,2026-08-01 07:40:32.597000,--r11-v38-safe970-control,ERROR,85.27500,0.00000,67,34.7150,61.4733,63.0674,1547,4187,87.2550,0.0000
ai-agent-security-multi-step-tool-attacks,AI Agent Security - Multi-Step Tool Attacks,2026-06-11 18:31:39.920000,2026-09-01 23:59:00,82.2273,55157025,submission.csv,2026-08-01 07:41:19.487000,r11-v38-safe970-repeat,ERROR,82.48500,0.00000,68,35.2332,61.4739,53.4161,1951,4187,87.2550,0.0000
ai-agent-security-multi-step-tool-attacks,AI Agent Security - Multi-Step Tool Attacks,2026-06-11 18:31:39.920000,2026-09-01 23:59:00,82.2273,55157077,submission.csv,2026-08-01 07:44:19.193000,--r11-v38-safe965-cost103,ERROR,81.00000,0.00000,69,35.7513,61.4765,50.8361,2059,4187,87.2550,0.0000
ai-agent-security-multi-step-tool-attacks,AI Agent Security - Multi-Step Tool Attacks,2026-06-11 18:31:39.920000,2026-09-01 23:59:00,82.2273,55157495,submission.csv,2026-08-01 08:03:54.730000,--r11-cang-slow-multipost2-safe94,ERROR,81.28000,0.00000,70,36.2694,61.4930,51.1945,2044,4187,87.2550,0.0000
ai-agent-security-multi-step-tool-attacks,AI Agent Security - Multi-Step Tool Attacks,2026-06-11 18:31:39.920000,2026-09-01 23:59:00,82.2273,55157670,submission.csv,2026-08-01 08:13:42.450000,--r11-cang-slow-multipost4-safe88,ERROR,76.92000,0.00000,71,36.7876,61.5013,48.1844,2170,4187,87.2550,0.0000
ai-agent-security-multi-step-tool-attacks,AI Agent Security - Multi-Step Tool Attacks,2026-06-11 18:31:39.920000,2026-09-01 23:59:00,82.2273,55188043,submission.csv,2026-08-02 14:27:06.853000,--r12-v38-dyncap-p75-original-safe982,ERROR,79.29000,0.00000,72,37.3057,63.0328,49.3550,2121,4187,87.2550,0.0000
ai-agent-security-multi-step-tool-attacks,AI Agent Security - Multi-Step Tool Attacks,2026-06-11 18:31:39.920000,2026-09-01 23:59:00,82.2273,55188119,submission.csv,2026-08-02 14:30:56.130000,--r12-v38-dyncap-p75-original-safe985,ERROR,87.16500,0.00000,73,37.8238,63.0360,71.5241,1193,4187,87.2550,0.0000
ai-agent-security-multi-step-tool-attacks,AI Agent Security - Multi-Step Tool Attacks,2026-06-11 18:31:39.920000,2026-09-01 23:59:00,82.2273,55188185,submission.csv,2026-08-02 14:34:53.467000,--r12-v38-dyncap-p80-original-safe982,ERROR,82.39500,0.00000,74,38.3420,63.0394,53.2728,1957,4187,87.2550,0.0000
ai-agent-security-multi-step-tool-attacks,AI Agent Security - Multi-Step Tool Attacks,2026-06-11 18:31:39.920000,2026-09-01 23:59:00,82.2273,55188308,submission.csv,2026-08-02 14:40:19.463000,r12-v38-frame2-slow-safe970,ERROR,54.00000,0.00000,75,38.8601,63.0439,40.6832,2484,4187,87.2550,0.0000
ai-agent-security-multi-step-tool-attacks,AI Agent Security - Multi-Step Tool Attacks,2026-06-11 18:31:39.920000,2026-09-01 23:59:00,82.2273,55188351,submission.csv,2026-08-02 14:43:16.483000,r12_v38_shortfast_control_safe970,ERROR,80.50500,0.00000,76,39.3782,63.0464,50.2150,2085,4187,87.2550,0.0000
ai-agent-security-multi-step-tool-attacks,AI Agent Security - Multi-Step Tool Attacks,2026-06-11 18:31:39.920000,2026-09-01 23:59:00,82.2273,55210518,submission.csv,2026-08-03 11:34:32.720000,--r13-v38-dyncap-p70-original-safe985,COMPLETE,83.34000,0.00000,77,39.8964,64.1032,55.7812,1852,4187,87.2550,0.0000
ai-agent-security-multi-step-tool-attacks,AI Agent Security - Multi-Step Tool Attacks,2026-06-11 18:31:39.920000,2026-09-01 23:59:00,82.2273,55210635,submission.csv,2026-08-03 11:40:47.950000,--r13-v38-dyncap-p75-lat105-safe985,ERROR,,,78,40.4145,64.1085,,,4187,87.2550,0.0000
ai-agent-security-multi-step-tool-attacks,AI Agent Security - Multi-Step Tool Attacks,2026-06-11 18:31:39.920000,2026-09-01 23:59:00,82.2273,55210765,submission.csv,2026-08-03 11:47:26.913000,--r13-v38-dyncap-p70-lat105-safe985,ERROR,,,79,40.9326,64.1141,,,4187,87.2550,0.0000
ai-agent-security-multi-step-tool-attacks,AI Agent Security - Multi-Step Tool Attacks,2026-06-11 18:31:39.920000,2026-09-01 23:59:00,82.2273,55210848,submission.csv,2026-08-03 11:51:26.510000,--r13-v38-dyncap-p75-lat105-safe990,ERROR,,,80,41.4508,64.1175,,,4187,87.2550,0.0000
ai-agent-security-multi-step-tool-attacks,AI Agent Security - Multi-Step Tool Attacks,2026-06-11 18:31:39.920000,2026-09-01 23:59:00,82.2273,55210971,submission.csv,2026-08-03 11:57:45.903000,--r13-v38-dyncap-min6-p70-safe985,ERROR,,,81,41.9689,64.1228,,,4187,87.2550,0.0000
ai-agent-security-multi-step-tool-attacks,AI Agent Security - Multi-Step Tool Attacks,2026-06-11 18:31:39.920000,2026-09-01 23:59:00,82.2273,55233594,submission.csv,2026-08-04 07:41:13.107000,--r14-v38-dyncap-p69-original-safe985,ERROR,87.75000,0.00000,82,42.4870,65.1223,75.2031,1039,4187,87.2550,0.0000
ai-agent-security-multi-step-tool-attacks,AI Agent Security - Multi-Step Tool Attacks,2026-06-11 18:31:39.920000,2026-09-01 23:59:00,82.2273,55233706,submission.csv,2026-08-04 07:45:40.230000,--r14-v38-dyncap-p68-original-safe985,ERROR,87.39000,0.00000,83,43.0052,65.1260,73.1247,1126,4187,87.2550,0.0000
ai-agent-security-multi-step-tool-attacks,AI Agent Security - Multi-Step Tool Attacks,2026-06-11 18:31:39.920000,2026-09-01 23:59:00,82.2273,55233779,submission.csv,2026-08-04 07:48:43.173000,--r14-v38-dyncap-p70-original-safe986,ERROR,87.52500,0.00000,84,43.5233,65.1286,73.9847,1090,4187,87.2550,0.0000
ai-agent-security-multi-step-tool-attacks,AI Agent Security - Multi-Step Tool Attacks,2026-06-11 18:31:39.920000,2026-09-01 23:59:00,82.2273,55233843,submission.csv,2026-08-04 07:51:28.523000,--r14-v38-dyncap-p70-lat107-safe985,ERROR,,,85,44.0415,65.1309,,,4187,87.2550,0.0000
ai-agent-security-multi-step-tool-attacks,AI Agent Security - Multi-Step Tool Attacks,2026-06-11 18:31:39.920000,2026-09-01 23:59:00,82.2273,55233906,submission.csv,2026-08-04 07:54:08.120000,--r14-v38-dyncap-p70-original-safe987,COMPLETE,78.66000,0.00000,86,44.5596,65.1332,48.9250,2139,4187,87.2550,0.0000
ai-agent-security-multi-step-tool-attacks,AI Agent Security - Multi-Step Tool Attacks,2026-06-11 18:31:39.920000,2026-09-01 23:59:00,82.2273,55266807,submission.csv,2026-08-05 10:15:58.617000,r15-drop-slow-probes,ERROR,79.69500,0.00000,87,45.0777,66.4691,49.5461,2113,4187,87.2550,0.0000
ai-agent-security-multi-step-tool-attacks,AI Agent Security - Multi-Step Tool Attacks,2026-06-11 18:31:39.920000,2026-09-01 23:59:00,82.2273,55267010,submission.csv,2026-08-05 10:24:33.080000,,ERROR,85.32000,0.00000,88,45.5959,66.4764,63.2585,1539,4187,87.2550,0.0000
ai-agent-security-multi-step-tool-attacks,AI Agent Security - Multi-Step Tool Attacks,2026-06-11 18:31:39.920000,2026-09-01 23:59:00,82.2273,55267081,submission.csv,2026-08-05 10:29:12.987000,r16_mp3_slow_quarantine,ERROR,,,89,46.1140,66.4803,,,4187,87.2550,0.0000
ai-agent-security-multi-step-tool-attacks,AI Agent Security - Multi-Step Tool Attacks,2026-06-11 18:31:39.920000,2026-09-01 23:59:00,82.2273,55267117,submission.csv,2026-08-05 10:30:57.960000,r16_mp2_slow_quarantine,ERROR,,,90,46.6321,66.4818,,,4187,87.2550,0.0000
ai-agent-security-multi-step-tool-attacks,AI Agent Security - Multi-Step Tool Attacks,2026-06-11 18:31:39.920000,2026-09-01 23:59:00,82.2273,55267167,submission.csv,2026-08-05 10:32:54.567000,r16_mp4_compact_one,ERROR,80.19000,0.00000,91,47.1503,66.4834,49.9044,2098,4187,87.2550,0.0000
ai-agent-security-multi-step-tool-attacks,AI Agent Security - Multi-Step Tool Attacks,2026-06-11 18:31:39.920000,2026-09-01 23:59:00,82.2273,55295416,submission.csv,2026-08-06 09:54:05.307000,r14_slow975_only,ERROR,84.42000,0.00000,92,47.6684,67.6668,59.5557,1694,4187,87.2550,0.0000
ai-agent-security-multi-step-tool-attacks,AI Agent Security - Multi-Step Tool Attacks,2026-06-11 18:31:39.920000,2026-09-01 23:59:00,82.2273,55295427,submission.csv,2026-08-06 09:55:14.327000,r14_mp1_k3_no_poison,ERROR,83.10500,0.00000,93,48.1865,67.6677,55.0645,1882,4187,87.2550,0.0000
ai-agent-security-multi-step-tool-attacks,AI Agent Security - Multi-Step Tool Attacks,2026-06-11 18:31:39.920000,2026-09-01 23:59:00,82.2273,55295541,submission.csv,2026-08-06 10:01:12.830000,r14_mp1_k4_no_poison,ERROR,77.61000,0.00000,94,48.7047,67.6728,48.5667,2154,4187,87.2550,0.0000
ai-agent-security-multi-step-tool-attacks,AI Agent Security - Multi-Step Tool Attacks,2026-06-11 18:31:39.920000,2026-09-01 23:59:00,82.2273,55295643,submission.csv,2026-08-06 10:07:43.580000,r14_mp1_k3_late_no_poison,ERROR,84.00500,0.00000,95,49.2228,67.6783,57.8118,1767,4187,87.2550,0.0000
ai-agent-security-multi-step-tool-attacks,AI Agent Security - Multi-Step Tool Attacks,2026-06-11 18:31:39.920000,2026-09-01 23:59:00,82.2273,55295715,submission.csv,2026-08-06 10:12:31.617000,r14_mp1_k2_late_no_poison,ERROR,77.89000,0.00000,96,49.7409,67.6823,48.6144,2152,4187,87.2550,0.0000
ai-agent-security-multi-step-tool-attacks,AI Agent Security - Multi-Step Tool Attacks,2026-06-11 18:31:39.920000,2026-09-01 23:59:00,82.2273,55324116,submission.csv,2026-08-07 12:00:29.997000,density01_burst2_probe_fallback,COMPLETE,82.21500,0.00000,97,50.2591,68.9897,52.8189,1976,4187,87.2550,0.0000
ai-agent-security-multi-step-tool-attacks,AI Agent Security - Multi-Step Tool Attacks,2026-06-11 18:31:39.920000,2026-09-01 23:59:00,82.2273,55324242,submission.csv,2026-08-07 12:07:23.667000,density02_burst4_probe_fallback,COMPLETE,84.69000,0.00000,98,50.7772,68.9955,60.6307,1649,4187,87.2550,0.0000
ai-agent-security-multi-step-tool-attacks,AI Agent Security - Multi-Step Tool Attacks,2026-06-11 18:31:39.920000,2026-09-01 23:59:00,82.2273,55324301,submission.csv,2026-08-07 12:10:31.117000,density03_burst3_probe_fallback,COMPLETE,79.29000,0.00000,99,51.2953,68.9981,49.3550,2121,4187,87.2550,0.0000
ai-agent-security-multi-step-tool-attacks,AI Agent Security - Multi-Step Tool Attacks,2026-06-11 18:31:39.920000,2026-09-01 23:59:00,82.2273,55324371,submission.csv,2026-08-07 12:14:37.337000,,COMPLETE,44.16500,0.00000,100,51.8135,69.0016,37.3626,2623,4187,87.2550,0.0000
ai-agent-security-multi-step-tool-attacks,AI Agent Security - Multi-Step Tool Attacks,2026-06-11 18:31:39.920000,2026-09-01 23:59:00,82.2273,55324396,submission.csv,2026-08-07 12:15:45.773000,density05_burst2_one_probe_fallback,COMPLETE,43.62500,0.00000,101,52.3316,69.0026,37.3149,2625,4187,87.2550,0.0000
ai-agent-security-multi-step-tool-attacks,AI Agent Security - Multi-Step Tool Attacks,2026-06-11 18:31:39.920000,2026-09-01 23:59:00,82.2273,55350336,submission.csv,2026-08-08 12:30:14.827000,density07_burst4_overfill_partial,COMPLETE,83.47500,0.00000,102,52.8497,70.2309,56.1873,1835,4187,87.2550,0.0000
ai-agent-security-multi-step-tool-attacks,AI Agent Security - Multi-Step Tool Attacks,2026-06-11 18:31:39.920000,2026-09-01 23:59:00,82.2273,55350402,submission.csv,2026-08-08 12:33:26.123000,legacy89_partial_overfill,COMPLETE,85.99500,0.00000,103,53.3679,70.2336,65.9580,1426,4187,87.2550,0.0000
ai-agent-security-multi-step-tool-attacks,AI Agent Security - Multi-Step Tool Attacks,2026-06-11 18:31:39.920000,2026-09-01 23:59:00,82.2273,55350467,submission.csv,2026-08-08 12:37:25.253000,blend01_burst4_then_single_tail,COMPLETE,85.63500,0.00000,104,53.8860,70.2370,64.4529,1489,4187,87.2550,0.0000
ai-agent-security-multi-step-tool-attacks,AI Agent Security - Multi-Step Tool Attacks,2026-06-11 18:31:39.920000,2026-09-01 23:59:00,82.2273,55350561,submission.csv,2026-08-08 12:41:39.677000,density06_burst5_probe_fallback,COMPLETE,84.01500,0.00000,105,54.4041,70.2406,57.8834,1764,4187,87.2550,0.0000
ai-agent-security-multi-step-tool-attacks,AI Agent Security - Multi-Step Tool Attacks,2026-06-11 18:31:39.920000,2026-09-01 23:59:00,82.2273,55350633,submission.csv,2026-08-08 12:44:04.750000,legacy89_safe987_exact,COMPLETE,80.95500,0.00000,106,54.9223,70.2426,50.7883,2061,4187,87.2550,0.0000
ai-agent-security-multi-step-tool-attacks,AI Agent Security - Multi-Step Tool Attacks,2026-06-11 18:31:39.920000,2026-09-01 23:59:00,82.2273,55374222,submission.csv,2026-08-09 09:31:07.373000,cache01_exact_dup_2000,COMPLETE,58.25000,0.00000,107,55.4404,71.2958,42.4988,2408,4187,87.2550,0.0000
ai-agent-security-multi-step-tool-attacks,AI Agent Security - Multi-Step Tool Attacks,2026-06-11 18:31:39.920000,2026-09-01 23:59:00,82.2273,55374657,submission.csv,2026-08-09 09:49:25.420000,cache02_samecell_jitter_2000,COMPLETE,43.23000,0.00000,108,55.9585,71.3113,37.1476,2632,4187,87.2550,0.0000
ai-agent-security-multi-step-tool-attacks,AI Agent Security - Multi-Step Tool Attacks,2026-06-11 18:31:39.920000,2026-09-01 23:59:00,82.2273,55375034,submission.csv,2026-08-09 10:04:16.787000,hop01_adaptive_target925,COMPLETE,49.54500,0.00000,109,56.4767,71.3238,39.4888,2534,4187,87.2550,0.0000
ai-agent-security-multi-step-tool-attacks,AI Agent Security - Multi-Step Tool Attacks,2026-06-11 18:31:39.920000,2026-09-01 23:59:00,82.2273,55375192,submission.csv,2026-08-09 10:10:26.330000,hop02_unique_chain_143,COMPLETE,,,110,56.9948,71.3290,,,4187,87.2550,0.0000
ai-agent-security-multi-step-tool-attacks,AI Agent Security - Multi-Step Tool Attacks,2026-06-11 18:31:39.920000,2026-09-01 23:59:00,82.2273,55375567,submission.csv,2026-08-09 10:24:46.940000,hop02_unique_chain_143,COMPLETE,,,111,57.5130,71.3411,,,4187,87.2550,0.0000
ai-agent-security-multi-step-tool-attacks,AI Agent Security - Multi-Step Tool Attacks,2026-06-11 18:31:39.920000,2026-09-01 23:59:00,82.2273,55405300,submission.csv,2026-08-10 11:41:27.713000,front01_micro_single_overfill,COMPLETE,80.91000,0.00000,112,58.0311,72.6220,50.7645,2062,4187,87.2550,0.0000
ai-agent-security-multi-step-tool-attacks,AI Agent Security - Multi-Step Tool Attacks,2026-06-11 18:31:39.920000,2026-09-01 23:59:00,82.2273,55405362,submission.csv,2026-08-10 11:44:26.027000,front02_legacy_front_k2_tail,COMPLETE,56.06000,0.00000,113,58.5492,72.6245,41.3043,2458,4187,87.2550,0.0000
ai-agent-security-multi-step-tool-attacks,AI Agent Security - Multi-Step Tool Attacks,2026-06-11 18:31:39.920000,2026-09-01 23:59:00,82.2273,55405468,submission.csv,2026-08-10 11:49:24.960000,front03_legacy_front_k3_tail,COMPLETE,60.61000,0.00000,114,59.0674,72.6287,43.5977,2362,4187,87.2550,0.0000
ai-agent-security-multi-step-tool-attacks,AI Agent Security - Multi-Step Tool Attacks,2026-06-11 18:31:39.920000,2026-09-01 23:59:00,82.2273,55405551,submission.csv,2026-08-10 11:53:01.703000,front05_gemma_braceproof_single,COMPLETE,58.27500,0.00000,115,59.5855,72.6318,42.4988,2408,4187,87.2550,0.0000
ai-agent-security-multi-step-tool-attacks,AI Agent Security - Multi-Step Tool Attacks,2026-06-11 18:31:39.920000,2026-09-01 23:59:00,82.2273,55405794,submission.csv,2026-08-10 12:04:42.650000,code02_pilkwang_mechanical_probe,COMPLETE,56.97000,0.00000,116,60.1036,72.6417,41.7105,2441,4187,87.2550,0.0000
ai-agent-security-multi-step-tool-attacks,AI Agent Security - Multi-Step Tool Attacks,2026-06-11 18:31:39.920000,2026-09-01 23:59:00,82.2273,55438719,submission.csv,2026-08-11 17:32:02.790000,sup01_legacy_no_answer,COMPLETE,49.59000,0.00000,117,60.6218,74.1342,39.4888,2534,4187,87.2550,0.0000
ai-agent-security-multi-step-tool-attacks,AI Agent Security - Multi-Step Tool Attacks,2026-06-11 18:31:39.920000,2026-09-01 23:59:00,82.2273,55438764,submission.csv,2026-08-11 17:34:50.053000,sup02_legacy_stop_after_tool,COMPLETE,47.20500,0.00000,118,61.1399,74.1366,38.7004,2567,4187,87.2550,0.0000
ai-agent-security-multi-step-tool-attacks,AI Agent Security - Multi-Step Tool Attacks,2026-06-11 18:31:39.920000,2026-09-01 23:59:00,82.2273,55438845,submission.csv,2026-08-11 17:38:54.533000,sup03_legacy_no_final_text,COMPLETE,52.65000,0.00000,119,61.6580,74.1400,40.2054,2504,4187,87.2550,0.0000
ai-agent-security-multi-step-tool-attacks,AI Agent Security - Multi-Step Tool Attacks,2026-06-11 18:31:39.920000,2026-09-01 23:59:00,82.2273,55438926,submission.csv,2026-08-11 17:42:57.807000,sup04_frame_only,COMPLETE,71.55000,0.00000,120,62.1762,74.1435,46.1061,2257,4187,87.2550,0.0000
ai-agent-security-multi-step-tool-attacks,AI Agent Security - Multi-Step Tool Attacks,2026-06-11 18:31:39.920000,2026-09-01 23:59:00,82.2273,55438989,submission.csv,2026-08-11 17:46:37.480000,sup05_frame_after_safe_front,COMPLETE,55.72000,0.00000,121,62.6943,74.1466,41.2566,2460,4187,87.2550,0.0000
ai-agent-security-multi-step-tool-attacks,AI Agent Security - Multi-Step Tool Attacks,2026-06-11 18:31:39.920000,2026-09-01 23:59:00,82.2273,55464680,submission.csv,2026-08-12 18:00:19.100000,pred01_hop_saturation_guarded,COMPLETE,84.24000,0.00000,122,63.2124,75.3743,58.7434,1728,4187,87.2550,0.0000
ai-agent-security-multi-step-tool-attacks,AI Agent Security - Multi-Step Tool Attacks,2026-06-11 18:31:39.920000,2026-09-01 23:59:00,82.2273,55464770,submission.csv,2026-08-12 18:06:15.793000,pred02_confused_deputy_probe,COMPLETE,85.32000,0.00000,123,63.7306,75.3793,63.2585,1539,4187,87.2550,0.0000
ai-agent-security-multi-step-tool-attacks,AI Agent Security - Multi-Step Tool Attacks,2026-06-11 18:31:39.920000,2026-09-01 23:59:00,82.2273,55477304,submission.csv,2026-08-13 07:38:40.757000,pred03_exfil_deputy_router,COMPLETE,85.59000,0.00000,124,64.2487,76.0654,64.1902,1500,4187,87.2550,0.0000
ai-agent-security-multi-step-tool-attacks,AI Agent Security - Multi-Step Tool Attacks,2026-06-11 18:31:39.920000,2026-09-01 23:59:00,82.2273,55477412,submission.csv,2026-08-13 07:45:26.357000,pred04_untrusted_boundary_audit,COMPLETE,83.65500,0.00000,125,64.7668,76.0711,56.6412,1816,4187,87.2550,0.0000
ai-agent-security-multi-step-tool-attacks,AI Agent Security - Multi-Step Tool Attacks,2026-06-11 18:31:39.920000,2026-09-01 23:59:00,82.2273,55477560,submission.csv,2026-08-13 07:52:32.937000,pred05_stack_portfolio_max,COMPLETE,0.09000,0.00000,126,65.2850,76.0771,15.2174,3550,4187,87.2550,0.0000
ai-agent-security-multi-step-tool-attacks,AI Agent Security - Multi-Step Tool Attacks,2026-06-11 18:31:39.920000,2026-09-01 23:59:00,82.2273,55477939,submission.csv,2026-08-13 08:10:43.870000,edge01_partial_replay_ladder,COMPLETE,86.80500,0.00000,127,65.8031,76.0925,69.5652,1275,4187,87.2550,0.0000
ai-agent-security-multi-step-tool-attacks,AI Agent Security - Multi-Step Tool Attacks,2026-06-11 18:31:39.920000,2026-09-01 23:59:00,82.2273,55477984,submission.csv,2026-08-13 08:13:39.033000,edge02_selector_overfill_hybrid,COMPLETE,85.59000,0.00000,128,66.3212,76.0949,64.1902,1500,4187,87.2550,0.0000
ai-agent-security-multi-step-tool-attacks,AI Agent Security - Multi-Step Tool Attacks,2026-06-11 18:31:39.920000,2026-09-01 23:59:00,82.2273,55501715,submission.csv,2026-08-14 08:46:50.437000,edge03_supp_gate_slow_only,COMPLETE,84.01500,0.00000,129,66.8394,77.3391,57.8834,1764,4187,87.2550,0.0000
ai-agent-security-multi-step-tool-attacks,AI Agent Security - Multi-Step Tool Attacks,2026-06-11 18:31:39.920000,2026-09-01 23:59:00,82.2273,55501730,submission.csv,2026-08-14 08:47:50.527000,edge04_fastcap_front993,COMPLETE,79.74000,0.00000,130,67.3575,77.3400,49.5461,2113,4187,87.2550,0.0000
ai-agent-security-multi-step-tool-attacks,AI Agent Security - Multi-Step Tool Attacks,2026-06-11 18:31:39.920000,2026-09-01 23:59:00,82.2273,55501769,submission.csv,2026-08-14 08:50:44.593000,edge05_slow_frame_v2,COMPLETE,86.58000,0.00000,131,67.8756,77.3424,68.4185,1323,4187,87.2550,0.0000
ai-agent-security-multi-step-tool-attacks,AI Agent Security - Multi-Step Tool Attacks,2026-06-11 18:31:39.920000,2026-09-01 23:59:00,82.2273,55501821,submission.csv,2026-08-14 08:54:18.487000,edge06_plain_tail,COMPLETE,78.43500,0.00000,132,68.3938,77.3454,48.7578,2146,4187,87.2550,0.0000
ai-agent-security-multi-step-tool-attacks,AI Agent Security - Multi-Step Tool Attacks,2026-06-11 18:31:39.920000,2026-09-01 23:59:00,82.2273,55501860,submission.csv,2026-08-14 08:56:54.323000,edge07_url_cell_diversity,COMPLETE,59.49000,0.00000,133,68.9119,77.3476,43.1199,2382,4187,87.2550,0.0000
ai-agent-security-multi-step-tool-attacks,AI Agent Security - Multi-Step Tool Attacks,2026-06-11 18:31:39.920000,2026-09-01 23:59:00,82.2273,55523235,submission.csv,2026-08-15 08:15:44.997000,,COMPLETE,86.13000,0.00000,134,69.4301,78.5290,66.3880,1408,4187,87.2550,0.0000
ai-agent-security-multi-step-tool-attacks,AI Agent Security - Multi-Step Tool Attacks,2026-06-11 18:31:39.920000,2026-09-01 23:59:00,82.2273,55523270,submission.csv,2026-08-15 08:17:19.193000,,COMPLETE,78.12000,0.00000,135,69.9482,78.5303,48.7100,2148,4187,87.2550,0.0000
ai-agent-security-multi-step-tool-attacks,AI Agent Security - Multi-Step Tool Attacks,2026-06-11 18:31:39.920000,2026-09-01 23:59:00,82.2273,55523318,submission.csv,2026-08-15 08:20:17.440000,,COMPLETE,83.97000,0.00000,136,70.4663,78.5328,57.7162,1771,4187,87.2550,0.0000
ai-agent-security-multi-step-tool-attacks,AI Agent Security - Multi-Step Tool Attacks,2026-06-11 18:31:39.920000,2026-09-01 23:59:00,82.2273,55523358,submission.csv,2026-08-15 08:22:38.080000,,COMPLETE,80.77500,0.00000,137,70.9845,78.5348,50.5733,2070,4187,87.2550,0.0000
ai-agent-security-multi-step-tool-attacks,AI Agent Security - Multi-Step Tool Attacks,2026-06-11 18:31:39.920000,2026-09-01 23:59:00,82.2273,55523412,submission.csv,2026-08-15 08:25:25.660000,,COMPLETE,86.26500,0.00000,138,71.5026,78.5372,66.7702,1392,4187,87.2550,0.0000
ai-agent-security-multi-step-tool-attacks,AI Agent Security - Multi-Step Tool Attacks,2026-06-11 18:31:39.920000,2026-09-01 23:59:00,82.2273,55546807,submission.csv,2026-08-16 07:41:12.457000,exact91_v15_original,COMPLETE,76.14000,0.00000,139,72.0207,79.7160,47.7544,2188,4187,87.2550,0.0000
ai-agent-security-multi-step-tool-attacks,AI Agent Security - Multi-Step Tool Attacks,2026-06-11 18:31:39.920000,2026-09-01 23:59:00,82.2273,55546856,submission.csv,2026-08-16 07:43:48.840000,exact91_v15_tail1200,COMPLETE,87.12000,0.00000,140,72.5389,79.7182,71.3808,1199,4187,87.2550,0.0000
ai-agent-security-multi-step-tool-attacks,AI Agent Security - Multi-Step Tool Attacks,2026-06-11 18:31:39.920000,2026-09-01 23:59:00,82.2273,55546926,submission.csv,2026-08-16 07:47:10.533000,exact91_v15_tail1600,COMPLETE,88.02000,0.00000,141,73.0570,79.7210,76.7559,974,4187,87.2550,0.0000
ai-agent-security-multi-step-tool-attacks,AI Agent Security - Multi-Step Tool Attacks,2026-06-11 18:31:39.920000,2026-09-01 23:59:00,82.2273,55546975,submission.csv,2026-08-16 07:50:02.860000,exact91_v15_cap982,COMPLETE,84.10500,0.00000,142,73.5751,79.7234,58.2656,1748,4187,87.2550,0.0000
ai-agent-security-multi-step-tool-attacks,AI Agent Security - Multi-Step Tool Attacks,2026-06-11 18:31:39.920000,2026-09-01 23:59:00,82.2273,55547011,submission.csv,2026-08-16 07:52:39.177000,exact91_v15_cap982_tail1200,COMPLETE,86.04000,0.00000,143,74.0933,79.7256,66.0535,1422,4187,87.2550,0.0000
ai-agent-security-multi-step-tool-attacks,AI Agent Security - Multi-Step Tool Attacks,2026-06-11 18:31:39.920000,2026-09-01 23:59:00,82.2273,55573636,submission.csv,2026-08-17 07:41:36.157000,exact91_v15_tail1500,COMPLETE,89.64000,0.00000,144,74.6114,80.9324,86.1204,582,4187,87.2550,0.0000
ai-agent-security-multi-step-tool-attacks,AI Agent Security - Multi-Step Tool Attacks,2026-06-11 18:31:39.920000,2026-09-01 23:59:00,82.2273,55573678,submission.csv,2026-08-17 07:43:52.173000,exact91_v15_tail1700,COMPLETE,85.63500,0.00000,145,75.1295,80.9343,64.4529,1489,4187,87.2550,0.0000
ai-agent-security-multi-step-tool-attacks,AI Agent Security - Multi-Step Tool Attacks,2026-06-11 18:31:39.920000,2026-09-01 23:59:00,82.2273,55573680,submission.csv,2026-08-17 07:44:04.153000,exact91_v15_tail1800,COMPLETE,87.43500,0.00000,146,75.6477,80.9345,73.3875,1115,4187,87.2550,0.0000
ai-agent-security-multi-step-tool-attacks,AI Agent Security - Multi-Step Tool Attacks,2026-06-11 18:31:39.920000,2026-09-01 23:59:00,82.2273,55573693,submission.csv,2026-08-17 07:44:20.423000,exact91_v15_tail2000,COMPLETE,82.17000,0.00000,147,76.1658,80.9347,52.7473,1979,4187,87.2550,0.0000
ai-agent-security-multi-step-tool-attacks,AI Agent Security - Multi-Step Tool Attacks,2026-06-11 18:31:39.920000,2026-09-01 23:59:00,82.2273,55573703,submission.csv,2026-08-17 07:44:55.070000,exact91_v15_tail1600_keep_warmup,COMPLETE,88.06500,0.00000,148,76.6839,80.9352,77.0425,962,4187,87.2550,0.0000
ai-agent-security-multi-step-tool-attacks,AI Agent Security - Multi-Step Tool Attacks,2026-06-11 18:31:39.920000,2026-09-01 23:59:00,82.2273,55643089,submission.csv,2026-08-20 09:22:39.223000,exact91_v15_tail1425,COMPLETE,80.95500,0.00000,149,77.2021,84.6662,50.7883,2061,4187,87.2550,0.0000
ai-agent-security-multi-step-tool-attacks,AI Agent Security - Multi-Step Tool Attacks,2026-06-11 18:31:39.920000,2026-09-01 23:59:00,82.2273,55643099,submission.csv,2026-08-20 09:23:21.857000,exact91_v15_tail1475,COMPLETE,87.03000,0.00000,150,77.7202,84.6668,70.7597,1225,4187,87.2550,0.0000
ai-agent-security-multi-step-tool-attacks,AI Agent Security - Multi-Step Tool Attacks,2026-06-11 18:31:39.920000,2026-09-01 23:59:00,82.2273,55643110,submission.csv,2026-08-20 09:24:13.510000,exact91_v15_tail1525,COMPLETE,83.47500,0.00000,151,78.2383,84.6675,56.1873,1835,4187,87.2550,0.0000
ai-agent-security-multi-step-tool-attacks,AI Agent Security - Multi-Step Tool Attacks,2026-06-11 18:31:39.920000,2026-09-01 23:59:00,82.2273,55643124,submission.csv,2026-08-20 09:24:52.667000,exact91_v15_tail1550,COMPLETE,81.27000,0.00000,152,78.7565,84.6681,51.1945,2044,4187,87.2550,0.0000
ai-agent-security-multi-step-tool-attacks,AI Agent Security - Multi-Step Tool Attacks,2026-06-11 18:31:39.920000,2026-09-01 23:59:00,82.2273,55643133,submission.csv,2026-08-20 09:25:20.770000,exact91_v15_tail1500_slowest130,COMPLETE,75.37500,0.00000,153,79.2746,84.6685,47.4439,2201,4187,87.2550,0.0000
ai-agent-security-multi-step-tool-attacks,AI Agent Security - Multi-Step Tool Attacks,2026-06-11 18:31:39.920000,2026-09-01 23:59:00,82.2273,55664635,submission.csv,2026-08-21 08:22:40.727000,lm01_tail1495,COMPLETE,83.61000,0.00000,154,79.7927,85.8317,56.4978,1822,4187,87.2550,0.0000
ai-agent-security-multi-step-tool-attacks,AI Agent Security - Multi-Step Tool Attacks,2026-06-11 18:31:39.920000,2026-09-01 23:59:00,82.2273,55664652,submission.csv,2026-08-21 08:23:40.150000,mb01_slow1475_fast1500,COMPLETE,75.06000,0.00000,155,80.3109,85.8325,47.3722,2204,4187,87.2550,0.0000
ai-agent-security-multi-step-tool-attacks,AI Agent Security - Multi-Step Tool Attacks,2026-06-11 18:31:39.920000,2026-09-01 23:59:00,82.2273,55664676,submission.csv,2026-08-21 08:24:45.637000,mb02_slow1500_fast1475,COMPLETE,85.32000,0.00000,156,80.8290,85.8334,63.2585,1539,4187,87.2550,0.0000
ai-agent-security-multi-step-tool-attacks,AI Agent Security - Multi-Step Tool Attacks,2026-06-11 18:31:39.920000,2026-09-01 23:59:00,82.2273,55664690,submission.csv,2026-08-21 08:25:53.600000,sp01_deputy_tail5_after_front,COMPLETE,84.37500,0.00000,157,81.3472,85.8344,59.3168,1704,4187,87.2550,0.0000
ai-agent-security-multi-step-tool-attacks,AI Agent Security - Multi-Step Tool Attacks,2026-06-11 18:31:39.920000,2026-09-01 23:59:00,82.2273,55664757,submission.csv,2026-08-21 08:29:17.960000,sp02_untrusted_tail5_after_front,COMPLETE,87.84000,0.00000,158,81.8653,85.8373,75.9436,1008,4187,87.2550,0.0000
ai-agent-security-multi-step-tool-attacks,AI Agent Security - Multi-Step Tool Attacks,2026-06-11 18:31:39.920000,2026-09-01 23:59:00,82.2273,55686299,submission.csv,2026-08-22 07:58:26.793000,ctl01_clean_tail1500_repeat,COMPLETE,86.67000,0.00000,159,82.3834,87.0274,68.9202,1302,4187,87.2550,0.0000
ai-agent-security-multi-step-tool-attacks,AI Agent Security - Multi-Step Tool Attacks,2026-06-11 18:31:39.920000,2026-09-01 23:59:00,82.2273,55686346,submission.csv,2026-08-22 08:00:59.783000,ff01_no_export_exact1_tail1500,COMPLETE,88.06500,0.00000,160,82.9016,87.0295,77.0425,962,4187,87.2550,0.0000
ai-agent-security-multi-step-tool-attacks,AI Agent Security - Multi-Step Tool Attacks,2026-06-11 18:31:39.920000,2026-09-01 23:59:00,82.2273,55686374,submission.csv,2026-08-22 08:02:43.323000,ff02_no_export_any_tail1500,COMPLETE,81.99000,0.00000,161,83.4197,87.0310,52.5323,1988,4187,87.2550,0.0000
ai-agent-security-multi-step-tool-attacks,AI Agent Security - Multi-Step Tool Attacks,2026-06-11 18:31:39.920000,2026-09-01 23:59:00,82.2273,55686395,submission.csv,2026-08-22 08:03:51.897000,ff03_no_export_exact1_safe982_tail1500,COMPLETE,82.57500,0.00000,162,83.9378,87.0319,53.7267,1938,4187,87.2550,0.0000
ai-agent-security-multi-step-tool-attacks,AI Agent Security - Multi-Step Tool Attacks,2026-06-11 18:31:39.920000,2026-09-01 23:59:00,82.2273,55686439,submission.csv,2026-08-22 08:05:31.330000,ff04_no_export_exact1_safe985_tail1500,COMPLETE,80.41500,0.00000,163,84.4560,87.0333,50.1433,2088,4187,87.2550,0.0000
ai-agent-security-multi-step-tool-attacks,AI Agent Security - Multi-Step Tool Attacks,2026-06-11 18:31:39.920000,2026-09-01 23:59:00,82.2273,55710726,submission.csv,2026-08-23 09:00:54.573000,ad01-diag-base,COMPLETE,84.46500,0.00000,164,84.9741,88.2963,59.7946,1684,4187,87.2550,0.0000
ai-agent-security-multi-step-tool-attacks,AI Agent Security - Multi-Step Tool Attacks,2026-06-11 18:31:39.920000,2026-09-01 23:59:00,82.2273,55710753,submission.csv,2026-08-23 09:02:27.790000,ad02-classify2,COMPLETE,88.78500,0.00000,165,85.4922,88.2976,81.6531,769,4187,87.2550,0.0000
ai-agent-security-multi-step-tool-attacks,AI Agent Security - Multi-Step Tool Attacks,2026-06-11 18:31:39.920000,2026-09-01 23:59:00,82.2273,55710791,submission.csv,2026-08-23 09:04:06.073000,ad03-frame-bare,COMPLETE,82.75500,0.00000,166,86.0104,88.2990,54.1089,1922,4187,87.2550,0.0000
ai-agent-security-multi-step-tool-attacks,AI Agent Security - Multi-Step Tool Attacks,2026-06-11 18:31:39.920000,2026-09-01 23:59:00,82.2273,55710820,submission.csv,2026-08-23 09:05:23.673000,ad04-base-repeat,COMPLETE,80.64000,0.00000,167,86.5285,88.3000,50.4539,2075,4187,87.2550,0.0000
ai-agent-security-multi-step-tool-attacks,AI Agent Security - Multi-Step Tool Attacks,2026-06-11 18:31:39.920000,2026-09-01 23:59:00,82.2273,55710843,submission.csv,2026-08-23 09:06:12.800000,ad05-probe1-c125,COMPLETE,62.23500,0.00000,168,87.0466,88.3007,44.4099,2328,4187,87.2550,0.0000
ai-agent-security-multi-step-tool-attacks,AI Agent Security - Multi-Step Tool Attacks,2026-06-11 18:31:39.920000,2026-09-01 23:59:00,82.2273,55736953,submission.csv,2026-08-24 08:00:58.047000,ae01-base-tc2,COMPLETE,87.21000,0.00000,169,87.5648,89.4618,71.7869,1182,4187,87.2550,0.0000
ai-agent-security-multi-step-tool-attacks,AI Agent Security - Multi-Step Tool Attacks,2026-06-11 18:31:39.920000,2026-09-01 23:59:00,82.2273,55736980,submission.csv,2026-08-24 08:02:19.107000,ae02-base-tc2-r2,COMPLETE,85.81500,0.00000,170,88.0829,89.4629,65.2652,1455,4187,87.2550,0.0000
ai-agent-security-multi-step-tool-attacks,AI Agent Security - Multi-Step Tool Attacks,2026-06-11 18:31:39.920000,2026-09-01 23:59:00,82.2273,55737015,submission.csv,2026-08-24 08:03:58.657000,ae03-base-tc2-r3,COMPLETE,85.18500,0.00000,171,88.6010,89.4643,62.6851,1563,4187,87.2550,0.0000
ai-agent-security-multi-step-tool-attacks,AI Agent Security - Multi-Step Tool Attacks,2026-06-11 18:31:39.920000,2026-09-01 23:59:00,82.2273,55737052,submission.csv,2026-08-24 08:05:26.457000,ae04-rollback-guard,COMPLETE,78.79500,0.00000,172,89.1192,89.4656,48.9967,2136,4187,87.2550,0.0000
ai-agent-security-multi-step-tool-attacks,AI Agent Security - Multi-Step Tool Attacks,2026-06-11 18:31:39.920000,2026-09-01 23:59:00,82.2273,55737082,submission.csv,2026-08-24 08:06:32.713000,ae05-tail-plain,COMPLETE,83.25000,0.00000,173,89.6373,89.4665,55.4706,1865,4187,87.2550,0.0000
ai-agent-security-multi-step-tool-attacks,AI Agent Security - Multi-Step Tool Attacks,2026-06-11 18:31:39.920000,2026-09-01 23:59:00,82.2273,55764698,submission.csv,2026-08-25 07:29:57.540000,af01-best-repeat,COMPLETE,85.54500,0.00000,174,90.1554,90.6517,64.0229,1507,4187,87.2550,0.0000
ai-agent-security-multi-step-tool-attacks,AI Agent Security - Multi-Step Tool Attacks,2026-06-11 18:31:39.920000,2026-09-01 23:59:00,82.2273,55764700,submission.csv,2026-08-25 07:30:05.240000,af02-best-repeat,COMPLETE,85.50000,0.00000,175,90.6736,90.6518,63.8079,1516,4187,87.2550,0.0000
ai-agent-security-multi-step-tool-attacks,AI Agent Security - Multi-Step Tool Attacks,2026-06-11 18:31:39.920000,2026-09-01 23:59:00,82.2273,55764728,submission.csv,2026-08-25 07:31:47.763000,af06-noreason,COMPLETE,73.89000,0.00000,176,91.1917,90.6533,46.8466,2226,4187,87.2550,0.0000
ai-agent-security-multi-step-tool-attacks,AI Agent Security - Multi-Step Tool Attacks,2026-06-11 18:31:39.920000,2026-09-01 23:59:00,82.2273,55764797,submission.csv,2026-08-25 07:35:38.097000,af07-reason-low,COMPLETE,49.14000,0.00000,177,91.7098,90.6565,39.3693,2539,4187,87.2550,0.0000
ai-agent-security-multi-step-tool-attacks,AI Agent Security - Multi-Step Tool Attacks,2026-06-11 18:31:39.920000,2026-09-01 23:59:00,82.2273,55792011,submission.csv,2026-08-26 10:03:20.597000,ag01-hengck23,COMPLETE,74.11500,0.00000,178,92.2280,91.9974,46.9422,2222,4187,87.2550,0.0000
ai-agent-security-multi-step-tool-attacks,AI Agent Security - Multi-Step Tool Attacks,2026-06-11 18:31:39.920000,2026-09-01 23:59:00,82.2273,55792038,submission.csv,2026-08-26 10:04:36.623000,ag02-hengck23-r2,COMPLETE,76.50000,0.00000,179,92.7461,91.9985,47.9455,2180,4187,87.2550,0.0000
ai-agent-security-multi-step-tool-attacks,AI Agent Security - Multi-Step Tool Attacks,2026-06-11 18:31:39.920000,2026-09-01 23:59:00,82.2273,55792134,submission.csv,2026-08-26 10:10:26.050000,ag03-heng-tpl-fill,COMPLETE,83.34000,0.00000,180,93.2642,92.0034,55.7812,1852,4187,87.2550,0.0000
ai-agent-security-multi-step-tool-attacks,AI Agent Security - Multi-Step Tool Attacks,2026-06-11 18:31:39.920000,2026-09-01 23:59:00,82.2273,55792191,submission.csv,2026-08-26 10:14:24.907000,--another af01,COMPLETE,86.85000,0.00000,181,93.7824,92.0068,69.8280,1264,4187,87.2550,0.0000
ai-agent-security-multi-step-tool-attacks,AI Agent Security - Multi-Step Tool Attacks,2026-06-11 18:31:39.920000,2026-09-01 23:59:00,82.2273,55792204,submission.csv,2026-08-26 10:14:59.870000,--another af02,COMPLETE,88.02000,0.00000,182,94.3005,92.0073,76.7559,974,4187,87.2550,0.0000
ai-agent-security-multi-step-tool-attacks,AI Agent Security - Multi-Step Tool Attacks,2026-06-11 18:31:39.920000,2026-09-01 23:59:00,82.2273,55873695,submission.csv,2026-08-29 19:03:57.377000,,COMPLETE,34.67000,0.00000,183,94.8187,96.1024,33.7554,2774,4187,87.2550,0.0000
ai-agent-security-multi-step-tool-attacks,AI Agent Security - Multi-Step Tool Attacks,2026-06-11 18:31:39.920000,2026-09-01 23:59:00,82.2273,55898514,submission.csv,2026-08-30 19:18:20.587000,,COMPLETE,85.68000,0.00000,184,95.3368,97.3307,64.5963,1483,4187,87.2550,0.0000
ai-agent-security-multi-step-tool-attacks,AI Agent Security - Multi-Step Tool Attacks,2026-06-11 18:31:39.920000,2026-09-01 23:59:00,82.2273,55898517,submission.csv,2026-08-30 19:18:36.250000,,COMPLETE,89.23500,0.00000,185,95.8549,97.3309,83.9943,671,4187,87.2550,0.0000
ai-agent-security-multi-step-tool-attacks,AI Agent Security - Multi-Step Tool Attacks,2026-06-11 18:31:39.920000,2026-09-01 23:59:00,82.2273,55898519,submission.csv,2026-08-30 19:18:44.800000,,COMPLETE,,,186,96.3731,97.3310,,,4187,87.2550,0.0000
ai-agent-security-multi-step-tool-attacks,AI Agent Security - Multi-Step Tool Attacks,2026-06-11 18:31:39.920000,2026-09-01 23:59:00,82.2273,55898523,submission.csv,2026-08-30 19:18:53.573000,,COMPLETE,80.69500,0.00000,187,96.8912,97.3312,50.5017,2073,4187,87.2550,0.0000
ai-agent-security-multi-step-tool-attacks,AI Agent Security - Multi-Step Tool Attacks,2026-06-11 18:31:39.920000,2026-09-01 23:59:00,82.2273,55898534,submission.csv,2026-08-30 19:19:17.133000,,COMPLETE,87.75000,0.00000,188,97.4093,97.3315,75.2031,1039,4187,87.2550,0.0000
ai-agent-security-multi-step-tool-attacks,AI Agent Security - Multi-Step Tool Attacks,2026-06-11 18:31:39.920000,2026-09-01 23:59:00,82.2273,55916038,submission.csv,2026-08-31 13:04:45.387000,,COMPLETE,69.48000,0.00000,189,97.9275,98.2313,45.4849,2283,4187,87.2550,0.0000
ai-agent-security-multi-step-tool-attacks,AI Agent Security - Multi-Step Tool Attacks,2026-06-11 18:31:39.920000,2026-09-01 23:59:00,82.2273,55916041,submission.csv,2026-08-31 13:04:53.823000,,COMPLETE,72.72000,0.00000,190,98.4456,98.2314,46.4644,2242,4187,87.2550,0.0000
ai-agent-security-multi-step-tool-attacks,AI Agent Security - Multi-Step Tool Attacks,2026-06-11 18:31:39.920000,2026-09-01 23:59:00,82.2273,55916044,submission.csv,2026-08-31 13:05:02.593000,,COMPLETE,84.64500,0.00000,191,98.9637,98.2316,60.3679,1660,4187,87.2550,0.0000
ai-agent-security-multi-step-tool-attacks,AI Agent Security - Multi-Step Tool Attacks,2026-06-11 18:31:39.920000,2026-09-01 23:59:00,82.2273,55916047,submission.csv,2026-08-31 13:05:11.850000,,COMPLETE,68.67000,0.00000,192,99.4819,98.2317,45.3655,2288,4187,87.2550,0.0000
ai-agent-security-multi-step-tool-attacks,AI Agent Security - Multi-Step Tool Attacks,2026-06-11 18:31:39.920000,2026-09-01 23:59:00,82.2273,55916052,submission.csv,2026-08-31 13:05:18.873000,,COMPLETE,66.45500,0.00000,193,100.0000,98.2318,45.1027,2299,4187,87.2550,0.0000
enveda-CASMI26-molecule-id-mass-spectra,Enveda CASMI 2026 - Molecule ID From Mass Spectra,2026-09-14 22:57:37.417000,2026-12-14 23:59:00,91.0426,56310288,submission.csv,2026-09-17 17:16:37.203000,,COMPLETE,,,1,2.7027,3.0351,,,2142,0.1370,0.0000
enveda-CASMI26-molecule-id-mass-spectra,Enveda CASMI 2026 - Molecule ID From Mass Spectra,2026-09-14 22:57:37.417000,2026-12-14 23:59:00,91.0426,56327380,submission.csv,2026-09-18 10:04:54.763000,,COMPLETE,0.125,,2,5.4054,3.8041,14.0121,1842,2142,0.1370,0.0000
enveda-CASMI26-molecule-id-mass-spectra,Enveda CASMI 2026 - Molecule ID From Mass Spectra,2026-09-14 22:57:37.417000,2026-12-14 23:59:00,91.0426,56337281,submission.csv,2026-09-18 18:27:49.193000,,COMPLETE,0.323,,3,8.1081,4.1877,50.2569,1066,2142,0.1370,0.0000
enveda-CASMI26-molecule-id-mass-spectra,Enveda CASMI 2026 - Molecule ID From Mass Spectra,2026-09-14 22:57:37.417000,2026-12-14 23:59:00,91.0426,56347945,submission.csv,2026-09-19 04:14:32.790000,,COMPLETE,0.305,,4,10.8108,4.6353,46.2401,1152,2142,0.1370,0.0000
enveda-CASMI26-molecule-id-mass-spectra,Enveda CASMI 2026 - Molecule ID From Mass Spectra,2026-09-14 22:57:37.417000,2026-12-14 23:59:00,91.0426,56356187,submission.csv,2026-09-19 10:28:20.883000,,COMPLETE,0.328,,5,13.5135,4.9204,57.0761,920,2142,0.1370,0.0000
enveda-CASMI26-molecule-id-mass-spectra,Enveda CASMI 2026 - Molecule ID From Mass Spectra,2026-09-14 22:57:37.417000,2026-12-14 23:59:00,91.0426,56356189,submission.csv,2026-09-19 10:28:27.430000,,COMPLETE,0.328,,6,16.2162,4.9205,57.0761,920,2142,0.1370,0.0000
enveda-CASMI26-molecule-id-mass-spectra,Enveda CASMI 2026 - Molecule ID From Mass Spectra,2026-09-14 22:57:37.417000,2026-12-14 23:59:00,91.0426,56360789,submission.csv,2026-09-19 13:47:23.447000,,COMPLETE,0.323,,7,18.9189,5.0722,50.2569,1066,2142,0.1370,0.0000
enveda-CASMI26-molecule-id-mass-spectra,Enveda CASMI 2026 - Molecule ID From Mass Spectra,2026-09-14 22:57:37.417000,2026-12-14 23:59:00,91.0426,56427784,submission.csv,2026-09-21 11:47:39.853000,,COMPLETE,0.324,,8,21.6216,7.1777,50.3970,1063,2142,0.1370,0.0000
enveda-CASMI26-molecule-id-mass-spectra,Enveda CASMI 2026 - Molecule ID From Mass Spectra,2026-09-14 22:57:37.417000,2026-12-14 23:59:00,91.0426,56428020,submission.csv,2026-09-21 11:59:19.473000,,COMPLETE,0.335,,9,24.3243,7.1866,63.0079,793,2142,0.1370,0.0000
enveda-CASMI26-molecule-id-mass-spectra,Enveda CASMI 2026 - Molecule ID From Mass Spectra,2026-09-14 22:57:37.417000,2026-12-14 23:59:00,91.0426,56435404,submission.csv,2026-09-21 15:21:56.207000,,COMPLETE,0.324,,10,27.0270,7.3411,50.3970,1063,2142,0.1370,0.0000
enveda-CASMI26-molecule-id-mass-spectra,Enveda CASMI 2026 - Molecule ID From Mass Spectra,2026-09-14 22:57:37.417000,2026-12-14 23:59:00,91.0426,56435529,submission.csv,2026-09-21 15:27:30.630000,,COMPLETE,0.329,,11,29.7297,7.3454,57.7767,905,2142,0.1370,0.0000
enveda-CASMI26-molecule-id-mass-spectra,Enveda CASMI 2026 - Molecule ID From Mass Spectra,2026-09-14 22:57:37.417000,2026-12-14 23:59:00,91.0426,56442859,submission.csv,2026-09-21 20:20:24.370000,,COMPLETE,0.321,,12,32.4324,7.5688,49.7898,1076,2142,0.1370,0.0000
enveda-CASMI26-molecule-id-mass-spectra,Enveda CASMI 2026 - Molecule ID From Mass Spectra,2026-09-14 22:57:37.417000,2026-12-14 23:59:00,91.0426,56466461,submission.csv,2026-09-22 13:59:51.877000,,COMPLETE,0.324,,13,35.1351,8.3769,50.3970,1063,2142,0.1370,0.0000
enveda-CASMI26-molecule-id-mass-spectra,Enveda CASMI 2026 - Molecule ID From Mass Spectra,2026-09-14 22:57:37.417000,2026-12-14 23:59:00,91.0426,56466497,submission.csv,2026-09-22 14:01:44.700000,,COMPLETE,0.324,,14,37.8378,8.3783,50.3970,1063,2142,0.1370,0.0000
enveda-CASMI26-molecule-id-mass-spectra,Enveda CASMI 2026 - Molecule ID From Mass Spectra,2026-09-14 22:57:37.417000,2026-12-14 23:59:00,91.0426,56521866,submission.csv,2026-09-24 13:03:00.413000,,COMPLETE,0.327,,15,40.5405,10.5303,51.4713,1040,2142,0.1370,0.0000
enveda-CASMI26-molecule-id-mass-spectra,Enveda CASMI 2026 - Molecule ID From Mass Spectra,2026-09-14 22:57:37.417000,2026-12-14 23:59:00,91.0426,56521870,submission.csv,2026-09-24 13:03:09.477000,,COMPLETE,0.327,,16,43.2432,10.5304,51.4713,1040,2142,0.1370,0.0000
enveda-CASMI26-molecule-id-mass-spectra,Enveda CASMI 2026 - Molecule ID From Mass Spectra,2026-09-14 22:57:37.417000,2026-12-14 23:59:00,91.0426,56554648,submission.csv,2026-09-25 15:51:43.053000,,COMPLETE,0.326,,17,45.9459,11.7574,51.0042,1050,2142,0.1370,0.0000
enveda-CASMI26-molecule-id-mass-spectra,Enveda CASMI 2026 - Molecule ID From Mass Spectra,2026-09-14 22:57:37.417000,2026-12-14 23:59:00,91.0426,56555506,submission.csv,2026-09-25 16:34:59.140000,,COMPLETE,0.324,,18,48.6486,11.7904,50.3970,1063,2142,0.1370,0.0000
enveda-CASMI26-molecule-id-mass-spectra,Enveda CASMI 2026 - Molecule ID From Mass Spectra,2026-09-14 22:57:37.417000,2026-12-14 23:59:00,91.0426,56582169,submission.csv,2026-09-26 14:51:55.867000,,COMPLETE,0.327,,19,51.3514,12.8102,51.4713,1040,2142,0.1370,0.0000
enveda-CASMI26-molecule-id-mass-spectra,Enveda CASMI 2026 - Molecule ID From Mass Spectra,2026-09-14 22:57:37.417000,2026-12-14 23:59:00,91.0426,56582171,submission.csv,2026-09-26 14:52:02.120000,,COMPLETE,0.328,,20,54.0541,12.8102,57.0761,920,2142,0.1370,0.0000
enveda-CASMI26-molecule-id-mass-spectra,Enveda CASMI 2026 - Molecule ID From Mass Spectra,2026-09-14 22:57:37.417000,2026-12-14 23:59:00,91.0426,56643082,submission.csv,2026-09-28 14:03:28.257000,,COMPLETE,0.353,,21,56.7568,14.9700,74.9650,537,2142,0.1370,0.0000
enveda-CASMI26-molecule-id-mass-spectra,Enveda CASMI 2026 - Molecule ID From Mass Spectra,2026-09-14 22:57:37.417000,2026-12-14 23:59:00,91.0426,56643157,submission.csv,2026-09-28 14:05:55.833000,,COMPLETE,0.353,,22,59.4595,14.9719,74.9650,537,2142,0.1370,0.0000
enveda-CASMI26-molecule-id-mass-spectra,Enveda CASMI 2026 - Molecule ID From Mass Spectra,2026-09-14 22:57:37.417000,2026-12-14 23:59:00,91.0426,56674184,submission.csv,2026-09-29 11:50:00.737000,,COMPLETE,0.373,,23,62.1622,15.9666,78.7950,455,2142,0.1370,0.0000
enveda-CASMI26-molecule-id-mass-spectra,Enveda CASMI 2026 - Molecule ID From Mass Spectra,2026-09-14 22:57:37.417000,2026-12-14 23:59:00,91.0426,56674190,submission.csv,2026-09-29 11:50:07.940000,,COMPLETE,0.372,,24,64.8649,15.9667,78.3746,464,2142,0.1370,0.0000
enveda-CASMI26-molecule-id-mass-spectra,Enveda CASMI 2026 - Molecule ID From Mass Spectra,2026-09-14 22:57:37.417000,2026-12-14 23:59:00,91.0426,56687391,submission.csv,2026-09-29 20:53:56.707000,,COMPLETE,0.378,,25,67.5676,16.3815,80.2896,423,2142,0.1370,0.0000
enveda-CASMI26-molecule-id-mass-spectra,Enveda CASMI 2026 - Molecule ID From Mass Spectra,2026-09-14 22:57:37.417000,2026-12-14 23:59:00,91.0426,56687436,submission.csv,2026-09-29 20:56:16.997000,,COMPLETE,0.378,,26,70.2703,16.3832,80.2896,423,2142,0.1370,0.0000
enveda-CASMI26-molecule-id-mass-spectra,Enveda CASMI 2026 - Molecule ID From Mass Spectra,2026-09-14 22:57:37.417000,2026-12-14 23:59:00,91.0426,56707424,submission.csv,2026-09-30 12:32:40.913000,,COMPLETE,0.386,,27,72.9730,17.0975,82.8118,369,2142,0.1370,0.0000
enveda-CASMI26-molecule-id-mass-spectra,Enveda CASMI 2026 - Molecule ID From Mass Spectra,2026-09-14 22:57:37.417000,2026-12-14 23:59:00,91.0426,56709879,submission.csv,2026-09-30 14:19:33.403000,,COMPLETE,0.384,,28,75.6757,17.1790,82.3914,378,2142,0.1370,0.0000
enveda-CASMI26-molecule-id-mass-spectra,Enveda CASMI 2026 - Molecule ID From Mass Spectra,2026-09-14 22:57:37.417000,2026-12-14 23:59:00,91.0426,56749255,submission.csv,2026-10-01 10:25:10.757000,,COMPLETE,0.401,,29,78.3784,18.0986,94.7221,114,2142,0.1370,0.0000
enveda-CASMI26-molecule-id-mass-spectra,Enveda CASMI 2026 - Molecule ID From Mass Spectra,2026-09-14 22:57:37.417000,2026-12-14 23:59:00,91.0426,56749256,submission.csv,2026-10-01 10:25:19.740000,,COMPLETE,0.400,,30,81.0811,18.0987,91.4526,184,2142,0.1370,0.0000
enveda-CASMI26-molecule-id-mass-spectra,Enveda CASMI 2026 - Molecule ID From Mass Spectra,2026-09-14 22:57:37.417000,2026-12-14 23:59:00,91.0426,56752759,submission.csv,2026-10-01 14:19:17.213000,,COMPLETE,0.389,,31,83.7838,18.2772,83.2788,359,2142,0.1370,0.0000
enveda-CASMI26-molecule-id-mass-spectra,Enveda CASMI 2026 - Molecule ID From Mass Spectra,2026-09-14 22:57:37.417000,2026-12-14 23:59:00,91.0426,56752762,submission.csv,2026-10-01 14:19:25.453000,,COMPLETE,0.400,,32,86.4865,18.2773,91.4526,184,2142,0.1370,0.0000
enveda-CASMI26-molecule-id-mass-spectra,Enveda CASMI 2026 - Molecule ID From Mass Spectra,2026-09-14 22:57:37.417000,2026-12-14 23:59:00,91.0426,56754317,submission.csv,2026-10-01 15:45:47.577000,,COMPLETE,0.393,,33,89.1892,18.3432,84.5399,332,2142,0.1370,0.0000
enveda-CASMI26-molecule-id-mass-spectra,Enveda CASMI 2026 - Molecule ID From Mass Spectra,2026-09-14 22:57:37.417000,2026-12-14 23:59:00,91.0426,56773473,submission.csv,2026-10-02 12:14:48.567000,,,,,34,91.8919,19.2806,,,2142,0.1370,0.0000
enveda-CASMI26-molecule-id-mass-spectra,Enveda CASMI 2026 - Molecule ID From Mass Spectra,2026-09-14 22:57:37.417000,2026-12-14 23:59:00,91.0426,56773478,submission.csv,2026-10-02 12:14:57.880000,,,,,35,94.5946,19.2808,,,2142,0.1370,0.0000
enveda-CASMI26-molecule-id-mass-spectra,Enveda CASMI 2026 - Molecule ID From Mass Spectra,2026-09-14 22:57:37.417000,2026-12-14 23:59:00,91.0426,56774064,submission.csv,2026-10-02 12:50:52.027000,,,,,36,97.2973,19.3081,,,2142,0.1370,0.0000
enveda-CASMI26-molecule-id-mass-spectra,Enveda CASMI 2026 - Molecule ID From Mass Spectra,2026-09-14 22:57:37.417000,2026-12-14 23:59:00,91.0426,56774068,submission.csv,2026-10-02 12:51:00.933000,,,,,37,100.0000,19.3083,,,2142,0.1370,0.0000
mallorn-astronomical-classification-challenge,MALLORN Astronomical Classification Challenge,2025-10-15 13:52:22.070000,2026-01-30 23:00:00,107.3803,49709736,submission.csv,2026-01-13 15:33:18.750000,--first submission,COMPLETE,0.4885,0.4906,1,2.6316,83.8795,42.1053,518,894,0.3945,0.0000
mallorn-astronomical-classification-challenge,MALLORN Astronomical Classification Challenge,2025-10-15 13:52:22.070000,2026-01-30 23:00:00,107.3803,49710168,submission.csv,2026-01-13 15:55:38.157000,--try CatBoost CV 5-folds,COMPLETE,0.5017,0.4334,2,5.2632,83.8940,45.2408,490,894,0.3945,0.0000
mallorn-astronomical-classification-challenge,MALLORN Astronomical Classification Challenge,2025-10-15 13:52:22.070000,2026-01-30 23:00:00,107.3803,49710473,submission.csv,2026-01-13 16:13:25.717000,--try OOF CatBoost CV 5 folds,COMPLETE,0.4982,0.4202,3,7.8947,83.9055,44.3449,498,894,0.3945,0.0000
mallorn-astronomical-classification-challenge,MALLORN Astronomical Classification Challenge,2025-10-15 13:52:22.070000,2026-01-30 23:00:00,107.3803,49710658,submission.csv,2026-01-13 16:24:34.257000,change params CatBoost,COMPLETE,0.5152,0.4285,4,10.5263,83.9127,48.2643,463,894,0.3945,0.0000
mallorn-astronomical-classification-challenge,MALLORN Astronomical Classification Challenge,2025-10-15 13:52:22.070000,2026-01-30 23:00:00,107.3803,49729425,submission.csv,2026-01-14 14:18:10.330000,Пробую улучшенные табличные фичи bad,COMPLETE,0.5864,0.4522,5,13.1579,84.7622,68.1971,285,894,0.3945,0.0000
mallorn-astronomical-classification-challenge,MALLORN Astronomical Classification Challenge,2025-10-15 13:52:22.070000,2026-01-30 23:00:00,107.3803,49729798,submission.csv,2026-01-14 14:36:14.523000,CatBoost + BGBoost,COMPLETE,0.5745,0.5106,6,15.7895,84.7739,64.3897,319,894,0.3945,0.0000
mallorn-astronomical-classification-challenge,MALLORN Astronomical Classification Challenge,2025-10-15 13:52:22.070000,2026-01-30 23:00:00,107.3803,49730141,submission.csv,2026-01-14 14:50:44.997000,CatBoost + XGBoost --update+ params,COMPLETE,0.5761,0.4968,7,18.4211,84.7833,64.6137,317,894,0.3945,0.0000
mallorn-astronomical-classification-challenge,MALLORN Astronomical Classification Challenge,2025-10-15 13:52:22.070000,2026-01-30 23:00:00,107.3803,49730433,submission.csv,2026-01-14 15:03:30,--init new features + OFF,COMPLETE,0.5626,0.4610,8,21.0526,84.7915,61.3662,346,894,0.3945,0.0000
mallorn-astronomical-classification-challenge,MALLORN Astronomical Classification Challenge,2025-10-15 13:52:22.070000,2026-01-30 23:00:00,107.3803,49730646,submission.csv,2026-01-14 15:13:56.500000,,COMPLETE,0.5226,0.4580,9,23.6842,84.7983,49.6081,451,894,0.3945,0.0000
mallorn-astronomical-classification-challenge,MALLORN Astronomical Classification Challenge,2025-10-15 13:52:22.070000,2026-01-30 23:00:00,107.3803,49743357,submission.csv,2026-01-15 07:04:32.193000,color‑evolution по time‑bins,COMPLETE,0.5397,0.4347,10,26.3158,85.4130,55.0952,402,894,0.3945,0.0000
mallorn-astronomical-classification-challenge,MALLORN Astronomical Classification Challenge,2025-10-15 13:52:22.070000,2026-01-30 23:00:00,107.3803,49745766,submission.csv,2026-01-15 09:31:02.037000,Rise decay features и сдвиги между фильтрами,COMPLETE,0.5419,0.4813,11,28.9474,85.5078,55.5431,398,894,0.3945,0.0000
mallorn-astronomical-classification-challenge,MALLORN Astronomical Classification Challenge,2025-10-15 13:52:22.070000,2026-01-30 23:00:00,107.3803,49747943,submission.csv,2026-01-15 11:31:43.163000,,COMPLETE,0.5864,0.4522,12,31.5789,85.5858,68.1971,285,894,0.3945,0.0000
mallorn-astronomical-classification-challenge,MALLORN Astronomical Classification Challenge,2025-10-15 13:52:22.070000,2026-01-30 23:00:00,107.3803,49749324,submission.csv,2026-01-15 12:44:27.093000,-- add variability indices for CatBoost,COMPLETE,0.5419,0.4659,13,34.2105,85.6329,55.5431,398,894,0.3945,0.0000
mallorn-astronomical-classification-challenge,MALLORN Astronomical Classification Challenge,2025-10-15 13:52:22.070000,2026-01-30 23:00:00,107.3803,49751352,submission.csv,2026-01-15 14:27:59.177000,,COMPLETE,0.5563,0.4460,14,36.8421,85.6998,59.4625,363,894,0.3945,0.0000
mallorn-astronomical-classification-challenge,MALLORN Astronomical Classification Challenge,2025-10-15 13:52:22.070000,2026-01-30 23:00:00,107.3803,49769798,submission.csv,2026-01-16 10:57:08.380000,,COMPLETE,0.5551,0.4929,15,39.4737,86.4947,58.7906,369,894,0.3945,0.0000
mallorn-astronomical-classification-challenge,MALLORN Astronomical Classification Challenge,2025-10-15 13:52:22.070000,2026-01-30 23:00:00,107.3803,49771848,submission_transformer.csv,2026-01-16 12:54:18.670000,First Transformer submission,COMPLETE,0.0000,0.0000,16,42.1053,86.5705,2.2396,874,894,0.3945,0.0000
mallorn-astronomical-classification-challenge,MALLORN Astronomical Classification Challenge,2025-10-15 13:52:22.070000,2026-01-30 23:00:00,107.3803,49772095,submission_transformer.csv,2026-01-16 13:08:43.987000,--try 2,COMPLETE,0.1010,0.0930,17,44.7368,86.5798,7.3908,828,894,0.3945,0.0000
mallorn-astronomical-classification-challenge,MALLORN Astronomical Classification Challenge,2025-10-15 13:52:22.070000,2026-01-30 23:00:00,107.3803,49772586,submission.csv,2026-01-16 13:38:45.123000,,COMPLETE,0.5620,0.4363,18,47.3684,86.5993,61.1422,348,894,0.3945,0.0000
mallorn-astronomical-classification-challenge,MALLORN Astronomical Classification Challenge,2025-10-15 13:52:22.070000,2026-01-30 23:00:00,107.3803,49772949,submission.csv,2026-01-16 13:57:19.883000,,COMPLETE,0.5590,0.5065,19,50.0000,86.6113,59.9104,359,894,0.3945,0.0000
mallorn-astronomical-classification-challenge,MALLORN Astronomical Classification Challenge,2025-10-15 13:52:22.070000,2026-01-30 23:00:00,107.3803,49792734,submission.csv,2026-01-17 12:02:13.187000,class weights,COMPLETE,0.5590,0.5065,20,52.6316,87.4681,59.9104,359,894,0.3945,0.0000
mallorn-astronomical-classification-challenge,MALLORN Astronomical Classification Challenge,2025-10-15 13:52:22.070000,2026-01-30 23:00:00,107.3803,49793475,submission.csv,2026-01-17 12:40:52.467000,,COMPLETE,0.5159,0.4679,21,55.2632,87.4931,48.3763,462,894,0.3945,0.0000
mallorn-astronomical-classification-challenge,MALLORN Astronomical Classification Challenge,2025-10-15 13:52:22.070000,2026-01-30 23:00:00,107.3803,49794455,submission.csv,2026-01-17 13:34:06.487000,,COMPLETE,0.5664,0.4394,22,57.8947,87.5275,62.2620,338,894,0.3945,0.0000
mallorn-astronomical-classification-challenge,MALLORN Astronomical Classification Challenge,2025-10-15 13:52:22.070000,2026-01-30 23:00:00,107.3803,49795868,submission.csv,2026-01-17 14:48:08.360000,,COMPLETE,0.5140,0.4357,23,60.5263,87.5754,48.1523,464,894,0.3945,0.0000
mallorn-astronomical-classification-challenge,MALLORN Astronomical Classification Challenge,2025-10-15 13:52:22.070000,2026-01-30 23:00:00,107.3803,49815694,submission.csv,2026-01-18 13:31:16.873000,,COMPLETE,0.3954,0.3319,24,63.1579,88.4570,24.3001,677,894,0.3945,0.0000
mallorn-astronomical-classification-challenge,MALLORN Astronomical Classification Challenge,2025-10-15 13:52:22.070000,2026-01-30 23:00:00,107.3803,49816972,submission.csv,2026-01-18 14:25:11.377000,,COMPLETE,0.5506,0.4647,25,65.7895,88.4918,57.7828,378,894,0.3945,0.0000
mallorn-astronomical-classification-challenge,MALLORN Astronomical Classification Challenge,2025-10-15 13:52:22.070000,2026-01-30 23:00:00,107.3803,49817689,submission_resample_only.csv,2026-01-18 14:52:37.663000,,COMPLETE,0.5769,0.4827,26,68.4211,88.5096,64.7256,316,894,0.3945,0.0000
mallorn-astronomical-classification-challenge,MALLORN Astronomical Classification Challenge,2025-10-15 13:52:22.070000,2026-01-30 23:00:00,107.3803,49817703,submission_weights_only.csv,2026-01-18 14:53:08.133000,,COMPLETE,0.5619,0.5121,27,71.0526,88.5099,61.1422,348,894,0.3945,0.0000
mallorn-astronomical-classification-challenge,MALLORN Astronomical Classification Challenge,2025-10-15 13:52:22.070000,2026-01-30 23:00:00,107.3803,49817727,submission_mixed_mild.csv,2026-01-18 14:53:54.370000,,COMPLETE,0.5564,0.4906,28,73.6842,88.5104,59.4625,363,894,0.3945,0.0000
mallorn-astronomical-classification-challenge,MALLORN Astronomical Classification Challenge,2025-10-15 13:52:22.070000,2026-01-30 23:00:00,107.3803,49836875,submission_resample_only_02.csv,2026-01-19 12:29:12.653000,,COMPLETE,0.5631,0.4911,29,76.3158,89.3481,61.4782,345,894,0.3945,0.0000
mallorn-astronomical-classification-challenge,MALLORN Astronomical Classification Challenge,2025-10-15 13:52:22.070000,2026-01-30 23:00:00,107.3803,49836882,submission_resample_only_03.csv,2026-01-19 12:29:45.643000,,COMPLETE,0.4552,0.4146,30,78.9474,89.3485,35.0504,581,894,0.3945,0.0000
mallorn-astronomical-classification-challenge,MALLORN Astronomical Classification Challenge,2025-10-15 13:52:22.070000,2026-01-30 23:00:00,107.3803,49837159,submission.csv,2026-01-19 12:46:29.357000,off StandartScaler,COMPLETE,0.5104,0.4258,31,81.5789,89.3593,47.4804,470,894,0.3945,0.0000
mallorn-astronomical-classification-challenge,MALLORN Astronomical Classification Challenge,2025-10-15 13:52:22.070000,2026-01-30 23:00:00,107.3803,49837407,submission.csv,2026-01-19 12:59:11.743000,off auto_class_weights,COMPLETE,0.5687,0.5016,32,84.2105,89.3675,62.9339,332,894,0.3945,0.0000
mallorn-astronomical-classification-challenge,MALLORN Astronomical Classification Challenge,2025-10-15 13:52:22.070000,2026-01-30 23:00:00,107.3803,49837593,submission.csv,2026-01-19 13:11:12.983000,add regularization and LossFunction LogLoss,COMPLETE,0.5245,0.4175,33,86.8421,89.3753,50.5039,443,894,0.3945,0.0000
mallorn-astronomical-classification-challenge,MALLORN Astronomical Classification Challenge,2025-10-15 13:52:22.070000,2026-01-30 23:00:00,107.3803,49881191,submission.csv,2026-01-21 09:16:34.937000,--try bagging,COMPLETE,0.5741,0.4609,34,89.4737,91.0861,64.2777,320,894,0.3945,0.0000
mallorn-astronomical-classification-challenge,MALLORN Astronomical Classification Challenge,2025-10-15 13:52:22.070000,2026-01-30 23:00:00,107.3803,49881520,submission.csv,2026-01-21 09:38:22.263000,,COMPLETE,0.5548,0.4598,35,92.1053,91.1001,58.6786,370,894,0.3945,0.0000
mallorn-astronomical-classification-challenge,MALLORN Astronomical Classification Challenge,2025-10-15 13:52:22.070000,2026-01-30 23:00:00,107.3803,49881777,submission.csv,2026-01-21 09:55:04.210000,,COMPLETE,0.5828,0.5000,36,94.7368,91.1109,66.7413,298,894,0.3945,0.0000
mallorn-astronomical-classification-challenge,MALLORN Astronomical Classification Challenge,2025-10-15 13:52:22.070000,2026-01-30 23:00:00,107.3803,49882006,submission.csv,2026-01-21 10:12:36.560000,,COMPLETE,0.5633,0.5058,37,97.3684,91.1223,61.5901,344,894,0.3945,0.0000
mallorn-astronomical-classification-challenge,MALLORN Astronomical Classification Challenge,2025-10-15 13:52:22.070000,2026-01-30 23:00:00,107.3803,49897550,submission.csv,2026-01-21 20:05:36.157000,,COMPLETE,0.5657,0.5014,38,100.0000,91.5058,62.1501,339,894,0.3945,0.0000
playground-series-s6e2,Predicting Heart Disease,2026-02-01 00:00:00,2026-02-28 23:59:00,27.9993,50142378,baseline.csv,2026-02-01 09:35:17.383000,catboost baseline,COMPLETE,0.95323,0.95466,1,33.3333,1.4268,44.9428,2407,4371,0.9507,0.0473
playground-series-s6e2,Predicting Heart Disease,2026-02-01 00:00:00,2026-02-28 23:59:00,27.9993,50142467,baseline.csv,2026-02-01 09:42:38.167000,catboost cvbaseline,COMPLETE,0.95323,0.95466,2,66.6667,1.4451,44.9428,2407,4371,0.9507,0.0473
playground-series-s6e2,Predicting Heart Disease,2026-02-01 00:00:00,2026-02-28 23:59:00,27.9993,50142824,cv_best.csv,2026-02-01 10:15:08.883000,,COMPLETE,0.95199,0.95332,3,100.0000,1.5257,30.5950,3034,4371,0.9507,0.0473
playground-series-s6e1,Predicting Student Test Scores,2025-12-31 23:58:51.803000,2026-01-31 23:59:00,31.0001,49544261,submission.csv,2026-01-05 19:14:01.040000,My LightGBM solution,COMPLETE,8.76542,8.78799,1,12.5000,15.4909,28.6707,3081,4319,8.8723,96466361272398.7031
playground-series-s6e1,Predicting Student Test Scores,2025-12-31 23:58:51.803000,2026-01-31 23:59:00,31.0001,49544463,submission.csv,2026-01-05 19:28:27.047000,early stopping + кросс валидация [LightGBM],COMPLETE,8.76310,8.78380,2,25.0000,15.5232,29.2728,3055,4319,8.8723,96466361272398.7031
playground-series-s6e1,Predicting Student Test Scores,2025-12-31 23:58:51.803000,2026-01-31 23:59:00,31.0001,49544934,submission.csv,2026-01-05 19:58:02.083000,[catboost],COMPLETE,8.76536,8.78837,3,37.5000,15.5895,28.7170,3079,4319,8.8723,96466361272398.7031
playground-series-s6e1,Predicting Student Test Scores,2025-12-31 23:58:51.803000,2026-01-31 23:59:00,31.0001,49560098,submission.csv,2026-01-06 13:44:26.787000,[catboost] k-fold + paramethrs,COMPLETE,8.73750,8.76178,4,50.0000,17.9784,41.0838,2545,4319,8.8723,96466361272398.7031
playground-series-s6e1,Predicting Student Test Scores,2025-12-31 23:58:51.803000,2026-01-31 23:59:00,31.0001,49561613,submission.csv,2026-01-06 15:06:54.680000,test [catboost + XGBoost],COMPLETE,8.72447,8.75056,5,62.5000,18.1631,50.9032,2121,4319,8.8723,96466361272398.7031
playground-series-s6e1,Predicting Student Test Scores,2025-12-31 23:58:51.803000,2026-01-31 23:59:00,31.0001,49562868,submission.csv,2026-01-06 16:21:44.260000,[catBoost + [LightGBM + XGBoost]] + K-fold,COMPLETE,8.71561,8.74205,6,75.0000,18.3308,60.3520,1713,4319,8.8723,96466361272398.7031
playground-series-s6e1,Predicting Student Test Scores,2025-12-31 23:58:51.803000,2026-01-31 23:59:00,31.0001,49563878,submission.csv,2026-01-06 17:24:45.443000,[LightGBM + XGBoost + HistGB] - small folds,COMPLETE,8.73425,8.75987,7,87.5000,18.4719,43.3302,2448,4319,8.8723,96466361272398.7031
playground-series-s6e1,Predicting Student Test Scores,2025-12-31 23:58:51.803000,2026-01-31 23:59:00,31.0001,49563995,submission.csv,2026-01-06 17:31:52.077000,[LightGBM + XGBoost + HistGB] - mid folds,COMPLETE,8.71320,8.73995,8,100.0000,18.4879,62.6679,1613,4319,8.8723,96466361272398.7031
playground-series-s6e4,Predicting Irrigation Need,2026-03-31 23:59:52.370000,2026-04-30 23:59:00,29.9994,51531395,submission.csv,2026-04-06 14:47:32.850000,,COMPLETE,0.96735,0.96869,1,100.0000,18.7218,62.8969,1602,4316,0.7790,0.0000
playground-series-s6e3,Predict Customer Churn,2026-02-28 23:52:56.233000,2026-03-31 23:59:00,31.0042,51208178,submission.csv,2026-03-24 20:01:22.390000,,ERROR,,,1,50.0000,76.8902,,,4143,0.9050,0.0887
playground-series-s6e3,Predict Customer Churn,2026-02-28 23:52:56.233000,2026-03-31 23:59:00,31.0042,51208216,submission.csv,2026-03-24 20:03:35.783000,,COMPLETE,0.91338,0.91467,2,100.0000,76.8952,40.0290,2485,4143,0.9050,0.0887
playground-series-s5e11,Predicting Loan Payback,2025-11-01 00:00:12.330000,2025-11-30 23:59:00,29.9992,49627048,submission.csv,2026-01-09 16:29:51.440000,my baseline,COMPLETE,0.92150,0.92246,1,100.0000,100.0000,46.0671,2010,3726,0.5000,0.3150
playground-series-s6e7,Predicting Student Health Risk,2026-07-01 00:00:00,2026-07-31 23:59:00,30.9993,54225366,baseline_submission.csv,2026-07-01 08:08:01.373000,,COMPLETE,0.78357,0.78407,1,3.1250,1.0933,2.8316,3261,3356,0.9496,0.0000
playground-series-s6e7,Predicting Student Health Risk,2026-07-01 00:00:00,2026-07-31 23:59:00,30.9993,54225608,baseline_submission.csv,2026-07-01 08:17:46.617000,--update,COMPLETE,0.83510,0.83787,2,6.2500,1.1151,4.2623,3213,3356,0.9496,0.0000
playground-series-s6e7,Predicting Student Health Risk,2026-07-01 00:00:00,2026-07-31 23:59:00,30.9993,54235046,submission.csv,2026-07-01 14:27:57.067000,--upgraded,COMPLETE,0.94863,0.94896,3,9.3750,1.9444,41.4903,1964,3356,0.9496,0.0000
playground-series-s6e7,Predicting Student Health Risk,2026-07-01 00:00:00,2026-07-31 23:59:00,30.9993,54273054,submission.csv,2026-07-02 17:46:39.793000,,COMPLETE,0.95006,0.95000,4,12.5000,5.6154,71.0581,972,3356,0.9496,0.0000
playground-series-s6e7,Predicting Student Health Risk,2026-07-01 00:00:00,2026-07-31 23:59:00,30.9993,54273697,probations/hgbc_balanced.csv,2026-07-02 18:17:04.537000,hgbc_balanced,COMPLETE,0.95006,0.95000,5,15.6250,5.6835,71.0581,972,3356,0.9496,0.0000
playground-series-s6e7,Predicting Student Health Risk,2026-07-01 00:00:00,2026-07-31 23:59:00,30.9993,54274558,submission.csv,2026-07-02 19:04:17.540000,,COMPLETE,0.94994,0.95004,6,18.7500,5.7893,66.7958,1115,3356,0.9496,0.0000
playground-series-s6e7,Predicting Student Health Risk,2026-07-01 00:00:00,2026-07-31 23:59:00,30.9993,54274570,blended/hgbc_catboost_xgboost_blend.csv,2026-07-02 19:05:07.827000,blend,COMPLETE,0.94994,0.95004,7,21.8750,5.7912,66.7958,1115,3356,0.9496,0.0000
playground-series-s6e7,Predicting Student Health Risk,2026-07-01 00:00:00,2026-07-31 23:59:00,30.9993,54275886,submission.csv,2026-07-02 20:22:58.233000,,COMPLETE,0.94974,0.95006,8,25.0000,5.9656,59.0462,1375,3356,0.9496,0.0000
playground-series-s6e7,Predicting Student Health Risk,2026-07-01 00:00:00,2026-07-31 23:59:00,30.9993,54275998,blended/hgbc_catboost_xgboost_searched.csv,2026-07-02 20:30:18.377000,hgbc_catboost_xgboost_searched,COMPLETE,0.94974,0.95006,9,28.1250,5.9820,59.0462,1375,3356,0.9496,0.0000
playground-series-s6e7,Predicting Student Health Risk,2026-07-01 00:00:00,2026-07-31 23:59:00,30.9993,54326415,submission.csv,2026-07-04 09:50:54.913000,,COMPLETE,0.94974,0.95006,10,31.2500,11.0014,59.0462,1375,3356,0.9496,0.0000
playground-series-s6e7,Predicting Student Health Risk,2026-07-01 00:00:00,2026-07-31 23:59:00,30.9993,54326515,blended/external_lb_logit_multiplier_blend.csv,2026-07-04 09:55:08.400000,external_lb_logit_multiplier_blend,COMPLETE,0.95088,0.95034,11,34.3750,11.0109,87.3323,426,3356,0.9496,0.0000
playground-series-s6e7,Predicting Student Health Risk,2026-07-01 00:00:00,2026-07-31 23:59:00,30.9993,54326525,blended/external_hygiene_weighted_vote.csv,2026-07-04 09:55:47.473000,external_hygiene_weighted_vote,COMPLETE,0.95058,0.95042,12,37.5000,11.0123,83.8450,543,3356,0.9496,0.0000
playground-series-s6e7,Predicting Student Health Risk,2026-07-01 00:00:00,2026-07-31 23:59:00,30.9993,54326559,blended/hgbc_catboost_xgboost_searched.csv,2026-07-04 09:57:06.013000,hgbc_catboost_xgboost_searched,COMPLETE,0.94974,0.95006,13,40.6250,11.0153,59.0462,1375,3356,0.9496,0.0000
playground-series-s6e7,Predicting Student Health Risk,2026-07-01 00:00:00,2026-07-31 23:59:00,30.9993,54326598,blended/hgbc_xgboost_searched.csv,2026-07-04 09:59:09.987000,hgbc_xgboost_searched,COMPLETE,0.94991,0.94996,14,43.7500,11.0199,65.6632,1153,3356,0.9496,0.0000
playground-series-s6e7,Predicting Student Health Risk,2026-07-01 00:00:00,2026-07-31 23:59:00,30.9993,54326611,probations/hgbc/hgbc_balanced.csv,2026-07-04 09:59:51.033000,probations/hgbc/hgbc_balanced,COMPLETE,0.95006,0.95000,15,46.8750,11.0214,71.0581,972,3356,0.9496,0.0000
playground-series-s6e7,Predicting Student Health Risk,2026-07-01 00:00:00,2026-07-31 23:59:00,30.9993,54453506,0.9509.csv,2026-07-08 07:13:49.357000,,COMPLETE,0.95090,0.95027,16,50.0000,23.5530,87.4814,421,3356,0.9496,0.0000
playground-series-s6e7,Predicting Student Health Risk,2026-07-01 00:00:00,2026-07-31 23:59:00,30.9993,54737962,blends/blend_anchor_balanced.csv,2026-07-15 19:01:42.620000,balanced,COMPLETE,0.95109,0.95038,17,53.1250,47.7200,89.5976,350,3356,0.9496,0.0000
playground-series-s6e7,Predicting Student Health Risk,2026-07-01 00:00:00,2026-07-31 23:59:00,30.9993,54737974,blends/blend_hybrid.csv,2026-07-15 19:02:19.387000,hybrid,COMPLETE,0.95106,0.95038,18,56.2500,47.7213,89.3294,359,3356,0.9496,0.0000
playground-series-s6e7,Predicting Student Health Risk,2026-07-01 00:00:00,2026-07-31 23:59:00,30.9993,54737991,blends/blend_anchor_aggressive.csv,2026-07-15 19:02:52.150000,agressive,COMPLETE,0.95090,0.95033,19,59.3750,47.7226,87.4814,421,3356,0.9496,0.0000
playground-series-s6e7,Predicting Student Health Risk,2026-07-01 00:00:00,2026-07-31 23:59:00,30.9993,54738008,blends/blend_diversity_weighted.csv,2026-07-15 19:03:37.967000,diversity_weighted,COMPLETE,0.95097,0.95031,20,62.5000,47.7243,88.3159,393,3356,0.9496,0.0000
playground-series-s6e7,Predicting Student Health Risk,2026-07-01 00:00:00,2026-07-31 23:59:00,30.9993,54758925,blends/blend_anchor_balanced.csv,2026-07-16 11:01:52.600000,balanced,COMPLETE,0.95109,0.95038,21,65.6250,49.8709,89.5976,350,3356,0.9496,0.0000
playground-series-s6e7,Predicting Student Health Risk,2026-07-01 00:00:00,2026-07-31 23:59:00,30.9993,54758932,blends/blend_majority.csv,2026-07-16 11:02:32.243000,majority,COMPLETE,0.95109,0.95038,22,68.7500,49.8724,89.5976,350,3356,0.9496,0.0000
playground-series-s6e7,Predicting Student Health Risk,2026-07-01 00:00:00,2026-07-31 23:59:00,30.9993,54758941,blends/blend_anchor_aggressive.csv,2026-07-16 11:03:10.023000,agressive,COMPLETE,0.95090,0.95033,23,71.8750,49.8738,87.4814,421,3356,0.9496,0.0000
playground-series-s6e7,Predicting Student Health Risk,2026-07-01 00:00:00,2026-07-31 23:59:00,30.9993,54759078,0.95114.csv,2026-07-16 11:11:24.543000,,COMPLETE,0.95114,0.95036,24,75.0000,49.8923,91.1177,299,3356,0.9496,0.0000
playground-series-s6e7,Predicting Student Health Risk,2026-07-01 00:00:00,2026-07-31 23:59:00,30.9993,54766225,diverse_blends/submission_catboost.csv,2026-07-16 17:30:44.610000,,COMPLETE,0.94872,0.94844,25,78.1250,50.7420,41.8778,1951,3356,0.9496,0.0000
playground-series-s6e7,Predicting Student Health Risk,2026-07-01 00:00:00,2026-07-31 23:59:00,30.9993,54766313,top3000.csv,2026-07-16 17:35:22.113000,,COMPLETE,0.94900,0.94893,26,81.2500,50.7524,43.6364,1892,3356,0.9496,0.0000
playground-series-s6e7,Predicting Student Health Risk,2026-07-01 00:00:00,2026-07-31 23:59:00,30.9993,54766332,submission.csv,2026-07-16 17:36:45.493000,,COMPLETE,0.95238,0.95030,27,84.3750,50.7555,92.6975,246,3356,0.9496,0.0000
playground-series-s6e7,Predicting Student Health Risk,2026-07-01 00:00:00,2026-07-31 23:59:00,30.9993,54825827,submission.csv,2026-07-19 08:17:20.563000,,COMPLETE,0.94839,0.94878,28,87.5000,59.1800,40.4173,2000,3356,0.9496,0.0000
playground-series-s6e7,Predicting Student Health Risk,2026-07-01 00:00:00,2026-07-31 23:59:00,30.9993,54826224,submission_conservative.csv,2026-07-19 08:37:18.333000,conservative,COMPLETE,0.94863,0.94903,29,90.6250,59.2247,41.4903,1964,3356,0.9496,0.0000
playground-series-s6e7,Predicting Student Health Risk,2026-07-01 00:00:00,2026-07-31 23:59:00,30.9993,54826319,submission_soft.csv,2026-07-19 08:42:10.893000,sort,COMPLETE,0.94868,0.94900,30,93.7500,59.2356,41.6990,1957,3356,0.9496,0.0000
playground-series-s6e7,Predicting Student Health Risk,2026-07-01 00:00:00,2026-07-31 23:59:00,30.9993,54826373,submission_balanced.csv,2026-07-19 08:43:47.983000,balanced,COMPLETE,0.94869,0.94899,31,96.8750,59.2392,41.7288,1956,3356,0.9496,0.0000
playground-series-s6e7,Predicting Student Health Risk,2026-07-01 00:00:00,2026-07-31 23:59:00,30.9993,54826382,submission_original_optimized.csv,2026-07-19 08:44:23.673000,original_optimized,COMPLETE,0.94854,0.94893,32,100.0000,59.2406,40.9240,1983,3356,0.9496,0.0000
playground-series-s6e5,Predicting F1 Pit Stops,2026-05-01 00:00:03.120000,2026-05-31 23:59:00,30.9993,52319759,submission.csv,2026-05-04 12:09:30.703000,first try,COMPLETE,0.95095,0.95131,1,1.5385,11.3118,73.5275,801,3023,0.8899,0.1635
playground-series-s6e5,Predicting F1 Pit Stops,2026-05-01 00:00:03.120000,2026-05-31 23:59:00,30.9993,52321731,submission.csv,2026-05-04 13:06:07.170000,maybe it's stupid idea,COMPLETE,0.95033,0.95073,2,3.0769,11.4386,69.7551,915,3023,0.8899,0.1635
playground-series-s6e5,Predicting F1 Pit Stops,2026-05-01 00:00:03.120000,2026-05-31 23:59:00,30.9993,52324067,submission.csv,2026-05-04 14:14:51.413000,,COMPLETE,0.95064,0.95092,3,4.6154,11.5926,71.6413,858,3023,0.8899,0.1635
playground-series-s6e5,Predicting F1 Pit Stops,2026-05-01 00:00:03.120000,2026-05-31 23:59:00,30.9993,52325295,submission.csv,2026-05-04 15:03:01.657000,,COMPLETE,0.95047,0.95064,4,6.1538,11.7005,70.6486,888,3023,0.8899,0.1635
playground-series-s6e5,Predicting F1 Pit Stops,2026-05-01 00:00:03.120000,2026-05-31 23:59:00,30.9993,52326769,submission.csv,2026-05-04 16:07:45.177000,,COMPLETE,0.95040,0.95095,5,7.6923,11.8455,70.3508,897,3023,0.8899,0.1635
playground-series-s6e5,Predicting F1 Pit Stops,2026-05-01 00:00:03.120000,2026-05-31 23:59:00,30.9993,52329228,submission.csv,2026-05-04 18:14:09.627000,,COMPLETE,0.95244,0.95262,6,9.2308,12.1287,77.7631,673,3023,0.8899,0.1635
playground-series-s6e5,Predicting F1 Pit Stops,2026-05-01 00:00:03.120000,2026-05-31 23:59:00,30.9993,52344866,submission.csv,2026-05-05 07:18:01.143000,,COMPLETE,0.95255,0.95281,7,10.7692,13.8847,77.8954,669,3023,0.8899,0.1635
playground-series-s6e5,Predicting F1 Pit Stops,2026-05-01 00:00:03.120000,2026-05-31 23:59:00,30.9993,52353092,submission_prob_mean.csv,2026-05-05 12:07:52.580000,main submission,COMPLETE,0.95259,0.95284,8,12.3077,14.5340,78.1271,662,3023,0.8899,0.1635
playground-series-s6e5,Predicting F1 Pit Stops,2026-05-01 00:00:03.120000,2026-05-31 23:59:00,30.9993,52353150,submission_rank_mean.csv,2026-05-05 12:10:04.953000,--try rank mean submission,COMPLETE,0.95259,0.95283,9,13.8462,14.5389,78.1271,662,3023,0.8899,0.1635
playground-series-s6e5,Predicting F1 Pit Stops,2026-05-01 00:00:03.120000,2026-05-31 23:59:00,30.9993,52353182,submission_blend_70_30.csv,2026-05-05 12:11:13.133000,blend 70 on 30,COMPLETE,0.95259,0.95283,10,15.3846,14.5415,78.1271,662,3023,0.8899,0.1635
playground-series-s6e5,Predicting F1 Pit Stops,2026-05-01 00:00:03.120000,2026-05-31 23:59:00,30.9993,52353227,submission_blend_50_50.csv,2026-05-05 12:12:32.740000,blend 50 on 50,COMPLETE,0.95259,0.95283,11,16.9231,14.5445,78.1271,662,3023,0.8899,0.1635
playground-series-s6e5,Predicting F1 Pit Stops,2026-05-01 00:00:03.120000,2026-05-31 23:59:00,30.9993,52353268,submission_seed_777.csv,2026-05-05 12:13:58.903000,seed 777,COMPLETE,0.95249,0.95268,12,18.4615,14.5477,77.8623,670,3023,0.8899,0.1635
playground-series-s6e5,Predicting F1 Pit Stops,2026-05-01 00:00:03.120000,2026-05-31 23:59:00,30.9993,52354147,submission_weight_45_45_10.csv,2026-05-05 12:43:07.310000,45 45 10,COMPLETE,0.95261,0.95282,13,20.0000,14.6130,78.2263,659,3023,0.8899,0.1635
playground-series-s6e5,Predicting F1 Pit Stops,2026-05-01 00:00:03.120000,2026-05-31 23:59:00,30.9993,52354198,submission_pair_42_777.csv,2026-05-05 12:44:41.670000,blend 42 777,COMPLETE,0.95261,0.95280,14,21.5385,14.6165,78.2263,659,3023,0.8899,0.1635
playground-series-s6e5,Predicting F1 Pit Stops,2026-05-01 00:00:03.120000,2026-05-31 23:59:00,30.9993,52354279,submission_weight_40_40_20.csv,2026-05-05 12:46:35.767000,blend 40 40 20,COMPLETE,0.95261,0.95283,15,23.0769,14.6207,78.2263,659,3023,0.8899,0.1635
playground-series-s6e5,Predicting F1 Pit Stops,2026-05-01 00:00:03.120000,2026-05-31 23:59:00,30.9993,52354378,submission_weight_25_50_25.csv,2026-05-05 12:49:42.927000,blend 25 50 25,COMPLETE,0.95259,0.95283,16,24.6154,14.6277,78.1271,662,3023,0.8899,0.1635
playground-series-s6e5,Predicting F1 Pit Stops,2026-05-01 00:00:03.120000,2026-05-31 23:59:00,30.9993,52388271,outputs/blender/subs/b01.csv,2026-05-06 12:20:05.407000,,COMPLETE,0.95405,0.95441,17,26.1538,17.7872,82.8590,519,3023,0.8899,0.1635
playground-series-s6e5,Predicting F1 Pit Stops,2026-05-01 00:00:03.120000,2026-05-31 23:59:00,30.9993,52388337,outputs/blender/subs/b03.csv,2026-05-06 12:22:24.287000,,COMPLETE,0.95405,0.95442,18,27.6923,17.7924,82.8590,519,3023,0.8899,0.1635
playground-series-s6e5,Predicting F1 Pit Stops,2026-05-01 00:00:03.120000,2026-05-31 23:59:00,30.9993,52388438,outputs/blender/subs/b10.csv,2026-05-06 12:24:54.807000,,COMPLETE,0.95403,0.95441,19,29.2308,17.7980,82.6936,524,3023,0.8899,0.1635
playground-series-s6e5,Predicting F1 Pit Stops,2026-05-01 00:00:03.120000,2026-05-31 23:59:00,30.9993,52388465,outputs/blender/subs/b08.csv,2026-05-06 12:25:38.420000,,COMPLETE,0.95408,0.95443,20,30.7692,17.7997,83.2892,506,3023,0.8899,0.1635
playground-series-s6e5,Predicting F1 Pit Stops,2026-05-01 00:00:03.120000,2026-05-31 23:59:00,30.9993,52388520,outputs/blender/subs/b05.csv,2026-05-06 12:27:05.280000,,COMPLETE,0.95407,0.95440,21,32.3077,17.8029,83.2230,508,3023,0.8899,0.1635
playground-series-s6e5,Predicting F1 Pit Stops,2026-05-01 00:00:03.120000,2026-05-31 23:59:00,30.9993,52389896,submission.csv,2026-05-06 13:08:33.410000,,COMPLETE,0.95256,0.95277,22,33.8462,17.8958,77.9947,666,3023,0.8899,0.1635
playground-series-s6e5,Predicting F1 Pit Stops,2026-05-01 00:00:03.120000,2026-05-31 23:59:00,30.9993,52389939,outputs/third/t3407.csv,2026-05-06 13:09:43.203000,,COMPLETE,0.95256,0.95280,23,35.3846,17.8984,77.9947,666,3023,0.8899,0.1635
playground-series-s6e5,Predicting F1 Pit Stops,2026-05-01 00:00:03.120000,2026-05-31 23:59:00,30.9993,52399132,outputs/blender/subs/fine_b10/w045.csv,2026-05-06 19:22:13.347000,,COMPLETE,0.95404,0.95441,24,36.9231,18.7329,82.7598,522,3023,0.8899,0.1635
playground-series-s6e5,Predicting F1 Pit Stops,2026-05-01 00:00:03.120000,2026-05-31 23:59:00,30.9993,52399150,outputs/blender/subs/fine_b10/w055.csv,2026-05-06 19:23:45.923000,,COMPLETE,0.95403,0.95441,25,38.4615,18.7364,82.6936,524,3023,0.8899,0.1635
playground-series-s6e5,Predicting F1 Pit Stops,2026-05-01 00:00:03.120000,2026-05-31 23:59:00,30.9993,52416359,outputs/blender/submissions/catboost_variant/vs.csv,2026-05-07 08:29:13.790000,,COMPLETE,0.95404,0.95441,26,40.0000,20.4960,82.7598,522,3023,0.8899,0.1635
playground-series-s6e5,Predicting F1 Pit Stops,2026-05-01 00:00:03.120000,2026-05-31 23:59:00,30.9993,52416392,outputs/blender/submissions/catboost_variant/vr.csv,2026-05-07 08:30:21.430000,,COMPLETE,0.95403,0.95441,27,41.5385,20.4985,82.6936,524,3023,0.8899,0.1635
playground-series-s6e5,Predicting F1 Pit Stops,2026-05-01 00:00:03.120000,2026-05-31 23:59:00,30.9993,52416411,outputs/blender/submissions/catboost_variant/vm.csv,2026-05-07 08:31:01.733000,,COMPLETE,0.95403,0.95441,28,43.0769,20.5000,82.6936,524,3023,0.8899,0.1635
playground-series-s6e5,Predicting F1 Pit Stops,2026-05-01 00:00:03.120000,2026-05-31 23:59:00,30.9993,52416435,outputs/blender/submissions/public_support/ds.csv,2026-05-07 08:31:51.077000,,COMPLETE,0.95404,0.95441,29,44.6154,20.5018,82.7598,522,3023,0.8899,0.1635
playground-series-s6e5,Predicting F1 Pit Stops,2026-05-01 00:00:03.120000,2026-05-31 23:59:00,30.9993,52430444,outputs/blender/submissions/top_external/tx.csv,2026-05-07 18:13:40.340000,--try tx,COMPLETE,0.95409,0.95441,30,46.1538,21.8052,83.4547,501,3023,0.8899,0.1635
playground-series-s6e5,Predicting F1 Pit Stops,2026-05-01 00:00:03.120000,2026-05-31 23:59:00,30.9993,52430463,outputs/blender/submissions/top_external/tb.csv,2026-05-07 18:14:41.230000,--try tb,COMPLETE,0.95410,0.95443,31,47.6923,21.8075,83.5539,498,3023,0.8899,0.1635
playground-series-s6e5,Predicting F1 Pit Stops,2026-05-01 00:00:03.120000,2026-05-31 23:59:00,30.9993,52430483,outputs/blender/submissions/hybrid/hm1.csv,2026-05-07 18:15:33.643000,--try hm1,COMPLETE,0.95408,0.95442,32,49.2308,21.8094,83.2892,506,3023,0.8899,0.1635
playground-series-s6e5,Predicting F1 Pit Stops,2026-05-01 00:00:03.120000,2026-05-31 23:59:00,30.9993,52431047,outputs/blender/submissions/score_guided/h01.csv,2026-05-07 18:42:37.027000,--try h01,COMPLETE,0.95410,0.95443,33,50.7692,21.8701,83.5539,498,3023,0.8899,0.1635
playground-series-s6e5,Predicting F1 Pit Stops,2026-05-01 00:00:03.120000,2026-05-31 23:59:00,30.9993,52431059,outputs/blender/submissions/score_guided/h02.csv,2026-05-07 18:43:31.530000,--try h02,COMPLETE,0.95410,0.95443,34,52.3077,21.8721,83.5539,498,3023,0.8899,0.1635
playground-series-s6e5,Predicting F1 Pit Stops,2026-05-01 00:00:03.120000,2026-05-31 23:59:00,30.9993,52431096,outputs/blender/submissions/score_guided/t95.csv,2026-05-07 18:45:03.207000,--try t95,COMPLETE,0.95410,0.95442,35,53.8462,21.8755,83.5539,498,3023,0.8899,0.1635
playground-series-s6e5,Predicting F1 Pit Stops,2026-05-01 00:00:03.120000,2026-05-31 23:59:00,30.9993,52448008,outputs/blends/prob.csv,2026-05-08 08:45:36,,COMPLETE,0.95255,0.95277,36,55.3846,23.7585,77.8954,669,3023,0.8899,0.1635
playground-series-s6e5,Predicting F1 Pit Stops,2026-05-01 00:00:03.120000,2026-05-31 23:59:00,30.9993,52448020,outputs/stacking/meta.csv,2026-05-08 08:46:09.307000,,COMPLETE,0.95211,0.95253,37,56.9231,23.7598,77.1013,693,3023,0.8899,0.1635
playground-series-s6e5,Predicting F1 Pit Stops,2026-05-01 00:00:03.120000,2026-05-31 23:59:00,30.9993,52448563,outputs/blender/submissions/pair_search/a60.csv,2026-05-08 09:06:36.917000,--try a60,COMPLETE,0.95409,0.95441,38,58.4615,23.8056,83.4547,501,3023,0.8899,0.1635
playground-series-s6e5,Predicting F1 Pit Stops,2026-05-01 00:00:03.120000,2026-05-31 23:59:00,30.9993,52448600,outputs/blender/submissions/pair_search/a40.csv,2026-05-08 09:08:10.207000,--rty a40,COMPLETE,0.95409,0.95441,39,60.0000,23.8091,83.4547,501,3023,0.8899,0.1635
playground-series-s6e5,Predicting F1 Pit Stops,2026-05-01 00:00:03.120000,2026-05-31 23:59:00,30.9993,52448625,outputs/blender/submissions/pair_search/t975.csv,2026-05-08 09:09:33.723000,--try t975,COMPLETE,0.95409,0.95442,40,61.5385,23.8122,83.4547,501,3023,0.8899,0.1635
playground-series-s6e5,Predicting F1 Pit Stops,2026-05-01 00:00:03.120000,2026-05-31 23:59:00,30.9993,52464224,outputs/max/s18.csv,2026-05-08 20:36:51.213000,--try s18,COMPLETE,0.95418,0.95447,41,63.0769,25.3519,84.1827,479,3023,0.8899,0.1635
playground-series-s6e5,Predicting F1 Pit Stops,2026-05-01 00:00:03.120000,2026-05-31 23:59:00,30.9993,52464230,outputs/max/sb95.csv,2026-05-08 20:37:41.900000,--try sb95,COMPLETE,0.95418,0.95447,42,64.6154,25.3537,84.1827,479,3023,0.8899,0.1635
playground-series-s6e5,Predicting F1 Pit Stops,2026-05-01 00:00:03.120000,2026-05-31 23:59:00,30.9993,52464239,outputs/max/sx95.csv,2026-05-08 20:38:23.680000,--try sx95,COMPLETE,0.95418,0.95447,43,66.1538,25.3553,84.1827,479,3023,0.8899,0.1635
playground-series-s6e5,Predicting F1 Pit Stops,2026-05-01 00:00:03.120000,2026-05-31 23:59:00,30.9993,52464250,outputs/pro/sc90.csv,2026-05-08 20:39:07.710000,--try sc90,COMPLETE,0.95418,0.95447,44,67.6923,25.3570,84.1827,479,3023,0.8899,0.1635
playground-series-s6e5,Predicting F1 Pit Stops,2026-05-01 00:00:03.120000,2026-05-31 23:59:00,30.9993,52464262,outputs/pro/sx90.csv,2026-05-08 20:39:41.627000,--try sx90,COMPLETE,0.95418,0.95447,45,69.2308,25.3582,84.1827,479,3023,0.8899,0.1635
playground-series-s6e5,Predicting F1 Pit Stops,2026-05-01 00:00:03.120000,2026-05-31 23:59:00,30.9993,52479254,outputs/max/c02.csv,2026-05-09 09:56:39.600000,--try c02,COMPLETE,0.95418,0.95449,46,70.7692,27.1436,84.1827,479,3023,0.8899,0.1635
playground-series-s6e5,Predicting F1 Pit Stops,2026-05-01 00:00:03.120000,2026-05-31 23:59:00,30.9993,52479304,outputs/max/l975.csv,2026-05-09 09:58:26.217000,--try l975,COMPLETE,0.95419,0.95450,47,72.3077,27.1476,85.0761,452,3023,0.8899,0.1635
playground-series-s6e5,Predicting F1 Pit Stops,2026-05-01 00:00:03.120000,2026-05-31 23:59:00,30.9993,52479368,outputs/max/r975.csv,2026-05-09 10:00:44.147000,--try r975,COMPLETE,0.95419,0.95450,48,73.8462,27.1527,85.0761,452,3023,0.8899,0.1635
playground-series-s6e5,Predicting F1 Pit Stops,2026-05-01 00:00:03.120000,2026-05-31 23:59:00,30.9993,52479386,outputs/max/s19.csv,2026-05-09 10:01:29.933000,--try s19,COMPLETE,0.95419,0.95450,49,75.3846,27.1544,85.0761,452,3023,0.8899,0.1635
playground-series-s6e5,Predicting F1 Pit Stops,2026-05-01 00:00:03.120000,2026-05-31 23:59:00,30.9993,52480056,outputs/max/rtb02.csv,2026-05-09 10:28:14.007000,--try rtb02,COMPLETE,0.95419,0.95450,50,76.9231,27.2143,85.0761,452,3023,0.8899,0.1635
playground-series-s6e5,Predicting F1 Pit Stops,2026-05-01 00:00:03.120000,2026-05-31 23:59:00,30.9993,52480112,outputs/max/d02.csv,2026-05-09 10:30:17.593000,--try d02,COMPLETE,0.95419,0.95450,51,78.4615,27.2189,85.0761,452,3023,0.8899,0.1635
playground-series-s6e5,Predicting F1 Pit Stops,2026-05-01 00:00:03.120000,2026-05-31 23:59:00,30.9993,52480231,outputs/max/cs02.csv,2026-05-09 10:34:34.240000,--try cs02,COMPLETE,0.95419,0.95449,52,80.0000,27.2285,85.0761,452,3023,0.8899,0.1635
playground-series-s6e5,Predicting F1 Pit Stops,2026-05-01 00:00:03.120000,2026-05-31 23:59:00,30.9993,52676856,outputs/max/r31.csv,2026-05-15 09:59:53.520000,--try r31,COMPLETE,0.95436,0.95457,53,81.5385,46.5061,86.1681,419,3023,0.8899,0.1635
playground-series-s6e5,Predicting F1 Pit Stops,2026-05-01 00:00:03.120000,2026-05-31 23:59:00,30.9993,52676873,outputs/max/l31.csv,2026-05-15 10:00:44.113000,--try l31,COMPLETE,0.95436,0.95457,54,83.0769,46.5080,86.1681,419,3023,0.8899,0.1635
playground-series-s6e5,Predicting F1 Pit Stops,2026-05-01 00:00:03.120000,2026-05-31 23:59:00,30.9993,52676902,outputs/max/hb35.csv,2026-05-15 10:02:04.510000,--try hb35,COMPLETE,0.95434,0.95458,55,84.6154,46.5110,85.9696,425,3023,0.8899,0.1635
playground-series-s6e5,Predicting F1 Pit Stops,2026-05-01 00:00:03.120000,2026-05-31 23:59:00,30.9993,52676937,outputs/max/s35.csv,2026-05-15 10:03:05.793000,--try s35,COMPLETE,0.95436,0.95457,56,86.1538,46.5133,86.1681,419,3023,0.8899,0.1635
playground-series-s6e5,Predicting F1 Pit Stops,2026-05-01 00:00:03.120000,2026-05-31 23:59:00,30.9993,52677590,outputs/max/l35.csv,2026-05-15 10:33:40.037000,--try l35,COMPLETE,0.95437,0.95456,57,87.6923,46.5818,86.5652,407,3023,0.8899,0.1635
playground-series-s6e5,Predicting F1 Pit Stops,2026-05-01 00:00:03.120000,2026-05-31 23:59:00,30.9993,52677609,outputs/max/r35.csv,2026-05-15 10:34:23.733000,--try r35,COMPLETE,0.95437,0.95456,58,89.2308,46.5834,86.5652,407,3023,0.8899,0.1635
playground-series-s6e5,Predicting F1 Pit Stops,2026-05-01 00:00:03.120000,2026-05-31 23:59:00,30.9993,52677624,outputs/max/hb37.csv,2026-05-15 10:35:05.750000,--try hb37,COMPLETE,0.95436,0.95457,59,90.7692,46.5850,86.1681,419,3023,0.8899,0.1635
playground-series-s6e5,Predicting F1 Pit Stops,2026-05-01 00:00:03.120000,2026-05-31 23:59:00,30.9993,52677634,outputs/max/s37.csv,2026-05-15 10:35:39.487000,--try s37,COMPLETE,0.95437,0.95456,60,92.3077,46.5862,86.5652,407,3023,0.8899,0.1635
playground-series-s6e5,Predicting F1 Pit Stops,2026-05-01 00:00:03.120000,2026-05-31 23:59:00,30.9993,52738129,outputs/max/d37_10.csv,2026-05-17 10:11:57.910000,--try d37_10,COMPLETE,0.95448,0.95470,61,93.8462,52.9849,86.9954,394,3023,0.8899,0.1635
playground-series-s6e5,Predicting F1 Pit Stops,2026-05-01 00:00:03.120000,2026-05-31 23:59:00,30.9993,52738190,outputs/max/r46_02.csv,2026-05-17 10:14:12.790000,--try r46_02,COMPLETE,0.95449,0.95471,62,95.3846,52.9900,87.3925,382,3023,0.8899,0.1635
playground-series-s6e5,Predicting F1 Pit Stops,2026-05-01 00:00:03.120000,2026-05-31 23:59:00,30.9993,52738214,outputs/max/r46_05.csv,2026-05-17 10:15:00.007000,--try r46_05,COMPLETE,0.95449,0.95471,63,96.9231,52.9917,87.3925,382,3023,0.8899,0.1635
playground-series-s6e5,Predicting F1 Pit Stops,2026-05-01 00:00:03.120000,2026-05-31 23:59:00,30.9993,52738234,outputs/max/hb49.csv,2026-05-17 10:15:39.993000,--try hb49,COMPLETE,0.95446,0.95467,64,98.4615,52.9932,86.8961,397,3023,0.8899,0.1635
playground-series-s6e5,Predicting F1 Pit Stops,2026-05-01 00:00:03.120000,2026-05-31 23:59:00,30.9993,53193811,ok_try_update.csv,2026-05-30 18:40:40.683000,-try update score on last day competition,COMPLETE,0.95453,0.95452,65,100.0000,96.0610,90.0066,303,3023,0.8899,0.1635
playground-series-s6e6,Predicting Stellar Class,2026-06-01 00:00:00,2026-06-30 23:59:00,29.9993,53251371,submission.csv,2026-06-01 11:10:43.993000,baseline,COMPLETE,0.93084,0.93013,1,2.5000,1.5527,4.8295,2681,2817,0.8922,0.0000
playground-series-s6e6,Predicting Stellar Class,2026-06-01 00:00:00,2026-06-30 23:59:00,29.9993,53256752,submission.csv,2026-06-01 13:56:29.943000,ok --first submission of pipeline,COMPLETE,0.96568,0.96542,2,5.0000,1.9364,57.7770,1190,2817,0.8922,0.0000
playground-series-s6e6,Predicting Stellar Class,2026-06-01 00:00:00,2026-06-30 23:59:00,29.9993,53264844,submission.csv,2026-06-01 18:48:17.970000,,COMPLETE,0.96597,0.96555,3,7.5000,2.6119,60.2983,1119,2817,0.8922,0.0000
playground-series-s6e6,Predicting Stellar Class,2026-06-01 00:00:00,2026-06-30 23:59:00,29.9993,53279702,submission.csv,2026-06-02 06:31:29.930000,real mlp,COMPLETE,0.96874,0.96855,4,10.0000,4.2397,76.4915,663,2817,0.8922,0.0000
playground-series-s6e6,Predicting Stellar Class,2026-06-01 00:00:00,2026-06-30 23:59:00,29.9993,53290378,submission.csv,2026-06-02 12:36:45.590000,--load first blender submission,COMPLETE,0.97015,0.96935,5,12.5000,5.0852,79.3679,582,2817,0.8922,0.0000
playground-series-s6e6,Predicting Stellar Class,2026-06-01 00:00:00,2026-06-30 23:59:00,29.9993,53295785,submission.csv,2026-06-02 15:22:19.130000,--full data train on base data real-mlp,COMPLETE,0.96885,0.96850,6,15.0000,5.4685,76.5980,660,2817,0.8922,0.0000
playground-series-s6e6,Predicting Stellar Class,2026-06-01 00:00:00,2026-06-30 23:59:00,29.9993,53303256,submission.csv,2026-06-02 20:33:43.493000,real_mlp k-fold try,COMPLETE,0.96892,0.96878,7,17.5000,6.1893,76.5980,660,2817,0.8922,0.0000
playground-series-s6e6,Predicting Stellar Class,2026-06-01 00:00:00,2026-06-30 23:59:00,29.9993,53321510,submission.csv,2026-06-03 09:04:42.053000,ok,COMPLETE,0.96892,0.96878,8,20.0000,7.9277,76.5980,660,2817,0.8922,0.0000
playground-series-s6e6,Predicting Stellar Class,2026-06-01 00:00:00,2026-06-30 23:59:00,29.9993,53330482,submission.csv,2026-06-03 14:08:21.663000,,COMPLETE,0.97001,0.96935,9,22.5000,8.6307,78.7287,600,2817,0.8922,0.0000
playground-series-s6e6,Predicting Stellar Class,2026-06-01 00:00:00,2026-06-30 23:59:00,29.9993,53331170,submission.csv,2026-06-03 14:28:14.143000,--upload new sygnal,COMPLETE,0.97066,0.96990,10,25.0000,8.6767,82.0668,506,2817,0.8922,0.0000
playground-series-s6e6,Predicting Stellar Class,2026-06-01 00:00:00,2026-06-30 23:59:00,29.9993,53331884,submission_consensus.csv,2026-06-03 14:50:25.423000,,COMPLETE,0.97066,0.96990,11,27.5000,8.7280,82.0668,506,2817,0.8922,0.0000
playground-series-s6e6,Predicting Stellar Class,2026-06-01 00:00:00,2026-06-30 23:59:00,29.9993,53331902,submission_anchor.csv,2026-06-03 14:51:03.380000,,COMPLETE,0.97070,0.96988,12,30.0000,8.7295,82.3509,498,2817,0.8922,0.0000
playground-series-s6e6,Predicting Stellar Class,2026-06-01 00:00:00,2026-06-30 23:59:00,29.9993,53331912,submission_democratic.csv,2026-06-03 14:51:31.443000,,COMPLETE,0.97050,0.96963,13,32.5000,8.7306,80.9659,537,2817,0.8922,0.0000
playground-series-s6e6,Predicting Stellar Class,2026-06-01 00:00:00,2026-06-30 23:59:00,29.9993,53331923,submission_star_lean.csv,2026-06-03 14:51:56.617000,,COMPLETE,0.97057,0.96994,14,35.0000,8.7316,81.3920,525,2817,0.8922,0.0000
playground-series-s6e6,Predicting Stellar Class,2026-06-01 00:00:00,2026-06-30 23:59:00,29.9993,53331930,submission_conservative.csv,2026-06-03 14:52:29.463000,,COMPLETE,0.97076,0.96995,15,37.5000,8.7328,82.8480,484,2817,0.8922,0.0000
playground-series-s6e6,Predicting Stellar Class,2026-06-01 00:00:00,2026-06-30 23:59:00,29.9993,53338406,submission.csv,2026-06-03 19:09:57.390000,,COMPLETE,0.96864,0.96767,16,40.0000,9.3288,76.3849,666,2817,0.8922,0.0000
playground-series-s6e6,Predicting Stellar Class,2026-06-01 00:00:00,2026-06-30 23:59:00,29.9993,53353449,submission.csv,2026-06-04 07:14:03.113000,,COMPLETE,0.96875,0.96860,17,42.5000,11.0050,76.4915,663,2817,0.8922,0.0000
playground-series-s6e6,Predicting Stellar Class,2026-06-01 00:00:00,2026-06-30 23:59:00,29.9993,53358178,submission_democratic.csv,2026-06-04 09:48:32.300000,democratic,COMPLETE,0.97051,0.96959,18,45.0000,11.3626,81.0369,535,2817,0.8922,0.0000
playground-series-s6e6,Predicting Stellar Class,2026-06-01 00:00:00,2026-06-30 23:59:00,29.9993,53358210,submission_consensus.csv,2026-06-04 09:50:02.513000,consensus,COMPLETE,0.97050,0.96995,19,47.5000,11.3661,80.9659,537,2817,0.8922,0.0000
playground-series-s6e6,Predicting Stellar Class,2026-06-01 00:00:00,2026-06-30 23:59:00,29.9993,53358245,submission_anchor.csv,2026-06-04 09:51:09.617000,anchor,COMPLETE,0.97070,0.96988,20,50.0000,11.3687,82.3509,498,2817,0.8922,0.0000
playground-series-s6e6,Predicting Stellar Class,2026-06-01 00:00:00,2026-06-30 23:59:00,29.9993,53358512,submission_conservative.csv,2026-06-04 10:00:30.303000,conservative,COMPLETE,0.97065,0.96991,21,52.5000,11.3903,81.9957,508,2817,0.8922,0.0000
playground-series-s6e6,Predicting Stellar Class,2026-06-01 00:00:00,2026-06-30 23:59:00,29.9993,53372859,submission.csv,2026-06-04 20:08:59.387000,,COMPLETE,0.96899,0.96856,22,55.0000,12.7989,76.6690,658,2817,0.8922,0.0000
playground-series-s6e6,Predicting Stellar Class,2026-06-01 00:00:00,2026-06-30 23:59:00,29.9993,53393699,submission.csv,2026-06-05 13:33:01.570000,,COMPLETE,0.96899,0.96856,23,57.5000,15.2157,76.6690,658,2817,0.8922,0.0000
playground-series-s6e6,Predicting Stellar Class,2026-06-01 00:00:00,2026-06-30 23:59:00,29.9993,53401346,submission.csv,2026-06-05 19:03:57.380000,,COMPLETE,0.96914,0.96861,24,60.0000,15.9818,76.9886,649,2817,0.8922,0.0000
playground-series-s6e6,Predicting Stellar Class,2026-06-01 00:00:00,2026-06-30 23:59:00,29.9993,53401354,submission_hillclimb.csv,2026-06-05 19:04:38.187000,hillclimb,COMPLETE,0.96914,0.96861,25,62.5000,15.9833,76.9886,649,2817,0.8922,0.0000
playground-series-s6e6,Predicting Stellar Class,2026-06-01 00:00:00,2026-06-30 23:59:00,29.9993,53401362,submission_hillclimb_raw.csv,2026-06-05 19:05:18.973000,hillclimb_raw,COMPLETE,0.96865,0.96848,26,65.0000,15.9849,76.3849,666,2817,0.8922,0.0000
playground-series-s6e6,Predicting Stellar Class,2026-06-01 00:00:00,2026-06-30 23:59:00,29.9993,53401381,submission_mean_arith.csv,2026-06-05 19:05:56.013000,mean_arith,COMPLETE,0.96851,0.96755,27,67.5000,15.9863,76.2784,669,2817,0.8922,0.0000
playground-series-s6e6,Predicting Stellar Class,2026-06-01 00:00:00,2026-06-30 23:59:00,29.9993,53401392,submission_mean_geom.csv,2026-06-05 19:06:28.457000,mean_geom,COMPLETE,0.96863,0.96776,28,70.0000,15.9876,76.3849,666,2817,0.8922,0.0000
playground-series-s6e6,Predicting Stellar Class,2026-06-01 00:00:00,2026-06-30 23:59:00,29.9993,53401402,submission_nn_plus_gbm.csv,2026-06-05 19:07:03.237000,,COMPLETE,0.96889,0.96824,29,72.5000,15.9889,76.5980,660,2817,0.8922,0.0000
playground-series-s6e6,Predicting Stellar Class,2026-06-01 00:00:00,2026-06-30 23:59:00,29.9993,53401449,submission_stack_logreg.csv,2026-06-05 19:08:18.970000,stack_logreg,COMPLETE,0.96866,0.96837,30,75.0000,15.9918,76.3849,666,2817,0.8922,0.0000
playground-series-s6e6,Predicting Stellar Class,2026-06-01 00:00:00,2026-06-30 23:59:00,29.9993,53401486,submission_stack_lgbm.csv,2026-06-05 19:09:13.273000,,COMPLETE,0.96976,0.96912,31,77.5000,15.9939,78.1250,617,2817,0.8922,0.0000
playground-series-s6e6,Predicting Stellar Class,2026-06-01 00:00:00,2026-06-30 23:59:00,29.9993,53402320,submission_consensus.csv,2026-06-05 19:55:04.503000,consensus,COMPLETE,0.97063,0.96988,32,80.0000,16.1001,81.8537,512,2817,0.8922,0.0000
playground-series-s6e6,Predicting Stellar Class,2026-06-01 00:00:00,2026-06-30 23:59:00,29.9993,53423467,submission_democratic.csv,2026-06-06 12:47:03.387000,democratic,COMPLETE,0.97053,0.96991,33,82.5000,18.4427,81.1080,533,2817,0.8922,0.0000
playground-series-s6e6,Predicting Stellar Class,2026-06-01 00:00:00,2026-06-30 23:59:00,29.9993,53423558,submission_anchor.csv,2026-06-06 12:49:19.537000,anchor,COMPLETE,0.97092,0.97004,34,85.0000,18.4479,83.3452,470,2817,0.8922,0.0000
playground-series-s6e6,Predicting Stellar Class,2026-06-01 00:00:00,2026-06-30 23:59:00,29.9993,53423599,submission_conservative.csv,2026-06-06 12:50:40.393000,conservative,COMPLETE,0.97068,0.96991,35,87.5000,18.4511,82.1378,504,2817,0.8922,0.0000
playground-series-s6e6,Predicting Stellar Class,2026-06-01 00:00:00,2026-06-30 23:59:00,29.9993,53672970,submission_consensus.csv,2026-06-14 12:12:21.900000,consensus,COMPLETE,0.97148,0.97023,36,90.0000,45.0297,87.3224,358,2817,0.8922,0.0000
playground-series-s6e6,Predicting Stellar Class,2026-06-01 00:00:00,2026-06-30 23:59:00,29.9993,53672986,submission_conservative.csv,2026-06-14 12:12:54.060000,conservative,COMPLETE,0.97146,0.97019,37,92.5000,45.0309,87.2869,359,2817,0.8922,0.0000
playground-series-s6e6,Predicting Stellar Class,2026-06-01 00:00:00,2026-06-30 23:59:00,29.9993,53673010,submission_democratic.csv,2026-06-14 12:13:24.890000,democratic,COMPLETE,0.97128,0.97018,38,95.0000,45.0321,86.1861,390,2817,0.8922,0.0000
playground-series-s6e6,Predicting Stellar Class,2026-06-01 00:00:00,2026-06-30 23:59:00,29.9993,53673030,submission_anchor.csv,2026-06-14 12:13:56.447000,anchor,COMPLETE,0.97183,0.97013,39,97.5000,45.0333,87.7841,345,2817,0.8922,0.0000
playground-series-s6e6,Predicting Stellar Class,2026-06-01 00:00:00,2026-06-30 23:59:00,29.9993,54198100,submission.csv,2026-06-30 10:46:41.233000,,COMPLETE,0.97259,0.97000,40,100.0000,98.1659,97.6918,66,2817,0.8922,0.0000
llm-classification-finetuning,LLM Classification Finetuning,2024-10-16 19:00:30.487000,2030-07-01 23:59:00,2084.2073,49580410,submission.csv,2026-01-07 14:28:07.330000,,COMPLETE,1.07413,,1,100.0000,21.4859,38.0952,144,232,1.0986,23.5213
melting-point,Thermophysical Property: Melting Point,2025-08-24 00:58:30.877000,2026-02-03 19:00:00,163.7510,49596837,submission.csv,2026-01-08 10:02:57.617000,,COMPLETE,35.47936,37.69223,1,7.6923,83.8945,12.4150,1031,1177,32.9567,13004895578250.0000
melting-point,Thermophysical Property: Melting Point,2025-08-24 00:58:30.877000,2026-02-03 19:00:00,163.7510,49596985,submission.csv,2026-01-08 10:12:30.160000,,COMPLETE,35.59526,39.41737,2,15.3846,83.8985,12.1599,1034,1177,32.9567,13004895578250.0000
melting-point,Thermophysical Property: Melting Point,2025-08-24 00:58:30.877000,2026-02-03 19:00:00,163.7510,49598917,submission.csv,2026-01-08 12:26:46.400000,first test,COMPLETE,35.47936,37.69223,3,23.0769,83.9555,12.4150,1031,1177,32.9567,13004895578250.0000
melting-point,Thermophysical Property: Melting Point,2025-08-24 00:58:30.877000,2026-02-03 19:00:00,163.7510,49599522,submission.csv,2026-01-08 13:05:37.053000,extra Features + [XGBoost],COMPLETE,28.16867,31.21446,4,30.7692,83.9719,51.0204,577,1177,32.9567,13004895578250.0000
melting-point,Thermophysical Property: Melting Point,2025-08-24 00:58:30.877000,2026-02-03 19:00:00,163.7510,49599956,submission.csv,2026-01-08 13:30:21.253000,RDkit features 9 + [XGBoost | LightGBM | CatBoost] - light_version,COMPLETE,24.81746,26.22131,5,38.4615,83.9824,66.2415,398,1177,32.9567,13004895578250.0000
melting-point,Thermophysical Property: Melting Point,2025-08-24 00:58:30.877000,2026-02-03 19:00:00,163.7510,49621391,submission.csv,2026-01-09 11:20:41.080000,,COMPLETE,30.51299,32.47493,6,46.1538,84.5381,40.0510,706,1177,32.9567,13004895578250.0000
melting-point,Thermophysical Property: Melting Point,2025-08-24 00:58:30.877000,2026-02-03 19:00:00,163.7510,49621464,submission.csv,2026-01-09 11:26:10.450000,,COMPLETE,28.67104,31.79729,7,53.8462,84.5405,49.6599,593,1177,32.9567,13004895578250.0000
melting-point,Thermophysical Property: Melting Point,2025-08-24 00:58:30.877000,2026-02-03 19:00:00,163.7510,49621927,submission.csv,2026-01-09 12:00:18.370000,no comments,COMPLETE,24.79688,26.41471,8,61.5385,84.5549,66.2415,398,1177,32.9567,13004895578250.0000
melting-point,Thermophysical Property: Melting Point,2025-08-24 00:58:30.877000,2026-02-03 19:00:00,163.7510,49623225,submission.csv,2026-01-09 13:18:05.280000,extra fat ensemble (великая троица бустинга) + high load extra features,COMPLETE,24.23076,27.33303,9,69.2308,84.5879,69.6429,358,1177,32.9567,13004895578250.0000
melting-point,Thermophysical Property: Melting Point,2025-08-24 00:58:30.877000,2026-02-03 19:00:00,163.7510,49624924,submission.csv,2026-01-09 14:42:10.497000,,COMPLETE,27.13206,29.37775,10,76.9231,84.6236,54.7619,533,1177,32.9567,13004895578250.0000
melting-point,Thermophysical Property: Melting Point,2025-08-24 00:58:30.877000,2026-02-03 19:00:00,163.7510,49645598,submission.csv,2026-01-10 13:43:31.793000,я буду в шоке если маленький скор,COMPLETE,27.33289,30.39113,11,84.6154,85.2094,54.0816,541,1177,32.9567,13004895578250.0000
melting-point,Thermophysical Property: Melting Point,2025-08-24 00:58:30.877000,2026-02-03 19:00:00,163.7510,49646750,submission.csv,2026-01-10 14:40:45.310000,"Максимальные фичи, нереальная работа с слоями и с фичами, если плохой скор значит я даун надо меньше делать а не углубляться",COMPLETE,25.74919,28.29448,12,92.3077,85.2337,60.4592,466,1177,32.9567,13004895578250.0000
melting-point,Thermophysical Property: Melting Point,2025-08-24 00:58:30.877000,2026-02-03 19:00:00,163.7510,49648258,submission_leaky.csv,2026-01-10 16:05:39.677000,--try experimental pipeline,COMPLETE,34.01123,35.24346,13,100.0000,85.2697,18.6224,958,1177,32.9567,13004895578250.0000
